<image name="drag right" id="745722">
<traversalOn>false</traversalOn>
<palindromeFrames>false</palindromeFrames>
<ink>srcCopy</ink>
<threeD>true</threeD>
<blendLevel>0</blendLevel>
<rect>722,457,790,472</rect>
<angle>0</angle>
<yHot>1</yHot>
<id>745722</id>
<altId>0</altId>
<frameCount>0</frameCount>
<constantMask>false</constantMask>
<lockLoc>false</lockLoc>
<repeatCount>0</repeatCount>
<size>1758</size>
<name>image "drag right"</name>
<hotSpot>1,1</hotSpot>
<alwaysBuffer>true</alwaysBuffer>
<layer>183</layer>
<dontDither>false</dontDither>
<visible>true</visible>
<cantSelect>false</cantSelect>
<borderWidth>2</borderWidth>
<opaque>true</opaque>
<currentFrame>1</currentFrame>
<showBorder>false</showBorder>
<disabled>false</disabled>
<xHot>1</xHot>
<showFocusBorder>true</showFocusBorder>
<custompropertyset name= "cGlx2TimeStamp">
<checksum>urldecode( "%0E%A6%25%A1%5C%B4D%23%C7%AB%D8%BD%FD%5D%09%E1" )</checksum>
</custompropertyset>
<imagedata>urldecode( "%00%E8%F2%EA%00%EF%F9%F1%00%EE%F5%EE%00%EB%F2%EB%00%EC%F2%EE%00%F1%F3%F0%00%F2%F3%F1%00%EF%F2%EF%00%EE%F1%EE%00%F2%F3%F1%00%EE%F1%EB%00%EF%F5%EF%00%EA%F1%E8%00%EC%F6%EB%00%EC%F6%EB%00%EB%F5%EB%00%EE%F4%EC%00%EC%F3%EC%00%F1%F6%F1%00%EA%F1%EA%00%EF%F6%F0%00%EE%F5%EE%00%E8%EF%E8%00%EE%F3%F0%00%EE%F3%F2%00%EF%F3%F3%00%EE%F2%F5%00%F2%F3%F8%00%F3%F2%F9%00%F1%EF%F9%00%F5%F2%FE%00%F0%EC%FA%00%F0%EF%FC%00%F1%F0%FD%00%F2%F2%FD%00%EF%EF%F9%00%F0%F0%F8%00%F3%F5%F9%00%F0%F1%F3%00%EE%F1%F0%00%F5%F6%F3%00%F2%F5%F2%00%EE%F0%EB%00%F2%F5%F0%00%F2%F3%F1%00%EC%EF%EC%00%F3%F5%F3%00%F3%F5%F3%00%F0%F1%F3%00%F2%F3%F5%00%F3%F3%F6%00%F1%F2%F3%00%F0%F1%F3%00%F0%F1%F3%00%EF%F2%F1%00%EE%F1%F0%00%F1%F3%F2%00%F2%F3%F3%00%F1%F3%F0%00%F1%F3%F0%00%F2%F3%F1%00%F2%F3%F1%00%F1%F3%F0%00%F2%F3%F1%00%EF%F2%F1%00%F2%F3%F3%00%EE%F1%EE%00%F2%F3%F1%00%E7%EC%EB%00%E3%E8%E7%00%E7%EB%EA%00%EA%EC%EB%00%E8%EA%E8%00%E8%E8%E8%00%ED%ED%ED%00%E6%E6%E6%00%EB%EB%EB%00%E8%E8%E8%00%EB%EB%EB%00%E5%E7%E6%00%EB%EC%EA%00%E6%EB%E7%00%E6%EB%E7%00%E7%EB%E8%00%E6%EB%E7%00%E6%EB%E7%00%E8%EA%E7%00%E8%EC%E8%00%E4%E8%E5%00%E8%EE%EA%00%E7%EB%E8%00%E7%EB%EA%00%E7%E9%E8%00%E8%EA%E8%00%E8%EA%EC%00%E8%E8%ED%00%EB%EA%EF%00%EC%EA%F1%00%E6%E4%EA%00%EC%E9%F2%00%EB%EA%F2%00%E8%E7%EF%00%E8%E7%EF%00%EC%EC%F2%00%E5%E6%EA%00%EA%EB%ED%00%E8%EA%E8%00%E8%EA%E7%00%E7%E8%E6%00%E6%E8%E5%00%EA%EC%E8%00%E7%E8%E6%00%E6%E6%E6%00%EC%EC%EC%00%E8%E9%E8%00%E8%E8%E8%00%E8%EA%E8%00%E8%EA%E8%00%E8%EB%EA%00%E8%EA%E8%00%E8%EA%E8%00%E8%EB%EA%00%E8%EB%EA%00%E8%EB%EA%00%E8%EA%E8%00%E8%EA%E8%00%E6%E8%E7%00%E7%E9%E8%00%E8%EB%EA%00%E8%EA%E8%00%E6%E8%E7%00%E7%E9%E8%00%E7%E9%E8%00%EB%ED%EC%00%E7%EB%E8%00%E5%EA%E6%00%E7%E8%EA%00%E6%E7%E8%00%E6%E7%E8%00%E8%E9%EB%00%E8%E8%EA%00%E7%E7%E8%00%E8%E8%EA%00%E8%E9%E8%00%E7%E7%E8%00%E7%E7%E8%00%E8%E8%EA%00%EB%EB%ED%00%E7%E7%E7%00%E5%E7%E6%00%E8%EB%EA%00%E5%E7%E6%00%E5%E7%E6%00%E7%E9%E8%00%E7%E9%E8%00%E8%EB%EA%00%E5%E7%E6%00%E8%EA%E8%00%E5%E7%E6%00%E5%E7%E6%00%E6%E8%E7%00%EA%EC%EB%00%E6%E6%E6%00%E8%E9%E8%00%E8%E7%EA%00%E8%E7%E8%00%EA%E8%EB%00%E8%E7%EA%00%E7%E7%EB%00%E7%E7%EB%00%E8%E8%EA%00%E7%E7%E8%00%E8%EA%E8%00%E7%E9%E8%00%E7%E8%E6%00%E7%E8%E6%00%E8%EB%E8%00%E4%E6%E3%00%EA%EC%E8%00%E8%EB%E8%00%E7%E7%E7%00%E8%E8%E8%00%E5%E5%E5%00%EB%EB%EB%00%E7%E9%E8%00%E6%E8%E7%00%E6%E8%E7%00%E5%E7%E6%00%E6%E8%E7%00%E7%E9%E8%00%E6%E8%E7%00%E6%E8%E7%00%E6%E8%E7%00%E7%E9%E8%00%E7%E9%E8%00%E7%E9%E8%00%E8%EB%EA%00%E8%EA%E8%00%E7%E9%E8%00%EA%EC%EB%00%E6%E8%E7%00%E8%EA%E8%00%E2%E7%E3%00%E8%EC%E8%00%E6%E6%E6%00%E8%E8%E8%00%E4%E4%E4%00%E4%E4%E4%00%E8%E9%E8%00%E6%E6%E6%00%E2%E2%E2%00%E8%E9%E7%00%E7%E7%E7%00%E8%E9%E8%00%E5%E5%E5%00%E5%E5%E5%00%E7%E7%E7%00%E6%E6%E6%00%E3%E3%E5%00%E8%E9%EB%00%E8%E8%EA%00%E5%E5%E7%00%E5%E5%E7%00%E5%E5%E7%00%E6%E6%E8%00%EA%EA%EC%00%E7%E7%E8%00%E7%E7%E8%00%E7%E7%E7%00%E4%E4%E4%00%E6%E6%E6%00%E6%E6%E4%00%E5%E3%E4%00%E8%E6%E7%00%E7%E5%E6%00%E8%E6%E7%00%E6%E6%E6%00%EA%EA%EA%00%E3%E3%E3%00%E6%E6%E6%00%E3%E3%E1%00%E8%E8%E6%00%E5%E5%E3%00%E7%E7%E5%00%E7%E7%E7%00%E6%E6%E6%00%E5%E5%E5%00%E5%E5%E5%00%E6%E6%E6%00%E7%E7%E7%00%E8%E8%E8%00%E3%E3%E3%00%E7%E7%E7%00%E7%E7%E7%00%E7%E7%E7%00%E6%E6%E6%00%E6%E6%E6%00%E6%E6%E6%00%E6%E6%E6%00%E6%E6%E6%00%E6%E6%E6%00%E8%E8%E8%00%E7%E7%E7%00%E6%E6%E6%00%E6%E6%E6%00%E5%E5%E5%00%E4%E4%E4%00%E6%E6%E6%00%E4%E6%E5%00%E5%E7%E6%00%E6%E8%E7%00%E5%E7%E6%00%E6%E4%E5%00%E4%E2%E3%00%E7%E5%E6%00%E5%E3%E4%00%E5%E5%E5%00%E3%E3%E1%00%E4%E4%E2%00%E4%E4%E2%00%E4%E4%E2%00%E2%E2%E0%00%E5%E5%E5%00%E3%E3%E3%00%E5%E3%E4%00%E4%E2%E3%00%E8%E7%E8%00%E2%E0%E3%00%E4%E2%E5%00%E5%E3%E6%00%E5%E5%E7%00%E6%E6%E8%00%E2%E2%E4%00%E2%E2%E4%00%E4%E4%E6%00%E4%E4%E6%00%E4%E4%E4%00%E4%E4%E4%00%E3%E3%E1%00%E6%E6%E4%00%E6%E5%E3%00%E4%E3%E1%00%E5%E4%E2%00%E5%E4%E2%00%E5%E5%E3%00%E1%E1%DF%00%E6%E6%E4%00%E4%E4%E2%00%E6%E6%E4%00%E2%E2%E0%00%E7%E7%E5%00%E2%E2%E0%00%E5%E5%E5%00%E3%E3%E3%00%E7%E7%E7%00%E4%E4%E4%00%E4%E4%E4%00%E4%E4%E4%00%E4%E4%E4%00%E4%E4%E4%00%E3%E3%E3%00%E3%E3%E3%00%E4%E4%E4%00%E4%E4%E4%00%E4%E4%E4%00%E4%E4%E4%00%E4%E4%E4%00%E5%E5%E5%00%E4%E4%E4%00%E4%E4%E4%00%E3%E3%E3%00%E3%E3%E3%00%E5%E5%E5%00%E5%E5%E5%00%E4%E4%E4%00%E4%E4%E4%00%E4%E6%E5%00%E2%E4%E3%00%E3%E5%E4%00%E3%E5%E4%00%E3%E1%E2%00%E3%E1%E2%00%E2%E2%E0%00%E2%E2%E0%00%E2%E2%E0%00%E2%E2%E0%00%E1%E3%E0%00%E1%E3%DD%00%E1%E3%DD%00%E1%E3%DD%00%E2%E2%E0%00%E2%E2%E0%00%E2%E2%E2%00%E2%E2%E2%00%E3%E1%E2%00%E3%E1%E2%00%E2%E2%E2%00%E2%E2%E2%00%E2%E2%E2%00%E2%E2%E2%00%E2%E2%E4%00%E2%E2%E4%00%E2%E2%E4%00%E2%E2%E4%00%E2%E2%E2%00%E2%E2%E2%00%E2%E2%E2%00%E2%E2%E2%00%E2%E2%E0%00%E2%E2%E0%00%E2%E3%DD%00%E2%E2%E0%00%E3%E2%E0%00%E3%E1%E2%00%E2%E2%E2%00%E2%E2%E2%00%E2%E2%E2%00%E2%E2%E2%00%E2%E2%E2%00%E2%E2%E2%00%E2%E2%E2%00%E2%E2%E2%00%E2%E2%E2%00%E2%E2%E2%00%E2%E2%E2%00%E2%E2%E2%00%E3%E1%E2%00%E3%E1%E2%00%E2%E2%E2%00%E2%E2%E2%00%E2%E2%E2%00%E2%E2%E2%00%E2%E2%E2%00%E2%E2%E2%00%E2%E2%E2%00%E2%E2%E2%00%E2%E2%E2%00%E2%E2%E2%00%E2%E2%E2%00%E2%E2%E2%00%E2%E2%E2%00%E2%E2%E2%00%E2%E2%E2%00%E2%E2%E2%00%E2%E2%E2%00%E1%E1%E1%00%E3%E3%E3%00%E2%E2%E2%00%E1%DF%E0%00%E1%DF%E0%00%E0%E0%E0%00%E0%E0%DD%00%E0%E0%DD%00%E0%E0%DD%00%DF%E1%DD%00%DF%E1%DC%00%DF%E1%DD%00%DF%E1%DD%00%E0%E0%DD%00%E0%E0%DD%00%E0%E0%E0%00%E0%E0%E0%00%E1%DF%E0%00%E1%DF%E0%00%E0%E0%E0%00%E0%E0%E0%00%E0%E0%E0%00%E0%E0%E0%00%E0%E0%E2%00%E0%E0%E2%00%E0%E0%E2%00%E0%E0%E2%00%E0%E0%E0%00%E0%E0%E0%00%E0%E0%E0%00%E0%E0%E0%00%E0%E0%DD%00%E0%E0%DD%00%E0%E0%DD%00%E0%E0%DD%00%E1%DF%E0%00%E1%DF%E0%00%E0%E0%E0%00%E0%E0%E0%00%E0%E0%E0%00%E0%E0%E0%00%E0%E0%E0%00%E0%E0%E0%00%E0%E0%E0%00%E0%E0%E0%00%E0%E0%E0%00%E0%E0%E0%00%E0%E0%E0%00%E0%E0%E0%00%E1%DF%E0%00%E1%DF%E0%00%E0%E0%E0%00%E0%E0%E0%00%E0%E0%E0%00%E0%E0%E0%00%E0%E0%E0%00%E0%E0%E0%00%E0%E0%E0%00%E0%E0%E0%00%E0%E0%E0%00%E0%E0%E0%00%E0%E0%E0%00%E0%E0%E0%00%E0%E0%E0%00%E0%E0%E0%00%E0%E0%E0%00%E0%E0%E0%00%E1%E1%E1%00%DF%DF%DF%00%E1%E1%E1%00%E0%E0%E0%00%DE%DE%E0%00%DE%DE%E0%00%DE%DE%E0%00%DE%DE%DE%00%DD%DF%DD%00%DD%DF%DD%00%DD%DF%DD%00%DD%DF%DC%00%DD%DF%DD%00%DD%DF%DD%00%DD%DF%DD%00%DD%DF%DD%00%DE%DE%E0%00%DE%DE%E0%00%DE%DE%E0%00%DE%DE%E0%00%DE%DE%DE%00%DE%DE%DE%00%DE%DE%DE%00%DE%DE%DE%00%DE%DE%DE%00%DE%DE%DE%00%DE%DE%DE%00%DE%DE%DE%00%DE%DE%DE%00%DE%DE%DE%00%DE%DE%DE%00%DE%DE%DE%00%DD%DF%DD%00%DD%DF%DD%00%DD%DF%DD%00%DE%DE%DE%00%DF%DD%DE%00%DF%DD%E0%00%DE%DE%E0%00%DE%DE%E0%00%DE%DE%E0%00%DE%DE%E0%00%DE%DE%E0%00%DE%DE%E0%00%DE%DE%E0%00%DE%DE%E0%00%DE%DE%DE%00%DE%DE%DE%00%DE%DE%DE%00%DE%DE%DE%00%DF%DD%DE%00%DF%DD%DE%00%DE%DE%DE%00%DE%DE%DE%00%DE%DE%DE%00%DE%DE%DE%00%DE%DE%DE%00%DE%DE%DE%00%DE%DE%DE%00%DE%DE%DE%00%DE%DE%DE%00%DE%DE%DE%00%DE%DE%DE%00%DE%DE%DE%00%DE%DE%DE%00%DE%DE%DE%00%DE%DE%DE%00%DE%DE%DE%00%DF%DD%DE%00%DE%DC%DD%00%DF%DD%DE%00%DF%DD%DE%00%DC%DC%DE%00%DC%DC%DE%00%DC%DC%DE%00%DC%DC%DE%00%DB%DD%DC%00%DB%DD%DC%00%DB%DD%DC%00%DB%DD%DC%00%DB%DD%DC%00%DB%DD%DC%00%DB%DD%DC%00%DB%DD%DC%00%DC%DC%DE%00%DC%DC%DE%00%DC%DC%DE%00%DC%DC%DE%00%DC%DC%DC%00%DC%DC%DC%00%DC%DC%DC%00%DC%DC%DC%00%DC%DC%DC%00%DC%DC%DC%00%DC%DC%DC%00%DC%DC%DC%00%DC%DC%DC%00%DC%DC%DC%00%DC%DC%DC%00%DC%DC%DC%00%DB%DD%DC%00%DB%DD%DC%00%DB%DD%DC%00%DC%DC%DC%00%DD%DB%DE%00%DD%DB%DE%00%DC%DC%DE%00%DC%DC%DE%00%DC%DC%DE%00%DC%DC%DE%00%DC%DC%DE%00%DC%DC%DE%00%DC%DC%DE%00%DC%DC%DE%00%DC%DC%DC%00%DC%DC%DC%00%DC%DC%DC%00%DC%DC%DC%00%DD%DB%DC%00%DD%DB%DC%00%DC%DC%DC%00%DC%DC%DC%00%DC%DC%DC%00%DC%DC%DC%00%DC%DC%DC%00%DC%DC%DC%00%DC%DC%DC%00%DC%DC%DC%00%DC%DC%DC%00%DC%DC%DC%00%DC%DC%DC%00%DC%DC%DC%00%DC%DC%DC%00%DC%DC%DC%00%DC%DC%DC%00%DC%DC%DC%00%DE%DC%DD%00%DC%DB%DB%00%DD%DB%DC%00%DC%DC%DC%00%DA%DB%DC%00%DA%DB%DC%00%DA%DB%DC%00%DA%DB%DC%00%DA%DB%DC%00%DA%DB%DC%00%DA%DB%DC%00%DA%DB%DC%00%DA%DB%DC%00%DA%DB%DC%00%DA%DB%DC%00%DA%DB%DC%00%DA%DB%DC%00%DA%DB%DC%00%DA%DB%DA%00%DA%DB%DA%00%D9%DB%DA%00%D9%DB%DA%00%DA%DB%DA%00%DA%DB%DA%00%DA%DB%DA%00%DA%DB%DA%00%DA%DB%D8%00%DA%DB%D8%00%DA%DB%DA%00%DA%DB%DA%00%DA%DB%DA%00%DA%DB%DA%00%DA%DB%DC%00%DA%DB%DC%00%DA%DB%DC%00%DA%DB%DC%00%DB%D9%DC%00%DB%D9%DC%00%DA%DB%DC%00%DA%DB%DC%00%DA%DB%DA%00%DA%DB%DA%00%DA%DB%DA%00%DA%DB%DA%00%DA%DB%DA%00%DA%DB%DA%00%DA%DB%DA%00%DA%DB%DA%00%DA%DB%DA%00%DA%DB%DA%00%DB%D9%DA%00%DB%D9%DA%00%DA%DB%DA%00%DA%DB%DA%00%DA%DB%DA%00%DA%DB%DA%00%DA%DB%DA%00%DA%DB%DA%00%DA%DB%DA%00%DA%DB%DA%00%DA%DB%DA%00%DA%DB%DA%00%DA%DB%DA%00%DA%DB%DA%00%DA%DB%DA%00%DA%DB%DA%00%DA%DB%DA%00%DA%DB%DA%00%DB%DB%DB%00%DA%DB%DA%00%DA%DB%DA%00%DA%DB%DA%00%D8%D8%DA%00%D8%D8%D8%00%D8%D8%DA%00%D8%D8%DA%00%D8%D8%DA%00%D8%D8%DA%00%D8%D8%DA%00%D8%D8%DA%00%D8%D8%DA%00%D8%D8%DA%00%D8%D8%DA%00%D8%D8%D8%00%D8%D8%D8%00%D8%D8%D8%00%D8%D8%D8%00%D8%D8%D8%00%D7%D9%D8%00%D7%D9%D8%00%D8%D8%D8%00%D8%D8%D8%00%D8%D8%D8%00%D8%D8%D8%00%D8%D8%D6%00%D8%D8%D6%00%D8%D8%D8%00%D8%D8%D8%00%D8%D8%D8%00%D8%D8%D8%00%D8%D8%DA%00%D8%D8%DA%00%D8%D8%DA%00%D8%D8%DA%00%D9%D8%DA%00%D9%D8%DA%00%D8%D8%DA%00%D8%D8%D8%00%D8%D8%D8%00%D8%D8%D8%00%D8%D8%D8%00%D8%D8%D8%00%D8%D8%D8%00%D8%D8%D8%00%D8%D8%D8%00%D8%D8%D8%00%D8%D8%D8%00%D8%D8%D8%00%D9%D8%D8%00%D9%D8%D8%00%D8%D8%D8%00%D8%D8%D8%00%D8%D8%D8%00%D8%D8%D8%00%D8%D8%D8%00%D8%D8%D8%00%D8%D8%D8%00%D8%D8%D8%00%D8%D8%D8%00%D8%D8%D8%00%D8%D8%D8%00%D8%D8%D8%00%D8%D8%D8%00%D8%D8%D8%00%D8%D8%D8%00%D8%D8%D8%00%D8%D8%D8%00%D8%D8%D8%00%D7%D8%D7%00%D8%D8%D8%00%D6%D7%D6%00%D6%D6%D4%00%D6%D7%D6%00%D6%D7%D6%00%D6%D7%D6%00%D6%D7%D6%00%D7%D5%D6%00%D7%D5%D6%00%D7%D5%D6%00%D7%D5%D6%00%D6%D7%D6%00%D6%D6%D4%00%D6%D6%D4%00%D6%D6%D4%00%D6%D6%D4%00%D6%D6%D4%00%D6%D7%D6%00%D6%D7%D8%00%D6%D7%D8%00%D6%D7%D8%00%D6%D7%D6%00%D6%D7%D6%00%D7%D6%D4%00%D7%D6%D4%00%D7%D6%D4%00%D7%D6%D4%00%D7%D5%D6%00%D7%D5%D6%00%D7%D5%D8%00%D7%D5%D8%00%D6%D7%D8%00%D6%D7%D8%00%D6%D7%D6%00%D6%D7%D6%00%D6%D7%D6%00%D6%D7%D6%00%D6%D7%D6%00%D6%D6%D4%00%D6%D6%D4%00%D6%D6%D4%00%D6%D6%D4%00%D6%D6%D4%00%D6%D7%D6%00%D6%D7%D6%00%D6%D7%D6%00%D6%D7%D6%00%D6%D7%D8%00%D6%D7%D8%00%D6%D7%D8%00%D6%D7%D8%00%D6%D7%D6%00%D6%D7%D6%00%D6%D7%D6%00%D6%D7%D6%00%D6%D7%D6%00%D6%D7%D6%00%D6%D7%D6%00%D6%D7%D6%00%D6%D7%D6%00%D6%D7%D6%00%D6%D7%D6%00%D6%D7%D6%00%D6%D6%D4%00%D6%D6%D4%00%D4%D6%D5%00%D5%D7%D6%00%D4%D6%D5%00%D5%D7%D6%00%D4%D4%D2%00%D4%D4%D2%00%D4%D4%D2%00%D4%D4%D2%00%D4%D4%D4%00%D4%D4%D4%00%D5%D3%D4%00%D5%D3%D4%00%D5%D3%D4%00%D5%D3%D4%00%D4%D4%D2%00%D4%D4%D2%00%D4%D4%D2%00%D4%D5%D0%00%D4%D4%D2%00%D4%D4%D2%00%D4%D4%D4%00%D4%D4%D6%00%D4%D4%D6%00%D4%D4%D6%00%D4%D4%D4%00%D4%D4%D4%00%D5%D4%D2%00%D5%D4%D2%00%D5%D4%D2%00%D5%D4%D2%00%D5%D3%D4%00%D5%D3%D4%00%D5%D3%D6%00%D5%D3%D6%00%D4%D4%D6%00%D4%D4%D6%00%D4%D4%D4%00%D4%D4%D4%00%D4%D4%D4%00%D4%D4%D4%00%D4%D4%D2%00%D4%D4%D2%00%D4%D4%D2%00%D4%D4%D2%00%D4%D4%D2%00%D4%D4%D2%00%D4%D4%D4%00%D4%D4%D4%00%D4%D4%D4%00%D4%D4%D4%00%D4%D4%D6%00%D4%D4%D6%00%D4%D4%D6%00%D4%D4%D6%00%D4%D4%D4%00%D4%D4%D4%00%D4%D4%D4%00%D4%D4%D4%00%D4%D4%D4%00%D4%D4%D4%00%D4%D4%D4%00%D4%D4%D4%00%D4%D4%D4%00%D4%D4%D4%00%D4%D4%D4%00%D4%D4%D4%00%D4%D4%D2%00%D4%D4%D2%00%D3%D5%D4%00%D4%D6%D5%00%D2%D4%D3%00%D3%D5%D4%00%D2%D2%D2%00%D2%D2%D2%00%D2%D2%D2%00%D2%D2%D2%00%D2%D2%D2%00%D2%D2%D2%00%D2%D2%D2%00%D2%D2%D2%00%D2%D2%D2%00%D2%D2%D2%00%D2%D2%D2%00%D2%D2%D2%00%D2%D2%D2%00%D2%D2%D0%00%D2%D2%D2%00%D2%D2%D2%00%D2%D2%D2%00%D2%D2%D2%00%D2%D2%D2%00%D2%D2%D2%00%D2%D2%D2%00%D2%D2%D2%00%D2%D2%D2%00%D2%D2%D2%00%D2%D2%D2%00%D2%D2%D2%00%D2%D2%D2%00%D2%D2%D2%00%D2%D2%D2%00%D2%D2%D2%00%D2%D2%D2%00%D2%D2%D2%00%D2%D2%D2%00%D2%D2%D2%00%D2%D2%D2%00%D2%D2%D2%00%D2%D2%D2%00%D2%D2%D2%00%D2%D2%D2%00%D2%D2%D2%00%D2%D2%D2%00%D2%D2%D2%00%D2%D2%D2%00%D2%D2%D2%00%D2%D2%D2%00%D2%D2%D2%00%D2%D2%D2%00%D2%D2%D2%00%D2%D2%D2%00%D2%D2%D2%00%D2%D2%D2%00%D2%D2%D2%00%D2%D2%D2%00%D2%D2%D2%00%D2%D2%D2%00%D2%D2%D2%00%D2%D2%D2%00%D2%D2%D2%00%D2%D2%D2%00%D2%D2%D2%00%D2%D2%D2%00%D2%D2%D2%00%D2%D2%D2%00%D2%D2%D2%00%D2%D2%D2%00%D3%D3%D3%00%D2%D2%D2%00%D3%D3%D3%00%D2%D2%D2%00%D2%D2%D2%00%D2%D2%D2%00%D2%D2%D2%00%D2%D2%D2%00%D2%D2%D2%00%D2%D2%D2%00%D2%D2%D2%00%D2%D2%D2%00%D2%D2%D2%00%D2%D2%D2%00%D2%D2%D2%00%D2%D2%D2%00%D2%D2%D2%00%D2%D2%D2%00%D2%D2%D2%00%D2%D2%D2%00%D2%D2%D2%00%D2%D2%D2%00%D2%D2%D2%00%D2%D2%D2%00%D2%D2%D2%00%D2%D2%D2%00%D2%D2%D2%00%D2%D2%D2%00%D2%D2%D2%00%D2%D2%D2%00%D2%D2%D2%00%D2%D2%D2%00%D2%D2%D2%00%D2%D2%D2%00%D2%D2%D2%00%D2%D2%D2%00%D2%D2%D2%00%D2%D2%D2%00%D2%D2%D2%00%D2%D2%D2%00%D2%D2%D2%00%D2%D2%D2%00%D2%D2%D2%00%D2%D2%D2%00%D2%D2%D2%00%D2%D2%D2%00%D2%D2%D2%00%D2%D2%D2%00%D2%D2%D2%00%D2%D2%D2%00%D2%D2%D2%00%D2%D2%D2%00%D2%D2%D2%00%D2%D2%D2%00%D2%D2%D2%00%D2%D2%D2%00%D2%D2%D2%00%D2%D2%D2%00%D2%D2%D2%00%D2%D2%D2%00%D2%D2%D2%00%D2%D2%D2%00%D2%D2%D2%00%D2%D2%D2%00%D2%D2%D2%00%D2%D2%D2%00%D2%D2%D2%00%D1%D1%D1%00%D1%D1%D1%00%D0%D0%D0%00%D2%D2%D2" )</imagedata>
<script>urldecode( "--%3E+all+handlers%0D%0A%0D%0Aon+mouseDown+pMouseBtnNum%0D%0A++++grab+the+owner+of+me%0D%0Aend+mouseDown%0D%0A%0D%0Aon+mouseUp+pMouseBtnNum%0D%0A++++lock+screen%0D%0A++++send+%22resizeTreeImage%22+to+fld+%22work+spaces%22+of+the+owner+of+me%0D%0A++++unlock+screen%0D%0Aend+mouseUp%0D%0A" )</script>
</image>
