<image name="tab-left" id="599794">
<traversalOn>false</traversalOn>
<palindromeFrames>false</palindromeFrames>
<ink>srcCopy</ink>
<threeD>true</threeD>
<blendLevel>0</blendLevel>
<rect>163,28,173,53</rect>
<angle>0</angle>
<yHot>1</yHot>
<id>599794</id>
<altId>0</altId>
<frameCount>0</frameCount>
<constantMask>false</constantMask>
<lockLoc>false</lockLoc>
<repeatCount>0</repeatCount>
<size>1412</size>
<name>image "tab-left"</name>
<hotSpot>1,1</hotSpot>
<alwaysBuffer>true</alwaysBuffer>
<layer>63</layer>
<dontDither>false</dontDither>
<visible>true</visible>
<cantSelect>false</cantSelect>
<borderWidth>2</borderWidth>
<opaque>false</opaque>
<currentFrame>1</currentFrame>
<showBorder>false</showBorder>
<disabled>false</disabled>
<xHot>1</xHot>
<showFocusBorder>true</showFocusBorder>
<custompropertyset name= "cGlx2TimeStamp">
</custompropertyset>
<imagedata>urldecode( "%00%A6%A6%A6%00%A6%A6%A6%00%A6%A6%A6%00%A6%A6%A6%00%A6%A6%A6%00%A6%A6%A6%00%A6%A6%A6%00%A6%A6%A6%00%A6%A6%A6%00%A6%A6%A6%00%A6%A6%A6%00%A6%A6%A6%00%A6%A6%A6%00%A6%A6%A6%00%AA%AA%AA%00%B2%B2%B2%00%BA%BA%BA%00%BB%BB%BB%00%BB%BB%BB%00%BB%BB%BB%00%A6%A6%A6%00%A6%A6%A6%00%A6%A6%A6%00%A9%A9%A9%00%C0%C0%C0%00%C2%C2%C2%00%C2%C2%C2%00%C2%C2%C2%00%C2%C2%C2%00%C2%C2%C2%00%A6%A6%A6%00%A6%A6%A6%00%AB%AB%AB%00%C3%C3%C3%00%C8%C8%C8%00%C8%C8%C8%00%C8%C8%C8%00%C8%C8%C8%00%C8%C8%C8%00%C8%C8%C8%00%A6%A6%A6%00%A6%A6%A6%00%B3%B3%B3%00%C4%C4%C4%00%C4%C4%C4%00%C4%C4%C4%00%C4%C4%C4%00%C4%C4%C4%00%C4%C4%C4%00%C4%C4%C4%00%A6%A6%A6%00%A6%A6%A6%00%B9%B9%B9%00%BE%BE%BE%00%BE%BE%BE%00%BE%BE%BE%00%BE%BE%BE%00%BE%BE%BE%00%BE%BE%BE%00%BE%BE%BE%00%A6%A6%A6%00%A6%A6%A6%00%B7%B7%B7%00%B9%B9%B9%00%B9%B9%B9%00%B9%B9%B9%00%B9%B9%B9%00%B9%B9%B9%00%B9%B9%B9%00%B9%B9%B9%00%A6%A6%A6%00%A6%A6%A6%00%B4%B4%B4%00%B4%B4%B4%00%B4%B4%B4%00%B4%B4%B4%00%B4%B4%B4%00%B4%B4%B4%00%B4%B4%B4%00%B4%B4%B4%00%A6%A6%A6%00%A6%A6%A6%00%B2%B2%B2%00%AF%AF%AF%00%AF%AF%AF%00%AF%AF%AF%00%AF%AF%AF%00%AF%AF%AF%00%AF%AF%AF%00%AF%AF%AF%00%A6%A6%A6%00%A6%A6%A6%00%AF%AF%AF%00%A9%A9%A9%00%A9%A9%A9%00%A9%A9%A9%00%A9%A9%A9%00%A9%A9%A9%00%A9%A9%A9%00%A9%A9%A9%00%A6%A6%A6%00%A6%A6%A6%00%AD%AD%AD%00%A4%A4%A4%00%A4%A4%A4%00%A4%A4%A4%00%A4%A4%A4%00%A4%A4%A4%00%A4%A4%A4%00%A4%A4%A4%00%A6%A6%A6%00%A6%A6%A6%00%AA%AA%AA%00%9F%9F%9F%00%9F%9F%9F%00%9F%9F%9F%00%9F%9F%9F%00%9F%9F%9F%00%9F%9F%9F%00%9F%9F%9F%00%A6%A6%A6%00%A6%A6%A6%00%A8%A8%A8%00%99%99%99%00%99%99%99%00%99%99%99%00%99%99%99%00%99%99%99%00%99%99%99%00%99%99%99%00%A6%A6%A6%00%A6%A6%A6%00%A5%A5%A5%00%94%94%94%00%94%94%94%00%94%94%94%00%94%94%94%00%94%94%94%00%94%94%94%00%94%94%94%00%A6%A6%A6%00%A6%A6%A6%00%A3%A3%A3%00%8F%8F%8F%00%8F%8F%8F%00%8F%8F%8F%00%8F%8F%8F%00%8F%8F%8F%00%8F%8F%8F%00%8F%8F%8F%00%A6%A6%A6%00%A6%A6%A6%00%A0%A0%A0%00%8A%8A%8A%00%8A%8A%8A%00%8A%8A%8A%00%8A%8A%8A%00%8A%8A%8A%00%8A%8A%8A%00%8A%8A%8A%00%A6%A6%A6%00%A6%A6%A6%00%9E%9E%9E%00%84%84%84%00%84%84%84%00%84%84%84%00%84%84%84%00%84%84%84%00%84%84%84%00%84%84%84%00%A6%A6%A6%00%A6%A6%A6%00%9B%9B%9B%00%7F%7F%7F%00%7F%7F%7F%00%7F%7F%7F%00%7F%7F%7F%00%7F%7F%7F%00%7F%7F%7F%00%7F%7F%7F%00%A6%A6%A6%00%A6%A6%A6%00%99%99%99%00zzz%00zzz%00zzz%00zzz%00zzz%00zzz%00zzz%00%A6%A6%A6%00%A6%A6%A6%00%97%97%97%00www%00www%00www%00www%00www%00www%00www%00%A6%A6%A6%00%A6%A6%A6%00%97%97%97%00www%00www%00www%00www%00www%00www%00www%00%A6%A6%A6%00%A6%A6%A6%00%97%97%97%00www%00www%00www%00www%00www%00www%00www%00%A6%A6%A6%00%A6%A6%A6%00%97%97%97%00www%00www%00www%00www%00www%00www%00www%00www%00%96%96%96%00%97%97%97%00www%00www%00www%00www%00www%00www%00www%00www%00%91%91%91%00%92%92%92%00www%00www%00www%00www%00www%00www%00www" )</imagedata>
</image>
