<image name="glx2-tab-horiz.png" id="146916">
<traversalOn>false</traversalOn>
<palindromeFrames>false</palindromeFrames>
<ink>srcCopy</ink>
<threeD>true</threeD>
<blendLevel>0</blendLevel>
<rect>174,23,450,51</rect>
<angle>0</angle>
<yHot>1</yHot>
<id>146916</id>
<altId>0</altId>
<frameCount>0</frameCount>
<constantMask>false</constantMask>
<lockLoc>false</lockLoc>
<repeatCount>0</repeatCount>
<size>418</size>
<name>image "glx2-tab-horiz.png"</name>
<hotSpot>1,1</hotSpot>
<alwaysBuffer>true</alwaysBuffer>
<layer>62</layer>
<dontDither>false</dontDither>
<visible>false</visible>
<cantSelect>false</cantSelect>
<borderWidth>2</borderWidth>
<opaque>true</opaque>
<currentFrame>1</currentFrame>
<showBorder>false</showBorder>
<disabled>false</disabled>
<xHot>1</xHot>
<showFocusBorder>true</showFocusBorder>
<custompropertyset name= "cGlx2TimeStamp">
</custompropertyset>
<imagedata>urldecode( "%00%DF%DF%DF%00%DF%DF%DF%00%DF%DF%DF%00%DF%DF%DF%00%DF%DF%DF%00%DF%DF%DF%00%DF%DF%DF%00%DF%DF%DF%00%DF%DF%DF%00%DF%DF%DF%00%DF%DF%DF%00%DF%DF%DF%00%DF%DF%DF%00%DF%DF%DF%00%DF%DF%DF%00%DF%DF%DF%00%DF%DF%DF%00%DF%DF%DF%00%DF%DF%DF%00%DF%DF%DF%00%DF%DF%DF%00%DF%DF%DF%00%DF%DF%DF%00%DF%DF%DF%00%DF%DF%DF%00%DF%DF%DF%00%DF%DF%DF%00%DF%DF%DF%00%DF%DF%DF%00%DF%DF%DF%00%DF%DF%DF%00%DF%DF%DF%00%DF%DF%DF%00%DF%DF%DF%00%DF%DF%DF%00%DF%DF%DF%00%DF%DF%DF%00%DF%DF%DF%00%DF%DF%DF%00%DF%DF%DF%00%DF%DF%DF%00%DF%DF%DF%00%DF%DF%DF%00%DF%DF%DF%00%DF%DF%DF%00%DF%DF%DF%00%DF%DF%DF%00%DF%DF%DF%00%DF%DF%DF%00%DF%DF%DF%00%DF%DF%DF%00%DF%DF%DF%00%DF%DF%DF%00%DF%DF%DF%00%DF%DF%DF%00%DF%DF%DF%00%DF%DF%DF%00%DF%DF%DF%00%DF%DF%DF%00%DF%DF%DF%00%DF%DF%DF%00%DF%DF%DF%00%DF%DF%DF%00%DF%DF%DF%00%DF%DF%DF%00%DF%DF%DF%00%DF%DF%DF%00%DF%DF%DF%00%DF%DF%DF%00%DF%DF%DF%00%DF%DF%DF%00%DF%DF%DF%00%DF%DF%DF%00%DF%DF%DF%00%DF%DF%DF%00%DF%DF%DF%00%DF%DF%DF%00%DF%DF%DF%00%DF%DF%DF%00%DF%DF%DF%00%DF%DF%DF%00%DF%DF%DF%00%DF%DF%DF%00%DF%DF%DF%00%DF%DF%DF%00%DF%DF%DF%00%DF%DF%DF%00%DF%DF%DF%00%DF%DF%DF%00%DF%DF%DF%00%DF%DF%DF%00%DF%DF%DF%00%DF%DF%DF%00%DF%DF%DF%00%DF%DF%DF%00%DF%DF%DF%00%DF%DF%DF%00%DF%DF%DF%00%DF%DF%DF%00%DF%DF%DF%00%DF%DF%DF%00%DF%DF%DF%00%DF%DF%DF%00%DF%DF%DF%00%DF%DF%DF%00%DF%DF%DF%00%DF%DF%DF%00%DF%DF%DF%00%DF%DF%DF%00%DF%DF%DF%00%DF%DF%DF%00%DF%DF%DF%00%DF%DF%DF%00%DF%DF%DF%00%DF%DF%DF%00%DF%DF%DF%00%DF%DF%DF%00%DF%DF%DF%00%DF%DF%DF%00%DF%DF%DF%00%DF%DF%DF%00%DF%DF%DF%00%DF%DF%DF%00%DF%DF%DF%00%DF%DF%DF%00%DF%DF%DF%00%DF%DF%DF%00%DF%DF%DF%00%DF%DF%DF%00%DF%DF%DF%00%DF%DF%DF%00%DF%DF%DF%00%DF%DF%DF%00%DF%DF%DF%00%DF%DF%DF%00%DF%DF%DF%00%DF%DF%DF%00%DF%DF%DF%00%DF%DF%DF%00%DF%DF%DF%00%DF%DF%DF%00%DF%DF%DF%00%DF%DF%DF%00%DF%DF%DF%00%DF%DF%DF%00%DF%DF%DF%00%DF%DF%DF%00%DF%DF%DF%00%DF%DF%DF%00%DF%DF%DF%00%DF%DF%DF%00%DF%DF%DF%00%DF%DF%DF%00%DF%DF%DF%00%DF%DF%DF%00%DF%DF%DF%00%DF%DF%DF%00%DF%DF%DF%00%DF%DF%DF%00%DF%DF%DF%00%DF%DF%DF%00%DF%DF%DF%00%DF%DF%DF%00%DF%DF%DF%00%DF%DF%DF%00%DF%DF%DF%00%DF%DF%DF%00%DF%DF%DF%00%DF%DF%DF%00%DF%DF%DF%00%DF%DF%DF%00%DF%DF%DF%00%DF%DF%DF%00%DF%DF%DF%00%DF%DF%DF%00%DF%DF%DF%00%DF%DF%DF%00%DF%DF%DF%00%DF%DF%DF%00%DF%DF%DF%00%DF%DF%DF%00%DF%DF%DF%00%DF%DF%DF%00%DF%DF%DF%00%DF%DF%DF%00%DF%DF%DF%00%DF%DF%DF%00%DF%DF%DF%00%DF%DF%DF%00%DF%DF%DF%00%DF%DF%DF%00%DF%DF%DF%00%DF%DF%DF%00%DF%DF%DF%00%DF%DF%DF%00%DF%DF%DF%00%DF%DF%DF%00%DF%DF%DF%00%DF%DF%DF%00%DF%DF%DF%00%DF%DF%DF%00%DF%DF%DF%00%DF%DF%DF%00%DF%DF%DF%00%DF%DF%DF%00%DF%DF%DF%00%DF%DF%DF%00%DF%DF%DF%00%DF%DF%DF%00%DF%DF%DF%00%DF%DF%DF%00%DF%DF%DF%00%DF%DF%DF%00%DF%DF%DF%00%DF%DF%DF%00%DF%DF%DF%00%DF%DF%DF%00%DF%DF%DF%00%DF%DF%DF%00%DF%DF%DF%00%DF%DF%DF%00%DF%DF%DF%00%DF%DF%DF%00%DF%DF%DF%00%DF%DF%DF%00%DF%DF%DF%00%DF%DF%DF%00%DF%DF%DF%00%DF%DF%DF%00%DF%DF%DF%00%DF%DF%DF%00%DF%DF%DF%00%DF%DF%DF%00%DF%DF%DF%00%DF%DF%DF%00%DF%DF%DF%00%DF%DF%DF%00%DF%DF%DF%00%DF%DF%DF%00%DF%DF%DF%00%DF%DF%DF%00%DF%DF%DF%00%DF%DF%DF%00%DF%DF%DF%00%DF%DF%DF%00%DF%DF%DF%00%DF%DF%DF%00%DF%DF%DF%00%DF%DF%DF%00%DF%DF%DF%00%DF%DF%DF%00%DF%DF%DF%00%DF%DF%DF%00%DF%DF%DF%00%DF%DF%DF%00%DF%DF%DF%00%DF%DF%DF%00%DF%DF%DF%00%DF%DF%DF%00%DF%DF%DF%00%DF%DF%DF%00%DF%DF%DF%00%DF%DF%DF%00%DF%DF%DF%00%DF%DF%DF%00%DF%DF%DF%00%DF%DF%DF%00%DF%DF%DF%00%DF%DF%DF%00%DF%DF%DF%00%DF%DF%DF%00%DF%DF%DF%00%DF%DF%DF%00%DF%DF%DF%00%DF%DF%DF%00%DF%DF%DF%00%B6%B6%B6%00%B6%B6%B6%00%B6%B6%B6%00%B6%B6%B6%00%B6%B6%B6%00%B6%B6%B6%00%B6%B6%B6%00%B6%B6%B6%00%B6%B6%B6%00%B6%B6%B6%00%B6%B6%B6%00%B6%B6%B6%00%B6%B6%B6%00%B6%B6%B6%00%B6%B6%B6%00%B6%B6%B6%00%B6%B6%B6%00%B6%B6%B6%00%B6%B6%B6%00%B6%B6%B6%00%B6%B6%B6%00%B6%B6%B6%00%B6%B6%B6%00%B6%B6%B6%00%B6%B6%B6%00%B6%B6%B6%00%B6%B6%B6%00%B6%B6%B6%00%B6%B6%B6%00%B6%B6%B6%00%B6%B6%B6%00%B6%B6%B6%00%B6%B6%B6%00%B6%B6%B6%00%B6%B6%B6%00%B6%B6%B6%00%B6%B6%B6%00%B6%B6%B6%00%B6%B6%B6%00%B6%B6%B6%00%B6%B6%B6%00%B6%B6%B6%00%B6%B6%B6%00%B6%B6%B6%00%B6%B6%B6%00%B6%B6%B6%00%B6%B6%B6%00%B6%B6%B6%00%B6%B6%B6%00%B6%B6%B6%00%B6%B6%B6%00%B6%B6%B6%00%B6%B6%B6%00%B6%B6%B6%00%B6%B6%B6%00%B6%B6%B6%00%B6%B6%B6%00%B6%B6%B6%00%B6%B6%B6%00%B6%B6%B6%00%B6%B6%B6%00%B6%B6%B6%00%B6%B6%B6%00%B6%B6%B6%00%B6%B6%B6%00%B6%B6%B6%00%B6%B6%B6%00%B6%B6%B6%00%B6%B6%B6%00%B6%B6%B6%00%B6%B6%B6%00%B6%B6%B6%00%B6%B6%B6%00%B6%B6%B6%00%B6%B6%B6%00%B6%B6%B6%00%B6%B6%B6%00%B6%B6%B6%00%B6%B6%B6%00%B6%B6%B6%00%B6%B6%B6%00%B6%B6%B6%00%B6%B6%B6%00%B6%B6%B6%00%B6%B6%B6%00%B6%B6%B6%00%B6%B6%B6%00%B6%B6%B6%00%B6%B6%B6%00%B6%B6%B6%00%B6%B6%B6%00%B6%B6%B6%00%B6%B6%B6%00%B6%B6%B6%00%B6%B6%B6%00%B6%B6%B6%00%B6%B6%B6%00%B6%B6%B6%00%B6%B6%B6%00%B6%B6%B6%00%B6%B6%B6%00%B6%B6%B6%00%B6%B6%B6%00%B6%B6%B6%00%B6%B6%B6%00%B6%B6%B6%00%B6%B6%B6%00%B6%B6%B6%00%B6%B6%B6%00%B6%B6%B6%00%B6%B6%B6%00%B6%B6%B6%00%B6%B6%B6%00%B6%B6%B6%00%B6%B6%B6%00%B6%B6%B6%00%B6%B6%B6%00%B6%B6%B6%00%B6%B6%B6%00%B6%B6%B6%00%B6%B6%B6%00%B6%B6%B6%00%B6%B6%B6%00%B6%B6%B6%00%B6%B6%B6%00%B6%B6%B6%00%B6%B6%B6%00%B6%B6%B6%00%B6%B6%B6%00%B6%B6%B6%00%B6%B6%B6%00%B6%B6%B6%00%B6%B6%B6%00%B6%B6%B6%00%B6%B6%B6%00%B6%B6%B6%00%B6%B6%B6%00%B6%B6%B6%00%B6%B6%B6%00%B6%B6%B6%00%B6%B6%B6%00%B6%B6%B6%00%B6%B6%B6%00%B6%B6%B6%00%B6%B6%B6%00%B6%B6%B6%00%B6%B6%B6%00%B6%B6%B6%00%B6%B6%B6%00%B6%B6%B6%00%B6%B6%B6%00%B6%B6%B6%00%B6%B6%B6%00%B6%B6%B6%00%B6%B6%B6%00%B6%B6%B6%00%B6%B6%B6%00%B6%B6%B6%00%B6%B6%B6%00%B6%B6%B6%00%B6%B6%B6%00%B6%B6%B6%00%B6%B6%B6%00%B6%B6%B6%00%B6%B6%B6%00%B6%B6%B6%00%B6%B6%B6%00%B6%B6%B6%00%B6%B6%B6%00%B6%B6%B6%00%B6%B6%B6%00%B6%B6%B6%00%B6%B6%B6%00%B6%B6%B6%00%B6%B6%B6%00%B6%B6%B6%00%B6%B6%B6%00%B6%B6%B6%00%B6%B6%B6%00%B6%B6%B6%00%B6%B6%B6%00%B6%B6%B6%00%B6%B6%B6%00%B6%B6%B6%00%B6%B6%B6%00%B6%B6%B6%00%B6%B6%B6%00%B6%B6%B6%00%B6%B6%B6%00%B6%B6%B6%00%B6%B6%B6%00%B6%B6%B6%00%B6%B6%B6%00%B6%B6%B6%00%B6%B6%B6%00%B6%B6%B6%00%B6%B6%B6%00%B6%B6%B6%00%B6%B6%B6%00%B6%B6%B6%00%B6%B6%B6%00%B6%B6%B6%00%B6%B6%B6%00%B6%B6%B6%00%B6%B6%B6%00%B6%B6%B6%00%B6%B6%B6%00%B6%B6%B6%00%B6%B6%B6%00%B6%B6%B6%00%B6%B6%B6%00%B6%B6%B6%00%B6%B6%B6%00%B6%B6%B6%00%B6%B6%B6%00%B6%B6%B6%00%B6%B6%B6%00%B6%B6%B6%00%B6%B6%B6%00%B6%B6%B6%00%B6%B6%B6%00%B6%B6%B6%00%B6%B6%B6%00%B6%B6%B6%00%B6%B6%B6%00%B6%B6%B6%00%B6%B6%B6%00%B6%B6%B6%00%B6%B6%B6%00%B6%B6%B6%00%B6%B6%B6%00%B6%B6%B6%00%B6%B6%B6%00%B6%B6%B6%00%B6%B6%B6%00%B6%B6%B6%00%B6%B6%B6%00%B6%B6%B6%00%B6%B6%B6%00%B6%B6%B6%00%B6%B6%B6%00%B6%B6%B6%00%B6%B6%B6%00%B6%B6%B6%00%B6%B6%B6%00%B6%B6%B6%00%B6%B6%B6%00%B6%B6%B6%00%B6%B6%B6%00%B6%B6%B6%00%B6%B6%B6%00%B6%B6%B6%00%B6%B6%B6%00%B6%B6%B6%00%B6%B6%B6%00%B6%B6%B6%00%B6%B6%B6%00%B6%B6%B6%00%B6%B6%B6%00%B6%B6%B6%00%B6%B6%B6%00%B6%B6%B6%00%B6%B6%B6%00%B6%B6%B6%00%B6%B6%B6%00%B6%B6%B6%00%B6%B6%B6%00%B6%B6%B6%00%B6%B6%B6%00%B6%B6%B6%00%B6%B6%B6%00%B6%B6%B6%00%B6%B6%B6%00%B6%B6%B6%00%B6%B6%B6%00%B6%B6%B6%00%FF%FF%FF%00%FF%FF%FF%00%FF%FF%FF%00%FF%FF%FF%00%FF%FF%FF%00%FF%FF%FF%00%FF%FF%FF%00%FF%FF%FF%00%FF%FF%FF%00%FF%FF%FF%00%FF%FF%FF%00%FF%FF%FF%00%FF%FF%FF%00%FF%FF%FF%00%FF%FF%FF%00%FF%FF%FF%00%FF%FF%FF%00%FF%FF%FF%00%FF%FF%FF%00%FF%FF%FF%00%FF%FF%FF%00%FF%FF%FF%00%FF%FF%FF%00%FF%FF%FF%00%FF%FF%FF%00%FF%FF%FF%00%FF%FF%FF%00%FF%FF%FF%00%FF%FF%FF%00%FF%FF%FF%00%FF%FF%FF%00%FF%FF%FF%00%FF%FF%FF%00%FF%FF%FF%00%FF%FF%FF%00%FF%FF%FF%00%FF%FF%FF%00%FF%FF%FF%00%FF%FF%FF%00%FF%FF%FF%00%FF%FF%FF%00%FF%FF%FF%00%FF%FF%FF%00%FF%FF%FF%00%FF%FF%FF%00%FF%FF%FF%00%FF%FF%FF%00%FF%FF%FF%00%FF%FF%FF%00%FF%FF%FF%00%FF%FF%FF%00%FF%FF%FF%00%FF%FF%FF%00%FF%FF%FF%00%FF%FF%FF%00%FF%FF%FF%00%FF%FF%FF%00%FF%FF%FF%00%FF%FF%FF%00%FF%FF%FF%00%FF%FF%FF%00%FF%FF%FF%00%FF%FF%FF%00%FF%FF%FF%00%FF%FF%FF%00%FF%FF%FF%00%FF%FF%FF%00%FF%FF%FF%00%FF%FF%FF%00%FF%FF%FF%00%FF%FF%FF%00%FF%FF%FF%00%FF%FF%FF%00%FF%FF%FF%00%FF%FF%FF%00%FF%FF%FF%00%FF%FF%FF%00%FF%FF%FF%00%FF%FF%FF%00%FF%FF%FF%00%FF%FF%FF%00%FF%FF%FF%00%FF%FF%FF%00%FF%FF%FF%00%FF%FF%FF%00%FF%FF%FF%00%FF%FF%FF%00%FF%FF%FF%00%FF%FF%FF%00%FF%FF%FF%00%FF%FF%FF%00%FF%FF%FF%00%FF%FF%FF%00%FF%FF%FF%00%FF%FF%FF%00%FF%FF%FF%00%FF%FF%FF%00%FF%FF%FF%00%FF%FF%FF%00%FF%FF%FF%00%FF%FF%FF%00%FF%FF%FF%00%FF%FF%FF%00%FF%FF%FF%00%FF%FF%FF%00%FF%FF%FF%00%FF%FF%FF%00%FF%FF%FF%00%FF%FF%FF%00%FF%FF%FF%00%FF%FF%FF%00%FF%FF%FF%00%FF%FF%FF%00%FF%FF%FF%00%FF%FF%FF%00%FF%FF%FF%00%FF%FF%FF%00%FF%FF%FF%00%FF%FF%FF%00%FF%FF%FF%00%FF%FF%FF%00%FF%FF%FF%00%FF%FF%FF%00%FF%FF%FF%00%FF%FF%FF%00%FF%FF%FF%00%FF%FF%FF%00%FF%FF%FF%00%FF%FF%FF%00%FF%FF%FF%00%FF%FF%FF%00%FF%FF%FF%00%FF%FF%FF%00%FF%FF%FF%00%FF%FF%FF%00%FF%FF%FF%00%FF%FF%FF%00%FF%FF%FF%00%FF%FF%FF%00%FF%FF%FF%00%FF%FF%FF%00%FF%FF%FF%00%FF%FF%FF%00%FF%FF%FF%00%FF%FF%FF%00%FF%FF%FF%00%FF%FF%FF%00%FF%FF%FF%00%FF%FF%FF%00%FF%FF%FF%00%FF%FF%FF%00%FF%FF%FF%00%FF%FF%FF%00%FF%FF%FF%00%FF%FF%FF%00%FF%FF%FF%00%FF%FF%FF%00%FF%FF%FF%00%FF%FF%FF%00%FF%FF%FF%00%FF%FF%FF%00%FF%FF%FF%00%FF%FF%FF%00%FF%FF%FF%00%FF%FF%FF%00%FF%FF%FF%00%FF%FF%FF%00%FF%FF%FF%00%FF%FF%FF%00%FF%FF%FF%00%FF%FF%FF%00%FF%FF%FF%00%FF%FF%FF%00%FF%FF%FF%00%FF%FF%FF%00%FF%FF%FF%00%FF%FF%FF%00%FF%FF%FF%00%FF%FF%FF%00%FF%FF%FF%00%FF%FF%FF%00%FF%FF%FF%00%FF%FF%FF%00%FF%FF%FF%00%FF%FF%FF%00%FF%FF%FF%00%FF%FF%FF%00%FF%FF%FF%00%FF%FF%FF%00%FF%FF%FF%00%FF%FF%FF%00%FF%FF%FF%00%FF%FF%FF%00%FF%FF%FF%00%FF%FF%FF%00%FF%FF%FF%00%FF%FF%FF%00%FF%FF%FF%00%FF%FF%FF%00%FF%FF%FF%00%FF%FF%FF%00%FF%FF%FF%00%FF%FF%FF%00%FF%FF%FF%00%FF%FF%FF%00%FF%FF%FF%00%FF%FF%FF%00%FF%FF%FF%00%FF%FF%FF%00%FF%FF%FF%00%FF%FF%FF%00%FF%FF%FF%00%FF%FF%FF%00%FF%FF%FF%00%FF%FF%FF%00%FF%FF%FF%00%FF%FF%FF%00%FF%FF%FF%00%FF%FF%FF%00%FF%FF%FF%00%FF%FF%FF%00%FF%FF%FF%00%FF%FF%FF%00%FF%FF%FF%00%FF%FF%FF%00%FF%FF%FF%00%FF%FF%FF%00%FF%FF%FF%00%FF%FF%FF%00%FF%FF%FF%00%FF%FF%FF%00%FF%FF%FF%00%FF%FF%FF%00%FF%FF%FF%00%FF%FF%FF%00%FF%FF%FF%00%FF%FF%FF%00%FF%FF%FF%00%FF%FF%FF%00%FF%FF%FF%00%FF%FF%FF%00%FF%FF%FF%00%FF%FF%FF%00%FF%FF%FF%00%FF%FF%FF%00%FF%FF%FF%00%FF%FF%FF%00%FF%FF%FF%00%FF%FF%FF%00%FF%FF%FF%00%FF%FF%FF%00%FF%FF%FF%00%FF%FF%FF%00%FF%FF%FF%00%FF%FF%FF%00%FF%FF%FF%00%FF%FF%FF%00%FF%FF%FF%00%FF%FF%FF%00%FF%FF%FF%00%FF%FF%FF%00%FF%FF%FF%00%FF%FF%FF%00%FF%FF%FF%00%FF%FF%FF%00%FF%FF%FF%00%FF%FF%FF%00%FF%FF%FF%00%FF%FF%FF%00%FF%FF%FF%00%FF%FF%FF%00%FF%FF%FF%00%FF%FF%FF%00%FF%FF%FF%00%FF%FF%FF%00%FF%FF%FF%00%FF%FF%FF%00%FF%FF%FF%00%FF%FF%FF%00%FF%FF%FF%00%FF%FF%FF%00%FF%FF%FF%00%FF%FF%FF%00%FF%FF%FF%00%FF%FF%FF%00%FF%FF%FF%00%FF%FF%FF%00%FF%FF%FF%00%FF%FF%FF%00%FF%FF%FF%00%FF%FF%FF%00%FF%FF%FF%00%FF%FF%FF%00%FF%FF%FF%00%FF%FF%FF%00%FF%FF%FF%00%FF%FF%FF%00%FF%FF%FF%00%FF%FF%FF%00%FF%FF%FF%00%FF%FF%FF%00%FF%FF%FF%00%FF%FF%FF%00%FF%FF%FF%00%FF%FF%FF%00%FF%FF%FF%00%FF%FF%FF%00%FF%FF%FF%00%FF%FF%FF%00%FF%FF%FF%00%FF%FF%FF%00%FF%FF%FF%00%FF%FF%FF%00%FF%FF%FF%00%FF%FF%FF%00%FF%FF%FF%00%FF%FF%FF%00%FF%FF%FF%00%FF%FF%FF%00%FF%FF%FF%00%FF%FF%FF%00%FF%FF%FF%00%FF%FF%FF%00%FF%FF%FF%00%FF%FF%FF%00%FF%FF%FF%00%FF%FF%FF%00%FF%FF%FF%00%FF%FF%FF%00%FF%FF%FF%00%FF%FF%FF%00%FF%FF%FF%00%FF%FF%FF%00%FF%FF%FF%00%FF%FF%FF%00%FF%FF%FF%00%FF%FF%FF%00%FF%FF%FF%00%FF%FF%FF%00%FF%FF%FF%00%FF%FF%FF%00%FF%FF%FF%00%FF%FF%FF%00%FF%FF%FF%00%FF%FF%FF%00%FF%FF%FF%00%FF%FF%FF%00%FF%FF%FF%00%FF%FF%FF%00%FF%FF%FF%00%FF%FF%FF%00%FF%FF%FF%00%FF%FF%FF%00%FF%FF%FF%00%FF%FF%FF%00%FF%FF%FF%00%FF%FF%FF%00%FF%FF%FF%00%FF%FF%FF%00%FF%FF%FF%00%FF%FF%FF%00%FF%FF%FF%00%FF%FF%FF%00%FF%FF%FF%00%FF%FF%FF%00%FF%FF%FF%00%FF%FF%FF%00%FF%FF%FF%00%FF%FF%FF%00%FF%FF%FF%00%FF%FF%FF%00%FF%FF%FF%00%FF%FF%FF%00%FF%FF%FF%00%FF%FF%FF%00%FF%FF%FF%00%FF%FF%FF%00%FF%FF%FF%00%FF%FF%FF%00%FF%FF%FF%00%FF%FF%FF%00%FF%FF%FF%00%FF%FF%FF%00%FF%FF%FF%00%FF%FF%FF%00%FF%FF%FF%00%FF%FF%FF%00%FF%FF%FF%00%FF%FF%FF%00%FF%FF%FF%00%FF%FF%FF%00%FF%FF%FF%00%FF%FF%FF%00%FF%FF%FF%00%FF%FF%FF%00%FF%FF%FF%00%FF%FF%FF%00%FF%FF%FF%00%FF%FF%FF%00%FF%FF%FF%00%FF%FF%FF%00%FF%FF%FF%00%FF%FF%FF%00%FF%FF%FF%00%FF%FF%FF%00%FF%FF%FF%00%FF%FF%FF%00%FF%FF%FF%00%FF%FF%FF%00%FF%FF%FF%00%FF%FF%FF%00%FF%FF%FF%00%FF%FF%FF%00%FF%FF%FF%00%FF%FF%FF%00%FF%FF%FF%00%FF%FF%FF%00%FF%FF%FF%00%FF%FF%FF%00%FF%FF%FF%00%FF%FF%FF%00%FF%FF%FF%00%FF%FF%FF%00%FF%FF%FF%00%FF%FF%FF%00%FF%FF%FF%00%FF%FF%FF%00%FF%FF%FF%00%FF%FF%FF%00%FF%FF%FF%00%FF%FF%FF%00%FF%FF%FF%00%FF%FF%FF%00%FF%FF%FF%00%FF%FF%FF%00%FF%FF%FF%00%FF%FF%FF%00%FF%FF%FF%00%FF%FF%FF%00%FF%FF%FF%00%FF%FF%FF%00%FF%FF%FF%00%FF%FF%FF%00%FF%FF%FF%00%FF%FF%FF%00%FF%FF%FF%00%FF%FF%FF%00%FF%FF%FF%00%FF%FF%FF%00%FF%FF%FF%00%FF%FF%FF%00%FF%FF%FF%00%FF%FF%FF%00%FF%FF%FF%00%FF%FF%FF%00%FF%FF%FF%00%FF%FF%FF%00%FF%FF%FF%00%FF%FF%FF%00%FF%FF%FF%00%FF%FF%FF%00%FF%FF%FF%00%FF%FF%FF%00%FF%FF%FF%00%FF%FF%FF%00%FF%FF%FF%00%FF%FF%FF%00%FF%FF%FF%00%FF%FF%FF%00%FF%FF%FF%00%FF%FF%FF%00%FF%FF%FF%00%FF%FF%FF%00%FF%FF%FF%00%FF%FF%FF%00%FF%FF%FF%00%FF%FF%FF%00%FF%FF%FF%00%FF%FF%FF%00%FF%FF%FF%00%FF%FF%FF%00%FF%FF%FF%00%FF%FF%FF%00%FF%FF%FF%00%FF%FF%FF%00%FF%FF%FF%00%FF%FF%FF%00%FF%FF%FF%00%FF%FF%FF%00%FF%FF%FF%00%FF%FF%FF%00%FF%FF%FF%00%FF%FF%FF%00%FF%FF%FF%00%FF%FF%FF%00%FF%FF%FF%00%FF%FF%FF%00%FF%FF%FF%00%FF%FF%FF%00%FF%FF%FF%00%FF%FF%FF%00%FF%FF%FF%00%FF%FF%FF%00%FF%FF%FF%00%FF%FF%FF%00%FF%FF%FF%00%FF%FF%FF%00%FF%FF%FF%00%FF%FF%FF%00%FF%FF%FF%00%FF%FF%FF%00%FF%FF%FF%00%FF%FF%FF%00%FF%FF%FF%00%FF%FF%FF%00%FF%FF%FF%00%FF%FF%FF%00%FF%FF%FF%00%FF%FF%FF%00%FF%FF%FF%00%FF%FF%FF%00%FF%FF%FF%00%FF%FF%FF%00%FF%FF%FF%00%FF%FF%FF%00%FF%FF%FF%00%FF%FF%FF%00%FF%FF%FF%00%FF%FF%FF%00%FF%FF%FF%00%FF%FF%FF%00%FF%FF%FF%00%FF%FF%FF%00%FF%FF%FF%00%FF%FF%FF%00%FF%FF%FF%00%FF%FF%FF%00%FF%FF%FF%00%FF%FF%FF%00%FF%FF%FF%00%FF%FF%FF%00%FF%FF%FF%00%FF%FF%FF%00%FF%FF%FF%00%FF%FF%FF%00%FF%FF%FF%00%FF%FF%FF%00%FF%FF%FF%00%FF%FF%FF%00%FF%FF%FF%00%FF%FF%FF%00%FF%FF%FF%00%FF%FF%FF%00%FF%FF%FF%00%FF%FF%FF%00%FF%FF%FF%00%FF%FF%FF%00%FF%FF%FF%00%FF%FF%FF%00%FF%FF%FF%00%FF%FF%FF%00%FF%FF%FF%00%FF%FF%FF%00%FF%FF%FF%00%FF%FF%FF%00%FF%FF%FF%00%FF%FF%FF%00%FF%FF%FF%00%FF%FF%FF%00%FF%FF%FF%00%FF%FF%FF%00%FF%FF%FF%00%FF%FF%FF%00%FF%FF%FF%00%FF%FF%FF%00%FF%FF%FF%00%FF%FF%FF%00%FF%FF%FF%00%FF%FF%FF%00%FF%FF%FF%00%FF%FF%FF%00%FF%FF%FF%00%FF%FF%FF%00%FF%FF%FF%00%FF%FF%FF%00%FF%FF%FF%00%FF%FF%FF%00%FF%FF%FF%00%FF%FF%FF%00%FF%FF%FF%00%FF%FF%FF%00%FF%FF%FF%00%FF%FF%FF%00%FF%FF%FF%00%FF%FF%FF%00%FF%FF%FF%00%FF%FF%FF%00%FF%FF%FF%00%FF%FF%FF%00%FF%FF%FF%00%FF%FF%FF%00%FF%FF%FF%00%FF%FF%FF%00%FF%FF%FF%00%FF%FF%FF%00%FF%FF%FF%00%FF%FF%FF%00%FF%FF%FF%00%FF%FF%FF%00%FF%FF%FF%00%FF%FF%FF%00%FF%FF%FF%00%FF%FF%FF%00%FF%FF%FF%00%FF%FF%FF%00%FF%FF%FF%00%FF%FF%FF%00%FF%FF%FF%00%FF%FF%FF%00%FF%FF%FF%00%FF%FF%FF%00%FF%FF%FF%00%FF%FF%FF%00%FF%FF%FF%00%FF%FF%FF%00%FF%FF%FF%00%FF%FF%FF%00%FF%FF%FF%00%FF%FF%FF%00%FF%FF%FF%00%FF%FF%FF%00%FF%FF%FF%00%FF%FF%FF%00%FF%FF%FF%00%FF%FF%FF%00%FF%FF%FF%00%FF%FF%FF%00%FF%FF%FF%00%FF%FF%FF%00%FF%FF%FF%00%FF%FF%FF%00%FF%FF%FF%00%FF%FF%FF%00%FF%FF%FF%00%FF%FF%FF%00%FF%FF%FF%00%FF%FF%FF%00%FF%FF%FF%00%FF%FF%FF%00%FF%FF%FF%00%FF%FF%FF%00%FF%FF%FF%00%FF%FF%FF%00%FF%FF%FF%00%FF%FF%FF%00%FF%FF%FF%00%FF%FF%FF%00%FF%FF%FF%00%FF%FF%FF%00%FF%FF%FF%00%FF%FF%FF%00%FF%FF%FF%00%FF%FF%FF%00%FF%FF%FF%00%FF%FF%FF%00%FF%FF%FF%00%FF%FF%FF%00%FF%FF%FF%00%FF%FF%FF%00%FF%FF%FF%00%FF%FF%FF%00%FF%FF%FF%00%FF%FF%FF%00%FF%FF%FF%00%FF%FF%FF%00%FF%FF%FF%00%FF%FF%FF%00%FF%FF%FF%00%FF%FF%FF%00%FF%FF%FF%00%FF%FF%FF%00%FF%FF%FF%00%FF%FF%FF%00%FF%FF%FF%00%FF%FF%FF%00%FF%FF%FF%00%FF%FF%FF%00%FF%FF%FF%00%FF%FF%FF%00%FF%FF%FF%00%FF%FF%FF%00%FF%FF%FF%00%FF%FF%FF%00%FF%FF%FF%00%FF%FF%FF%00%FF%FF%FF%00%FF%FF%FF%00%FF%FF%FF%00%FF%FF%FF%00%FF%FF%FF%00%FF%FF%FF%00%FF%FF%FF%00%FF%FF%FF%00%FF%FF%FF%00%FF%FF%FF%00%FF%FF%FF%00%FF%FF%FF%00%FF%FF%FF%00%FF%FF%FF%00%FF%FF%FF%00%FF%FF%FF%00%FF%FF%FF%00%FF%FF%FF%00%FF%FF%FF%00%FF%FF%FF%00%FF%FF%FF%00%FF%FF%FF%00%FF%FF%FF%00%FF%FF%FF%00%FF%FF%FF%00%FF%FF%FF%00%FF%FF%FF%00%FF%FF%FF%00%FF%FF%FF%00%FF%FF%FF%00%FF%FF%FF%00%FF%FF%FF%00%FF%FF%FF%00%FF%FF%FF%00%FF%FF%FF%00%FF%FF%FF%00%FF%FF%FF%00%FF%FF%FF%00%FF%FF%FF%00%FF%FF%FF%00%FF%FF%FF%00%FF%FF%FF%00%FF%FF%FF%00%FF%FF%FF%00%FF%FF%FF%00%FF%FF%FF%00%FF%FF%FF%00%FF%FF%FF%00%FF%FF%FF%00%FF%FF%FF%00%FF%FF%FF%00%FF%FF%FF%00%FF%FF%FF%00%FF%FF%FF%00%FF%FF%FF%00%FF%FF%FF%00%FF%FF%FF%00%FF%FF%FF%00%FF%FF%FF%00%FF%FF%FF%00%FF%FF%FF%00%FF%FF%FF%00%FF%FF%FF%00%FF%FF%FF%00%FF%FF%FF%00%FF%FF%FF%00%FF%FF%FF%00%FF%FF%FF%00%FF%FF%FF%00%FF%FF%FF%00%FF%FF%FF%00%FF%FF%FF%00%FF%FF%FF%00%FF%FF%FF%00%FF%FF%FF%00%FF%FF%FF%00%FF%FF%FF%00%FF%FF%FF%00%FF%FF%FF%00%FF%FF%FF%00%FF%FF%FF%00%FF%FF%FF%00%FF%FF%FF%00%FF%FF%FF%00%FF%FF%FF%00%FF%FF%FF%00%FF%FF%FF%00%FF%FF%FF%00%FF%FF%FF%00%FF%FF%FF%00%FF%FF%FF%00%FF%FF%FF%00%FF%FF%FF%00%FF%FF%FF%00%FF%FF%FF%00%FF%FF%FF%00%FF%FF%FF%00%FF%FF%FF%00%FF%FF%FF%00%FF%FF%FF%00%FF%FF%FF%00%FF%FF%FF%00%FF%FF%FF%00%FF%FF%FF%00%FF%FF%FF%00%FF%FF%FF%00%FF%FF%FF%00%FF%FF%FF%00%FF%FF%FF%00%FF%FF%FF%00%FF%FF%FF%00%FF%FF%FF%00%FF%FF%FF%00%FF%FF%FF%00%FF%FF%FF%00%FF%FF%FF%00%FF%FF%FF%00%FF%FF%FF%00%FF%FF%FF%00%FF%FF%FF%00%FF%FF%FF%00%FF%FF%FF%00%FF%FF%FF%00%FF%FF%FF%00%FF%FF%FF%00%FF%FF%FF%00%FF%FF%FF%00%FF%FF%FF%00%FF%FF%FF%00%FF%FF%FF%00%FF%FF%FF%00%FF%FF%FF%00%FF%FF%FF%00%FF%FF%FF%00%FF%FF%FF%00%FF%FF%FF%00%FF%FF%FF%00%FF%FF%FF%00%FF%FF%FF%00%FF%FF%FF%00%FF%FF%FF%00%FF%FF%FF%00%FF%FF%FF%00%FF%FF%FF%00%FF%FF%FF%00%FF%FF%FF%00%FF%FF%FF%00%FF%FF%FF%00%FF%FF%FF%00%FF%FF%FF%00%FF%FF%FF%00%FF%FF%FF%00%FF%FF%FF%00%FF%FF%FF%00%FF%FF%FF%00%FF%FF%FF%00%FF%FF%FF%00%FF%FF%FF%00%FF%FF%FF%00%FF%FF%FF%00%FF%FF%FF%00%FF%FF%FF%00%FF%FF%FF%00%FF%FF%FF%00%FF%FF%FF%00%FF%FF%FF%00%FF%FF%FF%00%FF%FF%FF%00%FF%FF%FF%00%FF%FF%FF%00%FF%FF%FF%00%FF%FF%FF%00%FF%FF%FF%00%FF%FF%FF%00%FF%FF%FF%00%FF%FF%FF%00%FF%FF%FF%00%FF%FF%FF%00%FF%FF%FF%00%FF%FF%FF%00%FF%FF%FF%00%FF%FF%FF%00%FF%FF%FF%00%FF%FF%FF%00%FF%FF%FF%00%FF%FF%FF%00%FF%FF%FF%00%FF%FF%FF%00%FF%FF%FF%00%FF%FF%FF%00%FF%FF%FF%00%FF%FF%FF%00%FF%FF%FF%00%FF%FF%FF%00%FF%FF%FF%00%FF%FF%FF%00%FF%FF%FF%00%FF%FF%FF%00%FF%FF%FF%00%FF%FF%FF%00%FF%FF%FF%00%FF%FF%FF%00%FF%FF%FF%00%FF%FF%FF%00%FF%FF%FF%00%FF%FF%FF%00%FF%FF%FF%00%FF%FF%FF%00%FF%FF%FF%00%FF%FF%FF%00%FF%FF%FF%00%FF%FF%FF%00%FF%FF%FF%00%FF%FF%FF%00%FF%FF%FF%00%FF%FF%FF%00%FF%FF%FF%00%FF%FF%FF%00%FF%FF%FF%00%FF%FF%FF%00%FF%FF%FF%00%FF%FF%FF%00%FF%FF%FF%00%FF%FF%FF%00%FF%FF%FF%00%FF%FF%FF%00%FF%FF%FF%00%FF%FF%FF%00%FF%FF%FF%00%FF%FF%FF%00%FF%FF%FF%00%FF%FF%FF%00%FF%FF%FF%00%FF%FF%FF%00%FF%FF%FF%00%FF%FF%FF%00%FF%FF%FF%00%FF%FF%FF%00%FF%FF%FF%00%FF%FF%FF%00%FF%FF%FF%00%FF%FF%FF%00%FF%FF%FF%00%FF%FF%FF%00%FF%FF%FF%00%FF%FF%FF%00%FF%FF%FF%00%FF%FF%FF%00%FF%FF%FF%00%FF%FF%FF%00%FF%FF%FF%00%FF%FF%FF%00%FF%FF%FF%00%FF%FF%FF%00%FF%FF%FF%00%FF%FF%FF%00%FF%FF%FF%00%FF%FF%FF%00%FF%FF%FF%00%FF%FF%FF%00%FF%FF%FF%00%FF%FF%FF%00%FF%FF%FF%00%FF%FF%FF%00%FF%FF%FF%00%FF%FF%FF%00%FF%FF%FF%00%FF%FF%FF%00%FF%FF%FF%00%FF%FF%FF%00%FF%FF%FF%00%FF%FF%FF%00%FF%FF%FF%00%FF%FF%FF%00%FF%FF%FF%00%FF%FF%FF%00%FF%FF%FF%00%FF%FF%FF%00%FF%FF%FF%00%FF%FF%FF%00%FF%FF%FF%00%FF%FF%FF%00%FF%FF%FF%00%FF%FF%FF%00%FF%FF%FF%00%FF%FF%FF%00%FF%FF%FF%00%FF%FF%FF%00%FF%FF%FF%00%FF%FF%FF%00%FF%FF%FF%00%FF%FF%FF%00%FF%FF%FF%00%FF%FF%FF%00%FF%FF%FF%00%FF%FF%FF%00%FF%FF%FF%00%FF%FF%FF%00%FF%FF%FF%00%FF%FF%FF%00%FF%FF%FF%00%FF%FF%FF%00%FF%FF%FF%00%FF%FF%FF%00%FF%FF%FF%00%FF%FF%FF%00%FF%FF%FF%00%FF%FF%FF%00%FF%FF%FF%00%FF%FF%FF%00%FF%FF%FF%00%FF%FF%FF%00%FF%FF%FF%00%FF%FF%FF%00%FF%FF%FF%00%FF%FF%FF%00%FF%FF%FF%00%FF%FF%FF%00%FF%FF%FF%00%FF%FF%FF%00%FF%FF%FF%00%FF%FF%FF%00%FF%FF%FF%00%FF%FF%FF%00%FF%FF%FF%00%FF%FF%FF%00%FF%FF%FF%00%FF%FF%FF%00%FF%FF%FF%00%FF%FF%FF%00%FF%FF%FF%00%FF%FF%FF%00%FF%FF%FF%00%FF%FF%FF%00%FF%FF%FF%00%FF%FF%FF%00%FF%FF%FF%00%FF%FF%FF%00%FF%FF%FF%00%FF%FF%FF%00%FF%FF%FF%00%FF%FF%FF%00%FF%FF%FF%00%FF%FF%FF%00%FF%FF%FF%00%FF%FF%FF%00%FF%FF%FF%00%FF%FF%FF%00%FF%FF%FF%00%FF%FF%FF%00%FF%FF%FF%00%FF%FF%FF%00%FF%FF%FF%00%FF%FF%FF%00%FF%FF%FF%00%FF%FF%FF%00%FF%FF%FF%00%FF%FF%FF%00%FF%FF%FF%00%FF%FF%FF%00%FF%FF%FF%00%FF%FF%FF%00%FF%FF%FF%00%FF%FF%FF%00%FF%FF%FF%00%FF%FF%FF%00%FF%FF%FF%00%FF%FF%FF%00%FF%FF%FF%00%FF%FF%FF%00%FF%FF%FF%00%FF%FF%FF%00%FF%FF%FF%00%FF%FF%FF%00%FF%FF%FF%00%FF%FF%FF%00%FF%FF%FF%00%FF%FF%FF%00%FF%FF%FF%00%FF%FF%FF%00%FF%FF%FF%00%FF%FF%FF%00%FF%FF%FF%00%FF%FF%FF%00%FF%FF%FF%00%FF%FF%FF%00%FF%FF%FF%00%FF%FF%FF%00%FF%FF%FF%00%FF%FF%FF%00%FF%FF%FF%00%FF%FF%FF%00%FF%FF%FF%00%FF%FF%FF%00%FF%FF%FF%00%FF%FF%FF%00%FF%FF%FF%00%FF%FF%FF%00%FF%FF%FF%00%FF%FF%FF%00%FF%FF%FF%00%FF%FF%FF%00%FF%FF%FF%00%FF%FF%FF%00%FF%FF%FF%00%FF%FF%FF%00%FF%FF%FF%00%FF%FF%FF%00%FF%FF%FF%00%FF%FF%FF%00%FF%FF%FF%00%FF%FF%FF%00%FF%FF%FF%00%FF%FF%FF%00%FF%FF%FF%00%FF%FF%FF%00%FF%FF%FF%00%FF%FF%FF%00%FF%FF%FF%00%FF%FF%FF%00%FF%FF%FF%00%FF%FF%FF%00%FF%FF%FF%00%FF%FF%FF%00%FF%FF%FF%00%FF%FF%FF%00%FF%FF%FF%00%FF%FF%FF%00%FF%FF%FF%00%FF%FF%FF%00%FF%FF%FF%00%FF%FF%FF%00%FF%FF%FF%00%FF%FF%FF%00%FF%FF%FF%00%FF%FF%FF%00%FF%FF%FF%00%FF%FF%FF%00%FF%FF%FF%00%FF%FF%FF%00%FF%FF%FF%00%FF%FF%FF%00%FF%FF%FF%00%FF%FF%FF%00%FF%FF%FF%00%FF%FF%FF%00%FF%FF%FF%00%FF%FF%FF%00%FF%FF%FF%00%FF%FF%FF%00%FF%FF%FF%00%FF%FF%FF%00%FF%FF%FF%00%FF%FF%FF%00%FF%FF%FF%00%FF%FF%FF%00%FF%FF%FF%00%FF%FF%FF%00%FF%FF%FF%00%FF%FF%FF%00%FF%FF%FF%00%FF%FF%FF%00%FF%FF%FF%00%FF%FF%FF%00%FF%FF%FF%00%FF%FF%FF%00%FF%FF%FF%00%FF%FF%FF%00%FF%FF%FF%00%FF%FF%FF%00%FF%FF%FF%00%FF%FF%FF%00%FF%FF%FF%00%FF%FF%FF%00%FF%FF%FF%00%FF%FF%FF%00%FF%FF%FF%00%FF%FF%FF%00%FF%FF%FF%00%FF%FF%FF%00%FF%FF%FF%00%FF%FF%FF%00%FF%FF%FF%00%FF%FF%FF%00%FF%FF%FF%00%FF%FF%FF%00%FF%FF%FF%00%FF%FF%FF%00%FF%FF%FF%00%FF%FF%FF%00%FF%FF%FF%00%FF%FF%FF%00%FF%FF%FF%00%FF%FF%FF%00%FF%FF%FF%00%FF%FF%FF%00%FF%FF%FF%00%FF%FF%FF%00%FF%FF%FF%00%FF%FF%FF%00%FF%FF%FF%00%FF%FF%FF%00%FF%FF%FF%00%FF%FF%FF%00%FF%FF%FF%00%FF%FF%FF%00%FF%FF%FF%00%FF%FF%FF%00%FF%FF%FF%00%FF%FF%FF%00%FF%FF%FF%00%FF%FF%FF%00%FF%FF%FF%00%FF%FF%FF%00%FF%FF%FF%00%FF%FF%FF%00%FF%FF%FF%00%FF%FF%FF%00%FF%FF%FF%00%FF%FF%FF%00%FF%FF%FF%00%FF%FF%FF%00%FF%FF%FF%00%FF%FF%FF%00%FF%FF%FF%00%FF%FF%FF%00%FF%FF%FF%00%FF%FF%FF%00%FF%FF%FF%00%FF%FF%FF%00%FF%FF%FF%00%FF%FF%FF%00%FF%FF%FF%00%FF%FF%FF%00%FF%FF%FF%00%FF%FF%FF%00%FF%FF%FF%00%FF%FF%FF%00%FF%FF%FF%00%FF%FF%FF%00%FF%FF%FF%00%FF%FF%FF%00%FF%FF%FF%00%FF%FF%FF%00%FF%FF%FF%00%FF%FF%FF%00%FF%FF%FF%00%FF%FF%FF%00%FF%FF%FF%00%FF%FF%FF%00%FF%FF%FF%00%FF%FF%FF%00%FF%FF%FF%00%FF%FF%FF%00%FF%FF%FF%00%FF%FF%FF%00%FF%FF%FF%00%FF%FF%FF%00%FF%FF%FF%00%FF%FF%FF%00%FF%FF%FF%00%FF%FF%FF%00%FF%FF%FF%00%FF%FF%FF%00%FF%FF%FF%00%FF%FF%FF%00%FF%FF%FF%00%FF%FF%FF%00%FF%FF%FF%00%FF%FF%FF%00%FF%FF%FF%00%FF%FF%FF%00%FF%FF%FF%00%FF%FF%FF%00%FF%FF%FF%00%FF%FF%FF%00%FF%FF%FF%00%FF%FF%FF%00%FF%FF%FF%00%FF%FF%FF%00%FF%FF%FF%00%FF%FF%FF%00%FF%FF%FF%00%FF%FF%FF%00%FF%FF%FF%00%FF%FF%FF%00%FF%FF%FF%00%FF%FF%FF%00%FF%FF%FF%00%FF%FF%FF%00%FF%FF%FF%00%FF%FF%FF%00%FF%FF%FF%00%FF%FF%FF%00%FF%FF%FF%00%FF%FF%FF%00%FF%FF%FF%00%FF%FF%FF%00%FF%FF%FF%00%FF%FF%FF%00%FF%FF%FF%00%FF%FF%FF%00%FF%FF%FF%00%FF%FF%FF%00%FF%FF%FF%00%FF%FF%FF%00%FF%FF%FF%00%FF%FF%FF%00%FF%FF%FF%00%FF%FF%FF%00%FF%FF%FF%00%FF%FF%FF%00%FF%FF%FF%00%FF%FF%FF%00%FF%FF%FF%00%FF%FF%FF%00%FF%FF%FF%00%FF%FF%FF%00%FF%FF%FF%00%FF%FF%FF%00%FF%FF%FF%00%FF%FF%FF%00%FF%FF%FF%00%FF%FF%FF%00%FF%FF%FF%00%FF%FF%FF%00%FF%FF%FF%00%FF%FF%FF%00%FF%FF%FF%00%FF%FF%FF%00%FF%FF%FF%00%FF%FF%FF%00%FF%FF%FF%00%FF%FF%FF%00%FF%FF%FF%00%FF%FF%FF%00%FF%FF%FF%00%FF%FF%FF%00%FF%FF%FF%00%FF%FF%FF%00%FF%FF%FF%00%FF%FF%FF%00%FF%FF%FF%00%FF%FF%FF%00%FF%FF%FF%00%FF%FF%FF%00%FF%FF%FF%00%FF%FF%FF%00%FF%FF%FF%00%FF%FF%FF%00%FF%FF%FF%00%FF%FF%FF%00%FF%FF%FF%00%FF%FF%FF%00%FF%FF%FF%00%FF%FF%FF%00%FF%FF%FF%00%FF%FF%FF%00%FF%FF%FF%00%FF%FF%FF%00%FF%FF%FF%00%FF%FF%FF%00%FF%FF%FF%00%FF%FF%FF%00%FF%FF%FF%00%FF%FF%FF%00%FF%FF%FF%00%FF%FF%FF%00%FF%FF%FF%00%FF%FF%FF%00%FF%FF%FF%00%FF%FF%FF%00%FF%FF%FF%00%FF%FF%FF%00%FF%FF%FF%00%FF%FF%FF%00%FF%FF%FF%00%FF%FF%FF%00%FF%FF%FF%00%FF%FF%FF%00%FF%FF%FF%00%FF%FF%FF%00%FF%FF%FF%00%FF%FF%FF%00%FF%FF%FF%00%FF%FF%FF%00%FF%FF%FF%00%FF%FF%FF%00%FF%FF%FF%00%FF%FF%FF%00%FF%FF%FF%00%FF%FF%FF%00%FF%FF%FF%00%FF%FF%FF%00%FF%FF%FF%00%FF%FF%FF%00%FF%FF%FF%00%FF%FF%FF%00%FF%FF%FF%00%FF%FF%FF%00%FF%FF%FF%00%FF%FF%FF%00%FF%FF%FF%00%FF%FF%FF%00%FF%FF%FF%00%FF%FF%FF%00%FF%FF%FF%00%FF%FF%FF%00%FF%FF%FF%00%FF%FF%FF%00%FF%FF%FF%00%FF%FF%FF%00%FF%FF%FF%00%FF%FF%FF%00%FF%FF%FF%00%FF%FF%FF%00%FF%FF%FF%00%FF%FF%FF%00%FF%FF%FF%00%FF%FF%FF%00%FF%FF%FF%00%FF%FF%FF%00%FF%FF%FF%00%FF%FF%FF%00%FF%FF%FF%00%FF%FF%FF%00%FF%FF%FF%00%FF%FF%FF%00%FF%FF%FF%00%FF%FF%FF%00%FF%FF%FF%00%FF%FF%FF%00%FF%FF%FF%00%FF%FF%FF%00%FF%FF%FF%00%FF%FF%FF%00%FF%FF%FF%00%FF%FF%FF%00%FF%FF%FF%00%FF%FF%FF%00%FF%FF%FF%00%FF%FF%FF%00%FF%FF%FF%00%FF%FF%FF%00%FF%FF%FF%00%FF%FF%FF%00%FF%FF%FF%00%FF%FF%FF%00%FF%FF%FF%00%FF%FF%FF%00%FF%FF%FF%00%FF%FF%FF%00%FF%FF%FF%00%FF%FF%FF%00%FF%FF%FF%00%FF%FF%FF%00%FF%FF%FF%00%FF%FF%FF%00%FF%FF%FF%00%FF%FF%FF%00%FF%FF%FF%00%FF%FF%FF%00%FF%FF%FF%00%FF%FF%FF%00%FF%FF%FF%00%FF%FF%FF%00%FF%FF%FF%00%FF%FF%FF%00%FF%FF%FF%00%FF%FF%FF%00%FF%FF%FF%00%FF%FF%FF%00%FF%FF%FF%00%FF%FF%FF%00%FF%FF%FF%00%FF%FF%FF%00%FF%FF%FF%00%FF%FF%FF%00%FF%FF%FF%00%FF%FF%FF%00%FF%FF%FF%00%FF%FF%FF%00%FF%FF%FF%00%FF%FF%FF%00%FF%FF%FF%00%FF%FF%FF%00%FF%FF%FF%00%FF%FF%FF%00%FF%FF%FF%00%FF%FF%FF%00%FF%FF%FF%00%FF%FF%FF%00%FF%FF%FF%00%FF%FF%FF%00%FF%FF%FF%00%FF%FF%FF%00%FF%FF%FF%00%FF%FF%FF%00%FF%FF%FF%00%FF%FF%FF%00%FF%FF%FF%00%FF%FF%FF%00%FF%FF%FF%00%FF%FF%FF%00%FF%FF%FF%00%FF%FF%FF%00%FF%FF%FF%00%FF%FF%FF%00%FF%FF%FF%00%FF%FF%FF%00%FF%FF%FF%00%FF%FF%FF%00%FF%FF%FF%00%FF%FF%FF%00%FF%FF%FF%00%FF%FF%FF%00%FF%FF%FF%00%FF%FF%FF%00%FF%FF%FF%00%FF%FF%FF%00%FF%FF%FF%00%FF%FF%FF%00%FF%FF%FF%00%FF%FF%FF%00%FF%FF%FF%00%FF%FF%FF%00%FF%FF%FF%00%FF%FF%FF%00%FF%FF%FF%00%FF%FF%FF%00%FF%FF%FF%00%FF%FF%FF%00%FF%FF%FF%00%FF%FF%FF%00%FF%FF%FF%00%FF%FF%FF%00%FF%FF%FF%00%FF%FF%FF%00%FF%FF%FF%00%FF%FF%FF%00%FF%FF%FF%00%FF%FF%FF%00%FF%FF%FF%00%FF%FF%FF%00%FF%FF%FF%00%FF%FF%FF%00%FF%FF%FF%00%FF%FF%FF%00%FF%FF%FF%00%FF%FF%FF%00%FF%FF%FF%00%FF%FF%FF%00%FF%FF%FF%00%FF%FF%FF%00%FF%FF%FF%00%FF%FF%FF%00%FF%FF%FF%00%FF%FF%FF%00%FF%FF%FF%00%FF%FF%FF%00%FF%FF%FF%00%FF%FF%FF%00%FF%FF%FF%00%FF%FF%FF%00%FF%FF%FF%00%FF%FF%FF%00%FF%FF%FF%00%FF%FF%FF%00%FF%FF%FF%00%FF%FF%FF%00%FF%FF%FF%00%FF%FF%FF%00%FF%FF%FF%00%FF%FF%FF%00%FF%FF%FF%00%FF%FF%FF%00%FF%FF%FF%00%FF%FF%FF%00%FF%FF%FF%00%FF%FF%FF%00%FF%FF%FF%00%FF%FF%FF%00%FF%FF%FF%00%FF%FF%FF%00%FF%FF%FF%00%FF%FF%FF%00%FF%FF%FF%00%FF%FF%FF%00%FF%FF%FF%00%FF%FF%FF%00%FF%FF%FF%00%FF%FF%FF%00%FF%FF%FF%00%FF%FF%FF%00%FF%FF%FF%00%FF%FF%FF%00%FF%FF%FF%00%FF%FF%FF%00%FF%FF%FF%00%FF%FF%FF%00%FF%FF%FF%00%FF%FF%FF%00%FF%FF%FF%00%FF%FF%FF%00%FF%FF%FF%00%FF%FF%FF%00%FF%FF%FF%00%FF%FF%FF%00%FF%FF%FF%00%FF%FF%FF%00%FF%FF%FF%00%FF%FF%FF%00%FF%FF%FF%00%FF%FF%FF%00%FF%FF%FF%00%FF%FF%FF%00%FF%FF%FF%00%FF%FF%FF%00%FF%FF%FF%00%FF%FF%FF%00%FF%FF%FF%00%FF%FF%FF%00%FF%FF%FF%00%FF%FF%FF%00%FF%FF%FF%00%FF%FF%FF%00%FF%FF%FF%00%FF%FF%FF%00%FF%FF%FF%00%FF%FF%FF%00%FF%FF%FF%00%FF%FF%FF%00%FF%FF%FF%00%FF%FF%FF%00%FF%FF%FF%00%FF%FF%FF%00%FF%FF%FF%00%FF%FF%FF%00%FF%FF%FF%00%FF%FF%FF%00%FF%FF%FF%00%FF%FF%FF%00%FF%FF%FF%00%FF%FF%FF%00%FF%FF%FF%00%FF%FF%FF%00%FF%FF%FF%00%FF%FF%FF%00%FF%FF%FF%00%FF%FF%FF%00%FF%FF%FF%00%FF%FF%FF%00%FF%FF%FF%00%FF%FF%FF%00%FF%FF%FF%00%FF%FF%FF%00%FF%FF%FF%00%FF%FF%FF%00%FF%FF%FF%00%FF%FF%FF%00%FF%FF%FF%00%FF%FF%FF%00%FF%FF%FF%00%FF%FF%FF%00%FF%FF%FF%00%FF%FF%FF%00%FF%FF%FF%00%FF%FF%FF%00%FF%FF%FF%00%FF%FF%FF%00%FF%FF%FF%00%FF%FF%FF%00%FF%FF%FF%00%FF%FF%FF%00%FF%FF%FF%00%FF%FF%FF%00%FF%FF%FF%00%FF%FF%FF%00%FF%FF%FF%00%FF%FF%FF%00%FF%FF%FF%00%FF%FF%FF%00%FF%FF%FF%00%FF%FF%FF%00%FF%FF%FF%00%FF%FF%FF%00%FF%FF%FF%00%FF%FF%FF%00%FF%FF%FF%00%FF%FF%FF%00%FF%FF%FF%00%FF%FF%FF%00%FF%FF%FF%00%FF%FF%FF%00%FF%FF%FF%00%FF%FF%FF%00%FF%FF%FF%00%FF%FF%FF%00%FF%FF%FF%00%FF%FF%FF%00%FF%FF%FF%00%FF%FF%FF%00%FF%FF%FF%00%FF%FF%FF%00%FF%FF%FF%00%FF%FF%FF%00%FF%FF%FF%00%FF%FF%FF%00%FF%FF%FF%00%FF%FF%FF%00%FF%FF%FF%00%FF%FF%FF%00%FF%FF%FF%00%FF%FF%FF%00%FF%FF%FF%00%FF%FF%FF%00%FF%FF%FF%00%FF%FF%FF%00%FF%FF%FF%00%FF%FF%FF%00%FF%FF%FF%00%FF%FF%FF%00%FF%FF%FF%00%FF%FF%FF%00%FF%FF%FF%00%FF%FF%FF%00%FF%FF%FF%00%FF%FF%FF%00%FF%FF%FF%00%FF%FF%FF%00%FF%FF%FF%00%FF%FF%FF%00%FF%FF%FF%00%FF%FF%FF%00%FF%FF%FF%00%FF%FF%FF%00%FF%FF%FF%00%FF%FF%FF%00%FF%FF%FF%00%FF%FF%FF%00%FF%FF%FF%00%FF%FF%FF%00%FF%FF%FF%00%FF%FF%FF%00%FF%FF%FF%00%FF%FF%FF%00%FF%FF%FF%00%FF%FF%FF%00%FF%FF%FF%00%FF%FF%FF%00%FF%FF%FF%00%FF%FF%FF%00%FF%FF%FF%00%FF%FF%FF%00%FF%FF%FF%00%FF%FF%FF%00%FF%FF%FF%00%FF%FF%FF%00%FF%FF%FF%00%FF%FF%FF%00%FF%FF%FF%00%FF%FF%FF%00%FF%FF%FF%00%FF%FF%FF%00%FF%FF%FF%00%FF%FF%FF%00%FF%FF%FF%00%FF%FF%FF%00%FF%FF%FF%00%FF%FF%FF%00%FF%FF%FF%00%FF%FF%FF%00%FF%FF%FF%00%FF%FF%FF%00%FF%FF%FF%00%FF%FF%FF%00%FF%FF%FF%00%FF%FF%FF%00%FF%FF%FF%00%FF%FF%FF%00%FF%FF%FF%00%FF%FF%FF%00%FF%FF%FF%00%FF%FF%FF%00%FF%FF%FF%00%FF%FF%FF%00%FF%FF%FF%00%FF%FF%FF%00%FF%FF%FF%00%FF%FF%FF%00%FF%FF%FF%00%FF%FF%FF%00%FF%FF%FF%00%FF%FF%FF%00%FF%FF%FF%00%FF%FF%FF%00%FF%FF%FF%00%FF%FF%FF%00%FF%FF%FF%00%FF%FF%FF%00%FF%FF%FF%00%FF%FF%FF%00%FF%FF%FF%00%FF%FF%FF%00%FF%FF%FF%00%FF%FF%FF%00%FF%FF%FF%00%FF%FF%FF%00%FF%FF%FF%00%FF%FF%FF%00%FF%FF%FF%00%FF%FF%FF%00%FF%FF%FF%00%FF%FF%FF%00%FF%FF%FF%00%FF%FF%FF%00%FF%FF%FF%00%FF%FF%FF%00%FF%FF%FF%00%FF%FF%FF%00%FF%FF%FF%00%FF%FF%FF%00%FF%FF%FF%00%FF%FF%FF%00%FF%FF%FF%00%FF%FF%FF%00%FF%FF%FF%00%FF%FF%FF%00%FF%FF%FF%00%FF%FF%FF%00%FF%FF%FF%00%FF%FF%FF%00%FF%FF%FF%00%FF%FF%FF%00%FF%FF%FF%00%FF%FF%FF%00%FF%FF%FF%00%FF%FF%FF%00%FF%FF%FF%00%FF%FF%FF%00%FF%FF%FF%00%FF%FF%FF%00%FF%FF%FF%00%FF%FF%FF%00%FF%FF%FF%00%FF%FF%FF%00%FF%FF%FF%00%FF%FF%FF%00%FF%FF%FF%00%FF%FF%FF%00%FF%FF%FF%00%FF%FF%FF%00%FF%FF%FF%00%FF%FF%FF%00%FF%FF%FF%00%FF%FF%FF%00%FF%FF%FF%00%FF%FF%FF%00%FF%FF%FF%00%FF%FF%FF%00%FF%FF%FF%00%FF%FF%FF%00%FF%FF%FF%00%FF%FF%FF%00%FF%FF%FF%00%FF%FF%FF%00%FF%FF%FF%00%FF%FF%FF%00%FF%FF%FF%00%FF%FF%FF%00%FF%FF%FF%00%FF%FF%FF%00%FF%FF%FF%00%FF%FF%FF%00%FF%FF%FF%00%FF%FF%FF%00%FF%FF%FF%00%FF%FF%FF%00%FF%FF%FF%00%FF%FF%FF%00%FF%FF%FF%00%FF%FF%FF%00%FF%FF%FF%00%FF%FF%FF%00%FF%FF%FF%00%FF%FF%FF%00%FF%FF%FF%00%FF%FF%FF%00%FF%FF%FF%00%FF%FF%FF%00%FF%FF%FF%00%FF%FF%FF%00%FF%FF%FF%00%FF%FF%FF%00%FF%FF%FF%00%FF%FF%FF%00%FF%FF%FF%00%FF%FF%FF%00%FF%FF%FF%00%FF%FF%FF%00%FF%FF%FF%00%FF%FF%FF%00%FF%FF%FF%00%FF%FF%FF%00%FF%FF%FF%00%FF%FF%FF%00%FF%FF%FF%00%FF%FF%FF%00%FF%FF%FF%00%FF%FF%FF%00%FF%FF%FF%00%FF%FF%FF%00%FF%FF%FF%00%FF%FF%FF%00%FF%FF%FF%00%FF%FF%FF%00%FF%FF%FF%00%FF%FF%FF%00%FF%FF%FF%00%FF%FF%FF%00%FF%FF%FF%00%FF%FF%FF%00%FF%FF%FF%00%FF%FF%FF%00%FF%FF%FF%00%FF%FF%FF%00%FF%FF%FF%00%FF%FF%FF%00%FF%FF%FF%00%FF%FF%FF%00%FF%FF%FF%00%FF%FF%FF%00%FF%FF%FF%00%FF%FF%FF%00%FF%FF%FF%00%FF%FF%FF%00%FF%FF%FF%00%FF%FF%FF%00%FF%FF%FF%00%FF%FF%FF%00%FF%FF%FF%00%FF%FF%FF%00%FF%FF%FF%00%FF%FF%FF%00%FF%FF%FF%00%FF%FF%FF%00%FF%FF%FF%00%FF%FF%FF%00%FF%FF%FF%00%FF%FF%FF%00%FF%FF%FF%00%FF%FF%FF%00%FF%FF%FF%00%FF%FF%FF%00%FF%FF%FF%00%FF%FF%FF%00%FF%FF%FF%00%FF%FF%FF%00%FF%FF%FF%00%FF%FF%FF%00%FF%FF%FF%00%FF%FF%FF%00%FF%FF%FF%00%FF%FF%FF%00%FF%FF%FF%00%FF%FF%FF%00%FF%FF%FF%00%FF%FF%FF%00%FF%FF%FF%00%FF%FF%FF%00%FF%FF%FF%00%FF%FF%FF%00%FF%FF%FF%00%FF%FF%FF%00%FF%FF%FF%00%FF%FF%FF%00%FF%FF%FF%00%FF%FF%FF%00%FF%FF%FF%00%FF%FF%FF%00%FF%FF%FF%00%FF%FF%FF%00%FF%FF%FF%00%FF%FF%FF%00%FF%FF%FF%00%FF%FF%FF%00%FF%FF%FF%00%FF%FF%FF%00%FF%FF%FF%00%FF%FF%FF%00%FF%FF%FF%00%FF%FF%FF%00%FF%FF%FF%00%FF%FF%FF%00%FF%FF%FF%00%FF%FF%FF%00%FF%FF%FF%00%FF%FF%FF%00%FF%FF%FF%00%FF%FF%FF%00%FF%FF%FF%00%FF%FF%FF%00%FF%FF%FF%00%FF%FF%FF%00%FF%FF%FF%00%FF%FF%FF%00%FF%FF%FF%00%FF%FF%FF%00%FF%FF%FF%00%FF%FF%FF%00%FF%FF%FF%00%FF%FF%FF%00%FF%FF%FF%00%FF%FF%FF%00%FF%FF%FF%00%FF%FF%FF%00%FF%FF%FF%00%FF%FF%FF%00%FF%FF%FF%00%FF%FF%FF%00%FF%FF%FF%00%FF%FF%FF%00%FF%FF%FF%00%FF%FF%FF%00%FF%FF%FF%00%FF%FF%FF%00%FF%FF%FF%00%FF%FF%FF%00%FF%FF%FF%00%FF%FF%FF%00%FF%FF%FF%00%FF%FF%FF%00%FF%FF%FF%00%FF%FF%FF%00%FF%FF%FF%00%FF%FF%FF%00%FF%FF%FF%00%FF%FF%FF%00%FF%FF%FF%00%FF%FF%FF%00%FF%FF%FF%00%FF%FF%FF%00%FF%FF%FF%00%FF%FF%FF%00%FF%FF%FF%00%FF%FF%FF%00%FF%FF%FF%00%FF%FF%FF%00%FF%FF%FF%00%FF%FF%FF%00%FF%FF%FF%00%FF%FF%FF%00%FF%FF%FF%00%FF%FF%FF%00%FF%FF%FF%00%FF%FF%FF%00%FF%FF%FF%00%FF%FF%FF%00%FF%FF%FF%00%FF%FF%FF%00%FF%FF%FF%00%FF%FF%FF%00%FF%FF%FF%00%FF%FF%FF%00%FF%FF%FF%00%FF%FF%FF%00%FF%FF%FF%00%FF%FF%FF%00%FF%FF%FF%00%FF%FF%FF%00%FF%FF%FF%00%FF%FF%FF%00%FF%FF%FF%00%FF%FF%FF%00%FF%FF%FF%00%FF%FF%FF%00%FF%FF%FF%00%FF%FF%FF%00%FF%FF%FF%00%FF%FF%FF%00%FF%FF%FF%00%FF%FF%FF%00%FF%FF%FF%00%FF%FF%FF%00%FF%FF%FF%00%FF%FF%FF%00%FF%FF%FF%00%FF%FF%FF%00%FF%FF%FF%00%FF%FF%FF%00%FF%FF%FF%00%FF%FF%FF%00%FF%FF%FF%00%FF%FF%FF%00%FF%FF%FF%00%FF%FF%FF%00%FF%FF%FF%00%FF%FF%FF%00%FF%FF%FF%00%FF%FF%FF%00%FF%FF%FF%00%FF%FF%FF%00%FF%FF%FF%00%FF%FF%FF%00%FF%FF%FF%00%FF%FF%FF%00%FF%FF%FF%00%FF%FF%FF%00%FF%FF%FF%00%FF%FF%FF%00%FF%FF%FF%00%FF%FF%FF%00%FF%FF%FF%00%FF%FF%FF%00%FF%FF%FF%00%FF%FF%FF%00%FF%FF%FF%00%FF%FF%FF%00%FF%FF%FF%00%FF%FF%FF%00%FF%FF%FF%00%FF%FF%FF%00%FF%FF%FF%00%FF%FF%FF%00%FF%FF%FF%00%FF%FF%FF%00%FF%FF%FF%00%FF%FF%FF%00%FF%FF%FF%00%FF%FF%FF%00%FF%FF%FF%00%FF%FF%FF%00%FF%FF%FF%00%FF%FF%FF%00%FF%FF%FF%00%FF%FF%FF%00%FF%FF%FF%00%FF%FF%FF%00%FF%FF%FF%00%FF%FF%FF%00%FF%FF%FF%00%FF%FF%FF%00%FF%FF%FF%00%FF%FF%FF%00%FF%FF%FF%00%FF%FF%FF%00%FF%FF%FF%00%FF%FF%FF%00%FF%FF%FF%00%FF%FF%FF%00%FF%FF%FF%00%FF%FF%FF%00%FF%FF%FF%00%FF%FF%FF%00%FF%FF%FF%00%FF%FF%FF%00%FF%FF%FF%00%FF%FF%FF%00%FF%FF%FF%00%FF%FF%FF%00%FF%FF%FF%00%FF%FF%FF%00%FF%FF%FF%00%FF%FF%FF%00%FF%FF%FF%00%FF%FF%FF%00%FF%FF%FF%00%FF%FF%FF%00%FF%FF%FF%00%FF%FF%FF%00%FF%FF%FF%00%FF%FF%FF%00%FF%FF%FF%00%FF%FF%FF%00%FF%FF%FF%00%FF%FF%FF%00%FF%FF%FF%00%FF%FF%FF%00%FF%FF%FF%00%FF%FF%FF%00%FF%FF%FF%00%FF%FF%FF%00%FF%FF%FF%00%FF%FF%FF%00%FF%FF%FF%00%FF%FF%FF%00%FF%FF%FF%00%FF%FF%FF%00%FF%FF%FF%00%FF%FF%FF%00%FF%FF%FF%00%FF%FF%FF%00%FF%FF%FF%00%FF%FF%FF%00%FF%FF%FF%00%FF%FF%FF%00%FF%FF%FF%00%FF%FF%FF%00%FF%FF%FF%00%FF%FF%FF%00%FF%FF%FF%00%FF%FF%FF%00%FF%FF%FF%00%FF%FF%FF%00%FF%FF%FF%00%FF%FF%FF%00%FF%FF%FF%00%FF%FF%FF%00%FF%FF%FF%00%FF%FF%FF%00%FF%FF%FF%00%FF%FF%FF%00%FF%FF%FF%00%FF%FF%FF%00%FF%FF%FF%00%FF%FF%FF%00%FF%FF%FF%00%FF%FF%FF%00%FF%FF%FF%00%FF%FF%FF%00%FF%FF%FF%00%FF%FF%FF%00%FF%FF%FF%00%FF%FF%FF%00%FF%FF%FF%00%FF%FF%FF%00%FF%FF%FF%00%FF%FF%FF%00%FF%FF%FF%00%FF%FF%FF%00%FF%FF%FF%00%FF%FF%FF%00%FF%FF%FF%00%FF%FF%FF%00%FF%FF%FF%00%FF%FF%FF%00%FF%FF%FF%00%FF%FF%FF%00%FF%FF%FF%00%FF%FF%FF%00%FF%FF%FF%00%FF%FF%FF%00%FF%FF%FF%00%FF%FF%FF%00%FF%FF%FF%00%FF%FF%FF%00%FF%FF%FF%00%FF%FF%FF%00%FF%FF%FF%00%FF%FF%FF%00%FF%FF%FF%00%FF%FF%FF%00%FF%FF%FF%00%FF%FF%FF%00%FF%FF%FF%00%FF%FF%FF%00%FF%FF%FF%00%FF%FF%FF%00%FF%FF%FF%00%FF%FF%FF%00%FF%FF%FF%00%FF%FF%FF%00%FF%FF%FF%00%FF%FF%FF%00%FF%FF%FF%00%FF%FF%FF%00%FF%FF%FF%00%FF%FF%FF%00%FF%FF%FF%00%FF%FF%FF%00%FF%FF%FF%00%FF%FF%FF%00%FF%FF%FF%00%FF%FF%FF%00%FF%FF%FF%00%FF%FF%FF%00%FF%FF%FF%00%FF%FF%FF%00%FF%FF%FF%00%FF%FF%FF%00%FF%FF%FF%00%FF%FF%FF%00%FF%FF%FF%00%FF%FF%FF%00%FF%FF%FF%00%FF%FF%FF%00%FF%FF%FF%00%FF%FF%FF%00%FF%FF%FF%00%FF%FF%FF%00%FF%FF%FF%00%FF%FF%FF%00%FF%FF%FF%00%FF%FF%FF%00%FF%FF%FF%00%FF%FF%FF%00%FF%FF%FF%00%FF%FF%FF%00%FF%FF%FF%00%FF%FF%FF%00%FF%FF%FF%00%FF%FF%FF%00%FF%FF%FF%00%FF%FF%FF%00%FF%FF%FF%00%FF%FF%FF%00%FF%FF%FF%00%FF%FF%FF%00%FF%FF%FF%00%FF%FF%FF%00%FF%FF%FF%00%FF%FF%FF%00%FF%FF%FF%00%FF%FF%FF%00%FF%FF%FF%00%FF%FF%FF%00%FF%FF%FF%00%FF%FF%FF%00%FF%FF%FF%00%FF%FF%FF%00%FF%FF%FF%00%FF%FF%FF%00%FF%FF%FF%00%FF%FF%FF%00%FF%FF%FF%00%FF%FF%FF%00%FF%FF%FF%00%FF%FF%FF%00%FF%FF%FF%00%FF%FF%FF%00%FF%FF%FF%00%FF%FF%FF%00%FF%FF%FF%00%FF%FF%FF%00%FF%FF%FF%00%FF%FF%FF%00%FF%FF%FF%00%FF%FF%FF%00%FF%FF%FF%00%FF%FF%FF%00%FF%FF%FF%00%FF%FF%FF%00%FF%FF%FF%00%FF%FF%FF%00%FF%FF%FF%00%FF%FF%FF%00%FF%FF%FF%00%FF%FF%FF%00%FF%FF%FF%00%FF%FF%FF%00%FF%FF%FF%00%FF%FF%FF%00%FF%FF%FF%00%FF%FF%FF%00%FF%FF%FF%00%FF%FF%FF%00%FF%FF%FF%00%FF%FF%FF%00%FF%FF%FF%00%FF%FF%FF%00%FF%FF%FF%00%FF%FF%FF%00%FF%FF%FF%00%FF%FF%FF%00%FF%FF%FF%00%FF%FF%FF%00%FF%FF%FF%00%FF%FF%FF%00%FF%FF%FF%00%FF%FF%FF%00%FF%FF%FF%00%FF%FF%FF%00%FF%FF%FF%00%FF%FF%FF%00%FF%FF%FF%00%FF%FF%FF%00%FF%FF%FF%00%FF%FF%FF%00%FF%FF%FF%00%FF%FF%FF%00%FF%FF%FF%00%FF%FF%FF%00%FF%FF%FF%00%FF%FF%FF%00%FF%FF%FF%00%FF%FF%FF%00%FF%FF%FF%00%FF%FF%FF%00%FF%FF%FF%00%FF%FF%FF%00%FF%FF%FF%00%FF%FF%FF%00%FF%FF%FF%00%FF%FF%FF%00%FF%FF%FF%00%FF%FF%FF%00%FF%FF%FF%00%FF%FF%FF%00%FF%FF%FF%00%FF%FF%FF%00%FF%FF%FF%00%FF%FF%FF%00%FF%FF%FF%00%FF%FF%FF%00%FF%FF%FF%00%FF%FF%FF%00%FF%FF%FF%00%FF%FF%FF%00%FF%FF%FF%00%FF%FF%FF%00%FF%FF%FF%00%FF%FF%FF%00%FF%FF%FF%00%FF%FF%FF%00%FF%FF%FF%00%FF%FF%FF%00%FF%FF%FF%00%FF%FF%FF%00%FF%FF%FF%00%FF%FF%FF%00%FF%FF%FF%00%FF%FF%FF%00%FF%FF%FF%00%FF%FF%FF%00%FF%FF%FF%00%FF%FF%FF%00%FF%FF%FF%00%FF%FF%FF%00%FF%FF%FF%00%FF%FF%FF%00%FF%FF%FF%00%FF%FF%FF%00%FF%FF%FF%00%FF%FF%FF%00%FF%FF%FF%00%FF%FF%FF%00%FF%FF%FF%00%FF%FF%FF%00%FF%FF%FF%00%FF%FF%FF%00%FF%FF%FF%00%FF%FF%FF%00%FF%FF%FF%00%FF%FF%FF%00%FF%FF%FF%00%FF%FF%FF%00%FF%FF%FF%00%FF%FF%FF%00%FF%FF%FF%00%FF%FF%FF%00%FF%FF%FF%00%FF%FF%FF%00%FF%FF%FF%00%FF%FF%FF%00%FF%FF%FF%00%FF%FF%FF%00%FF%FF%FF%00%FF%FF%FF%00%FF%FF%FF%00%FF%FF%FF%00%FF%FF%FF%00%FF%FF%FF%00%FF%FF%FF%00%FF%FF%FF%00%FF%FF%FF%00%FF%FF%FF%00%FF%FF%FF%00%FF%FF%FF%00%FF%FF%FF%00%FF%FF%FF%00%FF%FF%FF%00%FF%FF%FF%00%FF%FF%FF%00%FF%FF%FF%00%FF%FF%FF%00%FF%FF%FF%00%FF%FF%FF%00%FF%FF%FF%00%FF%FF%FF%00%FF%FF%FF%00%FF%FF%FF%00%FF%FF%FF%00%FF%FF%FF%00%FF%FF%FF%00%FF%FF%FF%00%FF%FF%FF%00%FF%FF%FF%00%FF%FF%FF%00%FF%FF%FF%00%FF%FF%FF%00%FF%FF%FF%00%FF%FF%FF%00%FF%FF%FF%00%FF%FF%FF%00%FF%FF%FF%00%FF%FF%FF%00%FF%FF%FF%00%FF%FF%FF%00%FF%FF%FF%00%FF%FF%FF%00%FF%FF%FF%00%FF%FF%FF%00%FF%FF%FF%00%FF%FF%FF%00%FF%FF%FF%00%FF%FF%FF%00%FF%FF%FF%00%FF%FF%FF%00%FF%FF%FF%00%FF%FF%FF%00%FF%FF%FF%00%FF%FF%FF%00%FF%FF%FF%00%FF%FF%FF%00%FF%FF%FF%00%FF%FF%FF%00%FF%FF%FF%00%FF%FF%FF%00%FF%FF%FF%00%FF%FF%FF%00%FF%FF%FF%00%FF%FF%FF%00%FF%FF%FF%00%FF%FF%FF%00%FF%FF%FF%00%FF%FF%FF%00%FF%FF%FF%00%FF%FF%FF%00%FF%FF%FF%00%FF%FF%FF%00%FF%FF%FF%00%FF%FF%FF%00%FF%FF%FF%00%FF%FF%FF%00%FF%FF%FF%00%FF%FF%FF%00%FF%FF%FF%00%FF%FF%FF%00%FF%FF%FF%00%FF%FF%FF%00%FF%FF%FF%00%FF%FF%FF%00%FF%FF%FF%00%FF%FF%FF%00%FF%FF%FF%00%FF%FF%FF%00%FF%FF%FF%00%FF%FF%FF%00%FF%FF%FF%00%FF%FF%FF%00%FF%FF%FF%00%FF%FF%FF%00%FF%FF%FF%00%FF%FF%FF%00%FF%FF%FF%00%FF%FF%FF%00%FF%FF%FF%00%FF%FF%FF%00%FF%FF%FF%00%FF%FF%FF%00%FF%FF%FF%00%FF%FF%FF%00%FF%FF%FF%00%FF%FF%FF%00%FF%FF%FF%00%FF%FF%FF%00%FF%FF%FF%00%FF%FF%FF%00%FF%FF%FF%00%FF%FF%FF%00%FF%FF%FF%00%FF%FF%FF%00%FF%FF%FF%00%FF%FF%FF%00%FF%FF%FF%00%FF%FF%FF%00%FF%FF%FF%00%FF%FF%FF%00%FF%FF%FF%00%FF%FF%FF%00%FF%FF%FF%00%FF%FF%FF%00%FF%FF%FF%00%FF%FF%FF%00%FF%FF%FF%00%FF%FF%FF%00%FF%FF%FF%00%FF%FF%FF%00%FF%FF%FF%00%FF%FF%FF%00%FF%FF%FF%00%FF%FF%FF%00%FF%FF%FF%00%FF%FF%FF%00%FF%FF%FF%00%FF%FF%FF%00%FF%FF%FF%00%FF%FF%FF%00%FF%FF%FF%00%FF%FF%FF%00%FF%FF%FF%00%FF%FF%FF%00%FF%FF%FF%00%FF%FF%FF%00%FF%FF%FF%00%FF%FF%FF%00%FF%FF%FF%00%FF%FF%FF%00%FF%FF%FF%00%FF%FF%FF%00%FF%FF%FF%00%FF%FF%FF%00%FF%FF%FF%00%FF%FF%FF%00%FF%FF%FF%00%FF%FF%FF%00%FF%FF%FF%00%FF%FF%FF%00%FF%FF%FF%00%FF%FF%FF%00%FF%FF%FF%00%FF%FF%FF%00%FF%FF%FF%00%FF%FF%FF%00%FF%FF%FF%00%FF%FF%FF%00%FF%FF%FF%00%FF%FF%FF%00%FF%FF%FF%00%FF%FF%FF%00%FF%FF%FF%00%FF%FF%FF%00%FF%FF%FF%00%FF%FF%FF%00%FF%FF%FF%00%FF%FF%FF%00%FF%FF%FF%00%FF%FF%FF%00%FF%FF%FF%00%FF%FF%FF%00%FF%FF%FF%00%FF%FF%FF%00%FF%FF%FF%00%FF%FF%FF%00%FF%FF%FF%00%FF%FF%FF%00%FF%FF%FF%00%FF%FF%FF%00%FF%FF%FF%00%FF%FF%FF%00%FF%FF%FF%00%FF%FF%FF%00%FF%FF%FF%00%FF%FF%FF%00%FF%FF%FF%00%FF%FF%FF%00%FF%FF%FF%00%FF%FF%FF%00%FF%FF%FF%00%FF%FF%FF%00%FF%FF%FF%00%FF%FF%FF%00%FF%FF%FF%00%FF%FF%FF%00%FF%FF%FF%00%FF%FF%FF%00%FF%FF%FF%00%FF%FF%FF%00%FF%FF%FF%00%FF%FF%FF%00%FF%FF%FF%00%FF%FF%FF%00%FF%FF%FF%00%FF%FF%FF%00%FF%FF%FF%00%FF%FF%FF%00%FF%FF%FF%00%FF%FF%FF%00%FF%FF%FF%00%FF%FF%FF%00%FF%FF%FF%00%FF%FF%FF%00%FF%FF%FF%00%FF%FF%FF%00%FF%FF%FF%00%FF%FF%FF%00%FF%FF%FF%00%FF%FF%FF%00%FF%FF%FF%00%FF%FF%FF%00%FF%FF%FF%00%FF%FF%FF%00%FF%FF%FF%00%FF%FF%FF%00%FF%FF%FF%00%FF%FF%FF%00%FF%FF%FF%00%FF%FF%FF%00%FF%FF%FF%00%FF%FF%FF%00%FF%FF%FF%00%FF%FF%FF%00%FF%FF%FF%00%FF%FF%FF%00%FF%FF%FF%00%FF%FF%FF%00%FF%FF%FF%00%FF%FF%FF%00%FF%FF%FF%00%FF%FF%FF%00%FF%FF%FF%00%FF%FF%FF%00%FF%FF%FF%00%FF%FF%FF%00%FF%FF%FF%00%FF%FF%FF%00%FF%FF%FF%00%FF%FF%FF%00%FF%FF%FF%00%FF%FF%FF%00%FF%FF%FF%00%FF%FF%FF%00%FF%FF%FF%00%FF%FF%FF%00%FF%FF%FF%00%FF%FF%FF%00%FF%FF%FF%00%FF%FF%FF%00%FF%FF%FF%00%FF%FF%FF%00%FF%FF%FF%00%FF%FF%FF%00%FF%FF%FF%00%FF%FF%FF%00%FF%FF%FF%00%FF%FF%FF%00%FF%FF%FF%00%FF%FF%FF%00%FF%FF%FF%00%FF%FF%FF%00%FF%FF%FF%00%FF%FF%FF%00%FF%FF%FF%00%FF%FF%FF%00%FF%FF%FF%00%FF%FF%FF%00%FF%FF%FF%00%FF%FF%FF%00%FF%FF%FF%00%FF%FF%FF%00%FF%FF%FF%00%FF%FF%FF%00%FF%FF%FF%00%FF%FF%FF%00%FF%FF%FF%00%FF%FF%FF%00%FF%FF%FF%00%FF%FF%FF%00%FF%FF%FF%00%FF%FF%FF%00%FF%FF%FF%00%FF%FF%FF%00%FF%FF%FF%00%FF%FF%FF%00%FF%FF%FF%00%FF%FF%FF%00%FF%FF%FF%00%FF%FF%FF%00%FF%FF%FF%00%FF%FF%FF%00%FF%FF%FF%00%FF%FF%FF%00%FF%FF%FF%00%FF%FF%FF%00%FF%FF%FF%00%FF%FF%FF%00%FF%FF%FF%00%FF%FF%FF%00%FF%FF%FF%00%FF%FF%FF%00%FF%FF%FF%00%FF%FF%FF%00%FF%FF%FF%00%FF%FF%FF%00%FF%FF%FF%00%FF%FF%FF%00%FF%FF%FF%00%FF%FF%FF%00%FF%FF%FF%00%FF%FF%FF%00%FF%FF%FF%00%FF%FF%FF%00%FF%FF%FF%00%FF%FF%FF%00%FF%FF%FF%00%FF%FF%FF%00%FF%FF%FF%00%FF%FF%FF%00%FF%FF%FF%00%FF%FF%FF%00%FF%FF%FF%00%FF%FF%FF%00%FF%FF%FF%00%FF%FF%FF%00%FF%FF%FF%00%FF%FF%FF%00%FF%FF%FF%00%FF%FF%FF%00%FF%FF%FF%00%FF%FF%FF%00%FF%FF%FF%00%FF%FF%FF%00%FF%FF%FF%00%FF%FF%FF%00%FF%FF%FF%00%FF%FF%FF%00%FF%FF%FF%00%FF%FF%FF%00%FF%FF%FF%00%FF%FF%FF%00%FF%FF%FF%00%FF%FF%FF%00%FF%FF%FF%00%FF%FF%FF%00%FF%FF%FF%00%FF%FF%FF%00%FF%FF%FF%00%FF%FF%FF%00%FF%FF%FF%00%FF%FF%FF%00%FF%FF%FF%00%FF%FF%FF%00%FF%FF%FF%00%FF%FF%FF%00%FF%FF%FF%00%FF%FF%FF%00%FF%FF%FF%00%FF%FF%FF%00%FF%FF%FF%00%FF%FF%FF%00%FF%FF%FF%00%FF%FF%FF%00%FF%FF%FF%00%FF%FF%FF%00%FF%FF%FF%00%FF%FF%FF%00%FF%FF%FF%00%FF%FF%FF%00%FF%FF%FF%00%FF%FF%FF%00%FF%FF%FF%00%FF%FF%FF%00%FF%FF%FF%00%FF%FF%FF%00%FF%FF%FF%00%FF%FF%FF%00%FF%FF%FF%00%FF%FF%FF%00%FF%FF%FF%00%FF%FF%FF%00%FF%FF%FF%00%FF%FF%FF%00%FF%FF%FF%00%FF%FF%FF%00%FF%FF%FF%00%FF%FF%FF%00%FF%FF%FF%00%FF%FF%FF%00%FF%FF%FF%00%FF%FF%FF%00%FF%FF%FF%00%FF%FF%FF%00%FF%FF%FF%00%FF%FF%FF%00%FF%FF%FF%00%FF%FF%FF%00%FF%FF%FF%00%FF%FF%FF%00%FF%FF%FF%00%FF%FF%FF%00%FF%FF%FF%00%FF%FF%FF%00%FF%FF%FF%00%FF%FF%FF%00%FF%FF%FF%00%FF%FF%FF%00%FF%FF%FF%00%FF%FF%FF%00%FF%FF%FF%00%FF%FF%FF%00%FF%FF%FF%00%FF%FF%FF%00%FF%FF%FF%00%FF%FF%FF%00%FF%FF%FF%00%FF%FF%FF%00%FF%FF%FF%00%FF%FF%FF%00%FF%FF%FF%00%FF%FF%FF%00%FF%FF%FF%00%FF%FF%FF%00%FF%FF%FF%00%FF%FF%FF%00%FF%FF%FF%00%FF%FF%FF%00%FF%FF%FF%00%FF%FF%FF%00%FF%FF%FF%00%FF%FF%FF%00%FF%FF%FF%00%FF%FF%FF%00%FF%FF%FF%00%FF%FF%FF%00%FF%FF%FF%00%FF%FF%FF%00%FF%FF%FF%00%FF%FF%FF%00%FF%FF%FF%00%FF%FF%FF%00%FF%FF%FF%00%FF%FF%FF%00%FF%FF%FF%00%FF%FF%FF%00%FF%FF%FF%00%FF%FF%FF%00%FF%FF%FF%00%FF%FF%FF%00%FF%FF%FF%00%FF%FF%FF%00%FF%FF%FF%00%FF%FF%FF%00%FF%FF%FF%00%FF%FF%FF%00%FF%FF%FF%00%FF%FF%FF%00%FF%FF%FF%00%FF%FF%FF%00%FF%FF%FF%00%FF%FF%FF%00%FF%FF%FF%00%FF%FF%FF%00%FF%FF%FF%00%FF%FF%FF%00%FF%FF%FF%00%FF%FF%FF%00%FF%FF%FF%00%FF%FF%FF%00%FF%FF%FF%00%FF%FF%FF%00%FF%FF%FF%00%FF%FF%FF%00%FF%FF%FF%00%FF%FF%FF%00%FF%FF%FF%00%FF%FF%FF%00%FF%FF%FF%00%FF%FF%FF%00%FF%FF%FF%00%FF%FF%FF%00%FF%FF%FF%00%FF%FF%FF%00%FF%FF%FF%00%FF%FF%FF%00%FF%FF%FF%00%FF%FF%FF%00%FF%FF%FF%00%FF%FF%FF%00%FF%FF%FF%00%FF%FF%FF%00%FF%FF%FF%00%FF%FF%FF%00%FF%FF%FF%00%FF%FF%FF%00%FF%FF%FF%00%FF%FF%FF%00%FF%FF%FF%00%FF%FF%FF%00%FF%FF%FF%00%FF%FF%FF%00%FF%FF%FF%00%FF%FF%FF%00%FF%FF%FF%00%FF%FF%FF%00%FF%FF%FF%00%FF%FF%FF%00%FF%FF%FF%00%FF%FF%FF%00%FF%FF%FF%00%FF%FF%FF%00%FF%FF%FF%00%FF%FF%FF%00%FF%FF%FF%00%FF%FF%FF%00%FF%FF%FF%00%FF%FF%FF%00%FF%FF%FF%00%FF%FF%FF%00%FF%FF%FF%00%FF%FF%FF%00%FF%FF%FF%00%FF%FF%FF%00%FF%FF%FF%00%FF%FF%FF%00%FF%FF%FF%00%FF%FF%FF%00%FF%FF%FF%00%FF%FF%FF%00%FF%FF%FF%00%FF%FF%FF%00%FF%FF%FF%00%FF%FF%FF%00%FF%FF%FF%00%FF%FF%FF%00%FF%FF%FF%00%FF%FF%FF%00%FF%FF%FF%00%FF%FF%FF%00%FF%FF%FF%00%FF%FF%FF%00%FF%FF%FF%00%FF%FF%FF%00%FF%FF%FF%00%FF%FF%FF%00%FF%FF%FF%00%FF%FF%FF%00%FF%FF%FF%00%FF%FF%FF%00%FF%FF%FF%00%FF%FF%FF%00%FF%FF%FF%00%FF%FF%FF%00%FF%FF%FF%00%FF%FF%FF%00%FF%FF%FF%00%FF%FF%FF%00%FF%FF%FF%00%FF%FF%FF%00%FF%FF%FF%00%FF%FF%FF%00%FF%FF%FF%00%FF%FF%FF%00%FF%FF%FF%00%FF%FF%FF%00%FF%FF%FF%00%FF%FF%FF%00%FF%FF%FF%00%FF%FF%FF%00%FF%FF%FF%00%FF%FF%FF%00%FF%FF%FF%00%FF%FF%FF%00%FF%FF%FF%00%FF%FF%FF%00%FF%FF%FF%00%FF%FF%FF%00%FF%FF%FF%00%FF%FF%FF%00%FF%FF%FF%00%FF%FF%FF%00%FF%FF%FF%00%FF%FF%FF%00%FF%FF%FF%00%FF%FF%FF%00%FF%FF%FF%00%FF%FF%FF%00%FF%FF%FF%00%FF%FF%FF%00%FF%FF%FF%00%FF%FF%FF%00%FF%FF%FF%00%FF%FF%FF%00%FF%FF%FF%00%FF%FF%FF%00%FF%FF%FF%00%FF%FF%FF%00%FF%FF%FF%00%FF%FF%FF%00%FF%FF%FF%00%FF%FF%FF%00%FF%FF%FF%00%FF%FF%FF%00%FF%FF%FF%00%FF%FF%FF%00%FF%FF%FF%00%FF%FF%FF%00%FF%FF%FF%00%FF%FF%FF%00%FF%FF%FF%00%FF%FF%FF%00%FF%FF%FF%00%FF%FF%FF%00%FF%FF%FF%00%FF%FF%FF%00%FF%FF%FF%00%FF%FF%FF%00%FF%FF%FF%00%FF%FF%FF%00%FF%FF%FF%00%FF%FF%FF%00%FF%FF%FF%00%FF%FF%FF%00%FF%FF%FF%00%FF%FF%FF%00%FF%FF%FF%00%FF%FF%FF%00%FF%FF%FF%00%FF%FF%FF%00%FF%FF%FF%00%FF%FF%FF%00%FF%FF%FF%00%FF%FF%FF%00%FF%FF%FF%00%FF%FF%FF%00%FF%FF%FF%00%FF%FF%FF%00%FF%FF%FF%00%FF%FF%FF%00%FF%FF%FF%00%FF%FF%FF%00%FF%FF%FF%00%FF%FF%FF%00%FF%FF%FF%00%FF%FF%FF%00%FF%FF%FF%00%FF%FF%FF%00%FF%FF%FF%00%FF%FF%FF%00%FF%FF%FF%00%FF%FF%FF%00%FF%FF%FF%00%FF%FF%FF%00%FF%FF%FF%00%FF%FF%FF%00%FF%FF%FF%00%FF%FF%FF%00%FF%FF%FF%00%FF%FF%FF%00%FF%FF%FF%00%FF%FF%FF%00%FF%FF%FF%00%FF%FF%FF%00%FF%FF%FF%00%FF%FF%FF%00%FF%FF%FF%00%FF%FF%FF%00%FF%FF%FF%00%FF%FF%FF%00%FF%FF%FF%00%FF%FF%FF%00%FF%FF%FF%00%FF%FF%FF%00%FF%FF%FF%00%FF%FF%FF%00%FF%FF%FF%00%FF%FF%FF%00%FF%FF%FF%00%FF%FF%FF%00%FF%FF%FF%00%FF%FF%FF%00%FF%FF%FF%00%FF%FF%FF%00%FF%FF%FF%00%FF%FF%FF%00%FF%FF%FF%00%FF%FF%FF%00%FF%FF%FF%00%FF%FF%FF%00%FF%FF%FF%00%FF%FF%FF%00%FF%FF%FF%00%FF%FF%FF%00%FF%FF%FF%00%FF%FF%FF%00%FF%FF%FF%00%FF%FF%FF%00%FF%FF%FF%00%FF%FF%FF%00%FF%FF%FF%00%FF%FF%FF%00%FF%FF%FF%00%FF%FF%FF%00%FF%FF%FF%00%FF%FF%FF%00%FF%FF%FF%00%FF%FF%FF%00%FF%FF%FF%00%FF%FF%FF%00%FF%FF%FF%00%FF%FF%FF%00%FF%FF%FF%00%FF%FF%FF%00%FF%FF%FF%00%FF%FF%FF%00%FF%FF%FF%00%FF%FF%FF%00%FF%FF%FF%00%FF%FF%FF%00%FF%FF%FF%00%FF%FF%FF%00%FF%FF%FF%00%FF%FF%FF%00%FF%FF%FF%00%FF%FF%FF%00%FF%FF%FF%00%FF%FF%FF%00%FF%FF%FF%00%FF%FF%FF%00%FF%FF%FF%00%FF%FF%FF%00%FF%FF%FF%00%FF%FF%FF%00%FF%FF%FF%00%FF%FF%FF%00%FF%FF%FF%00%FF%FF%FF%00%FF%FF%FF%00%FF%FF%FF%00%FF%FF%FF%00%FF%FF%FF%00%FF%FF%FF%00%FF%FF%FF%00%FF%FF%FF%00%FF%FF%FF%00%FF%FF%FF%00%FF%FF%FF%00%FF%FF%FF%00%FF%FF%FF%00%FF%FF%FF%00%FF%FF%FF%00%FF%FF%FF%00%FF%FF%FF%00%FF%FF%FF%00%FF%FF%FF%00%FF%FF%FF%00%FF%FF%FF%00%FF%FF%FF%00%FF%FF%FF%00%FF%FF%FF%00%FF%FF%FF%00%FF%FF%FF%00%FF%FF%FF%00%FF%FF%FF%00%FF%FF%FF%00%FF%FF%FF%00%FF%FF%FF%00%FF%FF%FF%00%FF%FF%FF%00%FF%FF%FF%00%FF%FF%FF%00%FF%FF%FF%00%FF%FF%FF%00%FF%FF%FF%00%FF%FF%FF%00%FF%FF%FF%00%FF%FF%FF%00%FF%FF%FF%00%FF%FF%FF%00%FF%FF%FF%00%FF%FF%FF%00%FF%FF%FF%00%FF%FF%FF%00%FF%FF%FF%00%FF%FF%FF%00%FF%FF%FF%00%FF%FF%FF%00%FF%FF%FF%00%FF%FF%FF%00%FF%FF%FF%00%FF%FF%FF%00%FF%FF%FF%00%FF%FF%FF%00%FF%FF%FF%00%FF%FF%FF%00%FF%FF%FF%00%FF%FF%FF%00%FF%FF%FF%00%FF%FF%FF%00%FF%FF%FF%00%FF%FF%FF%00%FF%FF%FF%00%FF%FF%FF%00%FF%FF%FF%00%FF%FF%FF%00%FF%FF%FF%00%FF%FF%FF%00%FF%FF%FF%00%FF%FF%FF%00%FF%FF%FF%00%FF%FF%FF%00%FF%FF%FF%00%FF%FF%FF%00%FF%FF%FF%00%FF%FF%FF%00%FF%FF%FF%00%FF%FF%FF%00%FF%FF%FF%00%FF%FF%FF%00%FF%FF%FF%00%FF%FF%FF%00%FF%FF%FF%00%FF%FF%FF%00%FF%FF%FF%00%FF%FF%FF%00%FF%FF%FF%00%FF%FF%FF%00%FF%FF%FF%00%FF%FF%FF%00%FF%FF%FF%00%FF%FF%FF%00%FF%FF%FF%00%FF%FF%FF%00%FF%FF%FF%00%FF%FF%FF%00%FF%FF%FF%00%FF%FF%FF%00%FF%FF%FF%00%FF%FF%FF%00%FF%FF%FF%00%FF%FF%FF%00%FF%FF%FF%00%FF%FF%FF%00%FF%FF%FF%00%FF%FF%FF%00%FF%FF%FF%00%FF%FF%FF%00%FF%FF%FF%00%FF%FF%FF%00%FF%FF%FF%00%FF%FF%FF%00%FF%FF%FF%00%FF%FF%FF%00%FF%FF%FF%00%FF%FF%FF%00%FF%FF%FF%00%FF%FF%FF%00%FF%FF%FF%00%FF%FF%FF%00%FF%FF%FF%00%FF%FF%FF%00%FF%FF%FF%00%FF%FF%FF%00%FF%FF%FF%00%FF%FF%FF%00%FF%FF%FF%00%FF%FF%FF%00%FF%FF%FF%00%FF%FF%FF%00%FF%FF%FF%00%FF%FF%FF%00%FF%FF%FF%00%FF%FF%FF%00%FF%FF%FF%00%FF%FF%FF%00%FF%FF%FF%00%FF%FF%FF%00%FF%FF%FF%00%FF%FF%FF%00%FF%FF%FF%00%FF%FF%FF%00%FF%FF%FF%00%FF%FF%FF%00%FF%FF%FF%00%FF%FF%FF%00%FF%FF%FF%00%FF%FF%FF%00%FF%FF%FF%00%FF%FF%FF%00%FF%FF%FF%00%FF%FF%FF%00%FF%FF%FF%00%FF%FF%FF%00%FF%FF%FF%00%FF%FF%FF%00%FF%FF%FF%00%FF%FF%FF%00%FF%FF%FF%00%FF%FF%FF%00%FF%FF%FF%00%FF%FF%FF%00%FF%FF%FF%00%FF%FF%FF%00%FF%FF%FF%00%FF%FF%FF%00%FF%FF%FF%00%FF%FF%FF%00%FF%FF%FF%00%FF%FF%FF%00%FF%FF%FF%00%FF%FF%FF%00%FF%FF%FF%00%FF%FF%FF%00%FF%FF%FF%00%FF%FF%FF%00%FF%FF%FF%00%FF%FF%FF%00%FF%FF%FF%00%FF%FF%FF%00%FF%FF%FF%00%FF%FF%FF%00%FF%FF%FF%00%FF%FF%FF%00%FF%FF%FF%00%FF%FF%FF%00%FF%FF%FF%00%FF%FF%FF%00%FF%FF%FF%00%FF%FF%FF%00%FF%FF%FF%00%FF%FF%FF%00%FF%FF%FF%00%FF%FF%FF%00%FF%FF%FF%00%FF%FF%FF%00%FF%FF%FF%00%FF%FF%FF%00%FF%FF%FF%00%FF%FF%FF%00%FF%FF%FF%00%FF%FF%FF%00%FF%FF%FF%00%FF%FF%FF%00%FF%FF%FF%00%FF%FF%FF%00%FF%FF%FF%00%FF%FF%FF%00%FF%FF%FF%00%FF%FF%FF%00%FF%FF%FF%00%FF%FF%FF%00%FF%FF%FF%00%FF%FF%FF%00%FF%FF%FF%00%FF%FF%FF%00%FF%FF%FF%00%FF%FF%FF%00%FF%FF%FF%00%FF%FF%FF%00%FF%FF%FF%00%FF%FF%FF%00%FF%FF%FF%00%FF%FF%FF%00%FF%FF%FF%00%FF%FF%FF%00%FF%FF%FF%00%FF%FF%FF%00%FF%FF%FF%00%FF%FF%FF%00%FF%FF%FF%00%FF%FF%FF%00%FF%FF%FF%00%FF%FF%FF%00%FF%FF%FF%00%FF%FF%FF%00%FF%FF%FF%00%FF%FF%FF%00%FF%FF%FF%00%FF%FF%FF%00%FF%FF%FF%00%FF%FF%FF%00%FF%FF%FF%00%FF%FF%FF%00%FF%FF%FF%00%FF%FF%FF%00%FF%FF%FF%00%FF%FF%FF%00%FF%FF%FF%00%FF%FF%FF%00%FF%FF%FF%00%FF%FF%FF%00%FF%FF%FF%00%FF%FF%FF%00%FF%FF%FF%00%FF%FF%FF%00%FF%FF%FF%00%FF%FF%FF%00%FF%FF%FF%00%FF%FF%FF%00%FF%FF%FF%00%FF%FF%FF%00%FF%FF%FF%00%FF%FF%FF%00%FF%FF%FF%00%FF%FF%FF%00%FF%FF%FF%00%FF%FF%FF%00%FF%FF%FF%00%FF%FF%FF%00%FF%FF%FF%00%FF%FF%FF%00%FF%FF%FF%00%FF%FF%FF%00%FF%FF%FF%00%FF%FF%FF%00%FF%FF%FF%00%FF%FF%FF%00%FF%FF%FF%00%FF%FF%FF%00%FF%FF%FF%00%FF%FF%FF%00%FF%FF%FF%00%FF%FF%FF%00%FF%FF%FF%00%FF%FF%FF%00%FF%FF%FF%00%FF%FF%FF%00%FF%FF%FF%00%FF%FF%FF%00%FF%FF%FF%00%FF%FF%FF%00%FF%FF%FF%00%FF%FF%FF%00%FF%FF%FF%00%FF%FF%FF%00%FF%FF%FF%00%FF%FF%FF%00%FF%FF%FF%00%FF%FF%FF%00%FF%FF%FF%00%FF%FF%FF%00%FF%FF%FF%00%FF%FF%FF%00%FF%FF%FF%00%FF%FF%FF%00%FF%FF%FF%00%FF%FF%FF%00%FF%FF%FF%00%FF%FF%FF%00%FF%FF%FF%00%FF%FF%FF%00%FF%FF%FF%00%FF%FF%FF%00%FF%FF%FF%00%FF%FF%FF%00%FF%FF%FF%00%FF%FF%FF%00%FF%FF%FF%00%FF%FF%FF%00%FF%FF%FF%00%FF%FF%FF%00%FF%FF%FF%00%FF%FF%FF%00%FF%FF%FF%00%FF%FF%FF%00%FF%FF%FF%00%FF%FF%FF%00%FF%FF%FF%00%FF%FF%FF%00%FF%FF%FF%00%FF%FF%FF%00%FF%FF%FF%00%FF%FF%FF%00%FF%FF%FF%00%FF%FF%FF%00%FF%FF%FF%00%FF%FF%FF%00%FF%FF%FF%00%FF%FF%FF%00%FF%FF%FF%00%FF%FF%FF%00%FF%FF%FF%00%FF%FF%FF%00%FF%FF%FF%00%FF%FF%FF%00%FF%FF%FF%00%FF%FF%FF%00%FF%FF%FF%00%FF%FF%FF%00%FF%FF%FF%00%FF%FF%FF%00%FF%FF%FF%00%FF%FF%FF%00%FF%FF%FF%00%FF%FF%FF%00%FF%FF%FF%00%FF%FF%FF%00%FF%FF%FF%00%FF%FF%FF%00%FF%FF%FF%00%FF%FF%FF%00%FF%FF%FF%00%FF%FF%FF%00%FF%FF%FF%00%FF%FF%FF%00%FF%FF%FF%00%FF%FF%FF%00%FF%FF%FF%00%FF%FF%FF%00%FF%FF%FF%00%FF%FF%FF%00%FF%FF%FF%00%FF%FF%FF%00%FF%FF%FF%00%FF%FF%FF%00%FF%FF%FF%00%FF%FF%FF%00%FF%FF%FF%00%FF%FF%FF%00%FF%FF%FF%00%FF%FF%FF%00%FF%FF%FF%00%FF%FF%FF%00%FF%FF%FF%00%FF%FF%FF%00%FF%FF%FF%00%FF%FF%FF%00%FF%FF%FF%00%FF%FF%FF%00%FF%FF%FF%00%FF%FF%FF%00%FF%FF%FF%00%FF%FF%FF%00%FF%FF%FF%00%FF%FF%FF%00%FF%FF%FF%00%FF%FF%FF%00%FF%FF%FF%00%FF%FF%FF%00%FF%FF%FF%00%FF%FF%FF%00%FF%FF%FF%00%FF%FF%FF%00%FF%FF%FF%00%FF%FF%FF%00%FF%FF%FF%00%FF%FF%FF%00%FF%FF%FF%00%FF%FF%FF%00%FF%FF%FF%00%FF%FF%FF%00%FF%FF%FF%00%FF%FF%FF%00%FF%FF%FF%00%FF%FF%FF%00%FF%FF%FF%00%FF%FF%FF%00%FF%FF%FF%00%FF%FF%FF%00%FF%FF%FF%00%FF%FF%FF%00%FF%FF%FF%00%FF%FF%FF%00%FF%FF%FF%00%FF%FF%FF%00%FF%FF%FF%00%FF%FF%FF%00%FF%FF%FF%00%FF%FF%FF%00%FF%FF%FF%00%FF%FF%FF%00%FF%FF%FF%00%FF%FF%FF%00%FF%FF%FF%00%FF%FF%FF%00%FF%FF%FF%00%FF%FF%FF%00%FF%FF%FF%00%FF%FF%FF%00%FF%FF%FF%00%FF%FF%FF%00%FF%FF%FF%00%FF%FF%FF%00%FF%FF%FF%00%FF%FF%FF%00%FF%FF%FF%00%FF%FF%FF%00%FF%FF%FF%00%FF%FF%FF%00%FF%FF%FF%00%FF%FF%FF%00%FF%FF%FF%00%FF%FF%FF%00%FF%FF%FF%00%FF%FF%FF%00%FF%FF%FF%00%FF%FF%FF%00%FF%FF%FF%00%FF%FF%FF%00%FF%FF%FF%00%FF%FF%FF%00%FF%FF%FF%00%FF%FF%FF%00%FF%FF%FF%00%FF%FF%FF%00%FF%FF%FF%00%FF%FF%FF%00%FF%FF%FF%00%FF%FF%FF%00%FF%FF%FF%00%FF%FF%FF%00%FF%FF%FF%00%FF%FF%FF%00%FF%FF%FF%00%FF%FF%FF%00%FF%FF%FF%00%FF%FF%FF%00%FF%FF%FF%00%FF%FF%FF%00%FF%FF%FF%00%FF%FF%FF%00%FF%FF%FF%00%FF%FF%FF%00%FF%FF%FF%00%FF%FF%FF%00%FF%FF%FF%00%FF%FF%FF%00%FF%FF%FF%00%FF%FF%FF%00%FF%FF%FF%00%FF%FF%FF%00%FF%FF%FF%00%FF%FF%FF%00%FF%FF%FF%00%FF%FF%FF%00%FF%FF%FF%00%FF%FF%FF%00%FF%FF%FF%00%FF%FF%FF%00%FF%FF%FF%00%FF%FF%FF%00%FF%FF%FF%00%FF%FF%FF%00%FF%FF%FF%00%FF%FF%FF%00%FF%FF%FF%00%FF%FF%FF%00%FF%FF%FF%00%FF%FF%FF%00%FF%FF%FF%00%FF%FF%FF%00%FF%FF%FF%00%FF%FF%FF%00%FF%FF%FF%00%FF%FF%FF%00%FF%FF%FF%00%FF%FF%FF%00%FF%FF%FF%00%FF%FF%FF%00%FF%FF%FF%00%FF%FF%FF%00%FF%FF%FF%00%FF%FF%FF%00%FF%FF%FF%00%FF%FF%FF%00%FF%FF%FF%00%FF%FF%FF%00%FF%FF%FF%00%FF%FF%FF%00%FF%FF%FF%00%FF%FF%FF%00%FF%FF%FF%00%FF%FF%FF%00%FF%FF%FF%00%FF%FF%FF%00%FF%FF%FF%00%FF%FF%FF%00%FF%FF%FF%00%FF%FF%FF%00%FF%FF%FF%00%FF%FF%FF%00%FF%FF%FF%00%FF%FF%FF%00%FF%FF%FF%00%FF%FF%FF%00%FF%FF%FF%00%FF%FF%FF%00%FF%FF%FF%00%FF%FF%FF%00%FF%FF%FF%00%FF%FF%FF%00%FF%FF%FF%00%FF%FF%FF%00%FF%FF%FF%00%FF%FF%FF%00%FF%FF%FF%00%FF%FF%FF%00%FF%FF%FF%00%FF%FF%FF%00%FF%FF%FF%00%FF%FF%FF%00%FF%FF%FF%00%FF%FF%FF%00%FF%FF%FF%00%FF%FF%FF%00%FF%FF%FF%00%FF%FF%FF%00%FF%FF%FF%00%FF%FF%FF%00%FF%FF%FF%00%FF%FF%FF%00%FF%FF%FF%00%FF%FF%FF%00%FF%FF%FF%00%FF%FF%FF%00%FF%FF%FF%00%FF%FF%FF%00%FF%FF%FF%00%FF%FF%FF%00%FF%FF%FF%00%FF%FF%FF%00%FF%FF%FF%00%FF%FF%FF%00%FF%FF%FF%00%FF%FF%FF%00%FF%FF%FF%00%FF%FF%FF%00%FF%FF%FF%00%FF%FF%FF%00%FF%FF%FF%00%FF%FF%FF%00%FF%FF%FF%00%FF%FF%FF%00%FF%FF%FF%00%FF%FF%FF%00%FF%FF%FF%00%FF%FF%FF%00%FF%FF%FF%00%FF%FF%FF%00%FF%FF%FF%00%FF%FF%FF%00%FF%FF%FF%00%FF%FF%FF%00%FF%FF%FF%00%FF%FF%FF%00%FF%FF%FF%00%FF%FF%FF%00%FF%FF%FF%00%FF%FF%FF%00%FF%FF%FF%00%FF%FF%FF%00%FF%FF%FF%00%FF%FF%FF%00%FF%FF%FF%00%FF%FF%FF%00%FF%FF%FF%00%FF%FF%FF%00%FF%FF%FF%00%FF%FF%FF%00%FF%FF%FF%00%FF%FF%FF%00%FF%FF%FF%00%FF%FF%FF%00%FF%FF%FF%00%FF%FF%FF%00%FF%FF%FF%00%FF%FF%FF%00%FF%FF%FF%00%FF%FF%FF%00%FF%FF%FF%00%FF%FF%FF%00%FF%FF%FF%00%FF%FF%FF%00%FF%FF%FF%00%FF%FF%FF%00%FF%FF%FF%00%FF%FF%FF%00%FF%FF%FF%00%FF%FF%FF%00%FF%FF%FF%00%FF%FF%FF%00%FF%FF%FF%00%FF%FF%FF%00%FF%FF%FF%00%FF%FF%FF%00%FF%FF%FF%00%FF%FF%FF%00%FF%FF%FF%00%FF%FF%FF%00%FF%FF%FF%00%FF%FF%FF%00%FF%FF%FF%00%FF%FF%FF%00%FF%FF%FF%00%FF%FF%FF%00%FF%FF%FF%00%FF%FF%FF%00%FF%FF%FF%00%FF%FF%FF%00%FF%FF%FF%00%FF%FF%FF%00%FF%FF%FF%00%FF%FF%FF%00%FF%FF%FF%00%FF%FF%FF%00%FF%FF%FF%00%FF%FF%FF%00%FF%FF%FF%00%FF%FF%FF%00%FF%FF%FF%00%FF%FF%FF%00%FF%FF%FF%00%FF%FF%FF%00%FF%FF%FF%00%FF%FF%FF%00%FF%FF%FF%00%FF%FF%FF%00%FF%FF%FF%00%FF%FF%FF%00%FF%FF%FF%00%FF%FF%FF%00%FF%FF%FF%00%FF%FF%FF%00%FF%FF%FF%00%FF%FF%FF%00%FF%FF%FF%00%FF%FF%FF%00%FF%FF%FF%00%FF%FF%FF%00%FF%FF%FF%00%FF%FF%FF%00%FF%FF%FF%00%FF%FF%FF%00%FF%FF%FF%00%FF%FF%FF%00%FF%FF%FF%00%FF%FF%FF%00%FF%FF%FF%00%FF%FF%FF%00%FF%FF%FF%00%FF%FF%FF%00%FF%FF%FF%00%FF%FF%FF%00%FF%FF%FF%00%FF%FF%FF%00%FF%FF%FF%00%FF%FF%FF%00%FF%FF%FF%00%FF%FF%FF%00%FF%FF%FF%00%FF%FF%FF%00%FF%FF%FF%00%FF%FF%FF%00%FF%FF%FF%00%FF%FF%FF%00%FF%FF%FF%00%FF%FF%FF%00%FF%FF%FF%00%FF%FF%FF%00%FF%FF%FF%00%FF%FF%FF%00%FF%FF%FF%00%FF%FF%FF%00%FF%FF%FF%00%FF%FF%FF%00%FF%FF%FF%00%FF%FF%FF%00%FF%FF%FF%00%FF%FF%FF%00%FF%FF%FF%00%FF%FF%FF%00%FF%FF%FF%00%FF%FF%FF%00%FF%FF%FF%00%FF%FF%FF%00%FF%FF%FF%00%FF%FF%FF%00%FF%FF%FF%00%FF%FF%FF%00%FF%FF%FF%00%FF%FF%FF%00%FF%FF%FF%00%FF%FF%FF%00%FF%FF%FF%00%FF%FF%FF%00%FF%FF%FF%00%FF%FF%FF%00%FF%FF%FF%00%FF%FF%FF%00%FF%FF%FF%00%FF%FF%FF%00%FF%FF%FF%00%FF%FF%FF%00%FF%FF%FF%00%FF%FF%FF%00%FF%FF%FF%00%FF%FF%FF%00%FF%FF%FF%00%FF%FF%FF%00%FF%FF%FF%00%FF%FF%FF%00%FF%FF%FF%00%FF%FF%FF%00%FF%FF%FF%00%FF%FF%FF%00%FF%FF%FF%00%FF%FF%FF%00%FF%FF%FF%00%FF%FF%FF%00%FF%FF%FF%00%FF%FF%FF%00%FF%FF%FF%00%FF%FF%FF%00%FF%FF%FF%00%FF%FF%FF%00%FF%FF%FF%00%FF%FF%FF%00%FF%FF%FF%00%FF%FF%FF%00%FF%FF%FF%00%FF%FF%FF%00%FF%FF%FF%00%FF%FF%FF%00%FF%FF%FF%00%FF%FF%FF%00%FF%FF%FF%00%FF%FF%FF%00%FF%FF%FF%00%FF%FF%FF%00%FF%FF%FF%00%FF%FF%FF%00%FF%FF%FF%00%FF%FF%FF%00%FF%FF%FF%00%FF%FF%FF%00%FF%FF%FF%00%FF%FF%FF%00%FF%FF%FF%00%FF%FF%FF%00%FF%FF%FF%00%FF%FF%FF%00%FF%FF%FF%00%FF%FF%FF%00%FF%FF%FF%00%FF%FF%FF%00%FF%FF%FF%00%FF%FF%FF%00%FF%FF%FF%00%FF%FF%FF%00%FF%FF%FF%00%FF%FF%FF%00%FF%FF%FF%00%FF%FF%FF%00%FF%FF%FF%00%FF%FF%FF%00%FF%FF%FF%00%FF%FF%FF%00%FF%FF%FF%00%FF%FF%FF%00%FF%FF%FF%00%FF%FF%FF%00%FF%FF%FF%00%FF%FF%FF%00%FF%FF%FF%00%FF%FF%FF%00%FF%FF%FF%00%FF%FF%FF%00%FF%FF%FF%00%FF%FF%FF%00%FF%FF%FF%00%FF%FF%FF%00%FF%FF%FF%00%FF%FF%FF%00%FF%FF%FF%00%FF%FF%FF%00%FF%FF%FF%00%FF%FF%FF%00%FF%FF%FF%00%FF%FF%FF%00%FF%FF%FF%00%FF%FF%FF%00%FF%FF%FF%00%FF%FF%FF%00%FF%FF%FF%00%FF%FF%FF%00%FF%FF%FF%00%FF%FF%FF%00%FF%FF%FF%00%FF%FF%FF%00%FF%FF%FF%00%FF%FF%FF%00%FF%FF%FF%00%FF%FF%FF%00%FF%FF%FF%00%FF%FF%FF%00%FF%FF%FF%00%FF%FF%FF%00%FF%FF%FF%00%FF%FF%FF%00%FF%FF%FF%00%FF%FF%FF%00%FF%FF%FF%00%FF%FF%FF%00%FF%FF%FF%00%FF%FF%FF%00%FF%FF%FF%00%FF%FF%FF%00%FF%FF%FF%00%FF%FF%FF%00%FF%FF%FF%00%FF%FF%FF%00%FF%FF%FF%00%FF%FF%FF%00%FF%FF%FF%00%FF%FF%FF%00%FF%FF%FF%00%FF%FF%FF%00%FF%FF%FF%00%FF%FF%FF%00%FF%FF%FF%00%FF%FF%FF%00%FF%FF%FF%00%FF%FF%FF%00%FF%FF%FF%00%FF%FF%FF%00%FF%FF%FF%00%FF%FF%FF%00%FF%FF%FF%00%FF%FF%FF%00%FF%FF%FF%00%FF%FF%FF%00%FF%FF%FF%00%FF%FF%FF%00%FF%FF%FF%00%FF%FF%FF%00%FF%FF%FF%00%FF%FF%FF%00%FF%FF%FF%00%FF%FF%FF%00%FF%FF%FF%00%FF%FF%FF%00%FF%FF%FF%00%FF%FF%FF%00%FF%FF%FF%00%FF%FF%FF%00%FF%FF%FF%00%FF%FF%FF%00%FF%FF%FF%00%FF%FF%FF%00%FF%FF%FF%00%FF%FF%FF%00%FF%FF%FF%00%FF%FF%FF%00%FF%FF%FF%00%FF%FF%FF%00%FF%FF%FF%00%FF%FF%FF%00%FF%FF%FF%00%FF%FF%FF%00%FF%FF%FF%00%FF%FF%FF%00%FF%FF%FF%00%FF%FF%FF%00%FF%FF%FF%00%FF%FF%FF%00%FF%FF%FF%00%FF%FF%FF%00%FF%FF%FF%00%FF%FF%FF%00%FF%FF%FF%00%FF%FF%FF%00%FF%FF%FF%00%FF%FF%FF%00%FF%FF%FF%00%FF%FF%FF%00%FF%FF%FF%00%FF%FF%FF%00%FF%FF%FF%00%FF%FF%FF%00%FF%FF%FF%00%FF%FF%FF%00%FF%FF%FF%00%FF%FF%FF%00%FF%FF%FF%00%FF%FF%FF%00%FF%FF%FF%00%FF%FF%FF%00%FF%FF%FF%00%FF%FF%FF%00%FF%FF%FF%00%FF%FF%FF%00%FF%FF%FF%00%FF%FF%FF%00%FF%FF%FF%00%FF%FF%FF%00%FF%FF%FF%00%FF%FF%FF%00%FF%FF%FF%00%FF%FF%FF%00%FF%FF%FF%00%FF%FF%FF%00%FF%FF%FF%00%FF%FF%FF%00%FF%FF%FF%00%FF%FF%FF%00%FF%FF%FF%00%FF%FF%FF%00%FF%FF%FF%00%FF%FF%FF%00%FF%FF%FF%00%FF%FF%FF%00%FF%FF%FF%00%FF%FF%FF%00%FF%FF%FF%00%FF%FF%FF%00%FF%FF%FF%00%FF%FF%FF%00%FF%FF%FF%00%FF%FF%FF%00%FF%FF%FF%00%FF%FF%FF%00%FF%FF%FF%00%FF%FF%FF%00%FF%FF%FF%00%FF%FF%FF%00%FF%FF%FF%00%FF%FF%FF%00%FF%FF%FF%00%FF%FF%FF%00%FF%FF%FF%00%FF%FF%FF%00%FF%FF%FF%00%FF%FF%FF%00%FF%FF%FF%00%FF%FF%FF%00%FF%FF%FF%00%FF%FF%FF%00%FF%FF%FF%00%FF%FF%FF%00%FF%FF%FF%00%FF%FF%FF%00%FF%FF%FF%00%FF%FF%FF%00%FF%FF%FF%00%FF%FF%FF%00%FF%FF%FF%00%FF%FF%FF%00%FF%FF%FF%00%FF%FF%FF%00%FF%FF%FF%00%FF%FF%FF%00%FF%FF%FF%00%FF%FF%FF%00%FF%FF%FF%00%FF%FF%FF%00%FF%FF%FF%00%FF%FF%FF%00%FF%FF%FF%00%FF%FF%FF%00%FF%FF%FF%00%FF%FF%FF%00%FF%FF%FF%00%FF%FF%FF%00%FF%FF%FF%00%FF%FF%FF%00%FF%FF%FF%00%FF%FF%FF%00%FF%FF%FF%00%FF%FF%FF%00%FF%FF%FF%00%FF%FF%FF%00%FF%FF%FF%00%FF%FF%FF%00%FF%FF%FF%00%FF%FF%FF%00%FF%FF%FF%00%FF%FF%FF%00%FF%FF%FF%00%FF%FF%FF%00%FF%FF%FF%00%FF%FF%FF%00%FF%FF%FF%00%FF%FF%FF%00%FF%FF%FF%00%FF%FF%FF%00%FF%FF%FF%00%FF%FF%FF%00%FF%FF%FF%00%FF%FF%FF%00%FF%FF%FF%00%FF%FF%FF%00%FF%FF%FF%00%FF%FF%FF%00%FF%FF%FF%00%FF%FF%FF%00%FF%FF%FF%00%FF%FF%FF%00%FF%FF%FF%00%FF%FF%FF%00%FF%FF%FF%00%FF%FF%FF%00%FF%FF%FF%00%FF%FF%FF%00%FF%FF%FF%00%FF%FF%FF%00%FF%FF%FF%00%FF%FF%FF%00%FF%FF%FF%00%FF%FF%FF%00%FF%FF%FF%00%FF%FF%FF%00%FF%FF%FF%00%FF%FF%FF%00%FF%FF%FF%00%FF%FF%FF%00%FF%FF%FF%00%FF%FF%FF%00%FF%FF%FF%00%FF%FF%FF%00%FF%FF%FF%00%FF%FF%FF%00%FF%FF%FF%00%FF%FF%FF%00%FF%FF%FF%00%FF%FF%FF%00%FF%FF%FF%00%FF%FF%FF%00%FF%FF%FF%00%FF%FF%FF%00%FF%FF%FF%00%FF%FF%FF%00%FF%FF%FF%00%FF%FF%FF%00%FF%FF%FF%00%FF%FF%FF%00%FF%FF%FF%00%FF%FF%FF%00%FF%FF%FF%00%FF%FF%FF%00%FF%FF%FF%00%FF%FF%FF%00%FF%FF%FF%00%FF%FF%FF%00%FF%FF%FF%00%FF%FF%FF%00%FF%FF%FF%00%FF%FF%FF%00%FF%FF%FF%00%FF%FF%FF%00%FF%FF%FF%00%FF%FF%FF%00%FF%FF%FF%00%FF%FF%FF%00%FF%FF%FF%00%FF%FF%FF%00%FF%FF%FF%00%FF%FF%FF%00%FF%FF%FF%00%FF%FF%FF%00%FF%FF%FF%00%FF%FF%FF%00%FF%FF%FF%00%FF%FF%FF%00%FF%FF%FF%00%FF%FF%FF%00%FF%FF%FF%00%FF%FF%FF%00%FF%FF%FF%00%FF%FF%FF%00%FF%FF%FF%00%FF%FF%FF%00%FF%FF%FF%00%FF%FF%FF%00%FF%FF%FF%00%FF%FF%FF%00%FF%FF%FF%00%FF%FF%FF%00%FF%FF%FF%00%FF%FF%FF%00%FF%FF%FF%00%FF%FF%FF%00%FF%FF%FF%00%FF%FF%FF%00%FF%FF%FF%00%FF%FF%FF%00%FF%FF%FF%00%FF%FF%FF%00%FF%FF%FF%00%FF%FF%FF%00%FF%FF%FF%00%FF%FF%FF%00%FF%FF%FF%00%FF%FF%FF%00%FF%FF%FF%00%FF%FF%FF%00%FF%FF%FF%00%FF%FF%FF%00%FF%FF%FF%00%FF%FF%FF%00%FF%FF%FF%00%FF%FF%FF%00%FF%FF%FF%00%FF%FF%FF%00%FF%FF%FF%00%FF%FF%FF%00%FF%FF%FF%00%FF%FF%FF%00%FF%FF%FF%00%FF%FF%FF%00%FF%FF%FF%00%FF%FF%FF%00%FF%FF%FF%00%FF%FF%FF%00%FF%FF%FF%00%FF%FF%FF%00%FF%FF%FF%00%FF%FF%FF%00%FF%FF%FF%00%FF%FF%FF%00%FF%FF%FF%00%FF%FF%FF%00%FF%FF%FF%00%FF%FF%FF%00%FF%FF%FF%00%FF%FF%FF%00%FF%FF%FF%00%FF%FF%FF%00%FF%FF%FF%00%FF%FF%FF%00%FF%FF%FF%00%FF%FF%FF%00%FF%FF%FF%00%FF%FF%FF%00%FF%FF%FF%00%FF%FF%FF%00%FF%FF%FF%00%FF%FF%FF%00%FF%FF%FF%00%FF%FF%FF%00%FF%FF%FF%00%FF%FF%FF%00%FF%FF%FF%00%FF%FF%FF%00%FF%FF%FF%00%FF%FF%FF%00%FF%FF%FF%00%FF%FF%FF%00%FF%FF%FF%00%FF%FF%FF%00%FF%FF%FF%00%FF%FF%FF%00%FF%FF%FF%00%FF%FF%FF%00%FF%FF%FF%00%FF%FF%FF%00%FF%FF%FF%00%FF%FF%FF%00%FF%FF%FF%00%FF%FF%FF%00%FF%FF%FF%00%FF%FF%FF%00%FF%FF%FF%00%FF%FF%FF%00%FF%FF%FF%00%FF%FF%FF%00%FF%FF%FF%00%FF%FF%FF%00%FF%FF%FF%00%FF%FF%FF%00%FF%FF%FF%00%FF%FF%FF%00%FF%FF%FF%00%FF%FF%FF%00%FF%FF%FF%00%FF%FF%FF%00%FF%FF%FF%00%FF%FF%FF%00%FF%FF%FF%00%FF%FF%FF%00%FF%FF%FF%00%FF%FF%FF%00%FF%FF%FF%00%FF%FF%FF%00%FF%FF%FF%00%FF%FF%FF%00%FF%FF%FF%00%FF%FF%FF%00%FF%FF%FF%00%FF%FF%FF%00%FF%FF%FF%00%FF%FF%FF%00%FF%FF%FF%00%FF%FF%FF%00%FF%FF%FF%00%FF%FF%FF%00%FF%FF%FF%00%FF%FF%FF%00%FF%FF%FF%00%FF%FF%FF%00%FF%FF%FF%00%FF%FF%FF%00%FF%FF%FF%00%FF%FF%FF%00%FF%FF%FF%00%FF%FF%FF%00%FF%FF%FF%00%FF%FF%FF%00%FF%FF%FF%00%FF%FF%FF%00%FF%FF%FF%00%FF%FF%FF%00%FF%FF%FF%00%FF%FF%FF%00%FF%FF%FF%00%FF%FF%FF%00%FF%FF%FF%00%FF%FF%FF%00%FF%FF%FF%00%FF%FF%FF%00%FF%FF%FF%00%FF%FF%FF%00%FF%FF%FF%00%FF%FF%FF%00%FF%FF%FF%00%FF%FF%FF%00%FF%FF%FF%00%FF%FF%FF%00%FF%FF%FF%00%FF%FF%FF%00%FF%FF%FF%00%FF%FF%FF%00%FF%FF%FF%00%FF%FF%FF%00%FF%FF%FF%00%FF%FF%FF%00%FF%FF%FF%00%FF%FF%FF%00%FF%FF%FF%00%FF%FF%FF%00%FF%FF%FF%00%FF%FF%FF%00%FF%FF%FF%00%FF%FF%FF%00%FF%FF%FF%00%FF%FF%FF%00%FF%FF%FF%00%FF%FF%FF%00%FF%FF%FF%00%FF%FF%FF%00%FF%FF%FF%00%FF%FF%FF%00%FF%FF%FF%00%FF%FF%FF%00%FF%FF%FF%00%FF%FF%FF%00%FF%FF%FF%00%FF%FF%FF%00%FF%FF%FF%00%FF%FF%FF%00%FF%FF%FF%00%FF%FF%FF%00%FF%FF%FF%00%FF%FF%FF%00%FF%FF%FF%00%FF%FF%FF%00%FF%FF%FF%00%FF%FF%FF%00%FF%FF%FF%00%FF%FF%FF%00%FF%FF%FF%00%FF%FF%FF%00%FF%FF%FF%00%FF%FF%FF%00%FF%FF%FF%00%FF%FF%FF%00%FF%FF%FF%00%FF%FF%FF%00%FF%FF%FF%00%FF%FF%FF%00%FF%FF%FF%00%FF%FF%FF%00%FF%FF%FF%00%FF%FF%FF%00%FF%FF%FF%00%FF%FF%FF%00%FF%FF%FF%00%FF%FF%FF%00%FF%FF%FF%00%FF%FF%FF%00%FF%FF%FF%00%FF%FF%FF%00%FF%FF%FF%00%FF%FF%FF%00%FF%FF%FF%00%FF%FF%FF%00%FF%FF%FF%00%FF%FF%FF%00%FF%FF%FF%00%FF%FF%FF%00%FF%FF%FF%00%FF%FF%FF%00%FF%FF%FF%00%FF%FF%FF%00%FF%FF%FF%00%FF%FF%FF%00%FF%FF%FF%00%FF%FF%FF%00%FF%FF%FF%00%FF%FF%FF%00%FF%FF%FF%00%FF%FF%FF%00%FF%FF%FF%00%FF%FF%FF%00%FF%FF%FF%00%FF%FF%FF%00%FF%FF%FF%00%FF%FF%FF%00%FF%FF%FF%00%FF%FF%FF%00%FF%FF%FF%00%FF%FF%FF%00%FF%FF%FF%00%FF%FF%FF%00%FF%FF%FF%00%FF%FF%FF%00%FF%FF%FF%00%FF%FF%FF%00%FF%FF%FF%00%FF%FF%FF%00%FF%FF%FF%00%FF%FF%FF%00%FF%FF%FF%00%FF%FF%FF%00%FF%FF%FF%00%FF%FF%FF%00%FF%FF%FF%00%FF%FF%FF%00%FF%FF%FF%00%FF%FF%FF%00%FF%FF%FF%00%FF%FF%FF%00%FF%FF%FF%00%FF%FF%FF%00%FF%FF%FF%00%FF%FF%FF%00%FF%FF%FF%00%FF%FF%FF%00%FF%FF%FF%00%FF%FF%FF%00%FF%FF%FF%00%FF%FF%FF%00%FF%FF%FF%00%FF%FF%FF%00%FF%FF%FF%00%FF%FF%FF%00%FF%FF%FF%00%FF%FF%FF%00%FF%FF%FF%00%FF%FF%FF%00%FF%FF%FF%00%FF%FF%FF%00%FF%FF%FF%00%FF%FF%FF%00%FF%FF%FF%00%FF%FF%FF%00%FF%FF%FF%00%FF%FF%FF%00%FF%FF%FF%00%FF%FF%FF%00%FF%FF%FF%00%FF%FF%FF%00%FF%FF%FF%00%FF%FF%FF%00%FF%FF%FF%00%FF%FF%FF%00%FF%FF%FF%00%FF%FF%FF%00%FF%FF%FF%00%FF%FF%FF%00%FF%FF%FF%00%FF%FF%FF%00%FF%FF%FF%00%FF%FF%FF%00%FF%FF%FF%00%FF%FF%FF%00%FF%FF%FF%00%FF%FF%FF%00%FF%FF%FF%00%FF%FF%FF%00%FF%FF%FF%00%FF%FF%FF%00%FF%FF%FF%00%FF%FF%FF%00%FF%FF%FF%00%FF%FF%FF%00%FF%FF%FF%00%FF%FF%FF%00%FF%FF%FF%00%FF%FF%FF%00%FF%FF%FF%00%FF%FF%FF%00%FF%FF%FF%00%FF%FF%FF%00%FF%FF%FF%00%FF%FF%FF%00%FF%FF%FF%00%FF%FF%FF%00%FF%FF%FF%00%FF%FF%FF%00%FF%FF%FF%00%FF%FF%FF%00%FF%FF%FF%00%FF%FF%FF%00%FF%FF%FF%00%FF%FF%FF%00%FF%FF%FF%00%FF%FF%FF%00%FF%FF%FF%00%FF%FF%FF%00%FF%FF%FF%00%FF%FF%FF%00%FF%FF%FF%00%FF%FF%FF%00%FF%FF%FF%00%FF%FF%FF%00%FF%FF%FF%00%FF%FF%FF%00%FF%FF%FF%00%FF%FF%FF%00%FF%FF%FF%00%FF%FF%FF%00%FF%FF%FF%00%FF%FF%FF%00%FF%FF%FF%00%FF%FF%FF%00%FF%FF%FF%00%FF%FF%FF%00%FF%FF%FF%00%FF%FF%FF%00%FF%FF%FF%00%FF%FF%FF%00%FF%FF%FF%00%FF%FF%FF%00%FF%FF%FF%00%FF%FF%FF%00%FF%FF%FF%00%FF%FF%FF%00%FF%FF%FF%00%FF%FF%FF%00%FF%FF%FF%00%FF%FF%FF%00%FF%FF%FF%00%FF%FF%FF%00%FF%FF%FF%00%FF%FF%FF%00%FF%FF%FF%00%FF%FF%FF%00%FF%FF%FF%00%FF%FF%FF%00%FF%FF%FF%00%FF%FF%FF%00%FF%FF%FF%00%FF%FF%FF%00%FF%FF%FF%00%FF%FF%FF%00%FF%FF%FF%00%FF%FF%FF%00%FF%FF%FF%00%FF%FF%FF%00%FF%FF%FF%00%FF%FF%FF%00%FF%FF%FF%00%FF%FF%FF%00%FF%FF%FF%00%FF%FF%FF%00%FF%FF%FF%00%FF%FF%FF%00%FF%FF%FF%00%FF%FF%FF%00%FF%FF%FF%00%FF%FF%FF%00%FF%FF%FF%00%FF%FF%FF%00%FF%FF%FF%00%FF%FF%FF%00%FF%FF%FF%00%FF%FF%FF%00%FF%FF%FF%00%FF%FF%FF%00%FF%FF%FF%00%FF%FF%FF%00%FF%FF%FF%00%FF%FF%FF%00%FF%FF%FF%00%FF%FF%FF%00%FF%FF%FF%00%FF%FF%FF%00%FF%FF%FF%00%FF%FF%FF%00%FF%FF%FF%00%FF%FF%FF%00%FF%FF%FF%00%FF%FF%FF%00%FF%FF%FF%00%FF%FF%FF%00%FF%FF%FF%00%FF%FF%FF%00%FF%FF%FF%00%FF%FF%FF%00%FF%FF%FF%00%FF%FF%FF%00%FF%FF%FF%00%FF%FF%FF%00%FF%FF%FF%00%FF%FF%FF%00%FF%FF%FF%00%FF%FF%FF%00%FF%FF%FF%00%FF%FF%FF%00%FF%FF%FF%00%FF%FF%FF%00%FF%FF%FF%00%FF%FF%FF%00%FF%FF%FF%00%FF%FF%FF%00%FF%FF%FF%00%FF%FF%FF%00%FF%FF%FF%00%FF%FF%FF%00%FF%FF%FF%00%FF%FF%FF%00%FF%FF%FF%00%FF%FF%FF%00%FF%FF%FF%00%FF%FF%FF%00%FF%FF%FF%00%FF%FF%FF%00%FF%FF%FF%00%FF%FF%FF%00%FF%FF%FF%00%FF%FF%FF%00%FF%FF%FF%00%FF%FF%FF%00%FF%FF%FF%00%FF%FF%FF%00%FF%FF%FF%00%FF%FF%FF%00%FF%FF%FF%00%FF%FF%FF%00%FF%FF%FF%00%FF%FF%FF%00%FF%FF%FF%00%FF%FF%FF%00%FF%FF%FF%00%FF%FF%FF%00%FF%FF%FF%00%FF%FF%FF%00%FF%FF%FF%00%FF%FF%FF%00%FF%FF%FF%00%FF%FF%FF%00%FF%FF%FF%00%FF%FF%FF%00%FF%FF%FF%00%FF%FF%FF%00%FF%FF%FF%00%FF%FF%FF%00%FF%FF%FF%00%FF%FF%FF%00%FF%FF%FF%00%FF%FF%FF%00%FF%FF%FF%00%FF%FF%FF%00%FF%FF%FF%00%FF%FF%FF%00%FF%FF%FF%00%FF%FF%FF%00%FF%FF%FF%00%FF%FF%FF%00%FF%FF%FF%00%FF%FF%FF%00%FF%FF%FF%00%FF%FF%FF%00%FF%FF%FF%00%FF%FF%FF%00%FF%FF%FF%00%FF%FF%FF%00%FF%FF%FF%00%FF%FF%FF%00%FF%FF%FF%00%FF%FF%FF%00%FF%FF%FF%00%FF%FF%FF%00%FF%FF%FF%00%FF%FF%FF%00%FF%FF%FF%00%FF%FF%FF%00%FF%FF%FF%00%FF%FF%FF%00%FF%FF%FF%00%FF%FF%FF%00%FF%FF%FF%00%FF%FF%FF%00%FF%FF%FF%00%FF%FF%FF%00%FF%FF%FF%00%FF%FF%FF%00%FF%FF%FF%00%FF%FF%FF%00%FF%FF%FF%00%FF%FF%FF%00%FF%FF%FF%00%FF%FF%FF%00%FF%FF%FF%00%FF%FF%FF%00%FF%FF%FF%00%FF%FF%FF%00%FF%FF%FF%00%FF%FF%FF%00%FF%FF%FF%00%FF%FF%FF%00%FF%FF%FF%00%FF%FF%FF%00%FF%FF%FF%00%FF%FF%FF%00%FF%FF%FF%00%FF%FF%FF%00%FF%FF%FF%00%FF%FF%FF%00%FF%FF%FF%00%FF%FF%FF%00%FF%FF%FF%00%FF%FF%FF%00%FF%FF%FF%00%FF%FF%FF%00%FF%FF%FF%00%FF%FF%FF%00%FF%FF%FF%00%FF%FF%FF%00%FF%FF%FF%00%FF%FF%FF%00%FF%FF%FF%00%FF%FF%FF%00%FF%FF%FF%00%FF%FF%FF%00%FF%FF%FF%00%FF%FF%FF%00%FF%FF%FF%00%FF%FF%FF%00%FF%FF%FF%00%FF%FF%FF%00%FF%FF%FF%00%FF%FF%FF%00%FF%FF%FF%00%FF%FF%FF%00%FF%FF%FF%00%FF%FF%FF%00%FF%FF%FF%00%FF%FF%FF%00%FF%FF%FF%00%FF%FF%FF%00%FF%FF%FF%00%FF%FF%FF%00%FF%FF%FF%00%FF%FF%FF%00%FF%FF%FF%00%FF%FF%FF%00%FF%FF%FF%00%FF%FF%FF%00%FF%FF%FF%00%FF%FF%FF%00%FF%FF%FF%00%FF%FF%FF%00%FF%FF%FF%00%FF%FF%FF%00%FF%FF%FF%00%FF%FF%FF%00%FF%FF%FF%00%FF%FF%FF%00%FF%FF%FF%00%FF%FF%FF%00%FF%FF%FF%00%FF%FF%FF%00%FF%FF%FF%00%FF%FF%FF%00%FF%FF%FF%00%FF%FF%FF%00%FF%FF%FF%00%FF%FF%FF%00%FF%FF%FF%00%FF%FF%FF%00%FF%FF%FF%00%FF%FF%FF%00%FF%FF%FF%00%FF%FF%FF%00%FF%FF%FF%00%FF%FF%FF%00%FF%FF%FF%00%FF%FF%FF%00%FF%FF%FF%00%FF%FF%FF%00%FF%FF%FF%00%FF%FF%FF%00%FF%FF%FF%00%FF%FF%FF%00%FF%FF%FF%00%FF%FF%FF%00%FF%FF%FF%00%FF%FF%FF%00%FF%FF%FF%00%FF%FF%FF%00%FF%FF%FF%00%FF%FF%FF%00%FF%FF%FF%00%FF%FF%FF%00%FF%FF%FF%00%FF%FF%FF%00%FF%FF%FF%00%FF%FF%FF%00%FF%FF%FF%00%FF%FF%FF%00%FF%FF%FF%00%FF%FF%FF%00%FF%FF%FF%00%FF%FF%FF%00%FF%FF%FF%00%FF%FF%FF%00%FF%FF%FF%00%FF%FF%FF%00%FF%FF%FF%00%FF%FF%FF%00%FF%FF%FF%00%FF%FF%FF%00%FF%FF%FF%00%FF%FF%FF%00%FF%FF%FF%00%FF%FF%FF%00%FF%FF%FF%00%FF%FF%FF%00%FF%FF%FF%00%FF%FF%FF%00%FF%FF%FF%00%FF%FF%FF%00%FF%FF%FF%00%FF%FF%FF%00%FF%FF%FF%00%FF%FF%FF%00%FF%FF%FF%00%FF%FF%FF%00%FF%FF%FF%00%FF%FF%FF%00%FF%FF%FF%00%FF%FF%FF%00%FF%FF%FF%00%FF%FF%FF%00%FF%FF%FF%00%FF%FF%FF%00%FF%FF%FF%00%FF%FF%FF%00%FF%FF%FF%00%FF%FF%FF%00%FF%FF%FF%00%FF%FF%FF%00%FF%FF%FF%00%FF%FF%FF%00%FF%FF%FF%00%FF%FF%FF%00%FF%FF%FF%00%FF%FF%FF%00%FF%FF%FF%00%FF%FF%FF%00%FF%FF%FF%00%FF%FF%FF%00%FF%FF%FF%00%FF%FF%FF%00%FF%FF%FF%00%FF%FF%FF%00%FF%FF%FF%00%FF%FF%FF%00%FF%FF%FF%00%FF%FF%FF%00%FF%FF%FF%00%FF%FF%FF%00%FF%FF%FF%00%FF%FF%FF%00%FF%FF%FF%00%FF%FF%FF%00%FF%FF%FF%00%FF%FF%FF%00%FF%FF%FF%00%FF%FF%FF%00%FF%FF%FF%00%FF%FF%FF%00%FF%FF%FF%00%FF%FF%FF%00%FF%FF%FF%00%FF%FF%FF%00%FF%FF%FF%00%FF%FF%FF%00%FF%FF%FF%00%FF%FF%FF%00%FF%FF%FF%00%FF%FF%FF%00%FF%FF%FF%00%FF%FF%FF%00%FF%FF%FF%00%FF%FF%FF%00%FF%FF%FF%00%FF%FF%FF%00%FF%FF%FF%00%FF%FF%FF%00%FF%FF%FF%00%FF%FF%FF%00%FF%FF%FF%00%FF%FF%FF%00%FF%FF%FF%00%FF%FF%FF%00%FF%FF%FF%00%FF%FF%FF%00%FF%FF%FF%00%FF%FF%FF%00%FF%FF%FF%00%FF%FF%FF%00%FF%FF%FF%00%FF%FF%FF%00%FF%FF%FF%00%FF%FF%FF%00%FF%FF%FF%00%FF%FF%FF%00%FF%FF%FF%00%FF%FF%FF%00%FF%FF%FF%00%FF%FF%FF%00%FF%FF%FF%00%FF%FF%FF%00%FF%FF%FF%00%FF%FF%FF%00%FF%FF%FF%00%FF%FF%FF%00%FF%FF%FF%00%FF%FF%FF%00%FF%FF%FF%00%FF%FF%FF%00%FF%FF%FF%00%FF%FF%FF%00%FF%FF%FF%00%FF%FF%FF%00%FF%FF%FF%00%FF%FF%FF%00%FF%FF%FF%00%FF%FF%FF%00%FF%FF%FF%00%FF%FF%FF%00%FF%FF%FF%00%FF%FF%FF%00%FF%FF%FF%00%FF%FF%FF%00%FF%FF%FF%00%FF%FF%FF%00%FF%FF%FF%00%FF%FF%FF%00%FF%FF%FF%00%FF%FF%FF%00%FF%FF%FF%00%FF%FF%FF%00%FF%FF%FF%00%FF%FF%FF%00%FF%FF%FF%00%FF%FF%FF%00%FF%FF%FF%00%FF%FF%FF%00%FF%FF%FF%00%FF%FF%FF%00%FF%FF%FF%00%FF%FF%FF%00%FF%FF%FF%00%FF%FF%FF%00%FF%FF%FF%00%FF%FF%FF%00%FF%FF%FF%00%FF%FF%FF%00%FF%FF%FF%00%FF%FF%FF%00%FF%FF%FF%00%FF%FF%FF%00%FF%FF%FF%00%FF%FF%FF%00%FF%FF%FF%00%FF%FF%FF%00%FF%FF%FF%00%FF%FF%FF%00%FF%FF%FF%00%FF%FF%FF%00%FF%FF%FF%00%FF%FF%FF%00%FF%FF%FF%00%FF%FF%FF%00%FF%FF%FF%00%FF%FF%FF%00%FF%FF%FF%00%FF%FF%FF%00%FF%FF%FF%00%FF%FF%FF%00%FF%FF%FF%00%FF%FF%FF%00%FF%FF%FF%00%FF%FF%FF%00%FF%FF%FF%00%FF%FF%FF%00%FF%FF%FF%00%FF%FF%FF%00%FF%FF%FF%00%FF%FF%FF%00%FF%FF%FF%00%FF%FF%FF%00%FF%FF%FF%00%FF%FF%FF%00%FF%FF%FF%00%FF%FF%FF%00%FF%FF%FF%00%FF%FF%FF%00%FF%FF%FF%00%FF%FF%FF%00%FF%FF%FF%00%FF%FF%FF%00%FF%FF%FF%00%FF%FF%FF%00%FF%FF%FF%00%FF%FF%FF%00%FF%FF%FF%00%FF%FF%FF%00%FF%FF%FF%00%FF%FF%FF%00%FF%FF%FF%00%FF%FF%FF%00%FF%FF%FF%00%FF%FF%FF%00%FF%FF%FF%00%FF%FF%FF%00%FF%FF%FF%00%FF%FF%FF%00%FF%FF%FF%00%FF%FF%FF%00%FF%FF%FF%00%FF%FF%FF%00%FF%FF%FF%00%FF%FF%FF%00%FF%FF%FF%00%FF%FF%FF%00%FF%FF%FF%00%FF%FF%FF%00%FF%FF%FF%00%FF%FF%FF%00%FF%FF%FF%00%FF%FF%FF%00%FF%FF%FF%00%FF%FF%FF%00%FF%FF%FF%00%FF%FF%FF%00%FF%FF%FF%00%FF%FF%FF%00%FF%FF%FF%00%FF%FF%FF%00%FF%FF%FF%00%FF%FF%FF%00%FF%FF%FF%00%FF%FF%FF%00%FF%FF%FF%00%FF%FF%FF%00%FF%FF%FF%00%FF%FF%FF%00%FF%FF%FF%00%FF%FF%FF%00%FF%FF%FF%00%FF%FF%FF%00%FF%FF%FF%00%FF%FF%FF%00%FF%FF%FF%00%FF%FF%FF%00%FF%FF%FF%00%FF%FF%FF%00%FF%FF%FF%00%FF%FF%FF%00%FF%FF%FF%00%FF%FF%FF%00%FF%FF%FF%00%FF%FF%FF%00%FF%FF%FF%00%FF%FF%FF%00%FF%FF%FF%00%FF%FF%FF%00%FF%FF%FF%00%FF%FF%FF%00%FF%FF%FF%00%FF%FF%FF%00%FF%FF%FF%00%FF%FF%FF%00%FF%FF%FF%00%FF%FF%FF%00%FF%FF%FF%00%FF%FF%FF%00%FF%FF%FF%00%FF%FF%FF%00%FF%FF%FF%00%FF%FF%FF%00%FF%FF%FF%00%FF%FF%FF%00%FF%FF%FF%00%FF%FF%FF%00%FF%FF%FF%00%FF%FF%FF%00%FF%FF%FF%00%FF%FF%FF%00%FF%FF%FF%00%FF%FF%FF%00%FF%FF%FF%00%FF%FF%FF%00%FF%FF%FF%00%FF%FF%FF%00%FF%FF%FF%00%FF%FF%FF%00%FF%FF%FF%00%FF%FF%FF%00%FF%FF%FF%00%FF%FF%FF%00%FF%FF%FF%00%FF%FF%FF%00%FF%FF%FF%00%FF%FF%FF%00%FF%FF%FF%00%FF%FF%FF%00%FF%FF%FF%00%FF%FF%FF%00%FF%FF%FF%00%FF%FF%FF%00%FF%FF%FF%00%FF%FF%FF%00%FF%FF%FF%00%FF%FF%FF%00%FF%FF%FF%00%FF%FF%FF%00%FF%FF%FF%00%FF%FF%FF%00%FF%FF%FF%00%FF%FF%FF%00%FF%FF%FF%00%FF%FF%FF%00%FF%FF%FF%00%FF%FF%FF%00%FF%FF%FF%00%FF%FF%FF%00%FF%FF%FF%00%FF%FF%FF%00%FF%FF%FF%00%FF%FF%FF%00%FF%FF%FF%00%FF%FF%FF%00%FF%FF%FF%00%FF%FF%FF%00%FF%FF%FF%00%FF%FF%FF%00%FF%FF%FF%00%FF%FF%FF%00%FF%FF%FF%00%FF%FF%FF%00%FF%FF%FF%00%FF%FF%FF%00%FF%FF%FF%00%FF%FF%FF%00%FF%FF%FF%00%FF%FF%FF%00%FF%FF%FF%00%FF%FF%FF%00%FF%FF%FF%00%FF%FF%FF%00%FF%FF%FF%00%FF%FF%FF%00%FF%FF%FF%00%FF%FF%FF%00%FF%FF%FF%00%FF%FF%FF%00%FF%FF%FF%00%FF%FF%FF%00%FF%FF%FF%00%FF%FF%FF%00%FF%FF%FF%00%FF%FF%FF%00%FF%FF%FF%00%FF%FF%FF%00%FF%FF%FF%00%FF%FF%FF%00%FF%FF%FF%00%FF%FF%FF%00%FF%FF%FF%00%FF%FF%FF%00%FF%FF%FF%00%FF%FF%FF%00%FF%FF%FF%00%FF%FF%FF%00%FF%FF%FF%00%FF%FF%FF%00%FF%FF%FF%00%FF%FF%FF%00%FF%FF%FF%00%FF%FF%FF%00%FF%FF%FF%00%FF%FF%FF%00%FF%FF%FF%00%FF%FF%FF%00%FF%FF%FF%00%FF%FF%FF%00%FF%FF%FF%00%FF%FF%FF%00%FF%FF%FF%00%FF%FF%FF%00%FF%FF%FF%00%FF%FF%FF%00%FF%FF%FF%00%FF%FF%FF%00%FF%FF%FF%00%FF%FF%FF%00%FF%FF%FF%00%FF%FF%FF%00%FF%FF%FF%00%FF%FF%FF%00%FF%FF%FF%00%FF%FF%FF%00%FF%FF%FF%00%FF%FF%FF%00%FF%FF%FF%00%FF%FF%FF%00%FF%FF%FF%00%FF%FF%FF%00%FF%FF%FF%00%FF%FF%FF%00%FF%FF%FF%00%FF%FF%FF%00%FF%FF%FF%00%FF%FF%FF%00%FF%FF%FF%00%FF%FF%FF%00%FF%FF%FF%00%FF%FF%FF%00%FF%FF%FF%00%FF%FF%FF%00%FF%FF%FF%00%FF%FF%FF%00%FF%FF%FF%00%FF%FF%FF%00%FF%FF%FF%00%FF%FF%FF%00%FF%FF%FF%00%FF%FF%FF%00%FF%FF%FF%00%FF%FF%FF%00%FF%FF%FF%00%FF%FF%FF%00%FF%FF%FF%00%FF%FF%FF%00%FF%FF%FF%00%FF%FF%FF%00%FF%FF%FF%00%FF%FF%FF%00%FF%FF%FF%00%FF%FF%FF%00%FF%FF%FF%00%FF%FF%FF%00%FF%FF%FF%00%FF%FF%FF%00%FF%FF%FF%00%FF%FF%FF%00%FF%FF%FF%00%FF%FF%FF%00%FF%FF%FF%00%FF%FF%FF%00%FF%FF%FF%00%FF%FF%FF%00%FF%FF%FF%00%FF%FF%FF%00%FF%FF%FF%00%FF%FF%FF%00%FF%FF%FF%00%FF%FF%FF%00%FF%FF%FF%00%FF%FF%FF%00%FF%FF%FF%00%FF%FF%FF%00%FF%FF%FF%00%FF%FF%FF%00%FF%FF%FF%00%FF%FF%FF%00%FF%FF%FF%00%FF%FF%FF%00%FF%FF%FF%00%FF%FF%FF%00%FF%FF%FF%00%FF%FF%FF%00%FF%FF%FF%00%FF%FF%FF%00%FF%FF%FF%00%FF%FF%FF%00%FF%FF%FF%00%FF%FF%FF%00%FF%FF%FF%00%FF%FF%FF%00%FF%FF%FF%00%FF%FF%FF%00%FF%FF%FF%00%FF%FF%FF%00%FF%FF%FF%00%FF%FF%FF%00%FF%FF%FF%00%FF%FF%FF%00%FF%FF%FF%00%FF%FF%FF%00%FF%FF%FF%00%FF%FF%FF%00%FF%FF%FF%00%FF%FF%FF%00%FF%FF%FF%00%FF%FF%FF%00%FF%FF%FF%00%FF%FF%FF%00%FF%FF%FF%00%FF%FF%FF%00%FF%FF%FF%00%FF%FF%FF%00%FF%FF%FF%00%FF%FF%FF%00%FF%FF%FF%00%FF%FF%FF%00%FF%FF%FF%00%FF%FF%FF%00%FF%FF%FF%00%FF%FF%FF%00%FF%FF%FF%00%FF%FF%FF%00%FF%FF%FF%00%FF%FF%FF%00%FF%FF%FF%00%FF%FF%FF%00%FF%FF%FF%00%FF%FF%FF%00%FF%FF%FF%00%FF%FF%FF%00%FF%FF%FF%00%FF%FF%FF%00%FF%FF%FF%00%FF%FF%FF%00%FF%FF%FF%00%FF%FF%FF%00%FF%FF%FF%00%FF%FF%FF%00%FF%FF%FF%00%FF%FF%FF%00%FF%FF%FF%00%FF%FF%FF%00%FF%FF%FF%00%FF%FF%FF%00%FF%FF%FF%00%FF%FF%FF%00%FF%FF%FF%00%FF%FF%FF%00%FF%FF%FF%00%FF%FF%FF%00%FF%FF%FF%00%FF%FF%FF%00%FF%FF%FF%00%FF%FF%FF%00%FF%FF%FF%00%FF%FF%FF%00%FF%FF%FF%00%FF%FF%FF%00%FF%FF%FF%00%FF%FF%FF%00%FF%FF%FF%00%FF%FF%FF%00%FF%FF%FF%00%FF%FF%FF%00%FF%FF%FF%00%FF%FF%FF%00%FF%FF%FF%00%FF%FF%FF%00%FF%FF%FF%00%FF%FF%FF%00%FF%FF%FF%00%FF%FF%FF%00%FF%FF%FF%00%FF%FF%FF%00%FF%FF%FF%00%FF%FF%FF%00%FF%FF%FF%00%FF%FF%FF%00%FF%FF%FF%00%FF%FF%FF%00%FF%FF%FF%00%FF%FF%FF%00%FF%FF%FF%00%FF%FF%FF%00%FF%FF%FF%00%FF%FF%FF%00%FF%FF%FF%00%FF%FF%FF%00%FF%FF%FF%00%FF%FF%FF%00%FF%FF%FF%00%FF%FF%FF%00%FF%FF%FF%00%FF%FF%FF%00%FF%FF%FF%00%FF%FF%FF%00%FF%FF%FF%00%FF%FF%FF%00%FF%FF%FF%00%FF%FF%FF%00%FF%FF%FF%00%FF%FF%FF%00%FF%FF%FF%00%FF%FF%FF%00%FF%FF%FF%00%FF%FF%FF%00%FF%FF%FF%00%FF%FF%FF%00%FF%FF%FF%00%FF%FF%FF%00%FF%FF%FF%00%FF%FF%FF%00%FF%FF%FF%00%FF%FF%FF%00%FF%FF%FF%00%FF%FF%FF%00%FF%FF%FF%00%FF%FF%FF%00%FF%FF%FF%00%FF%FF%FF%00%FF%FF%FF%00%FF%FF%FF%00%FF%FF%FF%00%FF%FF%FF%00%FF%FF%FF%00%FF%FF%FF%00%FF%FF%FF%00%FF%FF%FF%00%FF%FF%FF%00%FF%FF%FF%00%FF%FF%FF%00%FF%FF%FF%00%FF%FF%FF%00%FF%FF%FF%00%FF%FF%FF%00%FF%FF%FF%00%FF%FF%FF%00%FF%FF%FF%00%FF%FF%FF%00%FF%FF%FF%00%FF%FF%FF%00%FF%FF%FF%00%FF%FF%FF%00%FF%FF%FF%00%FF%FF%FF%00%FF%FF%FF%00%FF%FF%FF%00%FF%FF%FF%00%FF%FF%FF%00%FF%FF%FF%00%FF%FF%FF%00%FF%FF%FF%00%FF%FF%FF%00%FF%FF%FF%00%FF%FF%FF%00%FF%FF%FF%00%FF%FF%FF%00%FF%FF%FF%00%FF%FF%FF%00%FF%FF%FF%00%FF%FF%FF%00%FF%FF%FF%00%FF%FF%FF%00%FF%FF%FF%00%FF%FF%FF%00%FF%FF%FF%00%FF%FF%FF%00%FF%FF%FF%00%FF%FF%FF%00%FF%FF%FF%00%FF%FF%FF%00%FF%FF%FF%00%FF%FF%FF%00%FF%FF%FF%00%FF%FF%FF%00%FF%FF%FF%00%FF%FF%FF%00%FF%FF%FF%00%FF%FF%FF%00%FF%FF%FF%00%FF%FF%FF%00%FF%FF%FF%00%FF%FF%FF%00%FF%FF%FF%00%FF%FF%FF%00%FF%FF%FF%00%FF%FF%FF%00%FF%FF%FF%00%FF%FF%FF%00%FF%FF%FF%00%FF%FF%FF%00%FF%FF%FF%00%FF%FF%FF%00%FF%FF%FF%00%FF%FF%FF%00%FF%FF%FF%00%FF%FF%FF%00%FF%FF%FF%00%FF%FF%FF%00%FF%FF%FF%00%FF%FF%FF%00%FF%FF%FF%00%FF%FF%FF%00%FF%FF%FF%00%FF%FF%FF%00%FF%FF%FF%00%FF%FF%FF%00%FF%FF%FF%00%FF%FF%FF%00%FF%FF%FF%00%FF%FF%FF%00%FF%FF%FF%00%FF%FF%FF%00%FF%FF%FF%00%FF%FF%FF%00%FF%FF%FF%00%FF%FF%FF%00%FF%FF%FF%00%FF%FF%FF%00%FF%FF%FF%00%FF%FF%FF%00%FF%FF%FF%00%FF%FF%FF%00%FF%FF%FF%00%FF%FF%FF%00%FF%FF%FF%00%FF%FF%FF%00%FF%FF%FF%00%FF%FF%FF%00%FF%FF%FF%00%FF%FF%FF%00%FF%FF%FF%00%FF%FF%FF%00%FF%FF%FF%00%FF%FF%FF%00%FF%FF%FF%00%FF%FF%FF%00%FF%FF%FF%00%FF%FF%FF%00%FF%FF%FF%00%FF%FF%FF%00%FF%FF%FF%00%FF%FF%FF%00%FF%FF%FF%00%FF%FF%FF%00%FF%FF%FF%00%FF%FF%FF%00%FF%FF%FF%00%FF%FF%FF%00%FF%FF%FF%00%FF%FF%FF%00%FF%FF%FF%00%FF%FF%FF%00%FF%FF%FF%00%FF%FF%FF%00%FF%FF%FF%00%FF%FF%FF%00%FF%FF%FF%00%FF%FF%FF%00%FF%FF%FF%00%FF%FF%FF%00%FF%FF%FF%00%FF%FF%FF%00%FF%FF%FF%00%FF%FF%FF%00%FF%FF%FF%00%FF%FF%FF%00%FF%FF%FF%00%FF%FF%FF%00%FF%FF%FF%00%FF%FF%FF%00%FF%FF%FF%00%FF%FF%FF%00%FF%FF%FF%00%FF%FF%FF%00%FF%FF%FF%00%FF%FF%FF%00%FF%FF%FF%00%FF%FF%FF%00%FF%FF%FF%00%FF%FF%FF%00%FF%FF%FF%00%FF%FF%FF%00%FF%FF%FF%00%FF%FF%FF%00%FF%FF%FF%00%FF%FF%FF%00%FF%FF%FF%00%FF%FF%FF%00%FF%FF%FF%00%FF%FF%FF%00%FF%FF%FF%00%FF%FF%FF%00%FF%FF%FF%00%FF%FF%FF%00%FF%FF%FF%00%FF%FF%FF%00%FF%FF%FF%00%FF%FF%FF%00%FF%FF%FF%00%FF%FF%FF%00%FF%FF%FF%00%FF%FF%FF%00%FF%FF%FF%00%FF%FF%FF%00%FF%FF%FF%00%FF%FF%FF%00%FF%FF%FF%00%FF%FF%FF%00%FF%FF%FF%00%FF%FF%FF%00%FF%FF%FF%00%FF%FF%FF%00%FF%FF%FF%00%FF%FF%FF%00%FF%FF%FF%00%FF%FF%FF%00%FF%FF%FF%00%FF%FF%FF%00%FF%FF%FF%00%FF%FF%FF%00%FF%FF%FF%00%FF%FF%FF%00%FF%FF%FF%00%FF%FF%FF%00%FF%FF%FF%00%FF%FF%FF%00%FF%FF%FF%00%FF%FF%FF%00%FF%FF%FF%00%FF%FF%FF%00%FF%FF%FF%00%FF%FF%FF%00%FF%FF%FF%00%FF%FF%FF%00%FF%FF%FF%00%FF%FF%FF%00%FF%FF%FF%00%FF%FF%FF%00%FF%FF%FF%00%FF%FF%FF%00%FF%FF%FF%00%FF%FF%FF%00%FF%FF%FF%00%FF%FF%FF%00%FF%FF%FF%00%FF%FF%FF%00%FF%FF%FF%00%FF%FF%FF%00%FF%FF%FF%00%FF%FF%FF%00%FF%FF%FF%00%FF%FF%FF%00%FF%FF%FF%00%FF%FF%FF%00%FF%FF%FF%00%FF%FF%FF%00%FF%FF%FF%00%FF%FF%FF%00%FF%FF%FF%00%FF%FF%FF%00%FF%FF%FF%00%FF%FF%FF%00%FF%FF%FF%00%FF%FF%FF%00%FF%FF%FF%00%FF%FF%FF%00%FF%FF%FF%00%FF%FF%FF%00%FF%FF%FF%00%FF%FF%FF%00%FF%FF%FF%00%FF%FF%FF%00%FF%FF%FF%00%FF%FF%FF%00%FF%FF%FF%00%FF%FF%FF%00%FF%FF%FF%00%FF%FF%FF%00%FF%FF%FF%00%FF%FF%FF%00%FF%FF%FF%00%FF%FF%FF%00%FF%FF%FF%00%FF%FF%FF%00%FF%FF%FF%00%FF%FF%FF%00%FF%FF%FF%00%FF%FF%FF%00%FF%FF%FF%00%FF%FF%FF%00%FF%FF%FF%00%FF%FF%FF%00%FF%FF%FF%00%FF%FF%FF%00%FF%FF%FF%00%FF%FF%FF%00%FF%FF%FF%00%FF%FF%FF%00%FF%FF%FF%00%FF%FF%FF%00%FF%FF%FF%00%FF%FF%FF%00%FF%FF%FF%00%FF%FF%FF%00%FF%FF%FF%00%FF%FF%FF%00%FF%FF%FF%00%FF%FF%FF%00%FF%FF%FF%00%FF%FF%FF%00%FF%FF%FF%00%FF%FF%FF%00%FF%FF%FF%00%FF%FF%FF%00%FF%FF%FF%00%FF%FF%FF%00%FF%FF%FF%00%FF%FF%FF%00%FF%FF%FF%00%FF%FF%FF%00%FF%FF%FF%00%FF%FF%FF%00%FF%FF%FF%00%FF%FF%FF%00%FF%FF%FF%00%FF%FF%FF%00%FF%FF%FF%00%FF%FF%FF%00%FF%FF%FF%00%FF%FF%FF%00%FF%FF%FF%00%FF%FF%FF%00%FF%FF%FF%00%FF%FF%FF%00%FF%FF%FF%00%FF%FF%FF%00%FF%FF%FF%00%FF%FF%FF%00%FF%FF%FF%00%FF%FF%FF%00%FF%FF%FF%00%FF%FF%FF%00%FF%FF%FF%00%FF%FF%FF%00%FF%FF%FF%00%FF%FF%FF%00%FF%FF%FF%00%FF%FF%FF%00%FF%FF%FF%00%FF%FF%FF%00%FF%FF%FF%00%FF%FF%FF%00%FF%FF%FF%00%FF%FF%FF%00%FF%FF%FF%00%FF%FF%FF%00%FF%FF%FF%00%FF%FF%FF%00%FF%FF%FF%00%FF%FF%FF%00%FF%FF%FF%00%FF%FF%FF%00%FF%FF%FF%00%FF%FF%FF%00%FF%FF%FF%00%FF%FF%FF%00%FF%FF%FF%00%FF%FF%FF%00%FF%FF%FF%00%FF%FF%FF%00%FF%FF%FF%00%FF%FF%FF%00%FF%FF%FF%00%FF%FF%FF%00%FF%FF%FF%00%FF%FF%FF%00%FF%FF%FF%00%FF%FF%FF%00%FF%FF%FF%00%FF%FF%FF%00%FF%FF%FF%00%FF%FF%FF%00%FF%FF%FF%00%FF%FF%FF%00%FF%FF%FF%00%FF%FF%FF%00%FF%FF%FF%00%FF%FF%FF%00%FF%FF%FF%00%FF%FF%FF%00%FF%FF%FF%00%FF%FF%FF%00%FF%FF%FF%00%FF%FF%FF%00%FF%FF%FF%00%FF%FF%FF%00%FF%FF%FF%00%FF%FF%FF%00%FF%FF%FF%00%FF%FF%FF%00%FF%FF%FF%00%FF%FF%FF%00%FF%FF%FF%00%FF%FF%FF%00%FF%FF%FF%00%FF%FF%FF%00%FF%FF%FF%00%FF%FF%FF%00%FF%FF%FF%00%FF%FF%FF%00%FF%FF%FF%00%FF%FF%FF%00%FF%FF%FF%00%FF%FF%FF%00%FF%FF%FF%00%FF%FF%FF%00%FF%FF%FF%00%FF%FF%FF%00%FF%FF%FF%00%FF%FF%FF%00%FF%FF%FF%00%FF%FF%FF%00%FF%FF%FF%00%FF%FF%FF%00%FF%FF%FF%00%FF%FF%FF%00%FF%FF%FF%00%FF%FF%FF%00%FF%FF%FF%00%FF%FF%FF%00%FF%FF%FF%00%FF%FF%FF%00%FF%FF%FF%00%FF%FF%FF%00%FF%FF%FF%00%FF%FF%FF%00%FF%FF%FF%00%FF%FF%FF%00%FF%FF%FF%00%FF%FF%FF%00%FF%FF%FF%00%FF%FF%FF%00%FF%FF%FF%00%FF%FF%FF%00%FF%FF%FF%00%FF%FF%FF%00%FF%FF%FF%00%FF%FF%FF%00%FF%FF%FF%00%FF%FF%FF%00%FF%FF%FF%00%FF%FF%FF%00%FF%FF%FF%00%FF%FF%FF%00%FF%FF%FF%00%FF%FF%FF%00%FF%FF%FF%00%FF%FF%FF%00%FF%FF%FF%00%FF%FF%FF%00%FF%FF%FF%00%FF%FF%FF%00%FF%FF%FF%00%FF%FF%FF%00%FF%FF%FF%00%FF%FF%FF%00%FF%FF%FF%00%FF%FF%FF%00%FF%FF%FF%00%FF%FF%FF%00%FF%FF%FF%00%FF%FF%FF%00%FF%FF%FF%00%FF%FF%FF%00%FF%FF%FF%00%FF%FF%FF%00%FF%FF%FF%00%FF%FF%FF%00%FF%FF%FF%00%FF%FF%FF%00%FF%FF%FF%00%FF%FF%FF%00%FF%FF%FF%00%FF%FF%FF%00%FF%FF%FF%00%FF%FF%FF%00%FF%FF%FF%00%FF%FF%FF%00%FF%FF%FF%00%FF%FF%FF%00%FF%FF%FF%00%FF%FF%FF%00%FF%FF%FF%00%FF%FF%FF%00%FF%FF%FF%00%FF%FF%FF%00%FF%FF%FF%00%FF%FF%FF%00%FF%FF%FF%00%FF%FF%FF%00%FF%FF%FF%00%FF%FF%FF%00%FF%FF%FF%00%FF%FF%FF%00%FF%FF%FF%00%FF%FF%FF%00%FF%FF%FF%00%FF%FF%FF%00%FF%FF%FF%00%FF%FF%FF%00%FF%FF%FF%00%FF%FF%FF%00%FF%FF%FF%00%FF%FF%FF%00%FF%FF%FF%00%FF%FF%FF%00%FF%FF%FF%00%FF%FF%FF%00%FF%FF%FF%00%FF%FF%FF%00%FF%FF%FF%00%FF%FF%FF%00%FF%FF%FF%00%FF%FF%FF%00%FF%FF%FF%00%FF%FF%FF%00%FF%FF%FF%00%FF%FF%FF%00%FF%FF%FF%00%FF%FF%FF%00%FF%FF%FF%00%FF%FF%FF%00%FF%FF%FF%00%FF%FF%FF%00%FF%FF%FF%00%FF%FF%FF%00%FF%FF%FF%00%FF%FF%FF%00%FF%FF%FF%00%FF%FF%FF%00%FF%FF%FF%00%FF%FF%FF%00%FF%FF%FF%00%FF%FF%FF%00%FF%FF%FF%00%FF%FF%FF%00%FF%FF%FF%00%FF%FF%FF%00%FF%FF%FF%00%FF%FF%FF%00%FF%FF%FF%00%FF%FF%FF%00%FF%FF%FF%00%FF%FF%FF%00%FF%FF%FF%00%FF%FF%FF%00%FF%FF%FF%00%FF%FF%FF%00%FF%FF%FF%00%FF%FF%FF%00%FF%FF%FF%00%FF%FF%FF%00%FF%FF%FF%00%FF%FF%FF%00%FF%FF%FF%00%FF%FF%FF%00%FF%FF%FF%00%FF%FF%FF%00%FF%FF%FF%00%FF%FF%FF%00%FF%FF%FF%00%FF%FF%FF%00%FF%FF%FF%00%FF%FF%FF%00%FF%FF%FF%00%FF%FF%FF%00%FF%FF%FF%00%FF%FF%FF%00%FF%FF%FF%00%FF%FF%FF%00%FF%FF%FF%00%FF%FF%FF%00%FF%FF%FF%00%FF%FF%FF%00%FF%FF%FF%00%FF%FF%FF%00%FF%FF%FF%00%FF%FF%FF%00%FF%FF%FF%00%FF%FF%FF%00%FF%FF%FF%00%FF%FF%FF%00%FF%FF%FF%00%FF%FF%FF%00%FF%FF%FF%00%FF%FF%FF%00%FF%FF%FF%00%FF%FF%FF%00%FF%FF%FF%00%FF%FF%FF%00%FF%FF%FF%00%FF%FF%FF%00%FF%FF%FF%00%FF%FF%FF%00%FF%FF%FF%00%FF%FF%FF%00%FF%FF%FF%00%FF%FF%FF%00%FF%FF%FF%00%FF%FF%FF%00%FF%FF%FF%00%FF%FF%FF%00%FF%FF%FF%00%FF%FF%FF%00%FF%FF%FF%00%FF%FF%FF%00%FF%FF%FF%00%FF%FF%FF%00%FF%FF%FF%00%FF%FF%FF%00%FF%FF%FF%00%FF%FF%FF%00%FF%FF%FF%00%FF%FF%FF%00%FF%FF%FF%00%FF%FF%FF%00%FF%FF%FF%00%FF%FF%FF%00%FF%FF%FF%00%FF%FF%FF%00%FF%FF%FF%00%FF%FF%FF%00%FF%FF%FF%00%FF%FF%FF%00%FF%FF%FF%00%FF%FF%FF%00%FF%FF%FF%00%FF%FF%FF%00%FF%FF%FF%00%FF%FF%FF%00%FF%FF%FF%00%FF%FF%FF%00%FF%FF%FF%00%FF%FF%FF%00%FF%FF%FF%00%FF%FF%FF%00%FF%FF%FF%00%FF%FF%FF%00%FF%FF%FF%00%FF%FF%FF%00%FF%FF%FF%00%FF%FF%FF%00%FF%FF%FF%00%FF%FF%FF%00%FF%FF%FF%00%FF%FF%FF%00%FF%FF%FF%00%FF%FF%FF%00%FF%FF%FF%00%FF%FF%FF%00%FF%FF%FF%00%FF%FF%FF%00%FF%FF%FF%00%FF%FF%FF%00%FF%FF%FF%00%FF%FF%FF%00%FF%FF%FF%00%FF%FF%FF%00%FF%FF%FF%00%FF%FF%FF%00%FF%FF%FF%00%FF%FF%FF%00%FF%FF%FF%00%FF%FF%FF%00%FF%FF%FF%00%FF%FF%FF%00%FF%FF%FF%00%FF%FF%FF%00%FF%FF%FF%00%FF%FF%FF%00%FF%FF%FF%00%FF%FF%FF%00%FF%FF%FF%00%FF%FF%FF%00%FF%FF%FF%00%FF%FF%FF%00%FF%FF%FF%00%FF%FF%FF%00%FF%FF%FF%00%FF%FF%FF%00%FF%FF%FF%00%FF%FF%FF%00%FF%FF%FF%00%FF%FF%FF%00%FF%FF%FF%00%FF%FF%FF%00%FF%FF%FF%00%FF%FF%FF%00%FF%FF%FF%00%FF%FF%FF%00%FF%FF%FF%00%FF%FF%FF%00%FF%FF%FF%00%FF%FF%FF%00%FF%FF%FF%00%FF%FF%FF%00%FF%FF%FF%00%FF%FF%FF%00%FF%FF%FF%00%FF%FF%FF%00%FF%FF%FF%00%FF%FF%FF%00%FF%FF%FF%00%FF%FF%FF%00%FF%FF%FF%00%FF%FF%FF%00%FF%FF%FF%00%FF%FF%FF%00%FF%FF%FF%00%FF%FF%FF%00%FF%FF%FF%00%FF%FF%FF%00%FF%FF%FF%00%FF%FF%FF%00%FF%FF%FF%00%FF%FF%FF%00%FF%FF%FF%00%FF%FF%FF%00%FF%FF%FF%00%FF%FF%FF%00%FF%FF%FF%00%FF%FF%FF%00%FF%FF%FF%00%FF%FF%FF%00%FF%FF%FF%00%FF%FF%FF%00%FF%FF%FF%00%FF%FF%FF%00%FF%FF%FF%00%FF%FF%FF%00%FF%FF%FF%00%FF%FF%FF%00%FF%FF%FF%00%FF%FF%FF%00%FF%FF%FF%00%FF%FF%FF%00%FF%FF%FF%00%FF%FF%FF%00%FF%FF%FF%00%FF%FF%FF%00%FF%FF%FF%00%FF%FF%FF%00%FF%FF%FF%00%FF%FF%FF%00%FF%FF%FF%00%FF%FF%FF%00%FF%FF%FF%00%FF%FF%FF%00%FF%FF%FF%00%FF%FF%FF%00%FF%FF%FF%00%FF%FF%FF%00%FF%FF%FF%00%FF%FF%FF%00%FF%FF%FF%00%FF%FF%FF%00%FF%FF%FF%00%FF%FF%FF%00%FF%FF%FF%00%FF%FF%FF%00%FF%FF%FF%00%FF%FF%FF%00%FF%FF%FF%00%FF%FF%FF%00%FF%FF%FF%00%FF%FF%FF%00%FF%FF%FF%00%FF%FF%FF%00%FF%FF%FF%00%FF%FF%FF%00%FF%FF%FF%00%FF%FF%FF%00%FF%FF%FF%00%FF%FF%FF%00%FF%FF%FF%00%FF%FF%FF%00%FF%FF%FF%00%FF%FF%FF%00%FF%FF%FF%00%FF%FF%FF%00%FF%FF%FF%00%FF%FF%FF%00%FF%FF%FF%00%FF%FF%FF%00%FF%FF%FF%00%FF%FF%FF%00%FF%FF%FF%00%FF%FF%FF%00%FF%FF%FF%00%FF%FF%FF%00%FF%FF%FF%00%FF%FF%FF%00%FF%FF%FF%00%FF%FF%FF%00%FF%FF%FF%00%FF%FF%FF%00%FF%FF%FF%00%FF%FF%FF%00%FF%FF%FF%00%FF%FF%FF%00%FF%FF%FF%00%FF%FF%FF%00%FF%FF%FF%00%FF%FF%FF%00%FF%FF%FF%00%FF%FF%FF%00%FF%FF%FF%00%FF%FF%FF%00%FF%FF%FF%00%FF%FF%FF%00%FF%FF%FF%00%FF%FF%FF%00%FF%FF%FF%00%FF%FF%FF%00%FF%FF%FF%00%FF%FF%FF%00%FF%FF%FF%00%FF%FF%FF%00%FF%FF%FF%00%FF%FF%FF%00%FF%FF%FF%00%FF%FF%FF%00%FF%FF%FF%00%FF%FF%FF%00%FF%FF%FF%00%FF%FF%FF%00%FF%FF%FF%00%FF%FF%FF%00%FF%FF%FF%00%FF%FF%FF%00%FF%FF%FF%00%FF%FF%FF%00%FF%FF%FF%00%FF%FF%FF%00%FF%FF%FF%00%FF%FF%FF%00%FF%FF%FF%00%FF%FF%FF%00%FF%FF%FF%00%FF%FF%FF%00%FF%FF%FF%00%FF%FF%FF%00%FF%FF%FF%00%FF%FF%FF%00%FF%FF%FF%00%FF%FF%FF%00%FF%FF%FF%00%FF%FF%FF%00%FF%FF%FF%00%FF%FF%FF%00%FF%FF%FF%00%FF%FF%FF%00%FF%FF%FF%00%FF%FF%FF%00%FF%FF%FF%00%FF%FF%FF%00%FF%FF%FF%00%FF%FF%FF%00%FF%FF%FF%00%FF%FF%FF%00%FF%FF%FF%00%FF%FF%FF%00%FF%FF%FF%00%FF%FF%FF%00%FF%FF%FF%00%FF%FF%FF%00%FF%FF%FF%00%FF%FF%FF%00%FF%FF%FF%00%FF%FF%FF%00%FF%FF%FF%00%FF%FF%FF%00%FF%FF%FF%00%FF%FF%FF%00%FF%FF%FF%00%FF%FF%FF%00%FF%FF%FF%00%FF%FF%FF%00%FF%FF%FF%00%FF%FF%FF%00%FF%FF%FF%00%FF%FF%FF%00%FF%FF%FF%00%FF%FF%FF%00%FF%FF%FF%00%FF%FF%FF%00%FF%FF%FF%00%FF%FF%FF%00%FF%FF%FF%00%FF%FF%FF%00%FF%FF%FF%00%FF%FF%FF%00%FF%FF%FF%00%FF%FF%FF%00%FF%FF%FF%00%FF%FF%FF%00%FF%FF%FF%00%FF%FF%FF%00%FF%FF%FF%00%FF%FF%FF%00%FF%FF%FF%00%FF%FF%FF%00%FF%FF%FF%00%FF%FF%FF%00%FF%FF%FF%00%FF%FF%FF%00%FF%FF%FF%00%FF%FF%FF%00%FF%FF%FF%00%FF%FF%FF%00%FF%FF%FF%00%FF%FF%FF%00%FF%FF%FF%00%FF%FF%FF%00%FF%FF%FF%00%FF%FF%FF%00%FF%FF%FF%00%FF%FF%FF%00%FF%FF%FF%00%FF%FF%FF%00%FF%FF%FF%00%FF%FF%FF%00%FF%FF%FF%00%FF%FF%FF%00%FF%FF%FF%00%FF%FF%FF%00%FF%FF%FF%00%FF%FF%FF%00%FF%FF%FF%00%FF%FF%FF%00%FF%FF%FF%00%FF%FF%FF%00%FF%FF%FF%00%FF%FF%FF%00%FF%FF%FF%00%FF%FF%FF%00%FF%FF%FF%00%FF%FF%FF%00%FF%FF%FF%00%FF%FF%FF%00%FF%FF%FF%00%FF%FF%FF%00%FF%FF%FF%00%FF%FF%FF%00%FF%FF%FF%00%FF%FF%FF%00%FF%FF%FF%00%FF%FF%FF%00%FF%FF%FF%00%FF%FF%FF%00%FF%FF%FF%00%FF%FF%FF%00%FF%FF%FF%00%FF%FF%FF%00%FF%FF%FF%00%FF%FF%FF%00%FF%FF%FF%00%FF%FF%FF%00%FF%FF%FF%00%FF%FF%FF%00%FF%FF%FF%00%FF%FF%FF%00%FF%FF%FF%00%FF%FF%FF%00%FF%FF%FF%00%FF%FF%FF%00%FF%FF%FF%00%FF%FF%FF%00%FF%FF%FF%00%FF%FF%FF%00%FF%FF%FF%00%FF%FF%FF%00%FF%FF%FF%00%FF%FF%FF%00%FF%FF%FF%00%FF%FF%FF%00%FF%FF%FF%00%FF%FF%FF%00%FF%FF%FF%00%FF%FF%FF%00%FF%FF%FF%00%FF%FF%FF%00%FF%FF%FF%00%FF%FF%FF%00%FF%FF%FF%00%FF%FF%FF%00%FF%FF%FF%00%FF%FF%FF%00%FF%FF%FF%00%FF%FF%FF%00%FF%FF%FF%00%FF%FF%FF%00%FF%FF%FF%00%FF%FF%FF%00%FF%FF%FF%00%FF%FF%FF%00%FF%FF%FF%00%FF%FF%FF%00%FF%FF%FF%00%FF%FF%FF%00%FF%FF%FF%00%FF%FF%FF%00%FF%FF%FF%00%FF%FF%FF%00%FF%FF%FF%00%FF%FF%FF%00%FF%FF%FF%00%FF%FF%FF%00%FF%FF%FF%00%FF%FF%FF%00%FF%FF%FF%00%FF%FF%FF%00%FF%FF%FF%00%FF%FF%FF%00%FF%FF%FF%00%FF%FF%FF%00%FF%FF%FF%00%FF%FF%FF%00%FF%FF%FF%00%FF%FF%FF%00%FF%FF%FF%00%FF%FF%FF%00%FF%FF%FF%00%FF%FF%FF%00%FF%FF%FF%00%FF%FF%FF%00%FF%FF%FF%00%FF%FF%FF%00%FF%FF%FF%00%FF%FF%FF%00%FF%FF%FF%00%FF%FF%FF%00%FF%FF%FF%00%FF%FF%FF%00%FF%FF%FF%00%FF%FF%FF%00%FF%FF%FF%00%FF%FF%FF%00%FF%FF%FF%00%FF%FF%FF%00%FF%FF%FF%00%FF%FF%FF%00%FF%FF%FF%00%FF%FF%FF%00%FF%FF%FF%00%FF%FF%FF%00%FF%FF%FF%00%FF%FF%FF%00%FF%FF%FF%00%FF%FF%FF%00%FF%FF%FF%00%FF%FF%FF%00%FF%FF%FF%00%FF%FF%FF%00%FF%FF%FF%00%FF%FF%FF%00%FF%FF%FF%00%FF%FF%FF%00%FF%FF%FF%00%FF%FF%FF%00%FF%FF%FF%00%FF%FF%FF%00%FF%FF%FF%00%FF%FF%FF%00%FF%FF%FF%00%FF%FF%FF%00%FF%FF%FF%00%FF%FF%FF%00%FF%FF%FF%00%FF%FF%FF%00%FF%FF%FF%00%FF%FF%FF%00%FF%FF%FF%00%FF%FF%FF%00%FF%FF%FF%00%FF%FF%FF%00%FF%FF%FF%00%FF%FF%FF%00%FF%FF%FF%00%FF%FF%FF%00%FF%FF%FF%00%FF%FF%FF%00%FF%FF%FF%00%FF%FF%FF%00%FF%FF%FF%00%FF%FF%FF%00%FF%FF%FF%00%FF%FF%FF%00%FF%FF%FF%00%FF%FF%FF%00%FF%FF%FF%00%FF%FF%FF%00%FF%FF%FF%00%FF%FF%FF%00%FF%FF%FF%00%FF%FF%FF%00%FF%FF%FF%00%FF%FF%FF%00%FF%FF%FF%00%FF%FF%FF%00%FF%FF%FF%00%FF%FF%FF%00%FF%FF%FF%00%FF%FF%FF%00%FF%FF%FF%00%FF%FF%FF%00%FF%FF%FF%00%FF%FF%FF%00%FF%FF%FF%00%FF%FF%FF%00%FF%FF%FF%00%FF%FF%FF%00%FF%FF%FF%00%FF%FF%FF%00%FF%FF%FF%00%FF%FF%FF%00%FF%FF%FF%00%FF%FF%FF%00%FF%FF%FF%00%FF%FF%FF%00%FF%FF%FF%00%FF%FF%FF%00%FF%FF%FF%00%FF%FF%FF%00%FF%FF%FF%00%FF%FF%FF%00%FF%FF%FF%00%FF%FF%FF%00%FF%FF%FF%00%FF%FF%FF%00%FF%FF%FF%00%FF%FF%FF%00%FF%FF%FF%00%FF%FF%FF%00%FF%FF%FF%00%FF%FF%FF%00%FF%FF%FF%00%FF%FF%FF%00%FF%FF%FF%00%FF%FF%FF%00%FF%FF%FF%00%FF%FF%FF%00%FF%FF%FF%00%FF%FF%FF%00%FF%FF%FF%00%FF%FF%FF%00%FF%FF%FF%00%FF%FF%FF%00%FF%FF%FF%00%FF%FF%FF%00%FF%FF%FF%00%FF%FF%FF%00%FF%FF%FF%00%FF%FF%FF%00%FF%FF%FF%00%FF%FF%FF%00%FF%FF%FF%00%FF%FF%FF%00%FF%FF%FF%00%FF%FF%FF%00%FF%FF%FF%00%FF%FF%FF%00%FF%FF%FF%00%FF%FF%FF%00%FF%FF%FF%00%FF%FF%FF%00%FF%FF%FF%00%FF%FF%FF%00%FF%FF%FF%00%FF%FF%FF%00%FF%FF%FF%00%FF%FF%FF%00%FF%FF%FF%00%FF%FF%FF%00%FF%FF%FF%00%FF%FF%FF%00%FF%FF%FF%00%FF%FF%FF%00%FF%FF%FF%00%FF%FF%FF%00%FF%FF%FF%00%FF%FF%FF%00%FF%FF%FF%00%FF%FF%FF%00%FF%FF%FF%00%FF%FF%FF%00%FF%FF%FF%00%FF%FF%FF%00%FF%FF%FF%00%FF%FF%FF%00%FF%FF%FF%00%FF%FF%FF%00%FF%FF%FF%00%FF%FF%FF%00%FF%FF%FF%00%FF%FF%FF%00%FF%FF%FF%00%FF%FF%FF%00%FF%FF%FF%00%FF%FF%FF%00%FF%FF%FF%00%FF%FF%FF%00%FF%FF%FF%00%FF%FF%FF%00%FF%FF%FF%00%FF%FF%FF%00%FF%FF%FF%00%FF%FF%FF%00%FF%FF%FF%00%FF%FF%FF%00%FF%FF%FF%00%FF%FF%FF%00%FF%FF%FF%00%FF%FF%FF%00%FF%FF%FF%00%FF%FF%FF%00%FF%FF%FF%00%FF%FF%FF%00%FF%FF%FF%00%FF%FF%FF%00%FF%FF%FF%00%FF%FF%FF%00%FF%FF%FF%00%FF%FF%FF%00%FF%FF%FF%00%FF%FF%FF%00%FF%FF%FF%00%FF%FF%FF%00%FF%FF%FF%00%FF%FF%FF%00%FF%FF%FF%00%FF%FF%FF%00%FF%FF%FF%00%FF%FF%FF%00%FF%FF%FF%00%FF%FF%FF%00%FF%FF%FF%00%FF%FF%FF%00%FF%FF%FF%00%FF%FF%FF%00%FF%FF%FF%00%FF%FF%FF%00%FF%FF%FF%00%FF%FF%FF%00%FF%FF%FF%00%FF%FF%FF%00%FF%FF%FF%00%FF%FF%FF%00%FF%FF%FF%00%FF%FF%FF%00%FF%FF%FF%00%FF%FF%FF%00%FF%FF%FF%00%FF%FF%FF%00%FF%FF%FF%00%FF%FF%FF%00%FF%FF%FF%00%FF%FF%FF%00%FF%FF%FF%00%FF%FF%FF%00%FF%FF%FF%00%FF%FF%FF%00%FF%FF%FF%00%FF%FF%FF%00%FF%FF%FF%00%FF%FF%FF%00%FF%FF%FF%00%FF%FF%FF%00%FF%FF%FF%00%FF%FF%FF%00%FF%FF%FF%00%FF%FF%FF%00%FF%FF%FF%00%FF%FF%FF%00%FF%FF%FF%00%FF%FF%FF%00%FF%FF%FF%00%FF%FF%FF%00%FF%FF%FF%00%FF%FF%FF%00%FF%FF%FF%00%FF%FF%FF%00%FF%FF%FF%00%FF%FF%FF%00%FF%FF%FF%00%FF%FF%FF%00%FF%FF%FF%00%FF%FF%FF%00%FF%FF%FF%00%FF%FF%FF%00%FF%FF%FF%00%FF%FF%FF%00%FF%FF%FF%00%FF%FF%FF%00%FF%FF%FF%00%FF%FF%FF%00%FF%FF%FF%00%FF%FF%FF%00%FF%FF%FF%00%FF%FF%FF%00%FF%FF%FF%00%FF%FF%FF%00%FF%FF%FF%00%FF%FF%FF%00%FF%FF%FF%00%FF%FF%FF%00%FF%FF%FF%00%FF%FF%FF%00%FF%FF%FF%00%FF%FF%FF%00%FF%FF%FF%00%FF%FF%FF%00%FF%FF%FF%00%FF%FF%FF%00%FF%FF%FF%00%FF%FF%FF%00%FF%FF%FF%00%FF%FF%FF%00%FF%FF%FF%00%FF%FF%FF%00%FF%FF%FF%00%FF%FF%FF%00%FF%FF%FF%00%FF%FF%FF%00%FF%FF%FF%00%FF%FF%FF%00%FF%FF%FF%00%FF%FF%FF%00%FF%FF%FF%00%FF%FF%FF%00%FF%FF%FF%00%FF%FF%FF%00%FF%FF%FF%00%FF%FF%FF%00%FF%FF%FF%00%FF%FF%FF%00%FF%FF%FF%00%FF%FF%FF%00%FF%FF%FF%00%FF%FF%FF%00%FF%FF%FF%00%FF%FF%FF%00%FF%FF%FF%00%FF%FF%FF%00%FF%FF%FF%00%FF%FF%FF%00%FF%FF%FF%00%FF%FF%FF%00%FF%FF%FF%00%FF%FF%FF%00%FF%FF%FF%00%FF%FF%FF%00%FF%FF%FF%00%FF%FF%FF%00%FF%FF%FF%00%FF%FF%FF%00%FF%FF%FF%00%FF%FF%FF%00%FF%FF%FF%00%FF%FF%FF%00%FF%FF%FF%00%FF%FF%FF%00%FF%FF%FF%00%FF%FF%FF%00%FF%FF%FF%00%FF%FF%FF%00%FF%FF%FF%00%FF%FF%FF%00%FF%FF%FF%00%FF%FF%FF%00%FF%FF%FF%00%FF%FF%FF%00%FF%FF%FF%00%FF%FF%FF%00%FF%FF%FF%00%FF%FF%FF%00%FF%FF%FF%00%FF%FF%FF%00%FF%FF%FF%00%FF%FF%FF%00%FF%FF%FF%00%FF%FF%FF%00%FF%FF%FF%00%FF%FF%FF%00%FF%FF%FF%00%FF%FF%FF%00%FF%FF%FF%00%FF%FF%FF%00%FF%FF%FF%00%FF%FF%FF%00%FF%FF%FF%00%FF%FF%FF%00%FF%FF%FF%00%FF%FF%FF%00%FF%FF%FF%00%FF%FF%FF%00%FF%FF%FF%00%FF%FF%FF%00%FF%FF%FF%00%FF%FF%FF%00%FF%FF%FF%00%FF%FF%FF%00%FF%FF%FF%00%FF%FF%FF%00%FF%FF%FF%00%FF%FF%FF%00%FF%FF%FF%00%FF%FF%FF%00%FF%FF%FF%00%FF%FF%FF%00%FF%FF%FF%00%FF%FF%FF%00%FF%FF%FF%00%FF%FF%FF%00%FF%FF%FF%00%FF%FF%FF%00%FF%FF%FF%00%FF%FF%FF%00%FF%FF%FF%00%FF%FF%FF%00%FF%FF%FF%00%FF%FF%FF%00%FF%FF%FF%00%FF%FF%FF%00%FF%FF%FF%00%FF%FF%FF%00%FF%FF%FF%00%FF%FF%FF%00%FF%FF%FF%00%FF%FF%FF%00%FF%FF%FF%00%FF%FF%FF%00%FF%FF%FF%00%FF%FF%FF%00%FF%FF%FF%00%FF%FF%FF%00%FF%FF%FF%00%FF%FF%FF%00%FF%FF%FF%00%FF%FF%FF%00%FF%FF%FF%00%FF%FF%FF%00%FF%FF%FF%00%FF%FF%FF%00%FF%FF%FF%00%FF%FF%FF%00%FF%FF%FF%00%FF%FF%FF%00%FF%FF%FF%00%FF%FF%FF%00%FF%FF%FF%00%FF%FF%FF%00%FF%FF%FF%00%FF%FF%FF%00%FF%FF%FF%00%FF%FF%FF%00%FF%FF%FF%00%FF%FF%FF%00%FF%FF%FF%00%FF%FF%FF%00%FF%FF%FF%00%FF%FF%FF%00%FF%FF%FF%00%FF%FF%FF%00%FF%FF%FF%00%FF%FF%FF%00%FF%FF%FF%00%FF%FF%FF%00%FF%FF%FF%00%FF%FF%FF%00%FF%FF%FF%00%FF%FF%FF%00%FF%FF%FF%00%FF%FF%FF%00%FF%FF%FF%00%FF%FF%FF%00%FF%FF%FF%00%FF%FF%FF%00%FF%FF%FF%00%FF%FF%FF%00%FF%FF%FF%00%FF%FF%FF%00%FF%FF%FF%00%FF%FF%FF%00%FF%FF%FF%00%FF%FF%FF%00%FF%FF%FF%00%FF%FF%FF%00%FF%FF%FF%00%FF%FF%FF%00%FF%FF%FF%00%FF%FF%FF%00%FF%FF%FF%00%FF%FF%FF%00%FF%FF%FF%00%FF%FF%FF%00%FF%FF%FF%00%FF%FF%FF%00%FF%FF%FF%00%FF%FF%FF%00%FF%FF%FF%00%FF%FF%FF%00%FF%FF%FF%00%FF%FF%FF%00%FF%FF%FF%00%FF%FF%FF%00%FF%FF%FF%00%FF%FF%FF%00%FF%FF%FF%00%FF%FF%FF%00%FF%FF%FF%00%FF%FF%FF%00%FF%FF%FF%00%FF%FF%FF%00%FF%FF%FF%00%FF%FF%FF%00%FF%FF%FF%00%FF%FF%FF%00%FF%FF%FF%00%FF%FF%FF%00%FF%FF%FF%00%FF%FF%FF%00%FF%FF%FF%00%FF%FF%FF%00%FF%FF%FF%00%FF%FF%FF%00%FF%FF%FF%00%FF%FF%FF%00%FF%FF%FF%00%FF%FF%FF%00%FF%FF%FF%00%FF%FF%FF%00%FF%FF%FF%00%FF%FF%FF%00%FF%FF%FF%00%FF%FF%FF%00%FF%FF%FF%00%FF%FF%FF%00%FF%FF%FF%00%FF%FF%FF%00%FF%FF%FF%00%FF%FF%FF%00%FF%FF%FF%00%FF%FF%FF%00%FF%FF%FF%00%FF%FF%FF%00%FF%FF%FF%00%FF%FF%FF%00%FF%FF%FF%00%FF%FF%FF%00%FF%FF%FF%00%FF%FF%FF%00%FF%FF%FF%00%FF%FF%FF%00%FF%FF%FF%00%FF%FF%FF%00%FF%FF%FF%00%FF%FF%FF%00%FF%FF%FF%00%FF%FF%FF%00%FF%FF%FF%00%FF%FF%FF%00%FF%FF%FF%00%FF%FF%FF%00%FF%FF%FF%00%FF%FF%FF%00%FF%FF%FF%00%FF%FF%FF%00%FF%FF%FF%00%FF%FF%FF%00%FF%FF%FF%00%FF%FF%FF%00%FF%FF%FF%00%FF%FF%FF%00%FF%FF%FF%00%FF%FF%FF" )</imagedata>
</image>
