<image name="crumbs |" id="447055">
<traversalOn>false</traversalOn>
<palindromeFrames>false</palindromeFrames>
<ink>srcCopy</ink>
<threeD>true</threeD>
<blendLevel>0</blendLevel>
<rect>91,53,100,72</rect>
<angle>0</angle>
<yHot>1</yHot>
<id>447055</id>
<altId>0</altId>
<frameCount>0</frameCount>
<constantMask>false</constantMask>
<lockLoc>false</lockLoc>
<repeatCount>0</repeatCount>
<size>128</size>
<name>image "crumbs |"</name>
<hotSpot>1,1</hotSpot>
<alwaysBuffer>false</alwaysBuffer>
<layer>52</layer>
<dontDither>false</dontDither>
<visible>false</visible>
<cantSelect>false</cantSelect>
<borderWidth>2</borderWidth>
<opaque>true</opaque>
<currentFrame>1</currentFrame>
<showBorder>false</showBorder>
<disabled>false</disabled>
<xHot>1</xHot>
<showFocusBorder>true</showFocusBorder>
<custompropertyset name= "cGlx2TimeStamp">
</custompropertyset>
<imagedata>urldecode( "%00qqq%00qqq%00qqq%00qqq%00qqq%00qqq%00qqq%00qqq%00qqq%00qqq%00qqq%00qqq%00qqq%00qqq%00qqq%00qqq%00qqq%00qqq%00qqq%00qqq%00qqq%00qqq%00qqq%00qqq%00qqq%00qqq%00qqq%00qqq%00qqq%00qqq%00qqq%00%8F%8F%8F%00qqq%00qqq%00qqq%00qqq%00qqq%00qqq%00qqq%00qqq%00%9A%98%9A%00qqq%00qqq%00qqq%00qqq%00qqq%00qqq%00qqq%00qqq%00%9A%98%9A%00qqq%00qqq%00qqq%00qqq%00qqq%00qqq%00qqq%00qqq%00%9A%98%9A%00qqq%00qqq%00qqq%00qqq%00qqq%00qqq%00qqq%00qqq%00%9A%98%9A%00qqq%00qqq%00qqq%00qqq%00qqq%00qqq%00qqq%00qqq%00%9A%98%9A%00qqq%00qqq%00qqq%00qqq%00qqq%00qqq%00qqq%00qqq%00%9A%98%9A%00qqq%00qqq%00qqq%00qqq%00qqq%00qqq%00qqq%00qqq%00%9A%98%9A%00qqq%00qqq%00qqq%00qqq%00qqq%00qqq%00qqq%00qqq%00%9A%98%9A%00qqq%00qqq%00qqq%00qqq%00qqq%00qqq%00qqq%00qqq%00%9A%98%9A%00qqq%00qqq%00qqq%00qqq%00qqq%00qqq%00qqq%00qqq%00%9A%98%9A%00qqq%00qqq%00qqq%00qqq%00qqq%00qqq%00qqq%00qqq%00%9A%98%9A%00qqq%00qqq%00qqq%00qqq%00qqq%00qqq%00qqq%00qqq%00%8F%8F%8F%00qqq%00qqq%00qqq%00qqq%00qqq%00qqq%00qqq%00qqq%00qqq%00qqq%00qqq%00qqq%00qqq%00qqq%00qqq%00qqq%00qqq%00qqq%00qqq%00qqq%00qqq%00qqq%00uuu%00qqq%00qqq%00ppp%00ppp%00qqq%00qqq%00qqq%00qqq" )</imagedata>
</image>
