<field name="Tab 6" id="255678">
<traversalOn>false</traversalOn>
<ink>srcCopy</ink>
<firstIndent>0</firstIndent>
<dontSearch>false</dontSearch>
<toggleHilites>false</toggleHilites>
<threeD>false</threeD>
<scrollbarWidth>20</scrollbarWidth>
<blendLevel>15</blendLevel>
<textHeight>14</textHeight>
<rect>598,28,710,52</rect>
<multipleHilites>false</multipleHilites>
<colors>urldecode( "%0D%0A%0D%0A%0D%0A255%2C255%2C255%0D%0A%0D%0A%0D%0A%0D%0A" )</colors>
<shadow>false</shadow>
<hScroll>0</hScroll>
<textAlign>center</textAlign>
<vScrollbar>false</vScrollbar>
<hScrollbar>false</hScrollbar>
<id>255678</id>
<altId>0</altId>
<autoTab>false</autoTab>
<textStyle>bold</textStyle>
<hGrid>false</hGrid>
<lockLoc>false</lockLoc>
<dontWrap>true</dontWrap>
<autoHilite>false</autoHilite>
<style>transparent</style>
<showLines>false</showLines>
<sharedText>true</sharedText>
<noncontiguousHilites>false</noncontiguousHilites>
<lockText>true</lockText>
<scroll>0</scroll>
<name>field "Tab 6"</name>
<vGrid>false</vGrid>
<listBehavior>false</listBehavior>
<layer>72</layer>
<visible>false</visible>
<cantSelect>false</cantSelect>
<borderWidth>1</borderWidth>
<margins>8,9,8,8</margins>
<htmlText>urldecode( "%3Cp%3E%3Csub%3E%3Cimg+src%3D%22447358%22%3E%3C%2Fsub%3E+stack+%26quot%3BrevTools%26quot%3B%3C%2Fp%3E" )</htmlText>
<threeDHilite>false</threeDHilite>
<opaque>false</opaque>
<shadowOffset>4</shadowOffset>
<showBorder>false</showBorder>
<textSize>11</textSize>
<disabled>false</disabled>
<fixedLineHeight>true</fixedLineHeight>
<textFont>arial</textFont>
<vScroll>0</vScroll>
<showFocusBorder>true</showFocusBorder>
<custompropertyset name= "cGlx2TimeStamp">
<checksum>urldecode( "%D4%1D%8C%D9%8F%00%B2%04%E9%80%09%98%EC%F8B%7E" )</checksum>
</custompropertyset>
</field>
