<field name="advert" id="383143">
<traversalOn>false</traversalOn>
<ink>srcCopy</ink>
<firstIndent>0</firstIndent>
<dontSearch>false</dontSearch>
<toggleHilites>false</toggleHilites>
<threeD>true</threeD>
<scrollbarWidth>20</scrollbarWidth>
<blendLevel>0</blendLevel>
<textHeight>13</textHeight>
<rect>0,25,907,51</rect>
<multipleHilites>false</multipleHilites>
<colors>urldecode( "154%2C154%2C154%0D%0A%0D%0A%0D%0A%0D%0A%0D%0A%0D%0A%0D%0A" )</colors>
<shadow>false</shadow>
<hScroll>0</hScroll>
<textAlign>center</textAlign>
<vScrollbar>false</vScrollbar>
<hScrollbar>false</hScrollbar>
<id>383143</id>
<altId>0</altId>
<autoTab>false</autoTab>
<textStyle>plain</textStyle>
<hGrid>false</hGrid>
<lockLoc>false</lockLoc>
<dontWrap>true</dontWrap>
<autoHilite>false</autoHilite>
<style>transparent</style>
<showLines>false</showLines>
<sharedText>true</sharedText>
<noncontiguousHilites>false</noncontiguousHilites>
<lockText>true</lockText>
<scroll>0</scroll>
<name>field "advert"</name>
<vGrid>false</vGrid>
<listBehavior>false</listBehavior>
<layer>103</layer>
<visible>false</visible>
<cantSelect>false</cantSelect>
<borderWidth>2</borderWidth>
<margins>8</margins>
<htmlText>urldecode( "%3Cp%3E%3Cfont+color%3D%22%23AAAAAA%22%3E%3Cb%3EVisit++%3C%2Ffont%3E%3Cfont+color%3D%22%23C8C8C8%22%3E%3Cu%3E%3Ca+name%3D%22http%3A%2F%2Fdaniels-mara.com%2Fglx2%2Fnews.html%22%3EGLX2+News%3C%2Fa%3E%3C%2Fu%3E%3C%2Ffont%3E%3Cfont+color%3D%22%23AAAAAA%22%3E++for+the+latest%21%3C%2Fb%3E%3C%2Ffont%3E%3C%2Fp%3E" )</htmlText>
<threeDHilite>false</threeDHilite>
<opaque>false</opaque>
<shadowOffset>4</shadowOffset>
<showBorder>false</showBorder>
<textSize>10</textSize>
<disabled>false</disabled>
<fixedLineHeight>true</fixedLineHeight>
<textFont>Verdana</textFont>
<vScroll>0</vScroll>
<showFocusBorder>true</showFocusBorder>
<custompropertyset name= "cGlx2TimeStamp">
<checksum>urldecode( "%F0%5B%5C%5E%88%F8%1E%10%13%25%3C%0E%3F%7B%3F%DF" )</checksum>
</custompropertyset>
<script>urldecode( "--%3E+all+handlers%0D%0A%0D%0Aglobal+gMyTestGlobal+--+for+tests%0D%0A%0D%0Aon+mouseUp+pMouseBtnNum%0D%0A++++local+theLinkText%0D%0A++++put+the+linktext+of+the+clickchunk+into+theLinkText%0D%0A++++if+theLinkText+is+not+empty+then%0D%0A++++++++glx2GoURL+theLinkText%0D%0A++++end+if%0D%0Aend+mouseUp%0D%0A%0D%0Aon+printMyStuff+theStuff%2CthePrinter%0D%0A++++--deleteBackground%0D%0Aend+printMyStuff%0D%0A%0D%0Aon+mouseMove+pMouseH%2CpMouseV%0D%0A++++unlock+cursor%0D%0A++++if+the+mousecharchunk+is+not+empty+then%0D%0A++++++++put+word+2+of+the+mousecharchunk+into+theCharPos%0D%0A++++++++put+the+number+of+words+in+char+1+to+theCharPos+of+me+into+theWordNo%0D%0A++++++++if+theWordNo+%3E+1+and+theWordNo+%3C+4+then%0D%0A++++++++++++set+the+defaultcursor+to+hand%0D%0A++++++++++++if+the+cShowToolTips+of+stack+%22revGLX2+code%22+is+true+then%0D%0A++++++++++++++++if+the+cExternalStatusBar+of+stack+%22revGLX2+code%22+is+true+then%0D%0A++++++++++++++++++++glx2SetStatus+%22Click+to+see+%95+Top+Story+Today+%95+on+the+GLX2+Web+site%21%22%0D%0A++++++++++++++++else%0D%0A++++++++++++++++++++if+the+platform+is+%22macos%22+then%0D%0A++++++++++++++++++++++++set+the+tooltip+of+me+to+%22%95+Click+to+see+the+Top+Story+Today+on+the+GLX2+Web+site%21%22%0D%0A++++++++++++++++++++else%0D%0A++++++++++++++++++++++++set+the+tooltip+of+me+to+%22*+Click+to+see+the+Top+Story+Today+on+the+GLX2+Web+site%21%22%0D%0A++++++++++++++++++++end+if%0D%0A++++++++++++++++end+if%0D%0A++++++++++++else%0D%0A++++++++++++++++set+the+tooltip+of+me+to+empty%0D%0A++++++++++++++++glx2SetStatus+%22Click+to+see+%95+Top+Story+Today+%95+on+the+GLX2+Web+site%21%22%0D%0A++++++++++++end+if%0D%0A++++++++else%0D%0A++++++++++++set+the+defaultcursor+to+arrow%0D%0A++++++++++++set+the+tooltip+of+me+to+empty%0D%0A++++++++++++glx2SetStatus+%0D%0A++++++++end+if%0D%0A++++else%0D%0A++++++++set+the+defaultcursor+to+arrow%0D%0A++++++++set+the+tooltip+of+me+to+empty%0D%0A++++++++glx2SetStatus+%0D%0A++++end+if%0D%0Aend+mouseMove%0D%0A%0D%0Aon+mouseLeave%0D%0A++++glx2SetStatus+%0D%0A++++set+the+tooltip+of+me+to+empty%0D%0Aend+mouseLeave%0D%0A%0D%0Aon+mouseEnter%0D%0A++++unlock+cursor%0D%0Aend+mouseEnter%0D%0A" )</script>
</field>
