{
  "launch_module": "home",
  "libraries": "aagNetworkTracer,animationEngine,lib_MobileControls,lib_SivaSiva,lib_SivaSivaBookmark,lib_SivaSivaBrowser,lib_SivaSivaMedia,lib_SivaSivaPortal,lib_Dialogs,lib_timeUtilities,lib_CustomControls,lib_UIHandlers",
  "log_file": "sivasiva.log",
  "log_level": "info,error,fatal",
  "models": "aagDataStorageLib,aagDBLib,jnanam,model_SivaSiva,model_SivaSivaConfig,model_SivaSivaFiles,model_SivaSivaLog,model_SivaSivaPrefs,model_SivaSivaJournal,model_SivaSivaTracking,model_Stories",
  "stackfiles": [
  {
      "name": "behavior_RunColors",
      "file": "modules/color-meditation/behavior_RunColors.livecodescript"
    },
    {
      "name": "behavior_Shum",
      "file": "modules/shum/behavior_Shum.livecodescript"
    },
    {
      "name": "shum",
      "file": "modules/shum/shum.livecode"
    },
  {
      "name": "behavior_Stories",
      "file": "modules/stories/behavior_Stories.livecodescript"
    },
    {
      "name": "stories",
      "file": "modules/stories/stories.livecode"
    },
    {
      "name": "model_Stories",
      "file": "models/model_Stories.livecodescript"
    },
    {
      "name": "look",
      "file": "modules/look/look.livecode"
    },
    {
      "name": "behavior_Look",
      "file": "modules/Look/behavior_Look.livecodescript"
    },
    {
      "name": "calendar",
      "file": "modules/calendar/calendar.livecode"
    },
    {
      "name": "behavior_Calendar",
      "file": "modules/calendar/behavior_Calendar.livecodescript"
    },
    {
      "name": "animationEngine",
      "file": "libraries/animationEngine.livecode"
    },
    {
      "name": "lib_MobileControls",
      "file": "libraries/lib_MobileControls.livecodescript"
    },
    {
      "name": "lib_UIHandlers",
      "file": "libraries/lib_UIHandlers.livecodescript"
    },
    {
      "name": "lib_Calendar",
      "file": "libraries/lib_Calendar.livecodescript"
    },
    {
      "name": "behavior_footerNavigation",
      "file": "behaviors/behavior_footerNavigation.livecodescript"
    },
    {
      "name": "lib_CustomControls",
      "file": "libraries/lib_CustomControls.livecode"
    },
    {
      "name": "model_SivaSivaTracking",
      "file": "models/model_SivaSivaTracking.livecodescript"
    },
    {
      "name": "behavior_Portal",
      "file": "modules/portal/behavior_Portal.livecodescript"
    },
    {
      "name": "behavior_PortalCard",
      "file": "modules/portal/behavior_PortalCard.livecodescript"
    },
    {
      "name": "behavior_PortalViewScrolling",
      "file": "behaviors/behavior_PortalViewScrolling.livecodescript"
    },
    {
      "name": "behavior_globalNavControl",
      "file": "behaviors/behavior_globalNavControl.livecodescript"
    },
    {
      "name": "behavior_SearchAndFilter",
      "file": "behaviors/behavior_SearchAndFilter.livecodescript"
    },
    {
      "name": "behavior_Download",
      "file": "behaviors/behavior_Download.livecodescript"
    },
    {
      "name": "behavior_MediaManager",
      "file": "behaviors/behavior_MediaManager.livecodescript"
    },
    {
      "name": "behavior_SivaSivaSettings",
      "file": "behaviors/behavior_SivaSivaSettings.livecodescript"
    },
    {
      "name": "behavior_SocialShare",
      "file": "behaviors/behavior_SocialShare.livecodescript"
    },
    {
      "name": "behavior_WordPuzzles",
      "file": "modules/wordpuzzles/behavior_WordPuzzles.livecodescript"
    },
    {
      "name": "behavior_WordTile",
      "file": "modules/wordpuzzles/behavior_WordTile.livecodescript"
    },
    {
      "name": "behavior_GemsQuotes",
      "file": "modules/gems/behavior_GemsQuotes.livecodescript"
    },
    {
      "name": "behavior_updateUIPortal",
      "file": "modules/portal/behavior_updateUIPortal.livecodescript"
    },
    {
      "name": "behavior_ListenSelectPlay",
      "file": "modules/listen/behavior_ListenSelectPlay.livecodescript"
    },
    {
      "name": "behavior_Listen",
      "file": "modules/listen/behavior_Listen.livecodescript"
    },
    {
      "name": "behavior_MyAudio",
      "file": "modules/listen/behavior_MyAudio.livecodescript"
    },
    {
      "name": "behavior_ListenUI",
      "file": "modules/listen/behavior_ListenUI.livecodescript"
    },
    {
      "name": "behavior_view_SivaSivaBrowser",
      "file": "views/behavior_view_SivaSivaBrowser.livecodescript"
    },
    {
      "name": "behavior_view_LandscapeBrowser",
      "file": "views/behavior_view_LandscapeBrowser.livecodescript"
    },
    {
      "name": "view_BrowserLandscape",
      "file": "views/view_BrowserLandscape.livecode"
    },
    {
      "name": "Journal",
      "file": "modules/journal/journal.livecode"
    },
    {
      "name": "behavior_JournalEntry",
      "file": "modules/journal/behavior_JournalEntry.livecodescript"
    },
    {
      "name": "behavior_JournalEntryFavoriteToggle",
      "file": "modules/journal/behavior_JournalEntryFavoriteToggle.livecodescript"
    },
    {
      "name": "read",
      "file": "modules/read/read.livecode"
    },
    {
      "name": "Siva-Siva-Portal",
      "file": "Siva-Siva-Portal.livecode"
    },
    {
      "name": "SivaSivaResources",
      "file": "assets/SivaSivaResources.livecode"
    },
    {
      "name": "lexicon",
      "file": "modules/lexicon/lexicon.livecode"
    },
    {
      "name": "stories",
      "file": "modules/stories/stories.livecode"
    },
    {
      "name": "aagNetworkTracer",
      "file": "libraries/aagNetworkTracer.livecodescript"
    }
  ]
}