<button name="Variables _AND_ Constants" id="1042">
<traversalOn>true</traversalOn>
<ink>srcCopy</ink>
<threeD>true</threeD>
<hiliteBorder>false</hiliteBorder>
<blendLevel>0</blendLevel>
<rect>20,72,159,93</rect>
<mnemonic>0</mnemonic>
<armFill>false</armFill>
<visitedIcon>0</visitedIcon>
<showName>true</showName>
<showIcon>false</showIcon>
<hilited>true</hilited>
<sharedHilite>true</sharedHilite>
<shadow>false</shadow>
<textAlign>left</textAlign>
<armed>false</armed>
<menuMouseButton>1</menuMouseButton>
<id>1042</id>
<altId>0</altId>
<labelWidth>0</labelWidth>
<armedIcon>0</armedIcon>
<lockLoc>false</lockLoc>
<visited>false</visited>
<showHilite>false</showHilite>
<autoHilite>true</autoHilite>
<style>checkbox</style>
<disabledIcon>0</disabledIcon>
<armBorder>true</armBorder>
<name>button "Variables & Constants"</name>
<icon>0</icon>
<layer>11</layer>
<visible>false</visible>
<cantSelect>false</cantSelect>
<borderWidth>2</borderWidth>
<menuLines>5</menuLines>
<margins>3,4,4,4</margins>
<opaque>false</opaque>
<shadowOffset>4</shadowOffset>
<default>false</default>
<hiliteFill>true</hiliteFill>
<showBorder>false</showBorder>
<hiliteIcon>0</hiliteIcon>
<disabled>false</disabled>
<autoArm>false</autoArm>
<family>0</family>
<hoverIcon>0</hoverIcon>
<showFocusBorder>true</showFocusBorder>
<menuHistory>1</menuHistory>
<custompropertyset name= "cGlx2TimeStamp">
<checksum>urldecode( "%DB%18%BD%BC%92%FC%B4kx%CA%00%C5%92%8C5%7C" )</checksum>
</custompropertyset>
<script>urldecode( "--%3E+all+handlers%0D%0A%0D%0Aon+mouseUp+pMouseBtnNo%0D%0A++++if+the+hilited+of+me+is+true+then%0D%0A++++++++answer+warning+%22Choosing+this+menu+item+will+group+your+globals%2C%22+%26%26+%5C%0D%0A++++++++++++++++%22locals+and+constants+delared+outside+of+a+handler+at+the+top+of+your+script%22+%26%26+%5C%0D%0A++++++++++++++++%22in+a+folder.%22+%26+cr+%26+cr+%26+%5C%0D%0A++++++++++++++++%22Uncheck+this+default+preference+%28false%29+or+continue+with+it+checked+%28true%29%3F%22+with+%22Uncheck%22+or+%22Leave+Checked%22%0D%0A++++++++if+it+is+%22Uncheck%22+then%0D%0A++++++++++++set+the+hilited+of+me+to+false%0D%0A++++++++++++exit+mouseUp%0D%0A++++++++end+if%0D%0A++++end+if%0D%0A++++put+the+mainstack+of+this+stack+into+theParentStack++++++++%0D%0A++++set+the+cGroupVarsNConstants+of+stack+theParentStack+to+the+hilited+of+me%0D%0A++++glx2SavePrefs%0D%0A++++updateEveryTab%0D%0Aend+mouseUp%0D%0A" )</script>
</button>
