<field name="GLX2 Web" id="621084">
<traversalOn>false</traversalOn>
<ink>srcCopy</ink>
<firstIndent>0</firstIndent>
<dontSearch>false</dontSearch>
<toggleHilites>false</toggleHilites>
<threeD>false</threeD>
<scrollbarWidth>20</scrollbarWidth>
<blendLevel>0</blendLevel>
<rect>379,149,479,170</rect>
<multipleHilites>false</multipleHilites>
<shadow>false</shadow>
<hScroll>0</hScroll>
<textAlign>right</textAlign>
<vScrollbar>false</vScrollbar>
<hScrollbar>false</hScrollbar>
<id>621084</id>
<altId>0</altId>
<autoTab>false</autoTab>
<hGrid>false</hGrid>
<lockLoc>false</lockLoc>
<dontWrap>true</dontWrap>
<autoHilite>false</autoHilite>
<style>transparent</style>
<showLines>false</showLines>
<sharedText>true</sharedText>
<noncontiguousHilites>false</noncontiguousHilites>
<lockText>true</lockText>
<scroll>0</scroll>
<name>field "GLX2 Web"</name>
<vGrid>false</vGrid>
<listBehavior>false</listBehavior>
<layer>108</layer>
<visible>false</visible>
<cantSelect>false</cantSelect>
<borderWidth>2</borderWidth>
<margins>8</margins>
<htmlText>urldecode( "%3Cp%3E%3C%2Fp%3E" )</htmlText>
<threeDHilite>false</threeDHilite>
<opaque>false</opaque>
<shadowOffset>4</shadowOffset>
<showBorder>false</showBorder>
<disabled>false</disabled>
<fixedLineHeight>true</fixedLineHeight>
<vScroll>0</vScroll>
<showFocusBorder>false</showFocusBorder>
<custompropertyset name= "cREVTable">
<currentview>browser</currentview>
</custompropertyset>
<custompropertyset name= "cGlx2TimeStamp">
<checksum>urldecode( "H%12jF%2B%D5ea%EA%E3%C8iL3%15%84" )</checksum>
</custompropertyset>
<script>urldecode( "--%3E+GLX2+General%0D%0A%0D%0A%2F*+GLX2+Home*%0D%0Ahttp%3A%2F%2Fdaniels-mara.com%2Fglx2%0D%0Ahttp%3A%2F%2Fwww.daniels-mara.com%2Fglx2%0D%0Ahttp%3A%2F%2Fwww.daniels-mara.com%2Fglx2%2F%0D%0Ahttp%3A%2F%2Fdaniels-mara.com%2Fglx2%2F%0D%0A*%2F%0D%0A%0D%0A%2F*+Endorsements*%0D%0Ahttp%3A%2F%2Fdaniels-mara.com%2Fglx2%2Fendorsed_by.html%0D%0A*%2F%0D%0A%0D%0A%2F*+Features*%0D%0Ahttp%3A%2F%2Fdaniels-mara.com%2Fglx2%2Ffeatures%2F%0D%0Ahttp%3A%2F%2Fdaniels-mara.com%2Fglx2%2Ffeatures%0D%0Ahttp%3A%2F%2Fwww.daniels-mara.com%2Fglx2%2Ffeatures%0D%0Ahttp%3A%2F%2Fwww.daniels-mara.com%2Fglx2%2Ffeatures%2F%0D%0A*%2F%0D%0A%0D%0A%2F*+Getting+Started*%0D%0Ahttp%3A%2F%2Fdaniels-mara.com%2Fglx2%2Ffeatures%2Fgeneral%2Fgetting_started.html%0D%0A*%2F%0D%0A%0D%0A%2F*+Stop+Using+GLX2*%0D%0Ahttp%3A%2F%2Fdaniels-mara.com%2Fglx2%2Ffeatures%2Fgeneral%2Fstop_using.html%0D%0A*%2F%0D%0A%0D%0A%2F*+Tell+a+Friend*%0D%0Ahttp%3A%2F%2Fdaniels-mara.com%2Fglx2%2Fjedi.html%0D%0A*%2F%0D%0A%0D%0A--%3E+GLX2+Components%0D%0A%0D%0A%2F*+Crumb+Bar*%0D%0Ahttp%3A%2F%2Fdaniels-mara.com%2Fglx2%2Ffeatures%2Fcomponents%2Fcrumbs.html%0D%0A*%2F%0D%0A%0D%0A%2F*+Find+%26+Replace*%0D%0Ahttp%3A%2F%2Fdaniels-mara.com%2Fglx2%2Ffeatures%2Fcomponents%2Ffind_replace.html%0D%0A*%2F%0D%0A%0D%0A%2F*+Handlers*%0D%0Ahttp%3A%2F%2Fdaniels-mara.com%2Fglx2%2Ffeatures%2Fcomponents%2Fhandlers.html%0D%0A*%2F%0D%0A%0D%0A%2F*+Menubar*%0D%0Ahttp%3A%2F%2Fdaniels-mara.com%2Fglx2%2Ffeatures%2Fcomponents%2Fmenubar.html%0D%0A*%2F%0D%0A%0D%0A%2F*+Preferences*%0D%0Ahttp%3A%2F%2Fdaniels-mara.com%2Fglx2%2Ffeatures%2Fcomponents%2Fpreferences.html%0D%0A*%2F%0D%0A%0D%0A%2F*+Script+Snapshots*%0D%0Ahttp%3A%2F%2Fdaniels-mara.com%2Fglx2%2Ffeatures%2Fcomponents%2Fscript_snapshots.html%0D%0A*%2F%0D%0A%0D%0A%2F*+Scripts*%0D%0Ahttp%3A%2F%2Fdaniels-mara.com%2Fglx2%2Ffeatures%2Fcomponents%2Fscripts.html%0D%0A*%2F%0D%0A%0D%0A--%3E+GLX2+Lessons%0D%0A%0D%0A%2F*+Clairvoyance*%0D%0Ahttp%3A%2F%2Fdaniels-mara.com%2Fglx2%2Ffeatures%2Flessons%2Fclairvoyance.html%0D%0A*%2F%0D%0A%0D%0A%2F*+Default+Handlers*%0D%0Ahttp%3A%2F%2Fdaniels-mara.com%2Fglx2%2Ffeatures%2Flessons%2Fdefault_handlers.html%0D%0A*%2F%0D%0A%0D%0A--%3E+GLX2+Support%0D%0A%0D%0A%2F*+Support+Site*%0D%0Ahttp%3A%2F%2Fdaniels-mara.updatelog.com%0D%0Ahttp%3A%2F%2Fdaniels-mara.updatelog.com%2Fclients%0D%0A*%2F%0D%0A%0D%0A%2F*+Support+Email*%0D%0Amailto%3Asupportteam%40daniels-mara.com%0D%0A*%2F%0D%0A%0D%0A--%3E+Revolution%0D%0A%0D%0A%2F*+Rev+Home*%0D%0Ahttp%3A%2F%2Frunrev.com%0D%0Ahttp%3A%2F%2Frunrev.com%2F%0D%0A*%2F%0D%0A%0D%0A%2F*+Forums*%0D%0Ahttp%3A%2F%2Fforums.runrev.com%2FphpBB2%2Findex.php%0D%0A*%2F%0D%0A%0D%0A%2F*+Online+Store*%0D%0Ahttp%3A%2F%2Frunrev.com%2Fbuy%2Fglx%0D%0Ahttp%3A%2F%2Frunrev.com%2Fbuy%2Fglx%2F%0D%0A*%2F%0D%0A%0D%0A--%3E+Bookmarks%0D%0A%0D%0A%2F*+Google*%0D%0Ahttp%3A%2F%2Fwww.google.com%2F%0D%0A*%2F%0D%0A%0D%0A%2F*+Daniels+%26+Mara*%0D%0Ahttp%3A%2F%2Fdaniels-mara.com%2F%0D%0A*%2F%0D%0A%0D%0A%2F*+NY+Times+Headlines*%0D%0Ahttp%3A%2F%2Fwww.nytimes.com%2Ftodaysheadlines%0D%0A*%2F%0D%0A%0D%0A%2F*+Diary+of+Steve+Jobs*%0D%0Ahttp%3A%2F%2Ffakesteve.blogspot.com%2F%0D%0A*%2F%0D%0A%0D%0A--%3E+History%0D%0A%0D%0A%2F*+Spam%92s+End%3F+Maybe%2C+if+Time+Allows+-+New+York+Times*%0D%0Ahttp%3A%2F%2Fwww.nytimes.com%2F2007%2F12%2F03%2Ftechnology%2F03kirsch.html%3Fth%26emc%3Dth%0D%0A*%2F%0D%0A%0D%0A%2F*+What+IS+%27GLX2%27%3F+%7C+GLX2+%7C+Jerry+Daniels*%0D%0Ahttp%3A%2F%2Fdaniels-mara.com%2Fglx2%0D%0A*%2F%0D%0A%0D%0A%2F*+abaca+-+Google+Search*%0D%0Ahttp%3A%2F%2Fwww.google.com%2Fsearch%3Fsource%3Dig%26hl%3Den%26rlz%3D%26q%3Dabaca%26btnG%3DGoogle%2BSearch%0D%0A*%2F%0D%0A%0D%0A%2F*+Abaca+Email+Protection+Gateway%99+-+The+Only+Spam+Blocker+With+99%25+Accuracy+Guarantee*%0D%0Ahttp%3A%2F%2Fwww.abaca.com%2F%0D%0A*%2F%0D%0A%0D%0A%2F*+Today%27s+Headlines*%0D%0Ahttp%3A%2F%2Fwww.nytimes.com%2Fpages%2Ftodaysheadlines%2F%0D%0A*%2F%0D%0A%0D%0A%2F*+Facebook+Founder+Finds+He+Wants+Some+Privacy+-+New+York+Times*%0D%0Ahttp%3A%2F%2Fwww.nytimes.com%2F2007%2F12%2F03%2Ftechnology%2F03facebook.html%3Fth%26emc%3Dth%0D%0A*%2F%0D%0A%0D%0A%2F*+An+Antifashion+Classic+Returns+-+New+York+Times*%0D%0Ahttp%3A%2F%2Fwww.nytimes.com%2F2007%2F12%2F03%2Fbusiness%2Fmedia%2F03adcol.html%3Fth%26emc%3Dth%0D%0A*%2F%0D%0A%0D%0A%2F*+The+Secret+Diary+of+Steve+Jobs*%0D%0Ahttp%3A%2F%2Ffakesteve.blogspot.com%2F%0D%0A*%2F%0D%0A%0D%0A%2F*+The+Ultimate+iPhone+News+Resource+-+movies%2C+music%2C+mp3%2C+news*%0D%0Ahttp%3A%2F%2Fwww.iphone2die4.com%2F%0D%0A*%2F%0D%0A%0D%0A%2F*+%A0+Mophie+juice+pack+is+combo+iPhone+case+%26+battery+-+MY+iTablet*%0D%0Ahttp%3A%2F%2Ffeeds.feedburner.com%2F%7Er%2FMYiPhone%2F%7E3%2F194495631%2Fmophie-juice-pack-is-combo-iphone-case-battery-031812.php%0D%0A*%2F%0D%0A%0D%0A%2F*+Mophie+-+Products+-+Juice+Pack*%0D%0Ahttp%3A%2F%2Fmophie.com%2Fproducts%2Fjuice-pack-info%2F%3Fpod%3DiPhone%0D%0A*%2F%0D%0A%0D%0A%2F*+Digg+-+Apple+iPhone+Protecting+Case+%28Crystal+%26+Silicone%29*%0D%0Ahttp%3A%2F%2Fdigg.com%2Fapple%2FApple_iPhone_Protecting_Case_Crystal_Silicone%0D%0A*%2F%0D%0A%0D%0A%2F*+www.mall.hk+-+FREE+Shipping+%26+Greater+Price+than+Ebay+-+Silicone+Case+for+Apple+iPhone+4GB+8GB+%2B+Screen+Protector+Silicone+Case+for+Apple+iPhone+4GB+8GB+%2B+Screen+Protector*%0D%0Ahttp%3A%2F%2Fwww.mall.hk%2Fproduct_info.php%3Finfo%3Dp531_Silicone-Case-for-Apple-iPhone-4GB-8GB---Screen-Protector.html%0D%0A*%2F%0D%0A%0D%0A%2F*+www.mall.hk+-+FREE+Shipping+%26+Greater+Price+than+Ebay+-+Crystal+Hard+Case+for+Apple+iPhone+4GB+8GB+%2B+Screen+Protector+Crystal+Hard+Case+for+Apple+iPhone+4GB+8GB+%2B+Screen+Protector*%0D%0Ahttp%3A%2F%2Fwww.mall.hk%2Fproduct_info.php%3Finfo%3Dp530_Crystal-Hard-Case-for-Apple-iPhone-4GB-8GB---Screen-Protector.html%0D%0A*%2F%0D%0A%0D%0A%2F*+Mall.hk+News+%7C+Apple+iPhone+Protecting+Case+%28Crystal+%26+Silicone%29*%0D%0Ahttp%3A%2F%2Fnews.mall.hk%2F2007%2F11%2F22%2Fapple-iphone-protecting-case-crystal-silicone%2F%0D%0A*%2F%0D%0A%0D%0A%2F*+Digg+-+Sell+Your+Shares+if+Apple+Gets+iPod+Right%21+%7C+Playout+Intelligence*%0D%0Ahttp%3A%2F%2Fdigg.com%2Ftech_news%2FSell_Your_Shares_if_Apple_Gets_iPod_Right_Playout_Intelligence%0D%0A*%2F%0D%0A%0D%0A%2F*+Sell+Your+Shares+if+Apple+Gets+iPod+Right%21+%7C+Playout+Intelligence*%0D%0Ahttp%3A%2F%2Fwww.playoutintelligence.com%2F2007%2F12%2F03%2Fsell-your-shares-if-apple-gets-ipod-right%2F%0D%0A*%2F%0D%0A%0D%0A%2F*+Index+of+%2Fforum*%0D%0Ahttp%3A%2F%2Fdaniels-mara.com%2Fforum%2F%0D%0A*%2F++%0D%0A" )</script>
</field>
