<image name="plus" id="1068">
<traversalOn>false</traversalOn>
<palindromeFrames>false</palindromeFrames>
<ink>srcCopy</ink>
<threeD>true</threeD>
<blendLevel>23</blendLevel>
<rect>95,45,136,84</rect>
<angle>0</angle>
<yHot>1</yHot>
<id>1068</id>
<altId>0</altId>
<frameCount>0</frameCount>
<constantMask>false</constantMask>
<lockLoc>false</lockLoc>
<repeatCount>0</repeatCount>
<size>396</size>
<name>image "plus"</name>
<hotSpot>1,1</hotSpot>
<alwaysBuffer>false</alwaysBuffer>
<layer>11</layer>
<dontDither>false</dontDither>
<visible>true</visible>
<cantSelect>false</cantSelect>
<borderWidth>2</borderWidth>
<opaque>true</opaque>
<currentFrame>1</currentFrame>
<showBorder>false</showBorder>
<disabled>false</disabled>
<xHot>1</xHot>
<showFocusBorder>true</showFocusBorder>
<custompropertyset name= "cGlx2TimeStamp">
</custompropertyset>
<imagedata>urldecode( "%00%EA%EA%EA%00%EA%EA%EA%00%EA%EA%EA%00%EA%EA%EA%00%EA%EA%EA%00%EA%EA%EA%00%EA%EA%EA%00%EA%EA%EA%00%EA%EA%EA%00%EA%EA%EA%00%EA%EA%EA%00%EA%EA%EA%00%EA%EA%EA%00%EA%EA%EA%00%EA%EA%EA%00%EA%EA%EA%00%EA%EA%EA%00%EA%EA%EA%00%EA%EA%EA%00%EA%EA%EA%00%EA%EA%EA%00%EA%EA%EA%00%EA%EA%EA%00%EA%EA%EA%00%EA%EA%EA%00%EA%EA%EA%00%EA%EA%EA%00%EA%EA%EA%00%EA%EA%EA%00%EA%EA%EA%00%EA%EA%EA%00%EA%EA%EA%00%EA%EA%EA%00%EA%EA%EA%00%EA%EA%EA%00%EA%EA%EA%00%EA%EA%EA%00%EA%EA%EA%00%EA%EA%EA%00%EA%EA%EA%00%EA%EA%EA%00%EA%EA%EA%00%EA%EA%EA%00%EA%EA%EA%00%EA%EA%EA%00%EA%EA%EA%00%EA%EA%EA%00%EA%EA%EA%00%EA%EA%EA%00%EA%EA%EA%00%EA%EA%EA%00%EA%EA%EA%00%EA%EA%EA%00%EA%EA%EA%00%EA%EA%EA%00%EA%EA%EA%00%EA%EA%EA%00%EA%EA%EA%00%EA%EA%EA%00%EA%EA%EA%00%EA%EA%EA%00%EA%EA%EA%00%EA%EA%EA%00%EA%EA%EA%00%EA%EA%EA%00%EA%EA%EA%00%EA%EA%EA%00%EA%EA%EA%00%EA%EA%EA%00%EA%EA%EA%00%EA%EA%EA%00%EA%EA%EA%00%EA%EA%EA%00%EA%EA%EA%00%EA%EA%EA%00%EA%EA%EA%00%EA%EA%EA%00%EA%EA%EA%00%EA%EA%EA%00%EA%EA%EA%00%EA%EA%EA%00%EA%EA%EA%00%EA%EA%EA%00%EA%EA%EA%00%EA%EA%EA%00%EA%EA%EA%00%EA%EA%EA%00%EA%EA%EA%00%EA%EA%EA%00%EA%EA%EA%00%EA%EA%EA%00%EA%EA%EA%00%EA%EA%EA%00%EA%EA%EA%00%EA%EA%EA%00%EA%EA%EA%00%EA%EA%EA%00%EA%EA%EA%00%EA%EA%EA%00%EA%EA%EA%00%EA%EA%EA%00%EA%EA%EA%00%EA%EA%EA%00%EA%EA%EA%00%EA%EA%EA%00%EA%EA%EA%00%EA%EA%EA%00%EA%EA%EA%00%EA%EA%EA%00%EA%EA%EA%00%EA%EA%EA%00%EA%EA%EA%00%EA%EA%EA%00%EA%EA%EA%00%EA%EA%EA%00%EA%EA%EA%00%EA%EA%EA%00%EA%EA%EA%00%EA%EA%EA%00%EA%EA%EA%00%EA%EA%EA%00%EA%EA%EA%00%EA%EA%EA%00%EA%EA%EA%00%EA%EA%EA%00%EA%EA%EA%00%EA%EA%EA%00%EA%EA%EA%00%EA%EA%EA%00%EA%EA%EA%00%EA%EA%EA%00%EA%EA%EA%00%EA%EA%EA%00%EA%EA%EA%00%EA%EA%EA%00%EA%EA%EA%00%EA%EA%EA%00%EA%EA%EA%00%EA%EA%EA%00%EA%EA%EA%00%EA%EA%EA%00%EA%EA%EA%00%EA%EA%EA%00%EA%EA%EA%00%EA%EA%EA%00%EA%EA%EA%00%EA%EA%EA%00%EA%EA%EA%00%EA%EA%EA%00%EA%EA%EA%00%EA%EA%EA%00%EA%EA%EA%00%EA%EA%EA%00%EA%EA%EA%00%EA%EA%EA%00%EA%EA%EA%00%EA%EA%EA%00%EA%EA%EA%00%EA%EA%EA%00%EA%EA%EA%00%EA%EA%EA%00%EA%EA%EA%00%EA%EA%EA%00%EA%EA%EA%00%EA%EA%EA%00%EA%EA%EA%00%EA%EA%EA%00%EA%EA%EA%00%EA%EA%EA%00%EA%EA%EA%00%EA%EA%EA%00%EA%EA%EA%00%EA%EA%EA%00%EA%EA%EA%00%EA%EA%EA%00%EA%EA%EA%00%EA%EA%EA%00%EA%EA%EA%00%EA%EA%EA%00%EA%EA%EA%00%EA%EA%EA%00%EA%EA%EA%00%EA%EA%EA%00%DA%DA%DA%00%DA%DA%DA%00%DA%DA%DA%00%EE%EE%EE%00%EA%EA%EA%00%EA%EA%EA%00%EA%EA%EA%00%EA%EA%EA%00%EA%EA%EA%00%EA%EA%EA%00%EA%EA%EA%00%EA%EA%EA%00%EA%EA%EA%00%EA%EA%EA%00%EA%EA%EA%00%EA%EA%EA%00%EA%EA%EA%00%EA%EA%EA%00%EA%EA%EA%00%EA%EA%EA%00%EA%EA%EA%00%EA%EA%EA%00%EA%EA%EA%00%EA%EA%EA%00%EA%EA%EA%00%EA%EA%EA%00%EA%EA%EA%00%EA%EA%EA%00%EA%EA%EA%00%EA%EA%EA%00%EA%EA%EA%00%EA%EA%EA%00%EA%EA%EA%00%EA%EA%EA%00%EA%EA%EA%00%EA%EA%EA%00%EA%EA%EA%00%EA%EA%EA%00%EA%EA%EA%00%EA%EA%EA%00%80%80%80%00%00%00%00%00%00%00%00%00%00%00%00%00%94%94%94%00%EA%EA%EA%00%EA%EA%EA%00%EA%EA%EA%00%EA%EA%EA%00%EA%EA%EA%00%EA%EA%EA%00%EA%EA%EA%00%EA%EA%EA%00%EA%EA%EA%00%EA%EA%EA%00%EA%EA%EA%00%EA%EA%EA%00%EA%EA%EA%00%EA%EA%EA%00%EA%EA%EA%00%EA%EA%EA%00%EA%EA%EA%00%EA%EA%EA%00%EA%EA%EA%00%EA%EA%EA%00%EA%EA%EA%00%EA%EA%EA%00%EA%EA%EA%00%EA%EA%EA%00%EA%EA%EA%00%EA%EA%EA%00%EA%EA%EA%00%EA%EA%EA%00%EA%EA%EA%00%EA%EA%EA%00%EA%EA%EA%00%EA%EA%EA%00%EA%EA%EA%00%EA%EA%EA%00%EA%EA%EA%00%EA%EA%EA%00%80%80%80%00%00%00%00%00%00%00%00%00%00%00%00%00%94%94%94%00%EA%EA%EA%00%EA%EA%EA%00%EA%EA%EA%00%EA%EA%EA%00%EA%EA%EA%00%EA%EA%EA%00%EA%EA%EA%00%EA%EA%EA%00%EA%EA%EA%00%EA%EA%EA%00%EA%EA%EA%00%EA%EA%EA%00%EA%EA%EA%00%EA%EA%EA%00%EA%EA%EA%00%EA%EA%EA%00%EA%EA%EA%00%EA%EA%EA%00%EA%EA%EA%00%EA%EA%EA%00%EA%EA%EA%00%EA%EA%EA%00%EA%EA%EA%00%EA%EA%EA%00%EA%EA%EA%00%EA%EA%EA%00%EA%EA%EA%00%EA%EA%EA%00%EA%EA%EA%00%EA%EA%EA%00%EA%EA%EA%00%EA%EA%EA%00%EA%EA%EA%00%EA%EA%EA%00%EA%EA%EA%00%EA%EA%EA%00%80%80%80%00%00%00%00%00%00%00%00%00%00%00%00%00%94%94%94%00%EA%EA%EA%00%EA%EA%EA%00%EA%EA%EA%00%EA%EA%EA%00%EA%EA%EA%00%EA%EA%EA%00%EA%EA%EA%00%EA%EA%EA%00%EA%EA%EA%00%EA%EA%EA%00%EA%EA%EA%00%EA%EA%EA%00%EA%EA%EA%00%EA%EA%EA%00%EA%EA%EA%00%EA%EA%EA%00%EA%EA%EA%00%EA%EA%EA%00%EA%EA%EA%00%EA%EA%EA%00%EA%EA%EA%00%EA%EA%EA%00%EA%EA%EA%00%EA%EA%EA%00%EA%EA%EA%00%EA%EA%EA%00%EA%EA%EA%00%EA%EA%EA%00%EA%EA%EA%00%EA%EA%EA%00%EA%EA%EA%00%EA%EA%EA%00%EA%EA%EA%00%EA%EA%EA%00%EA%EA%EA%00%EA%EA%EA%00%80%80%80%00%00%00%00%00%00%00%00%00%00%00%00%00%94%94%94%00%EA%EA%EA%00%EA%EA%EA%00%EA%EA%EA%00%EA%EA%EA%00%EA%EA%EA%00%EA%EA%EA%00%EA%EA%EA%00%EA%EA%EA%00%EA%EA%EA%00%EA%EA%EA%00%EA%EA%EA%00%EA%EA%EA%00%EA%EA%EA%00%EA%EA%EA%00%EA%EA%EA%00%EA%EA%EA%00%EA%EA%EA%00%EA%EA%EA%00%EA%EA%EA%00%EA%EA%EA%00%EA%EA%EA%00%EA%EA%EA%00%EA%EA%EA%00%EA%EA%EA%00%EA%EA%EA%00%EA%EA%EA%00%EA%EA%EA%00%EA%EA%EA%00%EA%EA%EA%00%EA%EA%EA%00%EA%EA%EA%00%EA%EA%EA%00%EA%EA%EA%00%EA%EA%EA%00%EA%EA%EA%00%EA%EA%EA%00%80%80%80%00%00%00%00%00%00%00%00%00%00%00%00%00%94%94%94%00%EA%EA%EA%00%EA%EA%EA%00%EA%EA%EA%00%EA%EA%EA%00%EA%EA%EA%00%EA%EA%EA%00%EA%EA%EA%00%EA%EA%EA%00%EA%EA%EA%00%EA%EA%EA%00%EA%EA%EA%00%EA%EA%EA%00%EA%EA%EA%00%EA%EA%EA%00%EA%EA%EA%00%EA%EA%EA%00%EA%EA%EA%00%EA%EA%EA%00%EA%EA%EA%00%EA%EA%EA%00%EA%EA%EA%00%EA%EA%EA%00%EA%EA%EA%00%EA%EA%EA%00%EA%EA%EA%00%EA%EA%EA%00%EA%EA%EA%00%EA%EA%EA%00%EA%EA%EA%00%EA%EA%EA%00%EA%EA%EA%00%EA%EA%EA%00%EA%EA%EA%00%EA%EA%EA%00%EA%EA%EA%00%EA%EA%EA%00%80%80%80%00%00%00%00%00%00%00%00%00%00%00%00%00%94%94%94%00%EA%EA%EA%00%EA%EA%EA%00%EA%EA%EA%00%EA%EA%EA%00%EA%EA%EA%00%EA%EA%EA%00%EA%EA%EA%00%EA%EA%EA%00%EA%EA%EA%00%EA%EA%EA%00%EA%EA%EA%00%EA%EA%EA%00%EA%EA%EA%00%EA%EA%EA%00%EA%EA%EA%00%EA%EA%EA%00%EA%EA%EA%00%EA%EA%EA%00%EA%EA%EA%00%EA%EA%EA%00%EA%EA%EA%00%EA%EA%EA%00%EA%EA%EA%00%EA%EA%EA%00%EA%EA%EA%00%EA%EA%EA%00%EA%EA%EA%00%EA%EA%EA%00%EA%EA%EA%00%EA%EA%EA%00%EA%EA%EA%00%EA%EA%EA%00%EA%EA%EA%00%EA%EA%EA%00%EA%EA%EA%00%EA%EA%EA%00%80%80%80%00%00%00%00%00%00%00%00%00%00%00%00%00%94%94%94%00%EA%EA%EA%00%EA%EA%EA%00%EA%EA%EA%00%EA%EA%EA%00%EA%EA%EA%00%EA%EA%EA%00%EA%EA%EA%00%EA%EA%EA%00%EA%EA%EA%00%EA%EA%EA%00%EA%EA%EA%00%EA%EA%EA%00%EA%EA%EA%00%EA%EA%EA%00%EA%EA%EA%00%EA%EA%EA%00%EA%EA%EA%00%EA%EA%EA%00%EA%EA%EA%00%EA%EA%EA%00%EA%EA%EA%00%EA%EA%EA%00%EA%EA%EA%00%EA%EA%EA%00%EA%EA%EA%00%EA%EA%EA%00%EA%EA%EA%00%EA%EA%EA%00%EA%EA%EA%00%EA%EA%EA%00%EA%EA%EA%00%EA%EA%EA%00%EA%EA%EA%00%EA%EA%EA%00%EA%EA%EA%00%EA%EA%EA%00%80%80%80%00%00%00%00%00%00%00%00%00%00%00%00%00%94%94%94%00%EA%EA%EA%00%EA%EA%EA%00%EA%EA%EA%00%EA%EA%EA%00%EA%EA%EA%00%EA%EA%EA%00%EA%EA%EA%00%EA%EA%EA%00%EA%EA%EA%00%EA%EA%EA%00%EA%EA%EA%00%EA%EA%EA%00%EA%EA%EA%00%EA%EA%EA%00%EA%EA%EA%00%EA%EA%EA%00%EA%EA%EA%00%EA%EA%EA%00%EA%EA%EA%00%EA%EA%EA%00%EA%EA%EA%00%EA%EA%EA%00%EA%EA%EA%00%EA%EA%EA%00%EA%EA%EA%00%EA%EA%EA%00%EA%EA%EA%00%EA%EA%EA%00%EA%EA%EA%00%EA%EA%EA%00%EA%EA%EA%00%EA%EA%EA%00%EA%EA%EA%00%EA%EA%EA%00%EA%EA%EA%00%EA%EA%EA%00%80%80%80%00%00%00%00%00%00%00%00%00%00%00%00%00%94%94%94%00%EA%EA%EA%00%EA%EA%EA%00%EA%EA%EA%00%EA%EA%EA%00%EA%EA%EA%00%EA%EA%EA%00%EA%EA%EA%00%EA%EA%EA%00%EA%EA%EA%00%EA%EA%EA%00%EA%EA%EA%00%EA%EA%EA%00%EA%EA%EA%00%EA%EA%EA%00%EA%EA%EA%00%EA%EA%EA%00%EA%EA%EA%00%EA%EA%EA%00%EA%EA%EA%00%EA%EA%EA%00%EA%EA%EA%00%EA%EA%EA%00%EA%EA%EA%00%EA%EA%EA%00%EA%EA%EA%00%EA%EA%EA%00%EA%EA%EA%00%EA%EA%EA%00%EA%EA%EA%00%EA%EA%EA%00%EA%EA%EA%00%EA%EA%EA%00%EA%EA%EA%00%EA%EA%EA%00%EA%EA%EA%00%EA%EA%EA%00%80%80%80%00%00%00%00%00%00%00%00%00%00%00%00%00%94%94%94%00%EA%EA%EA%00%EA%EA%EA%00%EA%EA%EA%00%EA%EA%EA%00%EA%EA%EA%00%EA%EA%EA%00%EA%EA%EA%00%EA%EA%EA%00%EA%EA%EA%00%EA%EA%EA%00%EA%EA%EA%00%EA%EA%EA%00%EA%EA%EA%00%EA%EA%EA%00%EA%EA%EA%00%EA%EA%EA%00%EA%EA%EA%00%EA%EA%EA%00%EA%EA%EA%00%EA%EA%EA%00%EA%EA%EA%00%EA%EA%EA%00%EA%EA%EA%00%EA%EA%EA%00%EA%EA%EA%00%EA%EA%EA%00%EA%EA%EA%00%EA%EA%EA%00%EA%EA%EA%00%EA%EA%EA%00%EA%EA%EA%00%EA%EA%EA%00%EA%EA%EA%00%EA%EA%EA%00%EA%EA%EA%00%EA%EA%EA%00%80%80%80%00%00%00%00%00%00%00%00%00%00%00%00%00%94%94%94%00%EA%EA%EA%00%EA%EA%EA%00%EA%EA%EA%00%EA%EA%EA%00%EA%EA%EA%00%EA%EA%EA%00%EA%EA%EA%00%EA%EA%EA%00%EA%EA%EA%00%EA%EA%EA%00%EA%EA%EA%00%EA%EA%EA%00%EA%EA%EA%00%EA%EA%EA%00%EA%EA%EA%00%EA%EA%EA%00%EA%EA%EA%00%EA%EA%EA%00%EA%EA%EA%00%EA%EA%EA%00%EA%EA%EA%00%EA%EA%EA%00%EA%EA%EA%00%EA%EA%EA%00%EA%EA%EA%00%EA%EA%EA%00%EA%EA%EA%00%EA%EA%EA%00%EA%EA%EA%00%EA%EA%EA%00%EA%EA%EA%00%EA%EA%EA%00%EA%EA%EA%00%EA%EA%EA%00%EA%EA%EA%00%EA%EA%EA%00%80%80%80%00%00%00%00%00%00%00%00%00%00%00%00%00%94%94%94%00%EA%EA%EA%00%EA%EA%EA%00%EA%EA%EA%00%EA%EA%EA%00%EA%EA%EA%00%EA%EA%EA%00%EA%EA%EA%00%EA%EA%EA%00%EA%EA%EA%00%EA%EA%EA%00%EA%EA%EA%00%EA%EA%EA%00%EA%EA%EA%00%EA%EA%EA%00%EA%EA%EA%00%EA%EA%EA%00%EA%EA%EA%00%EA%EA%EA%00%EA%EA%EA%00%EA%EA%EA%00%EA%EA%EA%00%EA%EA%EA%00%EA%EA%EA%00%EA%EA%EA%00%EA%EA%EA%00%EA%EA%EA%00%EA%EA%EA%00%EA%EA%EA%00%EA%EA%EA%00%EA%EA%EA%00%EA%EA%EA%00%EA%EA%EA%00%EA%EA%EA%00%EA%EA%EA%00%EA%EA%EA%00%EA%EA%EA%00%80%80%80%00%00%00%00%00%00%00%00%00%00%00%00%00%94%94%94%00%EA%EA%EA%00%EA%EA%EA%00%EA%EA%EA%00%EA%EA%EA%00%EA%EA%EA%00%EA%EA%EA%00%EA%EA%EA%00%EA%EA%EA%00%EA%EA%EA%00%EA%EA%EA%00%EA%EA%EA%00%EA%EA%EA%00%EA%EA%EA%00%EA%EA%EA%00%EA%EA%EA%00%EA%EA%EA%00%EA%EA%EA%00%EA%EA%EA%00%EA%EA%EA%00%EA%EA%EA%00%EA%EA%EA%00%EA%EA%EA%00%EA%EA%EA%00OOO%00%2F%2F%2F%00%2F%2F%2F%00%2F%2F%2F%00%2F%2F%2F%00%2F%2F%2F%00%2F%2F%2F%00%2F%2F%2F%00%2F%2F%2F%00%2F%2F%2F%00%2F%2F%2F%00%2F%2F%2F%00%2F%2F%2F%00%18%18%18%00%00%00%00%00%00%00%00%00%00%00%00%00%1C%1C%1C%00%2F%2F%2F%00%2F%2F%2F%00%2F%2F%2F%00%2F%2F%2F%00%2F%2F%2F%00%2F%2F%2F%00%2F%2F%2F%00%2F%2F%2F%00%2F%2F%2F%00%2F%2F%2F%00%2F%2F%2F%00%2F%2F%2F%00bbb%00%EA%EA%EA%00%EA%EA%EA%00%EA%EA%EA%00%EA%EA%EA%00%EA%EA%EA%00%EA%EA%EA%00%EA%EA%EA%00%EA%EA%EA%00%EA%EA%EA%00%EA%EA%EA%00%2F%2F%2F%00%00%00%00%00%00%00%00%00%00%00%00%00%00%00%00%00%00%00%00%00%00%00%00%00%00%00%00%00%00%00%00%00%00%00%00%00%00%00%00%00%00%00%00%00%00%00%00%00%00%00%00%00%00%00%00%00%00%00%00%00%00%00%00%00%00%00%00%00%00%00%00%00%00%00%00%00%00%00%00%00%00%00%00%00%00%00%00%00%00%00%00%00%00%00%00%00%00%00%00%00%00%00%00%00%00%00%00%00%00%00%00%00%00%00%00%00GGG%00%EA%EA%EA%00%EA%EA%EA%00%EA%EA%EA%00%EA%EA%EA%00%EA%EA%EA%00%EA%EA%EA%00%EA%EA%EA%00%EA%EA%EA%00%EA%EA%EA%00%EA%EA%EA%00%2F%2F%2F%00%00%00%00%00%00%00%00%00%00%00%00%00%00%00%00%00%00%00%00%00%00%00%00%00%00%00%00%00%00%00%00%00%00%00%00%00%00%00%00%00%00%00%00%00%00%00%00%00%00%00%00%00%00%00%00%00%00%00%00%00%00%00%00%00%00%00%00%00%00%00%00%00%00%00%00%00%00%00%00%00%00%00%00%00%00%00%00%00%00%00%00%00%00%00%00%00%00%00%00%00%00%00%00%00%00%00%00%00%00%00%00%00%00%00%00%00GGG%00%EA%EA%EA%00%EA%EA%EA%00%EA%EA%EA%00%EA%EA%EA%00%EA%EA%EA%00%EA%EA%EA%00%EA%EA%EA%00%EA%EA%EA%00%EA%EA%EA%00%EA%EA%EA%00%2F%2F%2F%00%00%00%00%00%00%00%00%00%00%00%00%00%00%00%00%00%00%00%00%00%00%00%00%00%00%00%00%00%00%00%00%00%00%00%00%00%00%00%00%00%00%00%00%00%00%00%00%00%00%00%00%00%00%00%00%00%00%00%00%00%00%00%00%00%00%00%00%00%00%00%00%00%00%00%00%00%00%00%00%00%00%00%00%00%00%00%00%00%00%00%00%00%00%00%00%00%00%00%00%00%00%00%00%00%00%00%00%00%00%00%00%00%00%00%00%00GGG%00%EA%EA%EA%00%EA%EA%EA%00%EA%EA%EA%00%EA%EA%EA%00%EA%EA%EA%00%EA%EA%EA%00%EA%EA%EA%00%EA%EA%EA%00%EA%EA%EA%00%EA%EA%EA%00%F9%F9%F9%00%F8%F8%F8%00%F8%F8%F8%00%F8%F8%F8%00%F8%F8%F8%00%F8%F8%F8%00%F8%F8%F8%00%F8%F8%F8%00%F8%F8%F8%00%F8%F8%F8%00%F8%F8%F8%00%F8%F8%F8%00%F8%F8%F8%00%7C%7C%7C%00%00%00%00%00%00%00%00%00%00%00%00%00%90%90%90%00%F8%F8%F8%00%F8%F8%F8%00%F8%F8%F8%00%F8%F8%F8%00%F8%F8%F8%00%F8%F8%F8%00%F8%F8%F8%00%F8%F8%F8%00%F8%F8%F8%00%F8%F8%F8%00%F8%F8%F8%00%F8%F8%F8%00%F9%F9%F9%00%EA%EA%EA%00%EA%EA%EA%00%EA%EA%EA%00%EA%EA%EA%00%EA%EA%EA%00%EA%EA%EA%00%EA%EA%EA%00%EA%EA%EA%00%EA%EA%EA%00%EA%EA%EA%00%EA%EA%EA%00%EA%EA%EA%00%EA%EA%EA%00%EA%EA%EA%00%EA%EA%EA%00%EA%EA%EA%00%EA%EA%EA%00%EA%EA%EA%00%EA%EA%EA%00%EA%EA%EA%00%EA%EA%EA%00%EA%EA%EA%00%EA%EA%EA%00%80%80%80%00%00%00%00%00%00%00%00%00%00%00%00%00%94%94%94%00%EA%EA%EA%00%EA%EA%EA%00%EA%EA%EA%00%EA%EA%EA%00%EA%EA%EA%00%EA%EA%EA%00%EA%EA%EA%00%EA%EA%EA%00%EA%EA%EA%00%EA%EA%EA%00%EA%EA%EA%00%EA%EA%EA%00%EA%EA%EA%00%EA%EA%EA%00%EA%EA%EA%00%EA%EA%EA%00%EA%EA%EA%00%EA%EA%EA%00%EA%EA%EA%00%EA%EA%EA%00%EA%EA%EA%00%EA%EA%EA%00%EA%EA%EA%00%EA%EA%EA%00%EA%EA%EA%00%EA%EA%EA%00%EA%EA%EA%00%EA%EA%EA%00%EA%EA%EA%00%EA%EA%EA%00%EA%EA%EA%00%EA%EA%EA%00%EA%EA%EA%00%EA%EA%EA%00%EA%EA%EA%00%EA%EA%EA%00%80%80%80%00%00%00%00%00%00%00%00%00%00%00%00%00%94%94%94%00%EA%EA%EA%00%EA%EA%EA%00%EA%EA%EA%00%EA%EA%EA%00%EA%EA%EA%00%EA%EA%EA%00%EA%EA%EA%00%EA%EA%EA%00%EA%EA%EA%00%EA%EA%EA%00%EA%EA%EA%00%EA%EA%EA%00%EA%EA%EA%00%EA%EA%EA%00%EA%EA%EA%00%EA%EA%EA%00%EA%EA%EA%00%EA%EA%EA%00%EA%EA%EA%00%EA%EA%EA%00%EA%EA%EA%00%EA%EA%EA%00%EA%EA%EA%00%EA%EA%EA%00%EA%EA%EA%00%EA%EA%EA%00%EA%EA%EA%00%EA%EA%EA%00%EA%EA%EA%00%EA%EA%EA%00%EA%EA%EA%00%EA%EA%EA%00%EA%EA%EA%00%EA%EA%EA%00%EA%EA%EA%00%EA%EA%EA%00%80%80%80%00%00%00%00%00%00%00%00%00%00%00%00%00%94%94%94%00%EA%EA%EA%00%EA%EA%EA%00%EA%EA%EA%00%EA%EA%EA%00%EA%EA%EA%00%EA%EA%EA%00%EA%EA%EA%00%EA%EA%EA%00%EA%EA%EA%00%EA%EA%EA%00%EA%EA%EA%00%EA%EA%EA%00%EA%EA%EA%00%EA%EA%EA%00%EA%EA%EA%00%EA%EA%EA%00%EA%EA%EA%00%EA%EA%EA%00%EA%EA%EA%00%EA%EA%EA%00%EA%EA%EA%00%EA%EA%EA%00%EA%EA%EA%00%EA%EA%EA%00%EA%EA%EA%00%EA%EA%EA%00%EA%EA%EA%00%EA%EA%EA%00%EA%EA%EA%00%EA%EA%EA%00%EA%EA%EA%00%EA%EA%EA%00%EA%EA%EA%00%EA%EA%EA%00%EA%EA%EA%00%EA%EA%EA%00%80%80%80%00%00%00%00%00%00%00%00%00%00%00%00%00%94%94%94%00%EA%EA%EA%00%EA%EA%EA%00%EA%EA%EA%00%EA%EA%EA%00%EA%EA%EA%00%EA%EA%EA%00%EA%EA%EA%00%EA%EA%EA%00%EA%EA%EA%00%EA%EA%EA%00%EA%EA%EA%00%EA%EA%EA%00%EA%EA%EA%00%EA%EA%EA%00%EA%EA%EA%00%EA%EA%EA%00%EA%EA%EA%00%EA%EA%EA%00%EA%EA%EA%00%EA%EA%EA%00%EA%EA%EA%00%EA%EA%EA%00%EA%EA%EA%00%EA%EA%EA%00%EA%EA%EA%00%EA%EA%EA%00%EA%EA%EA%00%EA%EA%EA%00%EA%EA%EA%00%EA%EA%EA%00%EA%EA%EA%00%EA%EA%EA%00%EA%EA%EA%00%EA%EA%EA%00%EA%EA%EA%00%EA%EA%EA%00%80%80%80%00%00%00%00%00%00%00%00%00%00%00%00%00%94%94%94%00%EA%EA%EA%00%EA%EA%EA%00%EA%EA%EA%00%EA%EA%EA%00%EA%EA%EA%00%EA%EA%EA%00%EA%EA%EA%00%EA%EA%EA%00%EA%EA%EA%00%EA%EA%EA%00%EA%EA%EA%00%EA%EA%EA%00%EA%EA%EA%00%EA%EA%EA%00%EA%EA%EA%00%EA%EA%EA%00%EA%EA%EA%00%EA%EA%EA%00%EA%EA%EA%00%EA%EA%EA%00%EA%EA%EA%00%EA%EA%EA%00%EA%EA%EA%00%EA%EA%EA%00%EA%EA%EA%00%EA%EA%EA%00%EA%EA%EA%00%EA%EA%EA%00%EA%EA%EA%00%EA%EA%EA%00%EA%EA%EA%00%EA%EA%EA%00%EA%EA%EA%00%EA%EA%EA%00%EA%EA%EA%00%EA%EA%EA%00%80%80%80%00%00%00%00%00%00%00%00%00%00%00%00%00%94%94%94%00%EA%EA%EA%00%EA%EA%EA%00%EA%EA%EA%00%EA%EA%EA%00%EA%EA%EA%00%EA%EA%EA%00%EA%EA%EA%00%EA%EA%EA%00%EA%EA%EA%00%EA%EA%EA%00%EA%EA%EA%00%EA%EA%EA%00%EA%EA%EA%00%EA%EA%EA%00%EA%EA%EA%00%EA%EA%EA%00%EA%EA%EA%00%EA%EA%EA%00%EA%EA%EA%00%EA%EA%EA%00%EA%EA%EA%00%EA%EA%EA%00%EA%EA%EA%00%EA%EA%EA%00%EA%EA%EA%00%EA%EA%EA%00%EA%EA%EA%00%EA%EA%EA%00%EA%EA%EA%00%EA%EA%EA%00%EA%EA%EA%00%EA%EA%EA%00%EA%EA%EA%00%EA%EA%EA%00%EA%EA%EA%00%EA%EA%EA%00%80%80%80%00%00%00%00%00%00%00%00%00%00%00%00%00%94%94%94%00%EA%EA%EA%00%EA%EA%EA%00%EA%EA%EA%00%EA%EA%EA%00%EA%EA%EA%00%EA%EA%EA%00%EA%EA%EA%00%EA%EA%EA%00%EA%EA%EA%00%EA%EA%EA%00%EA%EA%EA%00%EA%EA%EA%00%EA%EA%EA%00%EA%EA%EA%00%EA%EA%EA%00%EA%EA%EA%00%EA%EA%EA%00%EA%EA%EA%00%EA%EA%EA%00%EA%EA%EA%00%EA%EA%EA%00%EA%EA%EA%00%EA%EA%EA%00%EA%EA%EA%00%EA%EA%EA%00%EA%EA%EA%00%EA%EA%EA%00%EA%EA%EA%00%EA%EA%EA%00%EA%EA%EA%00%EA%EA%EA%00%EA%EA%EA%00%EA%EA%EA%00%EA%EA%EA%00%EA%EA%EA%00%EA%EA%EA%00%80%80%80%00%00%00%00%00%00%00%00%00%00%00%00%00%94%94%94%00%EA%EA%EA%00%EA%EA%EA%00%EA%EA%EA%00%EA%EA%EA%00%EA%EA%EA%00%EA%EA%EA%00%EA%EA%EA%00%EA%EA%EA%00%EA%EA%EA%00%EA%EA%EA%00%EA%EA%EA%00%EA%EA%EA%00%EA%EA%EA%00%EA%EA%EA%00%EA%EA%EA%00%EA%EA%EA%00%EA%EA%EA%00%EA%EA%EA%00%EA%EA%EA%00%EA%EA%EA%00%EA%EA%EA%00%EA%EA%EA%00%EA%EA%EA%00%EA%EA%EA%00%EA%EA%EA%00%EA%EA%EA%00%EA%EA%EA%00%EA%EA%EA%00%EA%EA%EA%00%EA%EA%EA%00%EA%EA%EA%00%EA%EA%EA%00%EA%EA%EA%00%EA%EA%EA%00%EA%EA%EA%00%EA%EA%EA%00%80%80%80%00%00%00%00%00%00%00%00%00%00%00%00%00%94%94%94%00%EA%EA%EA%00%EA%EA%EA%00%EA%EA%EA%00%EA%EA%EA%00%EA%EA%EA%00%EA%EA%EA%00%EA%EA%EA%00%EA%EA%EA%00%EA%EA%EA%00%EA%EA%EA%00%EA%EA%EA%00%EA%EA%EA%00%EA%EA%EA%00%EA%EA%EA%00%EA%EA%EA%00%EA%EA%EA%00%EA%EA%EA%00%EA%EA%EA%00%EA%EA%EA%00%EA%EA%EA%00%EA%EA%EA%00%EA%EA%EA%00%EA%EA%EA%00%EA%EA%EA%00%EA%EA%EA%00%EA%EA%EA%00%EA%EA%EA%00%EA%EA%EA%00%EA%EA%EA%00%EA%EA%EA%00%EA%EA%EA%00%EA%EA%EA%00%EA%EA%EA%00%EA%EA%EA%00%EA%EA%EA%00%EA%EA%EA%00%80%80%80%00%00%00%00%00%00%00%00%00%00%00%00%00%94%94%94%00%EA%EA%EA%00%EA%EA%EA%00%EA%EA%EA%00%EA%EA%EA%00%EA%EA%EA%00%EA%EA%EA%00%EA%EA%EA%00%EA%EA%EA%00%EA%EA%EA%00%EA%EA%EA%00%EA%EA%EA%00%EA%EA%EA%00%EA%EA%EA%00%EA%EA%EA%00%EA%EA%EA%00%EA%EA%EA%00%EA%EA%EA%00%EA%EA%EA%00%EA%EA%EA%00%EA%EA%EA%00%EA%EA%EA%00%EA%EA%EA%00%EA%EA%EA%00%EA%EA%EA%00%EA%EA%EA%00%EA%EA%EA%00%EA%EA%EA%00%EA%EA%EA%00%EA%EA%EA%00%EA%EA%EA%00%EA%EA%EA%00%EA%EA%EA%00%EA%EA%EA%00%EA%EA%EA%00%EA%EA%EA%00%EA%EA%EA%00%80%80%80%00%00%00%00%00%00%00%00%00%00%00%00%00%94%94%94%00%EA%EA%EA%00%EA%EA%EA%00%EA%EA%EA%00%EA%EA%EA%00%EA%EA%EA%00%EA%EA%EA%00%EA%EA%EA%00%EA%EA%EA%00%EA%EA%EA%00%EA%EA%EA%00%EA%EA%EA%00%EA%EA%EA%00%EA%EA%EA%00%EA%EA%EA%00%EA%EA%EA%00%EA%EA%EA%00%EA%EA%EA%00%EA%EA%EA%00%EA%EA%EA%00%EA%EA%EA%00%EA%EA%EA%00%EA%EA%EA%00%EA%EA%EA%00%EA%EA%EA%00%EA%EA%EA%00%EA%EA%EA%00%EA%EA%EA%00%EA%EA%EA%00%EA%EA%EA%00%EA%EA%EA%00%EA%EA%EA%00%EA%EA%EA%00%EA%EA%EA%00%EA%EA%EA%00%EA%EA%EA%00%EA%EA%EA%00%80%80%80%00%00%00%00%00%00%00%00%00%00%00%00%00%94%94%94%00%EA%EA%EA%00%EA%EA%EA%00%EA%EA%EA%00%EA%EA%EA%00%EA%EA%EA%00%EA%EA%EA%00%EA%EA%EA%00%EA%EA%EA%00%EA%EA%EA%00%EA%EA%EA%00%EA%EA%EA%00%EA%EA%EA%00%EA%EA%EA%00%EA%EA%EA%00%EA%EA%EA%00%EA%EA%EA%00%EA%EA%EA%00%EA%EA%EA%00%EA%EA%EA%00%EA%EA%EA%00%EA%EA%EA%00%EA%EA%EA%00%EA%EA%EA%00%EA%EA%EA%00%EA%EA%EA%00%EA%EA%EA%00%EA%EA%EA%00%EA%EA%EA%00%EA%EA%EA%00%EA%EA%EA%00%EA%EA%EA%00%EA%EA%EA%00%EA%EA%EA%00%EA%EA%EA%00%EA%EA%EA%00%EA%EA%EA%00%D6%D6%D6%00%B5%B5%B5%00%B5%B5%B5%00%B5%B5%B5%00%DC%DC%DC%00%EA%EA%EA%00%EA%EA%EA%00%EA%EA%EA%00%EA%EA%EA%00%EA%EA%EA%00%EA%EA%EA%00%EA%EA%EA%00%EA%EA%EA%00%EA%EA%EA%00%EA%EA%EA%00%EA%EA%EA%00%EA%EA%EA%00%EA%EA%EA%00%EA%EA%EA%00%EA%EA%EA%00%EA%EA%EA%00%EA%EA%EA%00%EA%EA%EA%00%EA%EA%EA%00%EA%EA%EA%00%EA%EA%EA%00%EA%EA%EA%00%EA%EA%EA%00%EA%EA%EA%00%EA%EA%EA%00%EA%EA%EA%00%EA%EA%EA%00%EA%EA%EA%00%EA%EA%EA%00%EA%EA%EA%00%EA%EA%EA%00%EA%EA%EA%00%EA%EA%EA%00%EA%EA%EA%00%EA%EA%EA%00%EA%EA%EA%00%EA%EA%EA%00%EA%EA%EA%00%EA%EA%EA%00%EA%EA%EA%00%EA%EA%EA%00%EA%EA%EA%00%EA%EA%EA%00%EA%EA%EA%00%EA%EA%EA%00%EA%EA%EA%00%EA%EA%EA%00%EA%EA%EA%00%EA%EA%EA%00%EA%EA%EA%00%EA%EA%EA%00%EA%EA%EA%00%EA%EA%EA%00%EA%EA%EA%00%EA%EA%EA%00%EA%EA%EA%00%EA%EA%EA%00%EA%EA%EA%00%EA%EA%EA%00%EA%EA%EA%00%EA%EA%EA%00%EA%EA%EA%00%EA%EA%EA%00%EA%EA%EA%00%EA%EA%EA%00%EA%EA%EA%00%EA%EA%EA%00%EA%EA%EA%00%EA%EA%EA%00%EA%EA%EA%00%EA%EA%EA%00%EA%EA%EA%00%EA%EA%EA%00%EA%EA%EA%00%EA%EA%EA%00%EA%EA%EA%00%EA%EA%EA%00%EA%EA%EA%00%EA%EA%EA%00%EA%EA%EA%00%EA%EA%EA%00%EA%EA%EA%00%EA%EA%EA%00%EA%EA%EA%00%EA%EA%EA%00%EA%EA%EA%00%EA%EA%EA%00%EA%EA%EA%00%EA%EA%EA%00%EA%EA%EA%00%EA%EA%EA%00%EA%EA%EA%00%EA%EA%EA%00%EA%EA%EA%00%EA%EA%EA%00%EA%EA%EA%00%EA%EA%EA%00%EA%EA%EA%00%EA%EA%EA%00%EA%EA%EA%00%EA%EA%EA%00%EA%EA%EA%00%EA%EA%EA%00%EA%EA%EA%00%EA%EA%EA%00%EA%EA%EA%00%EA%EA%EA%00%EA%EA%EA%00%EA%EA%EA%00%EA%EA%EA%00%EA%EA%EA%00%EA%EA%EA%00%EA%EA%EA%00%EA%EA%EA%00%EA%EA%EA%00%EA%EA%EA%00%EA%EA%EA%00%EA%EA%EA%00%EA%EA%EA%00%EA%EA%EA%00%EA%EA%EA%00%EA%EA%EA%00%EA%EA%EA%00%EA%EA%EA%00%EA%EA%EA%00%EA%EA%EA%00%EA%EA%EA%00%EA%EA%EA%00%EA%EA%EA%00%EA%EA%EA%00%EA%EA%EA%00%EA%EA%EA%00%EA%EA%EA%00%EA%EA%EA%00%EA%EA%EA%00%EA%EA%EA%00%EA%EA%EA%00%EA%EA%EA%00%EA%EA%EA%00%EA%EA%EA%00%EA%EA%EA" )</imagedata>
</image>
