<field name="documentation" id="1134">
<tabStops>75</tabStops>
<traversalOn>false</traversalOn>
<ink>srcCopy</ink>
<firstIndent>0</firstIndent>
<dontSearch>false</dontSearch>
<toggleHilites>false</toggleHilites>
<threeD>true</threeD>
<scrollbarWidth>20</scrollbarWidth>
<blendLevel>0</blendLevel>
<textHeight>14</textHeight>
<rect>221,2,339,23</rect>
<multipleHilites>false</multipleHilites>
<shadow>false</shadow>
<hScroll>0</hScroll>
<textAlign>right</textAlign>
<vScrollbar>false</vScrollbar>
<hScrollbar>false</hScrollbar>
<id>1134</id>
<altId>0</altId>
<autoTab>false</autoTab>
<textStyle>link</textStyle>
<hGrid>false</hGrid>
<lockLoc>false</lockLoc>
<dontWrap>true</dontWrap>
<autoHilite>false</autoHilite>
<style>transparent</style>
<showLines>false</showLines>
<sharedText>true</sharedText>
<noncontiguousHilites>false</noncontiguousHilites>
<lockText>true</lockText>
<scroll>0</scroll>
<name>field "documentation"</name>
<toolTip>Click here to view the documentation for GLX2 preferences</toolTip>
<vGrid>false</vGrid>
<listBehavior>false</listBehavior>
<layer>74</layer>
<visible>true</visible>
<cantSelect>false</cantSelect>
<borderWidth>2</borderWidth>
<margins>8</margins>
<htmlText>urldecode( "%3Cp%3EView+Documentation%3C%2Fp%3E" )</htmlText>
<threeDHilite>false</threeDHilite>
<opaque>false</opaque>
<shadowOffset>4</shadowOffset>
<showBorder>false</showBorder>
<textSize>11</textSize>
<disabled>false</disabled>
<fixedLineHeight>true</fixedLineHeight>
<textFont>Arial</textFont>
<vScroll>0</vScroll>
<showFocusBorder>true</showFocusBorder>
<custompropertyset name= "cGlx2TimeStamp">
<checksum>urldecode( "L%84%23s.%10%A0ia%9B%1C_%B7l%96%DC" )</checksum>
</custompropertyset>
<custompropertyset name= "cREVTable">
<currentvscroll>0</currentvscroll>
<viewablerows>2</viewablerows>
<currentxmouseloc>64</currentxmouseloc>
<currenthscroll>0</currenthscroll>
<currentymouseloc>17</currentymouseloc>
<scrollbarwidth>20</scrollbarwidth>
<cellyspacing>14</cellyspacing>
<viewablecolumns>2</viewablecolumns>
<rightfieldloc>339</rightfieldloc>
<numbertabstops>1</numbertabstops>
<cellxspacing>75</cellxspacing>
<leftfieldloc>221</leftfieldloc>
<topfieldloc>5</topfieldloc>
<currentview><p>View Documentation</p></currentview>
<bottomfieldloc>26</bottomfieldloc>
</custompropertyset>
<script>urldecode( "--%3E+all+handlers%0D%0A%0D%0Aon+mouseUp%0D%0A++++glx2GoURL+%22http%3A%2F%2Fdaniels-mara.com%2Fglx2%2Ffeatures%2Fcomponents%2Fpreferences.html%22%0D%0Aend+mouseUp%0D%0A%0D%0Aon+mouseEnter%0D%0A++++set+the+defaultcursor+to+hand%0D%0Aend+mouseEnter%0D%0A%0D%0Aon+mouseMove%0D%0A++++set+the+defaultcursor+to+hand%0D%0Aend+mouseMove%0D%0A%0D%0Aon+mouseLeave%0D%0A++++set+the+defaultcursor+to+arrow%0D%0Aend+mouseLeave%0D%0A" )</script>
</field>
