<group name="color guide" id="1020">
<traversalOn>true</traversalOn>
<ink>srcCopy</ink>
<dontSearch>false</dontSearch>
<threeD>true</threeD>
<scrollbarWidth>20</scrollbarWidth>
<blendLevel>0</blendLevel>
<rect>15,71,110,100</rect>
<showName>false</showName>
<hScroll>0</hScroll>
<backgroundBehavior>false</backgroundBehavior>
<cantDelete>false</cantDelete>
<vScrollbar>false</vScrollbar>
<tabGroupBehavior>false</tabGroupBehavior>
<hScrollbar>false</hScrollbar>
<id>1020</id>
<altId>0</altId>
<radioBehavior>true</radioBehavior>
<lockLoc>false</lockLoc>
<name>group "color guide"</name>
<layer>7</layer>
<visible>true</visible>
<cantSelect>false</cantSelect>
<borderWidth>2</borderWidth>
<margins>4</margins>
<opaque>false</opaque>
<showBorder>false</showBorder>
<disabled>false</disabled>
<vScroll>0</vScroll>
<hilitedButton>0</hilitedButton>
<custompropertyset name= "cGlx2TimeStamp">
<checksum>urldecode( "%81%80%7Fr%B7%8C%B73F%E68%B0U%24%11%3A" )</checksum>
</custompropertyset>
<script>urldecode( "--%3E+all+handlers%0D%0A%0D%0Aon+mouseDown+pMouseBtnNum%0D%0A++++set+the+hilited+of+btn+%22Color+guide%22+to+true%0D%0Aend+mouseDown%0D%0A%0D%0Aon+mouseUp+pMouseBtnNum%0D%0A++++set+the+hilited+of+btn+%22Color+guide%22+to+false%0D%0A++++send+%22mouseUp%22+to+btn+%22color+guide%22%0D%0Aend+mouseUp%0D%0A" )</script>
</group>
