<button name="Tabs" id="250617">
<traversalOn>false</traversalOn>
<ink>srcCopy</ink>
<threeD>true</threeD>
<hiliteBorder>true</hiliteBorder>
<blendLevel>0</blendLevel>
<rect>221,1,258,20</rect>
<mnemonic>0</mnemonic>
<armFill>false</armFill>
<visitedIcon>0</visitedIcon>
<showName>true</showName>
<showIcon>false</showIcon>
<hilited>false</hilited>
<sharedHilite>true</sharedHilite>
<shadow>false</shadow>
<textAlign>center</textAlign>
<armed>false</armed>
<menuMouseButton>1</menuMouseButton>
<id>250617</id>
<altId>0</altId>
<labelWidth>0</labelWidth>
<armedIcon>0</armedIcon>
<lockLoc>true</lockLoc>
<visited>false</visited>
<showHilite>false</showHilite>
<label>Tabs</label>
<autoHilite>true</autoHilite>
<style>menu</style>
<disabledIcon>0</disabledIcon>
<armBorder>true</armBorder>
<name>button "Tabs"</name>
<icon>0</icon>
<layer>95</layer>
<visible>true</visible>
<cantSelect>false</cantSelect>
<borderWidth>2</borderWidth>
<menuLines>5</menuLines>
<margins>4</margins>
<opaque>true</opaque>
<text>urldecode( "First+Tab+%28%28Cmd%2BShift%2B%5B%29%0D%0APrev+Tab%2F%5B%0D%0ANext+Tab%2F%5D%0D%0ALast+Tab+%28%28Cmd%2BShift%2B%5D%29%0D%0A-%0D%0AClose+All+Tabs%0D%0AClose+Tab+%28%28Escape+Key%29%0D%0AClose+All+except+this+Tab%0D%0A%0D%0A" )</text>
<shadowOffset>4</shadowOffset>
<default>false</default>
<hiliteFill>true</hiliteFill>
<showBorder>false</showBorder>
<hiliteIcon>0</hiliteIcon>
<disabled>false</disabled>
<autoArm>false</autoArm>
<menuMode>pulldown</menuMode>
<family>0</family>
<hoverIcon>0</hoverIcon>
<showFocusBorder>true</showFocusBorder>
<menuHistory>1</menuHistory>
<custompropertyset name= "cGlx2TimeStamp">
<checksum>urldecode( "%E2web%C36%E1of%3B%05%B7%F7%9F%DF%8B" )</checksum>
</custompropertyset>
<script>urldecode( "--%3E+all+handlers%0D%0A%0D%0Aon+menuPick+pChosen%0D%0A++++if+the+environment+is+not+%22development%22+then%0D%0A++++++++exit+menuPick%0D%0A++++end+if%0D%0A++++put+glx2GetNoActiveTabs%28%29+into+theNoTabs%0D%0A++++put+the+number+of+this+cd+into+theCdNo%0D%0A++++put+the+cTabNo+of+cd+theCdNo+into+theTabNo%0D%0A++++switch+pChosen%0D%0A++++++++case+%22first+tab+%28Cmd%2BShift%2B%5B%29%22%0D%0A++++++++++++activateTheTab+1%0D%0A++++++++++++break%0D%0A++++++++case+%22prev+tab%22%0D%0A++++++++case+%22prevz+tabz%22%0D%0A++++++++++++if+glx2IsThisModifierSetActive%28%22shift%2Ccommand%22%29+then%0D%0A++++++++++++++++put+1+into+theTabNo%0D%0A++++++++++++else%0D%0A++++++++++++++++if+theTabNo+%3D+1+then%0D%0A++++++++++++++++++++put+theNoTabs+into+theTabNo%0D%0A++++++++++++++++else%0D%0A++++++++++++++++++++subtract+1+from+theTabNo%0D%0A++++++++++++++++end+if%0D%0A++++++++++++end+if%0D%0A++++++++++++activateTheTab+theTabNo%0D%0A++++++++++++break%0D%0A++++++++case+%22next+tab%22%0D%0A++++++++case+%22nextz+tabz%22%0D%0A++++++++++++if+glx2IsThisModifierSetActive%28%22shift%2Ccommand%22%29+then%0D%0A++++++++++++++++put+theNoTabs+into+theTabNo%0D%0A++++++++++++else%0D%0A++++++++++++++++if+theTabNo+%3D+theNoTabs+then%0D%0A++++++++++++++++++++put+1+into+theTabNo%0D%0A++++++++++++++++else%0D%0A++++++++++++++++++++add+1+to+theTabNo%0D%0A++++++++++++++++end+if%0D%0A++++++++++++end+if%0D%0A++++++++++++activateTheTab+theTabNo%0D%0A++++++++++++break%0D%0A++++++++case+%22last+tab+%28Cmd%2BShift%2B%5D%29%22%0D%0A++++++++++++activateTheTab+theNoTabs%0D%0A++++++++++++break%0D%0A++++++++case+%22close+tab+%28escape+key%29%22%0D%0A++++++++++++send+%22closeThisTab%22+to+grp+%22tabs%22%0D%0A++++++++++++break%0D%0A++++++++case+%22close+all+tabs%22%0D%0A++++++++++++try%0D%0A++++++++++++++++glx2SaveAllChecksums%0D%0A++++++++++++++++glx2TimeStampEndAllTabs%0D%0A++++++++++++catch+e%0D%0A++++++++++++end+try%0D%0A++++++++++++--+glx2CloseAllTabs%0D%0A++++++++++++if+the+shiftkey+is+%22up%22+then%0D%0A++++++++++++++++put+true+into+notCrumbs%0D%0A++++++++++++else%0D%0A++++++++++++++++put+false+into+notCrumbs%0D%0A++++++++++++end+if%0D%0A++++++++++++glx2CloseAllTabsOpenHome+notCrumbs%0D%0A++++++++++++break%0D%0A++++++++case+%22close+all+except+this+tab%22%0D%0A++++++++++++put+the+cObjectID+of+this+cd+into+theObjectID%0D%0A++++++++++++glx2CloseAllTabsBut1+theObjectID%0D%0A++++++++++++break%0D%0A++++++++case+%22Clean+Up+Crumbs%22%0D%0A++++++++++++clearCrumbs%0D%0A++++++++++++break%0D%0A++++end+switch%0D%0Aend+menuPick%0D%0A" )</script>
</button>
