<button name="handler menu" id="44199">
<traversalOn>true</traversalOn>
<ink>srcCopy</ink>
<threeD>true</threeD>
<hiliteBorder>true</hiliteBorder>
<blendLevel>0</blendLevel>
<rect>363,342,465,364</rect>
<mnemonic>0</mnemonic>
<armFill>false</armFill>
<visitedIcon>0</visitedIcon>
<showName>true</showName>
<showIcon>false</showIcon>
<hilited>false</hilited>
<sharedHilite>true</sharedHilite>
<shadow>false</shadow>
<textAlign>center</textAlign>
<armed>false</armed>
<menuMouseButton>1</menuMouseButton>
<id>44199</id>
<altId>0</altId>
<labelWidth>0</labelWidth>
<armedIcon>0</armedIcon>
<lockLoc>false</lockLoc>
<visited>false</visited>
<showHilite>false</showHilite>
<autoHilite>true</autoHilite>
<style>menu</style>
<disabledIcon>0</disabledIcon>
<armBorder>true</armBorder>
<name>button "handler menu"</name>
<icon>0</icon>
<layer>2</layer>
<visible>false</visible>
<cantSelect>false</cantSelect>
<borderWidth>2</borderWidth>
<menuLines>5</menuLines>
<margins>4</margins>
<opaque>true</opaque>
<text>urldecode( "newHandler" )</text>
<shadowOffset>4</shadowOffset>
<default>false</default>
<hiliteFill>true</hiliteFill>
<showBorder>true</showBorder>
<hiliteIcon>0</hiliteIcon>
<disabled>false</disabled>
<autoArm>false</autoArm>
<menuMode>popup</menuMode>
<family>0</family>
<hoverIcon>0</hoverIcon>
<showFocusBorder>true</showFocusBorder>
<menuHistory>1</menuHistory>
<custompropertyset name= "cGlx2General">
<cHscrollScript>0</cHscrollScript>
<cHscrollHandlers>0</cHscrollHandlers>
<cSelectedChunk>char 19 to 37</cSelectedChunk>
<cHtmlScript>urldecode( "%1F%8B%08%00%00%00%00%00%00%03%B5UMO%C30%0C%BD%EFWX%BDw%02%24%AEHh%E2%EB2%90%00q%0E%89K%03iR%B5.%03%89%1F%8F%93%AC%1D%99%60T%AC%E4%B0%0F%FB%3D%3F%E7%B9%AA%F3%FC%04%841P%0D%0A%AB%0C6%EDl%E6%2CTh%BB%1B-_%A0%5E%94%AEE%3B%03%3E%E1%A3%EE%A8%0F%82%B6%E4%80J%BC%8C%D4%A5%A80%608%A7+S%EELi%BA%11%16%B70%190%ADB%A6%C3%E1%01T%DA%18%DD%A2l%03%15%DF4%0D%EA%A9*%17%01y%27%9A%27%A4%EB%C7g%94%04%AE%88eb%171%15%E0y%BE%26%7C%89%0D%25N%25%E9W%0C%7Dq%01*u%0BR%0DU6%D9%C0%D2E%1A%04F%5BG%80UM%EF%C0w%F2%E9%26%84%C5%16%92%FFE%DFz%F5%95k%14%1C%FB%CB%E7%87Q%3A%29%9C4p%D1%D4%09%D7wn%9C%7D%02%AD%3C%B50%0D%0A%D2%1AL%D8*qnT%B4%94%9B%D4E%1C%CCJ%93%2C%93%A1%FA%23E%8B%90%9D%3B%A3x%FE%1FK%5C%CD%E7%F3l%C8n%26*%1B%14%84%9C%8F%D0%8D%C1%BB%26%DA%9FG%26%BF%FC+%E9%BF%E1%D4%98oE%0D%F7%CA%B95v_%A9%7B%9B%17%3B%D4%5C%8Dv%7F%B1%F5%C3%3E%CA%CB5v%7F3%07%D11n%F6%E0%09e%C79%3B%9D%F0%D2%11%8Er%D8%03%A7%92%1B%E3m%40N%258%CE%D5%89%24o%A9%E9%24u%CD8_%07t%F2%CE%09%DA_%03%FBt%B1%CBn%E5%16%CE%18Q%07%CF%FF%AF%85_%06%C0%5B%EE%AD%E6gz%CA%1E%14%16%A23%B4%A5%16%97%80%26%AC%14%1A_%3D%FB%C8+%C1%F8E%E1%F3p%E4W%C3o%5BzGe%E9%AAJ%7C%7F%D9%3F%ACtf%DE%3E%5C%DD-.g%FEg%BF%DC%3F%01%40%94%FF%C9x%08%00%00" )</cHtmlScript>
<cHandlersListWidth>123</cHandlersListWidth>
<cHtmlHandlers>urldecode( "%1F%8B%08%00%00%00%00%00%00%03%B3%29%B0%B3I%B2%B3%29.%05%12%99%B9%E9%0D%0A%C5E%C9%B6J%C6%C6%C6%86%C6%96Jv6%FA+q%85%C4%9C%1C%85%8C%C4%BC%94%9C%D4%A2b%1B%7D%A0B%FD%02%3B.%9B%02%3B5eKk4%9D%A6%86f%96%26%C6p%9D%B9%A9y%A5%01%99%C9%D9+%1D%00*%A2%02Yj%00%00%00" )</cHtmlHandlers>
<cDirtyFlag>false</cDirtyFlag>
<cFolders>all handlers</cFolders>
<cHandlers>menuPick</cHandlers>
<cVscrollScript>0</cVscrollScript>
<cVscrollHandlers>0</cVscrollHandlers>
<cHilitedLine>2</cHilitedLine>
</custompropertyset>
<custompropertyset name= "cGlx2TimeStamp">
<xml_num_1283548306>start</xml_num_1283548306>
<checksum>urldecode( "%AC.%E2%CB%B4w%A1%5E%95%C5%82w%98%87%1AD" )</checksum>
<xml_num_1283548320>end</xml_num_1283548320>
</custompropertyset>
<script>urldecode( "--%3E+all+handlers%0D%0A%0D%0AON+menuPick+pChosen%0D%0A++++%0D%0A++++put+pChosen+into+theHandlerName%0D%0A++++send+%22doEditPane+theHandlerName%22+to+me+in+10+millisecs%0D%0A++++exit+menuPick%0D%0A++++%0D%0A++++put+the+cTargetObject+of+me+into+theTarget%0D%0A++++--put+theTarget%0D%0A++++put+the+cActivePane+of+this+cd+into+theActivePane%0D%0A++++IF+theActivePane+is+not+empty+AND+there+is+a+theActivePane+THEN%0D%0A++++++++put+word+5+to+-1+of+theActivePane+into+theActiveGrp%0D%0A++++++++put+the+long+id+of+fld+1+of+theActiveGrp+into+theActiveFld%0D%0A++++END+IF%0D%0A++++SWITCH+pChosen%0D%0A++++++++CASE+%22Folders%7CNew...%22%0D%0A++++++++++++send+%22createNewFolder+theTarget%22+to+me+in+10+millisecs%0D%0A++++++++++++break%0D%0A++++++++CASE+%22Folders%7CFold+All%22%0D%0A++++++++++++send+%22closeAllFolders%22+to+me+in+10+millisecs%0D%0A++++++++++++break%0D%0A++++++++CASE+%22Folders%7CUn-fold+All%22%0D%0A++++++++++++send+%22openAllFolders%22+to+me+in+10+millisecs%0D%0A++++++++++++break%0D%0A++++++++CASE+%22Handlers%7CNew...%22%0D%0A++++++++++++send+%22createNewHandler+theTarget%22+to+me+in+10+millisecs%0D%0A++++++++++++break%0D%0A++++++++CASE+%22Handlers%7CFold+All%22%0D%0A++++++++++++send+%22closeAllHandlers+theTarget%22+to+me+in+10+millisecs%0D%0A++++++++++++break%0D%0A++++++++CASE+%22Handlers%7CUn-fold+All%22%0D%0A++++++++++++send+%22openAllHandlers+theTarget%22+to+me+in+10+millisecs%0D%0A++++++++++++break%0D%0A++++++++CASE+%22Notes%7CNew...%22%0D%0A++++++++++++send+%22createNewNote+theTarget%22+to+me+in+10+millisecs%0D%0A++++++++++++break%0D%0A++++++++CASE+%22Notes%7CFold+All%22%0D%0A++++++++++++send+%22closeAllNotes+theTarget%22+to+me+in+10+millisecs%0D%0A++++++++++++break%0D%0A++++++++CASE+%22Notes%7CUn-fold+All%22%0D%0A++++++++++++send+%22openAllNotes+theTarget%22+to+me+in+10+millisecs%0D%0A++++++++++++break%0D%0A++++++++CASE+%22Structures%7CNew...%22%0D%0A++++++++++++send+%22createNewStructure+theActiveFld%22+to+theActiveFld+in+10+millisecs%0D%0A++++++++++++break%0D%0A++++++++CASE+%22Structures%7CFold+All%22%0D%0A++++++++++++send+%22doCollapseAll+theActiveFld%22+to+theActiveFld+in+10+millisecs%0D%0A++++++++++++break%0D%0A++++++++CASE+%22Structures%7CUn-fold+All%22%0D%0A++++++++++++send+%22doExpandAll+theActiveFld%22+to+theActiveFld+in+10+millisecs%0D%0A++++++++++++break%0D%0A++++++++DEFAULT%0D%0A++++++++++++set+the+itemdel+to+%22%7C%22+%0D%0A++++++++++++put+item+2+of+pChosen+into+theHandlerName%0D%0A++++++++++++set+the+itemdel+to+comma%0D%0A++++++++++++send+%22doEditPane+theHandlerName%22+to+me+in+10+millisecs%0D%0A++++END+SWITCH%0D%0AEND+menuPick%0D%0A" )</script>
</button>
