<field name="Card Controls" id="755081">
<tabStops>400</tabStops>
<traversalOn>true</traversalOn>
<ink>srcCopy</ink>
<firstIndent>0</firstIndent>
<dontSearch>false</dontSearch>
<toggleHilites>false</toggleHilites>
<threeD>true</threeD>
<scrollbarWidth>20</scrollbarWidth>
<blendLevel>0</blendLevel>
<textHeight>14</textHeight>
<rect>13,479,199,566</rect>
<multipleHilites>false</multipleHilites>
<colors>urldecode( "255%2C255%2C255%0D%0A%0D%0A0%2C128%2C255%0D%0A%0D%0A%0D%0A%0D%0A%0D%0A" )</colors>
<shadow>false</shadow>
<hScroll>0</hScroll>
<textAlign>left</textAlign>
<vScrollbar>false</vScrollbar>
<hScrollbar>false</hScrollbar>
<id>755081</id>
<altId>0</altId>
<autoTab>false</autoTab>
<textStyle>bold</textStyle>
<hGrid>false</hGrid>
<lockLoc>false</lockLoc>
<dontWrap>true</dontWrap>
<autoHilite>true</autoHilite>
<style>transparent</style>
<showLines>false</showLines>
<sharedText>false</sharedText>
<noncontiguousHilites>false</noncontiguousHilites>
<lockText>true</lockText>
<scroll>0</scroll>
<name>field "Card Controls"</name>
<vGrid>false</vGrid>
<listBehavior>true</listBehavior>
<layer>190</layer>
<visible>true</visible>
<cantSelect>false</cantSelect>
<borderWidth>1</borderWidth>
<margins>9,6,4,4</margins>
<htmlText>urldecode( "%3Cp%3E%3Csub%3E%3Cimg+src%3D%22599762%22%3E%3C%2Fsub%3E+revFileAssociations%26%239%3Bstack+%26quot%3BrevFileAssociations%26quot%3B+of+stack+%26quot%3B%2FApplications%2FRevolution+Enterprise%2F2.8.1-gm-3%2FToolset%2Fhome.rev%26quot%3B%3C%2Fp%3E%0D%0A%3Cp%3E++++%3Csub%3E%3Cimg+src%3D%22599769%22%3E%3C%2Fsub%3E+card+id+1002%26%239%3Bcard+id+1002+of+stack+%26quot%3BrevFileAssociations%26quot%3B+of+stack+%26quot%3B%2FApplications%2FRevolution+Enterprise%2F2.8.1-gm-3%2FToolset%2Fhome.rev%26quot%3B%3C%2Fp%3E%0D%0A%3Cp%3E++++++++%3Csub%3E%3Cimg+src%3D%22599770%22%3E%3C%2Fsub%3E+Yes%26%239%3Bbutton+id+1004+of+card+id+1002+of+stack+%26quot%3BrevFileAssociations%26quot%3B+of+stack+%26quot%3B%2FApplications%2FRevolution+Enterprise%2F2.8.1-gm-3%2FToolset%2Fhome.rev%26quot%3B%3C%2Fp%3E%0D%0A%3Cp%3E++++++++%3Csub%3E%3Cimg+src%3D%22599770%22%3E%3C%2Fsub%3E+No%26%239%3Bbutton+id+1007+of+card+id+1002+of+stack+%26quot%3BrevFileAssociations%26quot%3B+of+stack+%26quot%3B%2FApplications%2FRevolution+Enterprise%2F2.8.1-gm-3%2FToolset%2Fhome.rev%26quot%3B%3C%2Fp%3E%0D%0A%3Cp%3E++++++++%3Csub%3E%3Cimg+src%3D%22599770%22%3E%3C%2Fsub%3E+Show%26%239%3Bbutton+id+1009+of+card+id+1002+of+stack+%26quot%3BrevFileAssociations%26quot%3B+of+stack+%26quot%3B%2FApplications%2FRevolution+Enterprise%2F2.8.1-gm-3%2FToolset%2Fhome.rev%26quot%3B%3C%2Fp%3E%0D%0A%3Cp%3E++++++++%3Csub%3E%3Cimg+src%3D%22624157%22%3E%3C%2Fsub%3E+Field%26%239%3Bfield+id+1012+of+card+id+1002+of+stack+%26quot%3BrevFileAssociations%26quot%3B+of+stack+%26quot%3B%2FApplications%2FRevolution+Enterprise%2F2.8.1-gm-3%2FToolset%2Fhome.rev%26quot%3B%3C%2Fp%3E" )</htmlText>
<threeDHilite>false</threeDHilite>
<opaque>false</opaque>
<shadowOffset>4</shadowOffset>
<showBorder>false</showBorder>
<textSize>11</textSize>
<disabled>false</disabled>
<fixedLineHeight>true</fixedLineHeight>
<textFont>arial</textFont>
<vScroll>0</vScroll>
<showFocusBorder>false</showFocusBorder>
<custompropertyset name= "cGlx2TimeStamp">
<checksum>urldecode( "%AAF%92%E7P%FB%26n%A4%84%7F%DD%15J%26%CD" )</checksum>
</custompropertyset>
<custompropertyset name= "cREVTable">
</custompropertyset>
<script>urldecode( "--%3E+all+handlers%0D%0A%0D%0Aon+mouseDown+pMouseBtnNum%0D%0A++++lock+screen%0D%0A++++put+word+2+of+the+mouseline+into+theLineNo%0D%0A++++set+the+cHilitedLine+of+me+to+theLineNo%0D%0A++++if+theLineNo+is+1+then%0D%0A++++++++send+%22selectorTheWindow%22+to+fld+%22preview+title%22%0D%0A++++else%0D%0A++++++++set+the+itemdel+to+tab%0D%0A++++++++put+item+2+of+line+theLineNo+of+me+into+theObjectID%0D%0A++++++++set+the+itemdel+to+comma%0D%0A++++++++doWackySelect2+theObjectID%0D%0A++++end+if%0D%0A++++if+pMouseBtnNum+is+3+then%0D%0A++++++++send+%22popMenu+theLineNo%22+to+me+in+0+millisecs+%0D%0A++++end+if%0D%0A++++set+the+cHilitedLine+of+me+to+theLineNo%0D%0A++++focus+on+me%0D%0A++++unlock+screen%0D%0Aend+mouseDown%0D%0A%0D%0Aon+arrowKey+pDirection+--+up%7Cdown%7Cleft%7Cright%0D%0A++++send+%22postArrowUpdate%22+to+me+in+0+millisecs%0D%0A++++pass+arrowKey%0D%0Aend+arrowKey%0D%0A%0D%0Aon+postArrowUpdate%0D%0A++++lock+screen%0D%0A++++put+the+hilitedline+of+me+into+theLineNo%0D%0A++++set+the+cHilitedLine+of+me+to+theLineNo%0D%0A++++if+theLineNo+is+1+then%0D%0A++++++++send+%22selectorTheWindow%22+to+fld+%22preview+title%22%0D%0A++++else%0D%0A++++++++set+the+itemdel+to+tab%0D%0A++++++++put+item+2+of+line+theLineNo+of+me+into+theObjectID%0D%0A++++++++set+the+itemdel+to+comma%0D%0A++++++++doWackySelect2+theObjectID%0D%0A++++end+if%0D%0A++++if+pMouseBtnNum+is+3+then%0D%0A++++++++send+%22popMenu+theLineNo%22+to+me+in+0+millisecs+%0D%0A++++end+if%0D%0A++++set+the+cHilitedLine+of+me+to+theLineNo%0D%0A++++focus+on+me%0D%0A++++unlock+screen%0D%0Aend+postArrowUpdate%0D%0A%0D%0A--%3E+utils%0D%0A%0D%0Aon+popMenu+theLineNo%0D%0A++++if+theLineNo+%3C+3+then%0D%0A++++++++--send+%22mousedown+3%22+to+fld+%22preview+title%22%0D%0A++++++++send+%22mouseDown%22+to+btn+%22preview+menu%22%0D%0A++++++++--+put+%22Open+this+stack%22+%26+cr+%26+%5C%0D%0A++++++++++++++++--+%22-%22+%26+cr+%26+%5C%0D%0A++++++++++++++++--+%22Edit+Script+of+this+Stack%22+%26+cr+%26+%5C%0D%0A++++++++++++++++--+%22Edit+Properties+of+this+Stack%22+%26+cr+%26+%5C%0D%0A++++++++++++++++--+%22-%22+%26+cr+%26+%5C%0D%0A++++++++++++++++--+%22Edit+Script+of+this+Card%22+%26+cr+%26+%5C%0D%0A++++++++++++++++--+%22Edit+Properties+of+this+Card%22+%26+cr+%26+%5C%0D%0A+++++++++++++++++%0D%0A++++++++put+btn+%22preview+menu%22+into+theMenu%0D%0A++++++++if+theLineNo+%3D+1+then%0D%0A++++++++++++delete+line+5+to+7+of+theMenu%0D%0A++++++++else%0D%0A++++++++++++delete+line+3+to+5+of+theMenu%0D%0A++++++++end+if%0D%0A++++++++put+theMenu+into+btn+%22preview+menu%22%0D%0A++++++++popup+btn+%22preview+menu%22%0D%0A++++else%0D%0A++++++++put+true+into+truncMenu%0D%0A++++++++send+%22mouseDown+3%2CtruncMenu%22+to+the+owner+of+me%0D%0A++++end+if%0D%0Aend+popMenu%0D%0A%0D%0A--%3E+mouse%0D%0A%0D%0Aon+mouseUp+pMouseBtnNum%0D%0Aend+mouseUp%0D%0A%0D%0Aon+mouseDoubleUp+pMouseBtnNum%0D%0A++++if+pMouseBtnNum+is+1+then%0D%0A++++++++put+the+cHilitedLine+of+me+into+theLineNo%0D%0A++++++++--put+word+2+of+the+mouseline+into+theLineNo%0D%0A++++++++set+the+itemdel+to+tab%0D%0A++++++++put+item+2+of+line+theLineNo+of+me+into+theObjectID%0D%0A++++++++set+the+itemdel+to+comma%0D%0A++++++++if+the+shiftkey+is+down+then%0D%0A++++++++++++glx2EditProps+theObjectID%0D%0A++++++++else%0D%0A++++++++++++edit+the+script+of+theObjectID%0D%0A++++++++++++set+the+cGoBackHome+of+this+stack+to+true%0D%0A++++++++end+if%0D%0A++++end+if%0D%0Aend+mouseDoubleUp%0D%0A" )</script>
</field>
