<button name="Card Controls" id="755076">
<traversalOn>false</traversalOn>
<ink>srcCopy</ink>
<threeD>false</threeD>
<hiliteBorder>false</hiliteBorder>
<blendLevel>0</blendLevel>
<rect>83,458,179,474</rect>
<mnemonic>0</mnemonic>
<armFill>false</armFill>
<visitedIcon>0</visitedIcon>
<showName>true</showName>
<showIcon>false</showIcon>
<hilited>false</hilited>
<sharedHilite>false</sharedHilite>
<shadow>false</shadow>
<textAlign>left</textAlign>
<armed>false</armed>
<menuMouseButton>1</menuMouseButton>
<id>755076</id>
<altId>0</altId>
<labelWidth>0</labelWidth>
<armedIcon>0</armedIcon>
<textStyle>bold</textStyle>
<lockLoc>false</lockLoc>
<visited>false</visited>
<showHilite>false</showHilite>
<autoHilite>true</autoHilite>
<style>radiobutton</style>
<disabledIcon>0</disabledIcon>
<armBorder>true</armBorder>
<name>button "Card Controls"</name>
<icon>0</icon>
<layer>189</layer>
<visible>true</visible>
<cantSelect>false</cantSelect>
<borderWidth>2</borderWidth>
<menuLines>5</menuLines>
<margins>4</margins>
<opaque>false</opaque>
<shadowOffset>4</shadowOffset>
<default>false</default>
<hiliteFill>true</hiliteFill>
<showBorder>false</showBorder>
<textSize>10</textSize>
<hiliteIcon>0</hiliteIcon>
<disabled>false</disabled>
<autoArm>false</autoArm>
<family>0</family>
<textFont>arial</textFont>
<hoverIcon>0</hoverIcon>
<showFocusBorder>true</showFocusBorder>
<menuHistory>1</menuHistory>
<custompropertyset name= "cGlx2TimeStamp">
<checksum>urldecode( "%A9JB%0D%0A%AD%ADK%D7%E0%D7%02%CD%8C%A0J%88" )</checksum>
</custompropertyset>
<script>urldecode( "--%3E+all+handlers%0D%0A%0D%0Aon+mouseUp+pMouseBtnNo%0D%0A++++lock+screen%0D%0A++++show+fld+%22card+controls%22+of+grp+%22object+tree%22%0D%0A++++hide+fld+%22work+spaces%22+of+grp+%22object+tree%22%0D%0A++++set+the+textcolor+of+me+to+empty%0D%0A++++set+the+textcolor+of+btn+%22stacks%22+to+empty%0D%0A++++set+the+blendlevel+of+me+to+0%0D%0A++++set+the+blendlevel+of+btn+%22stacks%22+to+0%0D%0A++++send+%22glx2RefreshHomey%22+to+the+owner+of+me%0D%0A++++put+the+cHilitedLIne+of+fld+%22card+controls%22+into+theLineNo%0D%0A++++set+the+itemdel+to+tab%0D%0A++++put+item+-1+of+line+theLineNo+of+fld+%22card+controls%22+into+theObjectID%0D%0A++++set+the+itemdelimiter+to+comma%0D%0A++++send+%22doWackySelect2+theObjectID%22+to+grp+%22object+tree%22%0D%0A++++focus+on+fld+%22card+controls%22%0D%0A++++unlock+screen%0D%0A++++pass+mouseUp%0D%0Aend+mouseUp%0D%0A%0D%0Aon+enterInField%0D%0A++++answer+YES%0D%0Aend+enterInField%0D%0A" )</script>
</button>
