<image name="tile alabaster" id="106377">
<traversalOn>false</traversalOn>
<palindromeFrames>false</palindromeFrames>
<ink>srcCopy</ink>
<threeD>true</threeD>
<blendLevel>0</blendLevel>
<rect>460,353,488,381</rect>
<angle>0</angle>
<yHot>1</yHot>
<id>106377</id>
<altId>0</altId>
<frameCount>0</frameCount>
<constantMask>false</constantMask>
<lockLoc>true</lockLoc>
<repeatCount>0</repeatCount>
<size>128</size>
<name>image "tile alabaster"</name>
<hotSpot>1,1</hotSpot>
<alwaysBuffer>false</alwaysBuffer>
<layer>26</layer>
<dontDither>false</dontDither>
<visible>false</visible>
<cantSelect>false</cantSelect>
<borderWidth>2</borderWidth>
<opaque>true</opaque>
<currentFrame>1</currentFrame>
<showBorder>false</showBorder>
<disabled>false</disabled>
<xHot>1</xHot>
<showFocusBorder>true</showFocusBorder>
<custompropertyset name= "cGlx2TimeStamp">
</custompropertyset>
<imagedata>urldecode( "%00%FF%FF%FF%00%FF%FF%FF%00%FF%FF%FF%00%FF%FF%FF%00%FF%FF%FF%00%FF%FF%FF%00%FF%FF%FF%00%FF%FF%FF%00%FF%FF%FF%00%FF%FF%FF%00%FF%FF%FF%00%FF%FF%FF%00%FF%FF%FF%00%FF%FF%FF%00%FF%FF%FF%00%FF%FF%FF%00%FF%FF%FF%00%FF%FF%FF%00%FF%FF%FF%00%FF%FF%FF%00%FF%FF%FF%00%FF%FF%FF%00%FF%FF%FF%00%FF%FF%FF%00%FF%FF%FF%00%FF%FF%FF%00%FF%FF%FF%00%FF%FF%FF%00%FF%FF%FF%00%FF%FF%FF%00%FF%FF%FF%00%FF%FF%FF%00%FF%FF%FF%00%FF%FF%FF%00%FF%FF%FF%00%FF%FF%FF%00%FF%FF%FF%00%FF%FF%FF%00%FF%FF%FF%00%FF%FF%FF%00%FF%FF%FF%00%FF%FF%FF%00%FF%FF%FF%00%FF%FF%FF%00%FF%FF%FF%00%FF%FF%FF%00%FF%FF%FF%00%FF%FF%FF%00%FF%FF%FF%00%FF%FF%FF%00%FF%FF%FF%00%FF%FF%FF%00%FF%FF%FF%00%FF%FF%FF%00%FF%FF%FF%00%FF%FF%FF%00%FF%FF%FF%00%FF%FF%FF%00%FF%FF%FF%00%FF%FF%FF%00%FF%FF%FF%00%FF%FF%FF%00%FF%FF%FF%00%FF%FF%FF%00%FF%FF%FF%00%FF%FF%FF%00%FF%FF%FF%00%FF%FF%FF%00%FF%FF%FF%00%FF%FF%FF%00%FF%FF%FF%00%FF%FF%FF%00%FF%FF%FF%00%FF%FF%FF%00%FF%FF%FF%00%FF%FF%FF%00%FF%FF%FF%00%FF%FF%FF%00%FF%FF%FF%00%FF%FF%FF%00%FF%FF%FF%00%FF%FF%FF%00%FF%FF%FF%00%FF%FF%FF%00%FF%FF%FF%00%FF%FF%FF%00%FF%FF%FF%00%FF%FF%FF%00%FF%FF%FF%00%FF%FF%FF%00%FF%FF%FF%00%FF%FF%FF%00%FF%FF%FF%00%FF%FF%FF%00%FF%FF%FF%00%FF%FF%FF%00%FF%FF%FF%00%FF%FF%FF%00%FF%FF%FF%00%FF%FF%FF%00%FF%FF%FF%00%FF%FF%FF%00%FF%FF%FF%00%FF%FF%FF%00%FF%FF%FF%00%FF%FF%FF%00%FF%FF%FF%00%FF%FF%FF%00%FF%FF%FF%00%FF%FF%FF%00%FF%FF%FF%00%FF%FF%FF%00%F2%F2%F2%00%F2%F2%F2%00%F2%F2%F2%00%F2%F2%F2%00%F2%F2%F2%00%F2%F2%F2%00%F2%F2%F2%00%F2%F2%F2%00%F2%F2%F2%00%F2%F2%F2%00%F2%F2%F2%00%F2%F2%F2%00%F2%F2%F2%00%F2%F2%F2%00%F2%F2%F2%00%F2%F2%F2%00%F2%F2%F2%00%F2%F2%F2%00%F2%F2%F2%00%F2%F2%F2%00%F2%F2%F2%00%F2%F2%F2%00%F2%F2%F2%00%F2%F2%F2%00%F2%F2%F2%00%F2%F2%F2%00%F2%F2%F2%00%F2%F2%F2%00%F2%F2%F2%00%F2%F2%F2%00%F2%F2%F2%00%F2%F2%F2%00%F2%F2%F2%00%F2%F2%F2%00%F2%F2%F2%00%F2%F2%F2%00%F2%F2%F2%00%F2%F2%F2%00%F2%F2%F2%00%F2%F2%F2%00%F2%F2%F2%00%F2%F2%F2%00%F2%F2%F2%00%F2%F2%F2%00%F2%F2%F2%00%F2%F2%F2%00%F2%F2%F2%00%F2%F2%F2%00%F2%F2%F2%00%F2%F2%F2%00%F2%F2%F2%00%F2%F2%F2%00%F2%F2%F2%00%F2%F2%F2%00%F2%F2%F2%00%F2%F2%F2%00%F2%F2%F2%00%F2%F2%F2%00%F2%F2%F2%00%F2%F2%F2%00%F2%F2%F2%00%F2%F2%F2%00%F2%F2%F2%00%F2%F2%F2%00%F2%F2%F2%00%F2%F2%F2%00%F2%F2%F2%00%F2%F2%F2%00%F2%F2%F2%00%F2%F2%F2%00%F2%F2%F2%00%F2%F2%F2%00%F2%F2%F2%00%F2%F2%F2%00%F2%F2%F2%00%F2%F2%F2%00%F2%F2%F2%00%F2%F2%F2%00%F2%F2%F2%00%F2%F2%F2%00%F2%F2%F2%00%F2%F2%F2%00%F2%F2%F2%00%F2%F2%F2%00%F2%F2%F2%00%F2%F2%F2%00%F2%F2%F2%00%F2%F2%F2%00%F2%F2%F2%00%F2%F2%F2%00%F2%F2%F2%00%F2%F2%F2%00%F2%F2%F2%00%F2%F2%F2%00%F2%F2%F2%00%F2%F2%F2%00%F2%F2%F2%00%F2%F2%F2%00%F2%F2%F2%00%F2%F2%F2%00%F2%F2%F2%00%F2%F2%F2%00%F2%F2%F2%00%F2%F2%F2%00%F2%F2%F2%00%F2%F2%F2%00%F2%F2%F2%00%F2%F2%F2%00%F2%F2%F2%00%F2%F2%F2%00%F2%F2%F2%00%F2%F2%F2%00%F2%F2%F2%00%F2%F2%F2%00%F2%F2%F2%00%F2%F2%F2%00%F2%F2%F2%00%F2%F2%F2%00%F2%F2%F2%00%F2%F2%F2%00%F2%F2%F2%00%F2%F2%F2%00%F2%F2%F2%00%F2%F2%F2%00%F2%F2%F2%00%F2%F2%F2%00%F2%F2%F2%00%F2%F2%F2%00%F2%F2%F2%00%F2%F2%F2%00%F2%F2%F2%00%F2%F2%F2%00%F2%F2%F2%00%F2%F2%F2%00%F2%F2%F2%00%F2%F2%F2%00%F2%F2%F2%00%F2%F2%F2%00%F2%F2%F2%00%F2%F2%F2%00%F2%F2%F2%00%F2%F2%F2%00%F2%F2%F2%00%F2%F2%F2%00%F2%F2%F2%00%F2%F2%F2%00%F2%F2%F2%00%F2%F2%F2%00%F2%F2%F2%00%F2%F2%F2%00%F2%F2%F2%00%F2%F2%F2%00%F2%F2%F2%00%F2%F2%F2%00%F2%F2%F2%00%F2%F2%F2%00%F2%F2%F2%00%F2%F2%F2%00%F2%F2%F2%00%F2%F2%F2%00%F2%F2%F2%00%F2%F2%F2%00%F2%F2%F2%00%F2%F2%F2%00%F2%F2%F2%00%F2%F2%F2%00%F2%F2%F2%00%F2%F2%F2%00%F2%F2%F2%00%F2%F2%F2%00%F2%F2%F2%00%F2%F2%F2%00%F2%F2%F2%00%F2%F2%F2%00%F2%F2%F2%00%F2%F2%F2%00%F2%F2%F2%00%F2%F2%F2%00%F2%F2%F2%00%F2%F2%F2%00%F2%F2%F2%00%F2%F2%F2%00%F2%F2%F2%00%F2%F2%F2%00%F2%F2%F2%00%F2%F2%F2%00%F2%F2%F2%00%F2%F2%F2%00%F2%F2%F2%00%F2%F2%F2%00%F2%F2%F2%00%F2%F2%F2%00%F2%F2%F2%00%F2%F2%F2%00%F2%F2%F2%00%F2%F2%F2%00%F2%F2%F2%00%F2%F2%F2%00%F2%F2%F2%00%F2%F2%F2%00%F2%F2%F2%00%F2%F2%F2%00%F2%F2%F2%00%F2%F2%F2%00%F2%F2%F2%00%F2%F2%F2%00%F2%F2%F2%00%F2%F2%F2%00%F2%F2%F2%00%F2%F2%F2%00%F2%F2%F2%00%F2%F2%F2%00%F2%F2%F2%00%F2%F2%F2%00%F2%F2%F2%00%F2%F2%F2%00%F2%F2%F2%00%F2%F2%F2%00%F2%F2%F2%00%F2%F2%F2%00%F2%F2%F2%00%F2%F2%F2%00%F2%F2%F2%00%F2%F2%F2%00%F2%F2%F2%00%F2%F2%F2%00%F2%F2%F2%00%F2%F2%F2%00%F2%F2%F2%00%F2%F2%F2%00%F2%F2%F2%00%F2%F2%F2%00%F2%F2%F2%00%F2%F2%F2%00%F2%F2%F2%00%F2%F2%F2%00%F2%F2%F2%00%F2%F2%F2%00%F2%F2%F2%00%F2%F2%F2%00%F2%F2%F2%00%F2%F2%F2%00%F2%F2%F2%00%F2%F2%F2%00%F2%F2%F2%00%F2%F2%F2%00%F2%F2%F2%00%F2%F2%F2%00%F2%F2%F2%00%F2%F2%F2%00%F2%F2%F2%00%F2%F2%F2%00%F2%F2%F2%00%F2%F2%F2%00%F2%F2%F2%00%F2%F2%F2%00%F2%F2%F2%00%F2%F2%F2%00%F2%F2%F2%00%F2%F2%F2%00%F2%F2%F2%00%F2%F2%F2%00%F2%F2%F2%00%F2%F2%F2%00%F2%F2%F2%00%F2%F2%F2%00%F2%F2%F2%00%F2%F2%F2%00%F2%F2%F2%00%F2%F2%F2%00%F2%F2%F2%00%F2%F2%F2%00%F2%F2%F2%00%F2%F2%F2%00%F2%F2%F2%00%F2%F2%F2%00%F2%F2%F2%00%F2%F2%F2%00%F2%F2%F2%00%F2%F2%F2%00%F2%F2%F2%00%F2%F2%F2%00%F2%F2%F2%00%F2%F2%F2%00%F2%F2%F2%00%F2%F2%F2%00%F2%F2%F2%00%F2%F2%F2%00%F2%F2%F2%00%F2%F2%F2%00%F2%F2%F2%00%F2%F2%F2%00%F2%F2%F2%00%F2%F2%F2%00%F2%F2%F2%00%F2%F2%F2%00%F2%F2%F2%00%F2%F2%F2%00%F2%F2%F2%00%F2%F2%F2%00%F2%F2%F2%00%F2%F2%F2%00%F2%F2%F2%00%F2%F2%F2%00%F2%F2%F2%00%F2%F2%F2%00%F2%F2%F2%00%F2%F2%F2%00%F2%F2%F2%00%F2%F2%F2%00%F2%F2%F2%00%F2%F2%F2%00%F2%F2%F2%00%F2%F2%F2%00%F2%F2%F2%00%F2%F2%F2%00%F2%F2%F2%00%F2%F2%F2%00%F2%F2%F2%00%F2%F2%F2%00%F2%F2%F2%00%F2%F2%F2%00%F2%F2%F2%00%F2%F2%F2%00%F2%F2%F2%00%F2%F2%F2%00%F2%F2%F2%00%F2%F2%F2%00%F2%F2%F2%00%F2%F2%F2%00%F2%F2%F2%00%F2%F2%F2%00%F2%F2%F2%00%F2%F2%F2%00%F2%F2%F2%00%F2%F2%F2%00%F2%F2%F2%00%F2%F2%F2%00%F2%F2%F2%00%F2%F2%F2%00%F2%F2%F2%00%F2%F2%F2%00%F2%F2%F2%00%F2%F2%F2%00%F2%F2%F2%00%F2%F2%F2%00%F2%F2%F2%00%F2%F2%F2%00%F2%F2%F2%00%F2%F2%F2%00%F2%F2%F2%00%F2%F2%F2%00%F2%F2%F2%00%F2%F2%F2%00%F2%F2%F2%00%F2%F2%F2%00%F2%F2%F2%00%F2%F2%F2%00%F2%F2%F2%00%F2%F2%F2%00%F2%F2%F2%00%F2%F2%F2%00%F2%F2%F2%00%F2%F2%F2%00%F2%F2%F2%00%F2%F2%F2%00%F2%F2%F2%00%F2%F2%F2%00%F2%F2%F2%00%F2%F2%F2%00%F2%F2%F2%00%F2%F2%F2%00%F2%F2%F2%00%F2%F2%F2%00%F2%F2%F2%00%F2%F2%F2%00%F2%F2%F2%00%F2%F2%F2%00%F2%F2%F2%00%F2%F2%F2%00%F2%F2%F2%00%F2%F2%F2%00%F2%F2%F2%00%F2%F2%F2%00%F2%F2%F2%00%F2%F2%F2%00%F2%F2%F2%00%F2%F2%F2%00%F2%F2%F2%00%F2%F2%F2%00%F2%F2%F2%00%F2%F2%F2%00%FF%FF%FF%00%FF%FF%FF%00%FF%FF%FF%00%FF%FF%FF%00%FF%FF%FF%00%FF%FF%FF%00%FF%FF%FF%00%FF%FF%FF%00%FF%FF%FF%00%FF%FF%FF%00%FF%FF%FF%00%FF%FF%FF%00%FF%FF%FF%00%FF%FF%FF%00%FF%FF%FF%00%FF%FF%FF%00%FF%FF%FF%00%FF%FF%FF%00%FF%FF%FF%00%FF%FF%FF%00%FF%FF%FF%00%FF%FF%FF%00%FF%FF%FF%00%FF%FF%FF%00%FF%FF%FF%00%FF%FF%FF%00%FF%FF%FF%00%FF%FF%FF%00%FF%FF%FF%00%FF%FF%FF%00%FF%FF%FF%00%FF%FF%FF%00%FF%FF%FF%00%FF%FF%FF%00%FF%FF%FF%00%FF%FF%FF%00%FF%FF%FF%00%FF%FF%FF%00%FF%FF%FF%00%FF%FF%FF%00%FF%FF%FF%00%FF%FF%FF%00%FF%FF%FF%00%FF%FF%FF%00%FF%FF%FF%00%FF%FF%FF%00%FF%FF%FF%00%FF%FF%FF%00%FF%FF%FF%00%FF%FF%FF%00%FF%FF%FF%00%FF%FF%FF%00%FF%FF%FF%00%FF%FF%FF%00%FF%FF%FF%00%FF%FF%FF%00%FF%FF%FF%00%FF%FF%FF%00%FF%FF%FF%00%FF%FF%FF%00%FF%FF%FF%00%FF%FF%FF%00%FF%FF%FF%00%FF%FF%FF%00%FF%FF%FF%00%FF%FF%FF%00%FF%FF%FF%00%FF%FF%FF%00%FF%FF%FF%00%FF%FF%FF%00%FF%FF%FF%00%FF%FF%FF%00%FF%FF%FF%00%FF%FF%FF%00%FF%FF%FF%00%FF%FF%FF%00%FF%FF%FF%00%FF%FF%FF%00%FF%FF%FF%00%FF%FF%FF%00%FF%FF%FF%00%FF%FF%FF%00%FF%FF%FF%00%FF%FF%FF%00%FF%FF%FF%00%FF%FF%FF%00%FF%FF%FF%00%FF%FF%FF%00%FF%FF%FF%00%FF%FF%FF%00%FF%FF%FF%00%FF%FF%FF%00%FF%FF%FF%00%FF%FF%FF%00%FF%FF%FF%00%FF%FF%FF%00%FF%FF%FF%00%FF%FF%FF%00%FF%FF%FF%00%FF%FF%FF%00%FF%FF%FF%00%FF%FF%FF%00%FF%FF%FF%00%FF%FF%FF%00%FF%FF%FF%00%FF%FF%FF%00%FF%FF%FF%00%FF%FF%FF%00%FF%FF%FF%00%FF%FF%FF%00%FF%FF%FF%00%FF%FF%FF%00%FF%FF%FF%00%FF%FF%FF%00%FF%FF%FF%00%FF%FF%FF%00%FF%FF%FF%00%FF%FF%FF%00%FF%FF%FF%00%FF%FF%FF%00%FF%FF%FF%00%FF%FF%FF%00%FF%FF%FF%00%FF%FF%FF%00%FF%FF%FF%00%FF%FF%FF%00%FF%FF%FF%00%FF%FF%FF%00%FF%FF%FF%00%FF%FF%FF%00%FF%FF%FF%00%FF%FF%FF%00%FF%FF%FF%00%FF%FF%FF%00%FF%FF%FF%00%FF%FF%FF%00%FF%FF%FF%00%FF%FF%FF%00%FF%FF%FF%00%FF%FF%FF%00%FF%FF%FF%00%FF%FF%FF%00%FF%FF%FF%00%FF%FF%FF%00%FF%FF%FF%00%FF%FF%FF%00%FF%FF%FF%00%FF%FF%FF%00%FF%FF%FF%00%FF%FF%FF%00%FF%FF%FF%00%FF%FF%FF%00%FF%FF%FF%00%FF%FF%FF%00%FF%FF%FF%00%FF%FF%FF%00%FF%FF%FF%00%FF%FF%FF%00%FF%FF%FF%00%FF%FF%FF%00%FF%FF%FF%00%FF%FF%FF%00%FF%FF%FF%00%FF%FF%FF%00%FF%FF%FF%00%FF%FF%FF%00%FF%FF%FF%00%FF%FF%FF%00%FF%FF%FF%00%FF%FF%FF%00%FF%FF%FF%00%FF%FF%FF%00%FF%FF%FF%00%FF%FF%FF%00%FF%FF%FF%00%FF%FF%FF%00%FF%FF%FF%00%FF%FF%FF%00%FF%FF%FF%00%FF%FF%FF%00%FF%FF%FF%00%FF%FF%FF%00%FF%FF%FF%00%FF%FF%FF%00%FF%FF%FF%00%FF%FF%FF%00%FF%FF%FF%00%FF%FF%FF%00%FF%FF%FF%00%FF%FF%FF%00%FF%FF%FF%00%FF%FF%FF%00%FF%FF%FF%00%FF%FF%FF%00%FF%FF%FF%00%FF%FF%FF%00%FF%FF%FF%00%FF%FF%FF%00%FF%FF%FF%00%FF%FF%FF%00%FF%FF%FF%00%FF%FF%FF%00%FF%FF%FF%00%FF%FF%FF%00%FF%FF%FF%00%FF%FF%FF%00%FF%FF%FF%00%FF%FF%FF%00%FF%FF%FF%00%FF%FF%FF%00%FF%FF%FF%00%FF%FF%FF%00%FF%FF%FF%00%FF%FF%FF%00%FF%FF%FF%00%FF%FF%FF%00%FF%FF%FF%00%FF%FF%FF%00%FF%FF%FF%00%FF%FF%FF%00%FF%FF%FF%00%FF%FF%FF%00%FF%FF%FF%00%FF%FF%FF%00%FF%FF%FF%00%FF%FF%FF%00%FF%FF%FF%00%FF%FF%FF%00%FF%FF%FF%00%FF%FF%FF%00%FF%FF%FF%00%FF%FF%FF%00%FF%FF%FF%00%FF%FF%FF%00%FF%FF%FF%00%FF%FF%FF%00%FF%FF%FF%00%FF%FF%FF%00%FF%FF%FF%00%FF%FF%FF%00%FF%FF%FF%00%FF%FF%FF%00%FF%FF%FF%00%FF%FF%FF%00%FF%FF%FF%00%FF%FF%FF%00%FF%FF%FF%00%FF%FF%FF%00%FF%FF%FF%00%FF%FF%FF%00%FF%FF%FF%00%FF%FF%FF%00%FF%FF%FF%00%FF%FF%FF%00%FF%FF%FF%00%FF%FF%FF%00%FF%FF%FF%00%FF%FF%FF%00%FF%FF%FF%00%FF%FF%FF%00%FF%FF%FF%00%FF%FF%FF%00%FF%FF%FF%00%FF%FF%FF%00%FF%FF%FF%00%FF%FF%FF%00%FF%FF%FF%00%FF%FF%FF%00%FF%FF%FF%00%FF%FF%FF%00%FF%FF%FF%00%FF%FF%FF%00%FF%FF%FF%00%FF%FF%FF%00%FF%FF%FF%00%FF%FF%FF%00%FF%FF%FF%00%FF%FF%FF%00%FF%FF%FF%00%FF%FF%FF" )</imagedata>
</image>
