<group name="tabs" id="126301">
<traversalOn>true</traversalOn>
<ink>srcCopy</ink>
<dontSearch>false</dontSearch>
<threeD>true</threeD>
<scrollbarWidth>20</scrollbarWidth>
<blendLevel>0</blendLevel>
<rect>0,28,907,52</rect>
<showName>false</showName>
<colors>urldecode( "255%2C255%2C255%0D%0A%0D%0A%0D%0A%0D%0A%0D%0A%0D%0A%0D%0A" )</colors>
<hScroll>0</hScroll>
<backgroundBehavior>true</backgroundBehavior>
<cantDelete>false</cantDelete>
<vScrollbar>false</vScrollbar>
<tabGroupBehavior>false</tabGroupBehavior>
<hScrollbar>false</hScrollbar>
<id>126301</id>
<altId>0</altId>
<radioBehavior>true</radioBehavior>
<lockLoc>true</lockLoc>
<name>group "tabs"</name>
<layer>66</layer>
<visible>true</visible>
<cantSelect>false</cantSelect>
<borderWidth>2</borderWidth>
<margins>0,0,14,0</margins>
<opaque>false</opaque>
<showBorder>false</showBorder>
<disabled>false</disabled>
<vScroll>0</vScroll>
<hilitedButton>0</hilitedButton>
<custompropertyset name= "cGlx2General">
<cHscrollScript>0</cHscrollScript>
<cLocals>urldecode( "sDragging%0D%0AsHStart%0D%0AsMoving" )</cLocals>
<cHscrollHandlers>0</cHscrollHandlers>
<cHtmlScript>urldecode( "%1F%8B%08%00%00%00%00%00%00%03%ED%3D%5Ds%DC%B8%91%EF%FA%05%F7%88%CC%83O%BA%D5x-%ED9u%D9%CBn%95%24%7BmUd%C9%25%8D%E3%3C%DC%0BEbf%18s%08%16%C9%91%EC%D4%FD%8D%FD%BF%87%06%08%10%DF%04g%28%AF%F7%12V%25k%91%40%A3%BB%D1%DD%E8n40%05I%93%025%AF%EAd%B5%CA%CB%D5q%F3%F6%AEM%EA%F6%B8yG%1E%E8%DF%07%07%F3%F9%CFhC%B6%0D%3E8+%25%FF%17%FD%84Q%BB%C6o%8F%E9%FF%FD%F5%00%D1%87%FD_%BE%84%B7%08%97%0FyM%CA%0D.%5B%947h%96%E1%07%5C%90%0D%0A%FE%9EA%83%925F%B2%5B%D7U%E2%00%9D%DAz%8BQRf%E8%10%C6A%3F%A3%0E%2F%F4%1D%3AE%A4f%A3%A3%3F%CB%B7stzd%80%D6%C0%C33%9F%A3W%B7go%DE%5C%5E%BF%09%B4jp%CB%88%C8%F02%D9%16m%BA%AD%1B%18%8E%B0%97y%86%C8%12%E5%9B%15%9A%15x%D9%CE%EB%7C%B5n%9FW%E5j%06%EF%D3%0C%CD%F2M%B2%C2%CDL%03Y%90%F4%13j%D2%1A%1B%E8U%5B%3E%D4%9A%7E%23E%01+6t%8C%92%0F%F6%F6%8E%BD%B5z%F4%243%1E%88%E6%97%25%1D%00X%EC%1AB%7EDY%FE%80%5E%0Et%9A%CF%9B%ED%7D%5B%27%A9%D1wY%93%8D%0F3%C16%9D%960%25xS%B5_%24.%8B%E4%FE%9A8%F9Sn7%F7%B8%06%90%CB%22kh%07%B4%AA%2B4k%93%FBf%26%BB_%13%0D%0A%A0%D1%FA%D7%B8%C2I%8B%1E%F3v%0D-%7E%29%B2k%82%7EB%27%C8%DBC%1D%95I%3A%9D%3A9%C2%15I%9D%8D%F3%16o%40%28%B9%F0C%0F%8E%29%C3%10%9D0%D10%11%D6%FA%B8%00%E7%E2%0B%28%03P%40%A9%06%F05%A6%B3%D2%C1%974%E9%03%80%D6%FC%8F%05P%3C%00%E4%21o%F2%FB%02%0F%C0%11Zh%AB%95%CE%29%DE%D7%3F%8D%E2%C1%9F%F3V%CC%89%D5%00S%A4%F3%E5%81%F9%8A7%D7%5Es%CE%B0a%00%C5%92%08A%02%3CA%C9%81%7E%9BB%DEa%04%85%8C%3A%F8%CA%28%13%E6%D0l%B5%CE%0B%3A%97%14%B8%9Bv%07Ym%9Do%40%F0%DC%1D%3A%13%9A%BE%FE%DC%E2%BAL%0D%0A%AA%EB%ED%B69O%98%F87mB-%C9%AC%C6%0Fo%AE%FEv%8AR%92%E1%01%22%84Z%B6%84%14m%5E%09%21%A5%06d%05_%08%9A%CD%AC%3E%AB%E2%F3%E9%1Dn%F9%C8h%C6%8C%7DE%28%17%A8%0E%82%D5%03%F3%CB%0C%1F%F4%EF%D4%9D%F1S%A7%BC%A0%2B%C6xtv%1D%CD%E6%F3%B6%F4%D9%DD%5D%BE%C8%3Fl%BA%CCE%E6%FAf%11%B3%D08W%3C%B7%24%26M%D3%2F%BCCtS%1E%9F%D55y%BC%60%2B%97%9B%88n%7C%85%F7%14%81%5E%8B%F6%C4%C0%1C%E6%91%D4%19%B5%BA%DDd7kBW%AF2%D9%60c%FA%C1U%A03%CB%0D%98%DEGi%B1%CCq%91%29mNc%E0%26%25h1%5E%E1%DA%AF%EB%B1%D0%82v%CE0NC%E3%8A%B1%99%CA_t%268d%B0%BA%C1%A1%A9%13%18%1F%9FA%B2l%A3wI%90%18%DC%DC%FF%9D.%2F%97%AF%3AgFB%EAF%15%9F%BD%80%3A%91R%B8%26%21%E6%8D%F6%89%D1%C4%8C%D8%5B%B2%C1%A6W%E8x%E6sM7A%CF%1E%93%06%A5%C9%B6%01%FDY%16y%FA%09%D7%7F%08%C2%A8q%D3%92%1A%18%7B%99%92%D2%5E%F9%D5%87-Vn%89%D7%9A%D9%D2%2F%3F%B9%0C%A0x%80%E53e%A6%D8%2C%FDAN%3BX%F5%19z%F6Ly%F1%0C%A55J%96%60%167%8D%BD%0E%05%90%F1%2C%AD%21%A5%1D%B4%82%F0%FC.4%5B%AC%A7%1F%1A%CC%26%FD%A6dk%EFN%8B%A9%98%B8I%2C%85%00%26%5D%CDt%9D%D4%E9z%5B%7E%92%1D%DF%C1%EB%0B%FA%FA%02%5E%07%F4%5Do%B8%83%E6%F3%A8%85l%EBT%12%E1%C1%E9r%B3%BAc%EDv%93y%DD%E5%1F%00%E6%D7%ADIm%E6%24%E6%0F%80%D0I%07Q%BA%04f%5ESy8T%3A%1DI0o%EA%E4%0B%25%1C%1Ax%21%CD%D2%824%98%07%962%1Ed%9Ef6%D4U%0FS%F5%F1%8C+%D5D%29%40%9A%05U%C7%C6%07%B8o%E5%81%CD%E5W%CA%81.%BA%B6%250%85%B2%81%60.%24%E02%9A%27%5B%1A%0E%A4%B0J0%D7%F2%21%29%C0%9F%3Cy%B1%E3Z%06H%EE%B5%9E%09%C4%0C%CD%03%DA%B8q%0CHt%24o%E1%D9u%7D%1A%E0%DB%E9K%3F%E3%F6%A7%2C%2C%8E%BEU%CEG%8E-%BE%5C%BB+%8A%A0.A%86%3E%9B%C9%9B%9D%F5B%01%CC%E3%C2%10%F0H%DDp%C8%7C%A4q%EF%FAG%D8%F6%A0%EF%AF%3E%7B%88%05%3C%19%0D%F0%86%C4C%B8%3Db%15%A5%7F%CD%8C%D9%B0CV%F1%04e%3A%82%80%80%3DP8%FAT6a%7F%16%A92%E5%E7%12%E3%94%DF0%0C%7C%7E*%BB%F1%A4%C2%11%EF%1A3*%F2%0Ds%A9%5E%03%EA%C3Y%8D%B6%FE%E2%1Ct0%DB%C1%B4%CE%D9%95%867z%1E%C6j%95%26m%BAF62%40%92%89Ptv%C4hx%A0%BC%83%FF%F4%F1%D0%C1%7C%3E%FF_%FA%BF%7EO%A0%E7%95%23%01a%8E%95%0F%B8%CE%D4So%93%BC%E4a%03%8A%8B%1B4%F5%B2gP%9B9%93A%23g%CA%E4%BD%CAs%85%85%3A%8F%25%039N%1A%07mt%DD%5B%29%60b%02%DB%29%2Chu%90%DE%A3d9%CE%8ExE%3A%CAz2%C1%B1D%98l%D43%87O%C5%E18Jur%C7%B8%F6%13e1%5C%FAe%A4VeW%F4%2B%3AC%B7%B8%22M%DE%92%FA%0B%C0%FE%98g%943%0D%FD%D2%AEaX%AA%07%F4%3F%15%AE7I%09%D2%00*%91%11%CCe%82%F9%1D%BD%E5%F3%28w%1C%CF%E2%C9g%7B%1C%8C%86%8F%F8%3E%82%FA%08%87%06%A8%8AvZ%02%7E%90%C1%E8%0BX%88%40%CA%3A%07%8D%82%13x%A3sj%AA%1A%5C%F7%DC%B3l%3C%8B%ED%28%C07%D4%B0%DD%DF%D7%10%F04%87%1E%1E%1D%192e%C5j%3Af%87ZC%B6%9E%FD%8A%160%E1%1D%AF-4%8F%7C%C6z%AFIwl%C7qEUE%22z%06%C6x%9E%81I%9Cx%2F%C4%97%D4R%87%BA%5B%93G%A0%7C%91W%7B%24%89%9E%D0Od%D9%01S%9C%A9mX%92%9A9G%DD*I%BF%CD%FB%B5%12%7Fn%0D%83%CB%05%ED%A6jsR%7E%97%EA%E0%92%A2%40%F7%CCpRdI%89gN%990%9F%C1%D4%CFd%1A%A4%3E%BBh%133%B84%FATT%C9%7C%FC%FB%40%1A%C9n%DD%B2%9A%ED%10%B0%FAu1%02%B2%CE%94%40%FF%F8%91%C2%0C%19v%91%7F_%FA%F5%2B%9A%40%C3+_%3F%BD%96%7DMY2%5EY%83%84%F6S%F6J%AA%3E%C1%FC*%16%E8%0Eo%F2%2BR%AE%FC%29%DAE%DE%16xX%A8%27%B7j%13%5B%B3%B0%D2%0EX%2F%87%3C%7C%F5%F5%98%CD%03%2B%80%89%D3%B9%21%831%91%F9%D1xQ%26%F7%05%7EO%7D%F2%3D%01%C2%C3%8C%CF-%14%3B%CC%B9%B5XB%E9%19%B5%3D4%D6%DB%C6%19%086uCY%B0%A9%C6%D9c%F33%CE%28%05F%F1%8E%F0%3B%9Ak%29%E2%5C%B7%BF%D2%CCO%3F%EA%1Er%D0k%F9%1E%A2%F0%0D%B8A%01%AF%E7%9F%D2%8A%7D5i%FE%CD%25%F8_%96L%B3%29%D2%ED%FD%EA%D6l%CA%91%BF%3D%8Bf%3A%E3%FD%9F%1AF%3E%9F%3C%2C%A9%0D%0A%B4%89%9C%BC%11%F9%5E%0D%7FQ%95%E8%EC%D6%3B%FF%9D%3A%D8%C2%B9%C3%9E%CB%60%17%C7%1C%AA%EC%EF%F7Gto%DA%DE%23%B9%C2IWKf.%23%F3y%EC%D6%99%9A%05%1FA%AC%9APW%93%E9.yy%A2%C2.W%8A0%A5%03_%40%3C%7CS2%AD%1Do%8D%28%E7%86v%0E%E7%FE%ADC%F96%BE%3A%C0%1F%0F%CF%E7%BB%EFa%EE%85%88n%1A%E2%0D%0A%8B%5D%9B%962h%EF%F6%91e%89%86%7BJ%82%F5m%93%95h%ED%5D%9E%05%FB%91EqAq%F66sm%A6Z%5BN%1E%8B%FB%2Fv%3F9%BB%FB%7F%3Av%18%3D%BB%AC%DC%D6j6x%9Dg%F8%9C%1A%29%5E%2B%BA%60%EAw%D0%A1%2C%EC%DC%E3%3Do%40%96%7D%1B%B0%A4%CB%04%E6%1C%A0%F7P%1C%16%FE%15y%2CQ%C5%16%81%F3%B6%BC%DEn%3A%EB%FE%98%E4-%3Ay%F1%02m%F2%A2%C8%1B%9C%F2C%3D%D4-i%1APfu%E9%ED%0F%1E9O%FEl%0C%E9%D2%CF%A9%90%07%5C%DFR%0C%19%0D%0A%C0%A6%9E%CBi%81%93%1A%24%F5%0D%0A%8E%FC5%A1%A6l9%A2%B4%CE%8C%3E%ACB%8B%9DQ%A3%C4%F4%B4%98V%7D%C4%01%40%DEI%E5%18%FA%09%FD%E0%CF%E1%B1y%E8%8E%E4%08%AD%8B%09%E8%FA%C9v%0D%0A%7B%CCv%B8%81s%AB%D7%D9%07%0D%0A%11%27%290%152%AA%01%B9oK%5E%22%C1%DD%DB1%60%C00t%0B%BA%13J%C7%86+%90%1D%0D%0A%5B%04%2F%EEI%DB%92%8D%D1%13%CEvF%9E%8FSa%F1cB%1A%A49%9D%8F%1E%D0%C9%00%A0Nl%AB%22ii%BC%B0%91%95%16%9B%24%25%CD%C0%86%81%3C*y%CA%CFGFa%1E%88%2F%28.%22%A7%9C%B6%F9%037%E0%87G%02%A7%C8%DA%F30%CA%3Es%A7%FA%BC%D4%A2%8CE%3D%23%EFI%B5%AD%3A%C2%8F%87D%91%1A%19%07%E3%07%99%AE%5B%F1%90%98%D2%01%C6e%8C%FAC%1F%60%C7%23%D3%E1%D1ELN%8AT%9B%BF%E6gz%5D%F2%FC3%3A%7D%E1gI%CC%C1%16%ED%AC%C1%BA%B3%A0%FC%28%B1%BF%7D%7F%FC%D1kk%C7%85%AAF-%19c%B3%B6%8A%0E%C8P%C1N%AB%D3%B7%EF%A8%A9%D2%DF%DC%3C%96%B8v7%EEl%5Ds%0C%7F%FC%B2i%C5%DF%AC%D5%81%A0%D60%83%F2%14%86%18i%99%17-%17%3Ax%C5%96f%02L%A2%3D%A8%0B%FF%1F3%09%88%CD%21%A1%DE+%01%94%AC%1D%2Ca%ED-%7C%B5%BE%3C%0E0%DB%0D%F4%EE%2C%C7%FB%9AT%2C%B9sh%B6%3C%D2%DCH%C9%83%1AS%15%A4q%CA%EC%D9%8C%FB%25%B3g%CF%80%03%AE%86p%7C%17%B2*8%A1%3E%5C%91%97Xi%E4%EA%22pc%D9%19%CE%2C%A5%03%3F%D1%E4%98%16%E3%F4%AF8k%DC%B7%EA%BA2%0C%7E%E8x%25%E7J%F6%D1%DD%00%EF%DC%3B%19%F7%FF%9Bg%27%5E%9E%09%09gd%EBZ%D17%E4%86%AB%96G6%94%98%25%29%92%CF_PU%13%E0%9Fi%CAY%CE%162%9A%88%F3%17%C8%3F%AB*Y%DF%C4Ge%18%CE%FF%D3%E1%9D%88P%A6i%B7%CBe%CF%D44%9B%D9%A1%99k%AC%F7%12%AD%3D%07R%8A*%99%C5%8A%EE%8E%92V%F8%06%98%15%F11%8B%E7%08%26n1%F5%BE%1B%AC%DB2%E5%D6%02%F9N%BA%A8%BD1T-%83%98%AF%810%D5%7B%F3E%02%D5%BC%83%19F3%BC%D0f%21%E8%B6%9B%0D%8C%A3%F6CWE%ECsM%C4%F8%2B%22%E2%82%B4%9D%AEg%00%00%E3%AEf%F0%C7Im%DC%BD%0C%DE%3B%19%1Ck%B8q%17C%F0%1E%06%0D%D6%D0%FD%27%7B%E5%2C%F6%0D%0A%AE%22r%15Q%85%F2%3CX%FE%FB%B6i%2F%CB%0B%AA%B2%EE8%99%94Y%A3%DA%0E%E9%06%09Ew%E5%13+%19%FC%A1%0D%0Ah%B7%7C%FB1%CF%DA5sq%DEb%C8%A5%F6%BA%3F%3A%96w2%95U*Q%CEN%5C4%CD%2F%F3%19Wo%FCh%D5%1B%AB%AE%BB%C22e%9E%3Cg%10b%F7%C2%B8%81%D2%C7%EC%7BZF424%1E8%A7%90%E5%CD%13%0C%11%C7%AF%8E%3F%7D%A0%CE%16%B8%A6*%F2v%D6%05*%FD%B7U%9DB%16%9B%AE%82%AB%19%FA3%FA%E3K%9DS%E0%5E%DDT%B8%BC%83%DE%40%8DM*4a%3B%01F%1B%FB%EC%C2%23%C8%F9%60%9A%94i%83%D6o%8D%C3%3B%0C%E2%5C%5E%AF%3C%B1%E1i7%02%EF%F9%DD%C9%9F%5C%B0%14B2r%8B%9B%FC%1F%90s%83%8A%40%A1%B9z%7BOZS%CE%96f%2B%22S%7B%EA%DA%05%C4P%AF%85j%9F%DD%D8%ED%1FL%BC%8E%AB%C1%A7b%10%0DR%1C6%F1CegX%B9%11%CCh%C4%CDd%C8%E52%1D%EB%AB%A0%ED%3C%EDf*M%7C%25%A4%C1%B4f%AF%82%B6%F2%A9%D3%B5%CBuj%91%BE%1C%A7%D6%F0%E8%86%92%BC%EC%122%3E%B7RP%D8%8C%EA%EC%8F%94%88%A0D%C9%7F%B8%D6%60%D5%13y%F2%FDJS%7D%C6%1C%C8%8D%B9%EBL%B4%DB%D5%91%15%CFnw%9E%99%D4M%EC%D8%8Ag*%07%D7%60X%EC%05d%F0%04%2F%21c%0D%FC%19C%C7ed%3D%E3%A4%23%3Cp%94z%F8h%81e%17%22%D0%9Bl%FB%CFC%DD%98S%E4%D4%D0HK0%5CE%04%D7K%DE%7D%BC%5C%5C%BCE%8B%B3%F3%BB%1F%3D%8DD%5E%FC%B2%81%0D%0A%E8w%24%CB%A9%96%D6w%22K%7E8k%D6%F9%B2%9D%1D%C5%0C%181%07%B4%D1%24%BB6%14%8Eq%14%0D%DC%A0%1C%EE%F5%E8%F6%FB%5D%7E%2F%94%04P%BDc%BE%16%AA%A8%2B%F4%FC%F9s%F7%B9f%0D%0A%3F%82%94%FD%5D%5D%03%A0%CB%F3u%91%9D%3C%E0%F75%5Ez%1B%056%13%3A%10%B6%D7%E8i%F8%A1%CA%A8%E7%22%9Bz%05%5CE%CF%7DTU%C5%CFW%EC%25%B7%D1%DE%90s%CADV%84%EF%E3%A8%DC%3Dv%01%1A%1FiEAp%C8%295%05A8v%04%A7%F4%18s%F4%D3%85%A0%D1%5E%E0%F4%E1%F6%CA%DB%8D%E3C%5B%8C%B8%9F%82%25%FC%D6m%5B%FD%F8%FD%F7YR%D2u%BC%99o%92%3Ay%9E%92%CD%F70%E5qC%0F%5C%8E%40%A8Lv%E9%CA%10%A4%A8%8B%12%E2j%3FbV%B6%7D61%E1a%FBj%9C%AA%5D%19%93%80-%A6Z%B8X%FBo%C4%1C%409%1A%DDyW%E0I%D7%F1%D3%E3%D3%97%7E%94%87%8AHu%40%BB%90%1E%DE%CD5%9D*%B6%8Bk%3BV%EA-8%21%DA%C3%B7B%0C%A03%9F%8F%ADA%86%E5%F9%E2%EA%F2%E2%2F%AF_%D1%FF%DE%DC%BDF%E77%7F%FB%F1%DF%C2%96%E8%9B%B9%95%EB%89.%24%9C%5EyW%84%9D%0C%CC%82%2C%81g%02%15%FB%DAVa%C4aZ%9F%D7%3B0%8A%B2%83wMd%D9Dsx%A4DK%FDk%9F%A4%04%DDK%C2%0Eq*%FEewS%81%0D%0A%18v%E9%23%94%97%3AE%90t%5E%E3%F4S%B3%DD4%E7%DB%F6dP%90E%E7E%BE%81%14%CD%A6z%5Df%14%08%8C%3A%AA%3Fs%CA%C7t%8C%29w%DF%FF%E2P%C1%17%C1%94%9D%F8%11%D5%29F%14Y%DD-%C8A%94%86E%04t%7E%C9%95%09%18%DC.%08%9B%1C%25%FB%E2J%BE%04%60%FA%CB.%D8H%B0%0D%CAw%24%D3%3A%AFxyJM+%B9%A5eR%F4%04%84%F4DE%91%9B%B8%A0%23%BD%A8i%A3F%B6%E1%96%CF%1B%7C%B1%D1%99%13%98%B2%7E%EA%A0%26%A2%CE%7C%F5N%E5%88%D2N%87%03%9F%0B%B7%9B%0E%A6%8F%E3%BC%A6T%17%B8n%D0%E9L%FF%CA%CA%B4k%96%CCU%BF%B9EB%89%29%5BR%D5%22%19m%3A%FB%0BR%DD%CA%2Cp%D7Oz%28%9E%EF%DC%C5%DE6k%FC%80%CB%B69%9C%25E1%EB%AD%DF%15%21f%9AUXZ-%BD%AA%CA%A1%9E%24%D5%AF%7B%3C%D6_%B9%CAm%94%94%AA%966%E3B%E7q%E9%BB%E4%8C%81%84%BD%27%11u%7F%5D%2C0%3BY%A8a%EA%BA%8Aj%28%0B8%C5-6S%5D%5C%3B%F2%3AQ%E7%E57%EE%7B%0D%87+%E9j%3D%F5-%A21%17%F1%EA%22%E7%CC%0F%3E%D1%3D%9Cq%F7%0C*%FA%A8%09*%FB%CD%95O%F8K%C3%B52y%FC%0B%FE%C2*%CB%29H%FA%CFkf%9EU%19%D6%2B%C6%AC%02D%A3%89YA%CE%81H%C0+K%7F%7C%F9%C3%8B%FFb%AD%28%DF%A8%19K%1A%CC%7F%C4%03%AC%0D%DF%3Fz%5Cc%0C%5B.J%A1%24f%A9%7C7%B4%3Fqh%19%0EA%DBV%3A%2Cv%EF%BCB%3F%3B%ECS%FE%3B%2B%A6%E2e%AEy%C3%EF%FC%D6%E5%D6%E8g1%BB%FF%02%0C%D6%29%D4m%99%EB%9Da%DFL%5B%1F%FEY%17%05%60%92e%E8%E4%14Y%EFC%BF%A5%A24S%AF%9F%D0K%85-I%87f%B78%A3t%5B.%8D%BD%CFh%B0%83Ue%E2%DF%86C%B2%B8%FA%E4T%FE%FA%CC%B7%C3%28%83%2BLk%B7m%5E4%DD%9E%AC%CF%8BT%D9%E4.%E5%00%EF%99-%B2%D7%F8q%A0%B8K%EC%7C%7E%60%E8%E9%0D%15j%8F%9DQ%90d%8Fw%17nxsC%06%01%D2DZ%1E%8D%A4%3Ct%13%E1%98d%C1%AE9%CF%3E%17nlC%CD%60%15E%B0%0DJ%97%01%25%09.Vr%7FV%D4%BC%8D%C6%97%19%A5C%CF%E7%CC%27Q%05C%7C%D2%DD%92%D9%B6%CCp%0D%A5%8931D%97-%82%EB%02%9A%F6%CB%E0%2F%DB%B8gh%D7%BC%CCNq%9E%EDi%81%80v%3F%DF+%18g%B9%2C.%C7Y%2FE%D7D%DDu%8F%5DP%D5%95%B7f%87%D8%D4%01%A7F%0B%FC%7F2%8F%FF%B8%27z%F8%AA%C5%1DS%EET%82%CCD%8D9V%F3%98%B7%E9Z%F6H%93%06%F72%C0%87%D2H%D2%9C%40%B0lWgw%0B%D8%A2%D3w%E8%0C%FB%E09%05%A5%F6%FFot%FEa%81%CE%AE%EEn%D0%2F%97%B7w%0BG21%1CR%9By%0C%3D%08v%E5%2B%EC%E1%E17z%7C%A3K%F8%C1%F0%DF+%5C%17-%7F%16HE%05%9D%5D%BFB%97%0B%F4%F1%EC%0E%9D%5D%2C.%FF%FA%DA%93X%15%B1%40%C4fS%D4%AD%0D2%DBx%E2mb%E4%19%DD%0D%E3%92C%AA%D59%14%3C%9B%9F%1Cy%2C%8F%BA%E4%05%98%E1%CDQ%F4+%C2L%D0%18%111%AE%83%2B*5%DE%7E%E37%0E%82%C9%F8%5E%8EA%86%83bc%E7%8AM%EB7%80%8C%E3%D5%3D%F5x%3Ey%AC%C8O%86%98%00%BAL%C9%06%CDF%8C%F6h%D0%98%EAx%89%8F%D3%60%D6%8A%3AnI%D5%B8%F3%C2%93%EDg%0Cf%F7%83%DA%E65i%92%1B%03%B20-%3B%94%89%9A%9F%A8Z%1B%12.%1F%2B%F5n%23-B%8C%F6%DA%3A%10%C0tP%DE%BBr%3AK%CA%2F%AF%D1%E2%EDk%F4%EE%F2%D5%AB%2Bs%06%86%B9%1F%E4%7CXSd%3Av%DF%A5%21%B0%24%8C%17N%8E%B3%8A%E7%CF%3D%11%5E%A3%BC%8F%7C%29%FD%A7%951%8D7%03%EDF%C9%9A%97y%21R%7E%2B%3Av_7%E0%9F%BC%BCK%C6%D7%FA%EEuW%8Bc%C9%7F%92%C1q%0D%0A%8EB%23%DDe%E1%FC%BB%85%D9%F6%1B%B5%C2b%C5%1B7%D3%DE%D6%89%26%A5x%F8%97%223%CF%5Bm%EB%1A%97%AD%23%F5m%FE%B8%D3%A8%23Z%BE4Id%3D%A8%C4s%B0%06T%B6%EC%B8%AA%06%C4%BB%FC+%EC%94%3F%B2%E6%F9I2%2B%21%EBDP%2C%C2%E6%FC%D8%C8%AAM%22%7FSG%60%A6%E7%99%21%93%9Dg%16HO*%7B%E8%C7%BF+%F8W%93%F5%8D%D1%29%EC%D2%FA%CCF%90W%21%9Fw%B2%0D%DE%E9%7E%1EMEk%DA%DF9%83%27v%3B%C0%C5%D1%981F%DC%F7%E6%BBq%F8%9FZ9%8Cy%16%D5%2C%D6MYQj2%F9%2F%82%C1%F3%0DIP%F0%1A%06%A5%98%DD%CEl%9B%2B%A2%B6%5C%F6%C7%1C%F5%05%CDt%12%CC%CDc%C7%97%C8%83%CB%DA%C9%CA%BC%11%C9%D0%8A%A2%9A%97%2Bq%87%92%23%03g%A0%1A8%0D%B8S%E2%B0%8D%AE%013%B62%7B0%5C%A65%18%9DP%FF%03%D7%86%B3l%BB%D5%7D%CAC%83%60I%BFoa0q%FF%AD%0F%DC%BA%2F%FD%B2%E5%B3%9F%D7%FF%03%AB%7E%C3%5C%BF%82%00%00" )</cHtmlScript>
<cSelectedChunk>char 222 to 221</cSelectedChunk>
<cHandlersListWidth>163</cHandlersListWidth>
<cDirtyFlag>false</cDirtyFlag>
<cHtmlHandlers>urldecode( "%1F%8B%08%00%00%00%00%00%00%03%95%D2K%0D%0A%C20%10%00%D0%BD%A7%28%15%DC%96%12%3F%14c%16Zw-%88%E8%01%FA%19j0%ED%84L%A3x%7B%ABH%11El6Y%0Cy%CC%97k%C1s%C1%C9v%8F%AC%2B%8FL%B1%F2%19c%21%5B%F8%82%07%8F%B8w%86%1B%F1%A0%FB%10h1%E2%3FA%D4%83%1A-%C1%BB%98%8C%A3%E5%07%99%85%F3h%CAzR%28%C8Ll%B2*%C1%22S4%1C%96%B8Cm%F5pp%92%25%AC%D1%94%60%86%9BgC1%DA%5C%C1%D1%21%D5%8B%5D%1BG%B2mZ%E7%EA%12%C8.%E0hRt%26%7B%E8%16E%AE%CAeh%06%08%DA%03n%14%BA%A4%21Y%A7_%A3%FB%7B%D9%B6%95%AA%3F%ED%3B%F5%B9%23%D6%0B%03%00%00" )</cHtmlHandlers>
<cFolders>urldecode( "keys%0D%0Amouse%0D%0Autils" )</cFolders>
<cHandlers>urldecode( "clearDragLocals%0D%0AcloseThisTab%0D%0AdecreaseScroll%0D%0AdoPopup%0D%0AhideBorder%0D%0AincreaseScroll%0D%0AjustInCase%0D%0AmouseDoubleUp%0D%0AmouseDown%0D%0AmouseEnter%0D%0AmouseLeave%0D%0AmouseMove%0D%0AmouseRelease%0D%0AmouseUp%0D%0ArawKeyDown%0D%0AresetToClose%0D%0ArestoreTabIcons%0D%0AsimMouseEnter" )</cHandlers>
<cVscrollScript>79</cVscrollScript>
<cVscrollHandlers>0</cVscrollHandlers>
<cHilitedLine>10</cHilitedLine>
</custompropertyset>
<custompropertyset name= "cGlx2TimeStamp">
<xml_num_1258201761>start</xml_num_1258201761>
<xml_num_1283171865>working</xml_num_1283171865>
<xml_num_1258201754>start</xml_num_1258201754>
<checksum>urldecode( "h%DCpK%A6%5C%F1%F8%A0%8C7%1C_%09U%C8" )</checksum>
<xml_num_1283171786>start</xml_num_1283171786>
<xml_num_1283171914>start</xml_num_1283171914>
<xml_num_1283171860>working</xml_num_1283171860>
<xml_num_1283171907>working</xml_num_1283171907>
</custompropertyset>
<script>urldecode( "local+sDragging%2CsHStart%2CsMoving%0D%0A%0D%0A--%3E+mouse%0D%0A%0D%0Aon+mouseMove+theH%2CtheV%0D%0A++++%0D%0A++++if+the+environment+is+%22development%22+then%0D%0A+++++++++%0D%0A++++++++if+sDragging+is+true+and+%28theH+%3E+sHStart+%2B+2+or+theH+%3C+sHStart+-+2%29+then%0D%0A+++++++++++++%0D%0A++++++++++++--+DRAGGING%0D%0A+++++++++++++%0D%0A++++++++++++set+the+defaultcursor+to+the+id+of+img+%22left-right.png%22+of+cd+%22images%22%0D%0A++++++++++++lock+screen%0D%0A++++++++++++put+the+hscroll+of+me+into+theHScroll%0D%0A++++++++++++put+sHStart+-+theH+into+theIncrement%0D%0A++++++++++++put+theIncrement+div+5+into+theIncrement%0D%0A++++++++++++--subtract+theIncrement+from+theHScroll%0D%0A++++++++++++set+the+hscroll+of+me+to+theHScroll%0D%0A++++++++++++put+empty+into+theTabNo%0D%0A++++++++++++put+the+number+of+flds+in+grp+%22tabs%22+into+theNoTabs%0D%0A++++++++++++repeat+with+theFldNo+%3D+1+to+theNoTabs%0D%0A++++++++++++++++put+the+mouseloc+into+theLoc%0D%0A++++++++++++++++put+item+2+of+the+loc+of+fld+%22tab+1%22+of+grp+%22tabs%22+into+item+2+of+theLoc%0D%0A++++++++++++++++if+theLoc+is+within+the+rect+of+fld+theFldNo+of+grp+%22tabs%22+and+%5C%0D%0A++++++++++++++++++++++++the+visible+of+fld+theFldNo+of+grp+%22tabs%22+is+true+then%0D%0A++++++++++++++++++++put+theFldNo+into+theTabNo%0D%0A++++++++++++++++++++exit+repeat+%0D%0A++++++++++++++++end+if%0D%0A++++++++++++end+repeat%0D%0A++++++++++++if+theTabNo+is+not+empty+then+--+and+visible+of+fld+theTabNo+of+grp+%22tabs%22+is+true+then%0D%0A++++++++++++++++put+true+into+sMoving%0D%0A++++++++++++++++hiliteTab+theTabNo%0D%0A++++++++++++end+if%0D%0A++++++++++++trimTabs+theTabNo%0D%0A++++++++++++if+the+cExternalStatusBar+of+stack+%22revGLX2+code%22+is+true+then%0D%0A++++++++++++++++set+the+tooltip+of+the+target+to+%22%22%0D%0A++++++++++++++++glx2SetStatus+%22Move+pointer+left+or+right+to+scroll+tabs%22%0D%0A++++++++++++else%0D%0A++++++++++++++++set+the+tooltip+of+the+target+to+%22Move+pointer+left+or+right+to+scroll+tabs%22%0D%0A++++++++++++end+if%0D%0A++++++++++++unlock+screen%0D%0A++++++++++++unlock+screen%0D%0A++++++++++++unlock+screen%0D%0A++++++++++++%0D%0A++++++++else%0D%0A+++++++++++++%0D%0A++++++++++++--+NOT+DRAGGING%0D%0A+++++++++++++%0D%0A++++++++++++if+sDragging+is+true+then%0D%0A++++++++++++++++pass+mouseMove%0D%0A++++++++++++end+if%0D%0A++++++++++++setArrowCursor%0D%0A++++++++++++%0D%0A++++++++++++if+the+target+is+empty+then%0D%0A++++++++++++++++pass+mouseMove%0D%0A++++++++++++end+if%0D%0A++++++++++++%0D%0A++++++++++++if+word+1+of+the+short+name+of+the+target+is+%22tab%22+and+word+1+of+the+target+is+%22field%22+and+word+2+of+the+short+name+of+the+target+is+an+integer+then%0D%0A++++++++++++++++put+word+2+of+the+short+name+of+the+target+into+theTabNo%0D%0A++++++++++++++++if+theTabNo+is+an+integer+then%0D%0A++++++++++++++++++++put+the+cCdNo+of+fld+theTabNo+of+grp+%22tabs%22+into+theCdNo%0D%0A++++++++++++++++++++if+theCdNo+is+not+empty+then%0D%0A++++++++++++++++++++++++put+the+cObjectID+of+cd+theCdNo+into+theObjectID%0D%0A++++++++++++++++++++++++if+the+name+of+theObjectID+is+the+name+of+grp+%22GLX2+Home%22+then%0D%0A++++++++++++++++++++++++++++--unlock+screen+--+was+causing+flicker%21%0D%0A++++++++++++++++++++++++++++restoreTabIcons%0D%0A++++++++++++++++++++++++++++exit+mouseMove%0D%0A++++++++++++++++++++++++end+if%0D%0A++++++++++++++++++++else%0D%0A++++++++++++++++++++++++put+%22theCdNo+is+empty%21+theTabNo%22+is%22+%26%26+theTabNo%22+%26+cr+after+msg%0D%0A++++++++++++++++++++end+if%0D%0A++++++++++++++++end+if%0D%0A++++++++++++end+if%0D%0A++++++++++++%0D%0A++++++++++++lock+screen%0D%0A++++++++++++%0D%0A++++++++++++if+word+1+of+the+short+name+of+the+target+is+%22tab%22+and+word+1+of+the+target+is+%22field%22+and+word+2+of+the+short+name+of+the+target+is+an+integer+then%0D%0A++++++++++++++++if+the+cUseIconsOnTabs+of+stack+%22revGLX2+code%22+is+true+then%0D%0A++++++++++++++++++++put+word+2+of+the+short+name+of+the+target+into+theTabNo%0D%0A++++++++++++++++++++put+the+mousecharchunk+into+theMouseCharChunk%0D%0A++++++++++++++++++++if+theMouseCharChunk+is+not+empty+then%0D%0A++++++++++++++++++++++++put+the+imagesource+of+the+mousecharchunk+into+theImgSource%0D%0A++++++++++++++++++++else%0D%0A++++++++++++++++++++++++put+empty+into+theImgSource%0D%0A++++++++++++++++++++end+if%0D%0A++++++++++++++++++++put+the+cCdNo+of+fld+theTabNo+of+grp+%22tabs%22+into+theCdNo%0D%0A++++++++++++++++++++put+the+cObjectID+of+cd+theCdNo+into+theObjectID%0D%0A++++++++++++++++++++put+getGLX2ImageName%28theObjectID%29+into+theGrayImgName%0D%0A++++++++++++++++++++put+%22close.png%22+into+theHilitedImgName%0D%0A++++++++++++++++++++put+the+id+of+img+theGrayImgName+of+cd+%22images%22+into+theGrayImgID%0D%0A++++++++++++++++++++put+the+id+of+img+theHilitedImgName+of+cd+%22images%22+into+theHilitedImgID%0D%0A++++++++++++++++++++if+theImgSource+is+not+empty+and+word+2+of+the+mousecharchunk+is+1+then%0D%0A++++++++++++++++++++++++set+the+doubleclickinterval+to+10%0D%0A++++++++++++++++++++++++if+the+name+of+theObjectID+is+not+the+name+of+grp+%22GLX2+Home%22+then%0D%0A++++++++++++++++++++++++++++set+the+imagesource+of+char+1+of+fld+theTabNo+of+grp+%22tabs%22+to+theHilitedImgID%0D%0A++++++++++++++++++++++++end+if%0D%0A++++++++++++++++++++else%0D%0A++++++++++++++++++++++++set+the+doubleclickinterval+to+250%0D%0A++++++++++++++++++++++++set+the+imagesource+of+char+1+of+fld+theTabNo+of+grp+%22tabs%22+to+theGrayImgID%0D%0A++++++++++++++++++++end+if%0D%0A++++++++++++++++else%0D%0A++++++++++++++++++++put+the+id+of+img+%22close+tab+red+x%22+of+cd+%22images%22+into+theGrayImgID%0D%0A++++++++++++++++++++put+the+id+of+img+%22close+tab+hilited+x%22+of+cd+%22images%22+into+theHilitedImgID%0D%0A++++++++++++++++++++if+the+mousecharchunk+is+not+empty+then%0D%0A++++++++++++++++++++++++if+the+imagesource+of+the+mousecharchunk+is+empty+then%0D%0A++++++++++++++++++++++++++++set+the+doubleclickinterval+to+250%0D%0A++++++++++++++++++++++++++++do+%22set+the+imagesource+of+char+1+of%22+%26%26+the+target+%26%26+%22to+theGrayImgID%22%0D%0A++++++++++++++++++++++++else%0D%0A++++++++++++++++++++++++++++set+the+doubleclickinterval+to+10%0D%0A++++++++++++++++++++++++++++if+the+name+of+theObjectID+is+not+the+name+of+grp+%22GLX2+Home%22+then%0D%0A++++++++++++++++++++++++++++++++do+%22set+the+imagesource+of+char+1+of%22+%26%26+the+target+%26%26+%22to+theHilitedImgID%22%0D%0A++++++++++++++++++++++++++++end+if%0D%0A++++++++++++++++++++++++end+if%0D%0A++++++++++++++++++++else%0D%0A++++++++++++++++++++++++set+the+doubleclickinterval+to+250%0D%0A++++++++++++++++++++++++do+%22set+the+imagesource+of+char+1+of%22+%26%26+the+target+%26%26+%22to+theGrayImgID%22%0D%0A++++++++++++++++++++end+if%0D%0A++++++++++++++++end+if%0D%0A++++++++++++++++simMouseEnter%0D%0A++++++++++++else%0D%0A++++++++++++++++try%0D%0A++++++++++++++++++++set+the+tooltip+of+the+target+to+empty%0D%0A++++++++++++++++++++--++glx2SetStatus%0D%0A++++++++++++++++catch+e%0D%0A++++++++++++++++end+try%0D%0A++++++++++++end+if%0D%0A++++++++++++unlock+screen%0D%0A++++++++end+if%0D%0A++++++++%0D%0A++++end+if%0D%0Aend+mouseMove%0D%0A%0D%0A---%7C---%0D%0A%0D%0Aon+mouseEnter%0D%0A++++setArrowCursor%0D%0A++++lock+screen%0D%0A++++if+the+short+name+of+the+target+contains+%22tab+%22+and+word+1+of+the+target+is+%22field%22+then%0D%0A++++++++simMouseEnter%0D%0A++++else%0D%0A++++++++try%0D%0A++++++++++++set+the+tooltip+of+the+target+to+empty%0D%0A++++++++catch+e%0D%0A++++++++end+try%0D%0A++++end+if%0D%0A++++unlock+screen%0D%0Aend+mouseEnter%0D%0A%0D%0A---%7C---%0D%0A%0D%0Aon+simMouseEnter%0D%0A++++if+the+environment+is+not+%22development%22+then%0D%0A++++++++exit+simMouseEnter%0D%0A++++end+if%0D%0A++++put+the+cCdNo+of+the+target+into+theCdNo%0D%0A++++if+theCdNo+is+empty+then%0D%0A++++++++try%0D%0A++++++++++++glx2SetStatus+%0D%0A++++++++++++set+the+tooltip+of+the+target+to+empty%0D%0A++++++++catch+e%0D%0A++++++++end+try%0D%0A++++++++exit+simMouseEnter%0D%0A++++end+if%0D%0A++++%0D%0A++++put+the+cObjectID+of+cd+theCdNo+into+theObjectID%0D%0A++++if+the+name+of+theObjectID+is+the+name+of+grp+%22GLX2+Home%22+then%0D%0A++++++++lock+screen%0D%0A++++++++glx2SetStatus+%22GLX2+Home+%95+A+Repository+of+Widgets+%95+this+tab+is+permanent+and+does+not+close%22%0D%0A++++++++unlock+screen%0D%0A++++++++exit+simMouseEnter%0D%0A++++end+if%0D%0A++++%0D%0A++++if+the+name+of+theObjectID+is+the+name+of+fld+%22GLX2+Web%22+then%0D%0A++++++++lock+screen%0D%0A++++++++if+the+mousecharchunk+is+not+empty+and+the+imagesource+of+the+mousecharchunk+is+not+empty+then%0D%0A++++++++++++glx2SetStatus+%22Click+to+close+the+GLX2+Web+Browser%22%0D%0A++++++++else%0D%0A++++++++++++put+glx2GetAbbrNames%28the+name+of+theObjectID%29+into+theObjectName%0D%0A++++++++++++glx2SetStatus+%28theObjectName+%26%26+%22%95+This+is+the+GLX2+Web+Browser%22%29%0D%0A++++++++end+if%0D%0A++++++++unlock+screen%0D%0A++++++++exit+simMouseEnter%0D%0A++++end+if%0D%0A++++%0D%0A++++put+empty+into+theTooltip%0D%0A++++if+the+mousecharchunk+is+not+empty+then%0D%0A++++++++if+the+imagesource+of+the+mousecharchunk+is+not+empty+then%0D%0A++++++++++++if+the+cExternalStatusBar+of+stack+%22revGLX2+code%22+is+true+then%0D%0A++++++++++++++++lock+screen%0D%0A++++++++++++++++if+the+cShowToolTips+of+stack+%22revGLX2+code%22+is+true+then%0D%0A++++++++++++++++++++if+the+name+of+theObjectID+is+not+the+name+of+grp+%22GLX2+Home%22+then%0D%0A++++++++++++++++++++++++put+%22Click+to+close+tab+for%22+%26%26+word+1+to+-1+of+the+text+of+the+target+%26%26+%22%95+Option%2Bclick+to+close+all+but+this+one%22+into+theTooltip%0D%0A++++++++++++++++++++else%0D%0A++++++++++++++++++++++++put+glx2GetAbbrNames%28the+name+of+theObjectID%29+into+theObjectName%0D%0A++++++++++++++++++++++++glx2SetStatus+%28theObjectName+%26%26+%22%95+This+is+the+GLX2+Home+Tab%22%29%0D%0A++++++++++++++++++++++++unlock+screen%0D%0A++++++++++++++++++++++++exit+simMouseEnter%0D%0A++++++++++++++++++++end+if%0D%0A++++++++++++++++else%0D%0A++++++++++++++++++++put+empty+into+theTooltip%0D%0A++++++++++++++++end+if%0D%0A++++++++++++++++glx2SetStatus+theTooltip%0D%0A++++++++++++++++put+empty+into+theTooltip%0D%0A++++++++++++++++unlock+screen%0D%0A++++++++++++++++%0D%0A++++++++++++else%0D%0A++++++++++++++++if+the+cShowToolTips+of+stack+%22revGLX2+code%22+is+true+then%0D%0A++++++++++++++++++++if+the+name+of+theObjectID+is+not+the+name+of+grp+%22GLX2+Home%22+then%0D%0A++++++++++++++++++++++++put+%22%95+Click+to+close+tab+for%22+%26%26+word+1+to+-1+of+the+text+of+the+target+%26+cr+%26+%22%95+Option%2Bclick+to+close+all+but+this+one%22+into+theTooltip%0D%0A++++++++++++++++++++end+if%0D%0A++++++++++++++++else%0D%0A++++++++++++++++++++put+empty+into+theTooltip%0D%0A++++++++++++++++end+if%0D%0A++++++++++++end+if%0D%0A++++++++else%0D%0A++++++++++++restoreTabIcons%0D%0A++++++++++++put+the+cObjectID+of+cd+theCdNo+into+theObjectID%0D%0A++++++++++++if+the+name+of+theObjectID+is+not+the+name+of+grp+%22GLX2+Home%22+then%0D%0A++++++++++++++++put+glx2GetSemiLongName%28theObjectID%29+into+theTitle%0D%0A++++++++++++else%0D%0A++++++++++++++++put+glx2GetAbbrNames%28the+name+of+theObjectID%29+into+theObjectName%0D%0A++++++++++++++++glx2SetStatus+%28theObjectName+%26%26+%22%95+This+is+the+GLX2+Home+Tab%22%29%0D%0A++++++++++++++++unlock+screen%0D%0A++++++++++++++++exit+simMouseEnter%0D%0A++++++++++++end+if%0D%0A++++++++++++if+the+cExternalStatusBar+of+stack+%22revGLX2+code%22+is+true+then%0D%0A++++++++++++++++lock+screen%0D%0A++++++++++++++++if+theTitle+is+word+1+to+-1+of+the+text+of+the+target+then%0D%0A++++++++++++++++++++if+the+cShowToolTips+of+stack+%22revGLX2+code%22+is+true+then%0D%0A++++++++++++++++++++++++if+the+cEnablePanes+of+stack+%22revGLX2+code%22+is+true+then%0D%0A++++++++++++++++++++++++++++put+%22Right-click+for+tab+menu%22+into+theTooltip%0D%0A++++++++++++++++++++++++else%0D%0A++++++++++++++++++++++++++++put+%22Right-click+for+tab+menu%22+into+theTooltip%0D%0A++++++++++++++++++++++++end+if%0D%0A++++++++++++++++++++else%0D%0A++++++++++++++++++++++++put+empty+into+theTooltip%0D%0A++++++++++++++++++++end+if%0D%0A++++++++++++++++else%0D%0A++++++++++++++++++++if+the+cShowToolTips+of+stack+%22revGLX2+code%22+is+true+then%0D%0A++++++++++++++++++++++++if+the+cEnablePanes+of+stack+%22revGLX2+code%22+is+true+then%0D%0A++++++++++++++++++++++++++++put+theTitle+%26%26+%22%95+Right-click+for+tab+menu%22+into+theTooltip%0D%0A++++++++++++++++++++++++else%0D%0A++++++++++++++++++++++++++++put+theTitle+%26%26+%22%95+Right-click+for+tab+menu%22+into+theTooltip%0D%0A++++++++++++++++++++++++end+if%0D%0A++++++++++++++++++++else%0D%0A++++++++++++++++++++++++put+theTitle+into+theTooltip%0D%0A++++++++++++++++++++end+if%0D%0A++++++++++++++++end+if%0D%0A++++++++++++++++glx2SetStatus+theTooltip%0D%0A++++++++++++++++put+empty+into+theTooltip%0D%0A++++++++++++++++unlock+screen%0D%0A++++++++++++else%0D%0A++++++++++++++++if+theTitle+is+word+1+to+-1+of+the+text+of+the+target+then%0D%0A++++++++++++++++++++if+the+cShowToolTips+of+stack+%22revGLX2+code%22+is+true+then%0D%0A++++++++++++++++++++++++if+the+cEnablePanes+of+stack+%22revGLX2+code%22+is+true+then%0D%0A++++++++++++++++++++++++++++put+%22%95+Right-click+for+tab+menu%22+into+theTooltip%0D%0A++++++++++++++++++++++++else%0D%0A++++++++++++++++++++++++++++put+%22%95+Right-click+for+tab+menu%22+into+theTooltip%0D%0A++++++++++++++++++++++++end+if%0D%0A++++++++++++++++++++else%0D%0A++++++++++++++++++++++++put+empty+into+theTooltip%0D%0A++++++++++++++++++++end+if%0D%0A++++++++++++++++else%0D%0A++++++++++++++++++++if+the+cShowToolTips+of+stack+%22revGLX2+code%22+is+true+then%0D%0A++++++++++++++++++++++++if+the+cEnablePanes+of+stack+%22revGLX2+code%22+is+true+then%0D%0A++++++++++++++++++++++++++++put+theTitle+%26+cr+%26+%22%95+Right-click+for+tab+menu%22+into+theTooltip%0D%0A++++++++++++++++++++++++else%0D%0A++++++++++++++++++++++++++++put+theTitle+%26+cr+%26+%22%95+Right-click+for+tab+menu%22+into+theTooltip%0D%0A++++++++++++++++++++++++end+if%0D%0A++++++++++++++++++++else%0D%0A++++++++++++++++++++++++put+theTitle+into+theTooltip%0D%0A++++++++++++++++++++end+if%0D%0A++++++++++++++++end+if%0D%0A++++++++++++end+if%0D%0A++++++++end+if%0D%0A++++else%0D%0A++++++++restoreTabIcons%0D%0A++++++++put+empty+into+theTooltip%0D%0A++++end+if%0D%0A++++if+the+cExternalStatusBar+of+stack+%22revGLX2+code%22+is+true+then%0D%0A++++++++set+the+tooltip+of+the+target+to+empty%0D%0A++++else%0D%0A++++++++if+the+tooltip+of+the+target+is+not+theToolTip+then%0D%0A++++++++++++set+the+tooltip+of+the+target+to+empty%0D%0A++++++++++++set+the+tooltip+of+the+target+to+theTooltip%0D%0A++++++++end+if%0D%0A++++end+if%0D%0Aend+simMouseEnter%0D%0A%0D%0A---%7C---%0D%0A%0D%0Aon+mouseLeave%0D%0A++++lock+screen%0D%0A++++--+set+the+doubleclickinterval+to+250%0D%0A++++try%0D%0A++++++++set+the+tooltip+of+the+target+to+empty%0D%0A++++catch+e%0D%0A++++end+try%0D%0A++++restoreTabIcons%0D%0A++++if+word+1+of+the+short+name+of+the+target+is+%22tab%22+and+word+1+of+the+target+is+%22field%22+then%0D%0A++++++++if+the+cTabCloseOnRight+of+stack+%22revGLX2+code%22+is+true+then%0D%0A++++++++++++--+do+%22set+the+imagesource+of+char+-1+of%22+%26%26+the+target+%26%26+%22to%22+%26%26+the+id+of+img+%22close+tab+red+x%22+of+cd+%22images%22%0D%0A++++++++else%0D%0A++++++++++++--do+%22set+the+imagesource+of+char+1+of%22+%26%26+the+target+%26%26+%22to%22+%26%26+the+id+of+img+%22close+tab+red+x%22+of+cd+%22images%22%0D%0A++++++++end+if%0D%0A++++++++if+sDragging+is+true+then%0D%0A++++++++++++try%0D%0A++++++++++++++++put+the+cHilitedTabNo+of+stack+%22revGLX2+code%22+into+theTabNo%0D%0A++++++++++++++++put+the+cCdNo+of+fld+theTabNo+of+grp+%22tabs%22+into+theCdNo%0D%0A++++++++++++++++put+the+cObjectID+of+cd+theCdNo+into+theObjectID%0D%0A++++++++++++++++setAllCode+theObjectID%0D%0A++++++++++++catch+e%0D%0A++++++++++++end+try%0D%0A++++++++end+if%0D%0A++++else%0D%0A++++++++if+sDragging+is+true+then%0D%0A++++++++++++try%0D%0A++++++++++++++++put+the+cHilitedTabNo+of+stack+%22revGLX2+code%22+into+theTabNo%0D%0A++++++++++++++++put+the+cCdNo+of+fld+theTabNo+of+grp+%22tabs%22+into+theCdNo%0D%0A++++++++++++++++put+the+cObjectID+of+cd+theCdNo+into+theObjectID%0D%0A++++++++++++++++setAllCode+theObjectID%0D%0A++++++++++++catch+e%0D%0A++++++++++++end+try%0D%0A++++++++end+if%0D%0A++++end+if%0D%0A++++glx2SetStatus+%0D%0A++++unlock+screen%0D%0Aend+mouseLeave%0D%0A%0D%0A---%7C---%0D%0A%0D%0Aon+hideBorder+theTarget%0D%0A++++set+the+showborder+of+theTarget+to+false%0D%0Aend+hideBorder%0D%0A%0D%0A---%7C---%0D%0A%0D%0Aon+mouseDown+pMouseBtnNum%0D%0A++++--wait+100+millisecs+with+messages%0D%0A++++if+the+mouseloc+is+within+the+rect+of+me+then%0D%0A++++++++put+true+into+overRideMouseState%0D%0A++++++++clearDragLocals+overRideMouseState%0D%0A++++++++--+send+%22clearDragLocals%22+to+me+in+10+millisecs%0D%0A++++++++if+the+environment+is+%22development%22+then%0D%0A++++++++++++if+pMouseBtnNum+%3D+3+then%0D%0A++++++++++++++++put+false+into+sDragging%0D%0A++++++++++++++++put+empty+into+theTarget%0D%0A++++++++++++++++put+the+cCdNo+of+the+target+into+theCdNo%0D%0A++++++++++++++++if+theCdNo+is+not+1+then%0D%0A++++++++++++++++++++put+the+cObjectID+of+cd+theCdNo+into+theObjectID%0D%0A++++++++++++++++++++set+the+cObjectID+of+btn+%22tab+menu%22+to+theObjectID%0D%0A++++++++++++++++++++set+the+cTabName+of+btn+%22tab+menu%22+to+the+target%0D%0A++++++++++++++++++++set+the+tooltip+of+the+target+to+empty%0D%0A++++++++++++++++++++put+the+bottom+of+the+target+%2B+2++into+item+2+of+theLoc%0D%0A++++++++++++++++++++put+the+left+of+the+target+-+1+into+item+1+of+theLoc%0D%0A++++++++++++++++++++if+the+platform+is+not+%22macos%22+then%0D%0A++++++++++++++++++++++++subtract+2+from+item+2+of+theLoc%0D%0A++++++++++++++++++++end+if%0D%0A++++++++++++++++++++if+glx2GetActiveTabNo%28%29+is+not+word+2+of+the+short+name+of+the+target+then%0D%0A++++++++++++++++++++++++set+the+showborder+of+the+target+to+true%0D%0A++++++++++++++++++++end+if%0D%0A++++++++++++++++++++doPopup+theLoc%2CtheObjectID%0D%0A++++++++++++++++++++--+if+the+platform+is+%22macos%22+then%0D%0A++++++++++++++++++++hideBorder+the+target%0D%0A++++++++++++++++++++--+end+if%0D%0A++++++++++++++++end+if%0D%0A++++++++++++++++exit+mouseDown%0D%0A++++++++++++end+if%0D%0A++++++++++++if+the+short+name+of+the+target+contains+%22tab+%22+then%0D%0A++++++++++++++++if+the+mouseh+-+the+left+of+the+target+%3E+20+then%0D%0A++++++++++++++++++++restoreTabIcons%0D%0A++++++++++++++++++++put+the+mouseh+into+sHStart%0D%0A++++++++++++++++++++put+true+into+sDragging%0D%0A++++++++++++++++end+if%0D%0A++++++++++++end+if%0D%0A++++++++end+if%0D%0A++++end+if%0D%0Aend+mouseDown%0D%0A%0D%0A---%7C---%0D%0A%0D%0Aon+doPopup+theLoc%2CtheObjectID%0D%0A++++local+theMenu%0D%0A++++local+theOwnerObjectID%0D%0A++++local+theTabNames%2C+theFmtTabNames%0D%0A++++%0D%0A++++put+btn+%22tab+menu%22+into+theMenu%0D%0A++++filter+theMenu+without+tab+%26+%22*%22%0D%0A++++put+the+long+owner+of+theObjectID+into+theOwnerObjectID%0D%0A++++put+the+long+id+of+theOwnerObjectID+into+theOwnerObjectID%0D%0A++++put+glx2GetPropPanes%28theOwnerObjectID%29+into+theTabNames%0D%0A++++replace+%22%26%22+with+%22%26%26%22+in+theTabNames%0D%0A++++repeat+for+each+line+theTabName+in+theTabNames%0D%0A++++++++put+cr+%26+tab+%26+theTabName+after+theFmtTabNames%0D%0A++++end+repeat%0D%0A++++put+theFmtTabNames+after+line+3+of+theMenu%0D%0A++++%0D%0A++++put+empty+into+theFmtTabNames%0D%0A++++%0D%0A++++put+glx2GetPropPanes%28theObjectID%29+into+theTabNames%0D%0A++++replace+%22%26%22+with+%22%26%26%22+in+theTabNames%0D%0A++++repeat+for+each+line+theTabName+in+theTabNames%0D%0A++++++++put+cr+%26+tab+%26+theTabName+after+theFmtTabNames%0D%0A++++end+repeat%0D%0A++++put+theFmtTabNames+after+line+1+of+theMenu%0D%0A++++%0D%0A++++put+theMenu+into+btn+%22tab+menu%22%0D%0A++++%0D%0A++++if+there+is+not+stack+%22revGalaxy+projects%22+then%0D%0A++++++++put+%22Show+Object+in+App+Browser%22+into+line+-4+of+btn+%22tab+menu%22+of+grp+%22stuff+for+each+cd%22%0D%0A++++else%0D%0A++++++++put+%22Show+Object+in+Projects%22+into+line+-4+of+btn+%22tab+menu%22+of+grp+%22stuff+for+each+cd%22%0D%0A++++end+if%0D%0A++++popup+btn+%22tab+menu%22+of+grp+%22stuff+for+each+cd%22+at+theLoc%0D%0Aend+doPopup%0D%0A%0D%0A---%7C---%0D%0A%0D%0Aon+mouseRelease%0D%0A++++local+theNoTabs%0D%0A++++local+theCdNo%0D%0A++++local+theObjectID%0D%0A++++%0D%0A++++if+sDragging+is+true+then%0D%0A++++++++set+the+defaultcursor+to+arrow%0D%0A++++++++restoreTabIcons%0D%0A++++++++clearDragLocals+%0D%0A++++++++put+false+into+sDragging%0D%0A++++++++put+false+into+sMoving%0D%0A++++++++put+empty+into+theTabNo%0D%0A++++++++put+the+number+of+flds+in+grp+%22tabs%22+into+theNoTabs%0D%0A++++++++repeat+with+theFldNo+%3D+1+to+theNoTabs%0D%0A++++++++++++if+the+mouseloc+is+within+the+rect+of+fld+theFldNo+of+grp+%22tabs%22+and+%5C%0D%0A++++++++++++++++++++the+visible+of+fld+theFldNo+of+grp+%22tabs%22+is+true++then%0D%0A++++++++++++++++put+theFldNo+into+theTabNo%0D%0A++++++++++++++++exit+repeat+%0D%0A++++++++++++end+if%0D%0A++++++++end+repeat%0D%0A++++++++if+theTabNo+is+not+empty+then%0D%0A++++++++++++lock+screen%0D%0A++++++++++++put+the+cCdNo+of+fld+theTabNo+of+grp+%22tabs%22+into+theCdNo%0D%0A++++++++++++put+the+cObjectID+of+cd+theCdNo+into+theObjectID%0D%0A++++++++++++setAllCode+theObjectID%0D%0A++++++++++++unlock+screen%0D%0A++++++++end+if%0D%0A++++++++send+%22justInCase%22+to+me+in+10+milliseconds%0D%0A++++end+if%0D%0Aend+mouseRelease%0D%0A%0D%0A---%7C---%0D%0A%0D%0Aon+mouseDoubleUp%0D%0A++++local+theObjectID%0D%0A++++local+theWidth%2C+theHeight%0D%0A++++%0D%0A++++send+%22clearDragLocals%22+to+me+in+10+millisecs%0D%0A++++put+the+cObjectID+of+this+cd+into+theObjectID%0D%0A++++if+the+name+of+theObjectID+is+the+name+of+grp+%22GLX2+Home%22+or+the+name+of+theObjectID+is+the+name+of+fld+%22GLX2+web%22+then%0D%0A++++++++exit+mouseDoubleUp%0D%0A++++end+if%0D%0A++++lock+screen%0D%0A++++if+the+cEnablePanes+of+stack+%22revGLX2+code%22+is+false+then%0D%0A++++++++enablePanes%0D%0A++++++++set+the+tooltip+of+the+target+to+empty%0D%0A++++++++simMouseEnter%0D%0A++++else%0D%0A++++++++disablePanes%0D%0A++++++++set+the+tooltip+of+the+target+to+empty%0D%0A++++++++simMouseEnter%0D%0A++++++++exit+mouseDoubleUp%0D%0A++++end+if%0D%0A++++if+the+bottom+of+btn+%22split%22+-+the+bottom+of+grc+%22top+bg%22+%3C+65+then%0D%0A++++++++glx2OpenSplitPane%0D%0A++++else%0D%0A++++++++glx2CloseSplitPane%0D%0A++++end+if%0D%0A++++put+the+width+of+stack+%22revGLX2+code%22+into+theWidth%0D%0A++++put+the+height+of+stack+%22revGLX2+code%22+into+theHeight%0D%0A++++if+the+platform+is+%22macos%22+then%0D%0A++++++++put+theHeight%2B19+into+theHeight%0D%0A++++end+if%0D%0A++++doResizeStack+theWidth%2CtheHeight%0D%0A++++unlock+screen%0D%0Aend+mouseDoubleUp%0D%0A%0D%0A---%7C---%0D%0A%0D%0Aon+clearDragLocals+overRideMouseState%0D%0A++++if+the+mouse+is+up+or+overRideMouseState+is+true+then%0D%0A++++++++put+false+into+sDragging%0D%0A++++++++put+false+into+sMoving%0D%0A++++++++put+empty+into+sHStart%0D%0A++++end+if%0D%0Aend+clearDragLocals%0D%0A%0D%0A---%7C---%0D%0A%0D%0Aon+mouseUp+pMouseBtnNum%0D%0A++++local+dontClose%0D%0A++++local+theNoTabs%2C+theTabNo%0D%0A++++local+theCdNo%0D%0A++++%0D%0A++++send+%22clearDragLocals%22+to+me+in+10+millisecs%0D%0A++++clearDragLocals%0D%0A++++%0D%0A++++if+pMouseBtnNum+%3D+3+then%0D%0A++++++++exit+mouseUp%0D%0A++++end+if%0D%0A++++%0D%0A++++if+the+environment+is+%22development%22+then%0D%0A+++++++++%0D%0A++++++++set+the+defaultcursor+to+arrow%0D%0A++++++++send+%22restoreTabIcons%22+to+me+in+10+millisecs%0D%0A++++++++put+sMoving+is+true+into+dontClose%0D%0A++++++++put+false+into+sMoving%0D%0A++++++++put+false+into+sDragging%0D%0A++++++++%0D%0A++++++++lock+screen%0D%0A++++++++%0D%0A++++++++if+word+1+of+the+short+name+of+the+target+is+%22tab%22+and+word+1+of+the+target+is+%22field%22+then%0D%0A++++++++++++if+the+mousecharchunk+is+not+empty+then%0D%0A++++++++++++++++put+empty+into+theTabNo%0D%0A++++++++++++++++put+the+number+of+flds+in+grp+%22tabs%22+into+theNoTabs%0D%0A++++++++++++++++repeat+with+theFldNo+%3D+1+to+theNoTabs%0D%0A++++++++++++++++++++if+the+mouseloc+is+within+the+rect+of+fld+theFldNo+of+grp+%22tabs%22+and+%5C%0D%0A++++++++++++++++++++++++++++the+visible+of+fld+theFldNo+of+grp+%22tabs%22+is+true++then%0D%0A++++++++++++++++++++++++put+theFldNo+into+theTabNo%0D%0A++++++++++++++++++++++++exit+repeat+%0D%0A++++++++++++++++++++end+if%0D%0A++++++++++++++++end+repeat%0D%0A++++++++++++++++if+theTabNo+is+empty+then%0D%0A++++++++++++++++++++unlock+screen%0D%0A++++++++++++++++++++exit+mouseUp%0D%0A++++++++++++++++end+if%0D%0A++++++++++++++++put+the+cCdNo+of+fld+theTabNo+of+grp+%22tabs%22+into+theCdNo%0D%0A++++++++++++++++%0D%0A++++++++++++++++if+the+imagesource+of+the+mousecharchunk+is+empty+or+dontClose+is+true+then%0D%0A++++++++++++++++++++--%3E+SWITCH+TABS%3A%0D%0A++++++++++++++++++++--+if+glx2IsThisModifierSetActive%28%22shift%22%29+is+true+then%0D%0A++++++++++++++++++++--+unlock+screen%0D%0A++++++++++++++++++++--+put+the+cObjectID+of+cd+theCdNo+into+theObjectID%0D%0A++++++++++++++++++++--+glx2SetStatus+%22Opening%22+%26%26+the+name+of+theObjectID+%26%26+%22in+split+pane...%22%0D%0A++++++++++++++++++++--+lock+screen%0D%0A++++++++++++++++++++--+if+the+cEnablePanes+of+stack+%22revGLX2+code%22+is+false+then%0D%0A++++++++++++++++++++--+enablePanes%0D%0A++++++++++++++++++++--+glx2SavePrefs%0D%0A++++++++++++++++++++--+end+if%0D%0A++++++++++++++++++++--+glx2OpenSplitPane%0D%0A++++++++++++++++++++--+glx2UpdateSplitPane+theCdNo%0D%0A++++++++++++++++++++--+glx2SetStatus+%0D%0A++++++++++++++++++++--+else%0D%0A++++++++++++++++++++set+the+cGoBackHome+of+stack+%22revGLX2+code%22+to+false%0D%0A++++++++++++++++++++put+the+cObjectID+of+this+cd+into+theObjectID%0D%0A++++++++++++++++++++put+the+cObjectID+of+cd+theCdNo+into+theTabObjectID%0D%0A++++++++++++++++++++if+the+name+of+theTabObjectID+is+the+name+of+fld+%22GLX2+Web%22+then%0D%0A++++++++++++++++++++++++put+fld+%22GLX2+Web%22+into+theURL%0D%0A++++++++++++++++++++++++if+theURL+is+empty+then%0D%0A++++++++++++++++++++++++++++put+%22http%3A%2F%2Fdaniels-mara.com%2Fglx2%22+into+theURL%0D%0A++++++++++++++++++++++++end+if%0D%0A++++++++++++++++++++++++openBrowser+theURL%0D%0A++++++++++++++++++++else%0D%0A++++++++++++++++++++++++set+the+cHilitedTabNo+of+stack+%22revGLX2+code%22+to+theTabNo%0D%0A++++++++++++++++++++++++if+the+platform+is+not+%22macos%22+then%0D%0A++++++++++++++++++++++++++++hideBrowser%0D%0A++++++++++++++++++++++++end+if%0D%0A++++++++++++++++++++++++activateTheTab+theTabNo%0D%0A++++++++++++++++++++++++if+the+platform+is+%22macos%22+then%0D%0A++++++++++++++++++++++++++++--click+at+2%2C25%0D%0A++++++++++++++++++++++++else%0D%0A++++++++++++++++++++++++++++--click+at+2%2C2%0D%0A++++++++++++++++++++++++end+if%0D%0A++++++++++++++++++++end+if%0D%0A++++++++++++++++++++if+the+mouseloc+is+not+within+the+rect+of+grp+%22tabs%22+then%0D%0A++++++++++++++++++++++++glx2SetStatus%0D%0A++++++++++++++++++++end+if%0D%0A++++++++++++++++++++--end+if%0D%0A++++++++++++++++else%0D%0A++++++++++++++++++++--%3E+CLICKED+CLOSE+BOX%3A%18%0D%0A++++++++++++++++++++put+the+cCdNo+of+fld+theTabNo+of+grp+%22tabs%22+into+theCdNo%0D%0A++++++++++++++++++++put+the+cObjectID+of+cd+theCdNo+into+theObjectID%0D%0A++++++++++++++++++++if+the+name+of+theObjectID+is+the+name+of+grp+%22GLX2+Home%22+then%0D%0A++++++++++++++++++++++++set+the+cHilitedTabNo+of+stack+%22revGLX2+code%22+to+theTabNo%0D%0A++++++++++++++++++++++++go+to+cd+theCdNo%0D%0A++++++++++++++++++++++++activateTheTab+theTabNo%0D%0A++++++++++++++++++++++++if+the+platform+is+not+%22macos%22+then%0D%0A++++++++++++++++++++++++++++hideBrowser%0D%0A++++++++++++++++++++++++end+if%0D%0A++++++++++++++++++++++++unlock+screen%0D%0A++++++++++++++++++++++++exit+mouseUp%0D%0A++++++++++++++++++++end+if%0D%0A++++++++++++++++++++put+glx2GetNoActiveTabs%28%29+into+theNoActiveTabs%0D%0A++++++++++++++++++++if+glx2IsThisModifierSetActive%28%22option%22%29+is+true+and+theNoActiveTabs+%3E+2+then%0D%0A++++++++++++++++++++++++glx2SaveAllChecksumsBut1+theObjectID%0D%0A++++++++++++++++++++++++glx2TimeStampEndAllTabsBut1+theObjectID%0D%0A++++++++++++++++++++++++glx2CloseAllTabsBut1+theObjectID%0D%0A++++++++++++++++++++else%0D%0A++++++++++++++++++++++++put+the+cObjectID+of+cd+theCdNo+into+theObjectID%0D%0A++++++++++++++++++++++++glx2SaveChecksum+theObjectID%0D%0A++++++++++++++++++++++++glx2TimeStampEnd+theObjectID%0D%0A++++++++++++++++++++++++lock+screen%0D%0A++++++++++++++++++++++++closeThisTab+theTabNo%0D%0A++++++++++++++++++++++++unlock+screen%0D%0A++++++++++++++++++++end+if%0D%0A++++++++++++++++++++send+%22resetToClose%22+to+me+in+0+millisecs%0D%0A++++++++++++++++end+if%0D%0A++++++++++++end+if%0D%0A++++++++end+if%0D%0A++++++++show+grp+%22script+controls%22++%0D%0A++++++++if+the+number+of+this+cd+is+not+1+and+the+cCrumbs+of+this+stack+is+true+then%0D%0A++++++++++++show+fld+%22crumbs%22++%0D%0A++++++++end+if%0D%0A++++++++simMouseEnter%0D%0A++++++++send+%22clearDragLocals%22+to+me+in+10+millisecs%0D%0A++++++++set+the+cEnablePanes+of+stack+%22revGLX2+Code%22+to+false%0D%0A++++++++hide+fld+%22handlers+2%22%0D%0A++++++++hide+img+%22resize+2%22%0D%0A++++++++unlock+screen%0D%0A++++++++--+put+the+topright+of+this+cd+into+theTopRight%0D%0A++++++++--+click+at+theTopRight%0D%0A++++++++--+put+flushevents%28%22all%22%29+into+theLoo%0D%0A++++end+if%0D%0Aend+mouseUp%0D%0A%0D%0A---%7C---%0D%0A%0D%0Aon+resetToClose%0D%0A++++local+theHilitedImgName%2C+theHilitedImgID%0D%0A++++local+theTabNo%0D%0A++++%0D%0A++++if+the+mousecontrol+is+empty+then%0D%0A++++++++exit+resetToClose%0D%0A++++end+if%0D%0A++++if+the+mousecharchunk+is+empty+then%0D%0A++++++++exit+resetToClose%0D%0A++++end+if%0D%0A++++if+the+short+name+of+the+mousecontrol+contains+%22tab+%22+and+the+mousecharchunk+is+not+empty+and+the+imagesource+of+the+mousecharchunk+is+not+empty+then%0D%0A++++++++if+the+cUseIconsOnTabs+of+stack+%22revGLX2+code%22+is+true+then%0D%0A++++++++++++put+%22close.png%22+into+theHilitedImgName%0D%0A++++++++else%0D%0A++++++++++++put+%22close+tab+hilited+x%22+into+theHilitedImgName%0D%0A++++++++end+if%0D%0A++++++++put+the+id+of+img+theHilitedImgName+of+cd+%22images%22+into+theHilitedImgID%0D%0A++++++++put+word+2+of+the+short+name+of+the+mousecontrol+into+theTabNo%0D%0A++++++++set+the+imagesource+of+char+1+of+fld+theTabNo+of+grp+%22tabs%22+to+theHilitedImgID%0D%0A++++++++set+the+doubleclickinterval+to+10%0D%0A++++end+if%0D%0Aend+resetToClose%0D%0A%0D%0A--%3E+keys%0D%0A%0D%0Aon+rawKeyDown+theKeyNumber%0D%0A++++if+the+long+id+of+the+target+contains+the+long+id+of+me+then%0D%0A++++++++if+theKeyNumber+is+65308+then+increaseScroll+--+mouse+wheel+down%0D%0A++++++++else+if+theKeyNumber+is+65309+then+decreaseScroll+--+mouse+wheel+up%0D%0A++++++++else+pass+rawKeyDown+--+don%27t+forget+this%21%0D%0A++++else%0D%0A+++++++++pass+rawKeyDown%0D%0A++++end+if%0D%0Aend+rawKeyDown%0D%0A%0D%0Aon+increaseScroll%0D%0A++++local+theScroll%0D%0A++++local+theTabNo%0D%0A++++%0D%0A++++lock+screen%0D%0A++++put+the+hscroll+of+me+into+theScroll%0D%0A++++add+12+to+theScroll%0D%0A++++set+the+hscroll+of+me+to+theScroll%0D%0A++++put+glx2GetActiveTabNo%28%29+into+theTabNo%0D%0A++++glx2RedrawTab+theTabNo%0D%0A++++unlock+screen%0D%0Aend+increaseScroll%0D%0A%0D%0Aon+decreaseScroll%0D%0A++++local+theScroll%0D%0A++++local+theTabNo%0D%0A++++%0D%0A++++lock+screen%0D%0A++++put+the+hscroll+of+me+into+theScroll%0D%0A++++subtract+12+from+theScroll%0D%0A++++set+the+hscroll+of+me+to+theScroll%0D%0A++++put+glx2GetActiveTabNo%28%29+into+theTabNo%0D%0A++++glx2RedrawTab+theTabNo%0D%0A++++unlock+screen%0D%0Aend+decreaseScroll%0D%0A%0D%0A--%3E+utils%0D%0A%0D%0Aon+closeThisTab+theTabNo%0D%0A++++local+theTabObjectID%0D%0A++++local+theCdNo%2C+theNewCdNo%0D%0A++++local+theObjectID%0D%0A++++local+doUnlock%0D%0A++++local+theActiveTabNo%2C+theNoActiveTabs%0D%0A++++%0D%0A++++put+false+into+sDragging%0D%0A++++if+theTabNo+is+empty+then%0D%0A++++++++put+the+cTabNo+of+this+cd+into+theTabNo%0D%0A++++end+if%0D%0A++++put+the+cCdNo+of+fld+theTabNo+of+grp+%22tabs%22+into+theCdNo%0D%0A++++put+the+cObjectID+of+cd+theCdNo+into+theTabObjectID%0D%0A++++--+if+the+visible+of+fld+%22code+storage%22+is+false+and+the+name+of+theTabObjectID+is+not+the+name+of+fld+%22GLX2+Web%22+then%0D%0A++++--+--exit+closeThisTab%0D%0A++++--+end+if%0D%0A++++if+%22underline%22+is+not+in+the+textstyle+of+fld+theTabNo+of+grp+%22tabs%22+then%0D%0A++++++++put+the+cCdNo+of+fld+theTabNo+of+grp+%22tabs%22+into+theCdNo%0D%0A++++++++put+the+cObjectID+of+cd+theCdNo+into+theObjectID%0D%0A++++end+if%0D%0A++++if+the+lockscreen+is+not+true+then%0D%0A++++++++lock+screen%0D%0A++++++++put+true+into+doUnlock%0D%0A++++end+if%0D%0A++++%0D%0A++++put+glx2GetActiveTabNo%28%29+into+theActiveTabNo%0D%0A++++put+glx2GetNoActiveTabs%28%29+into+theNoActiveTabs%0D%0A++++if+theNoActiveTabs+%3D+1+then%0D%0A++++++++exit+closeThisTab%0D%0A++++end+if%0D%0A++++%0D%0A++++if+the+name+of+theTabObjectID+is+the+name+of+fld+%22GLX2+Web%22+then%0D%0A++++++++--+hideBrowser%0D%0A++++end+if%0D%0A++++%0D%0A++++switch%0D%0A++++++++case+theTabNo+is+theNoActiveTabs+%0D%0A++++++++++++--%3E+LAST+TAB%3A%0D%0A++++++++++++if+theTabNo+is+1+then%0D%0A++++++++++++++++--%3E+LAST+TAB%3B+BUT+ALSO+FIRST%3A%18%0D%0A++++++++++++++++unlock+screen%0D%0A++++++++++++++++glx2CloseAllTabs%0D%0A++++++++++++else%0D%0A++++++++++++++++--%3E+LAST+TAB%3B+BUT+NOT+FIRST%3A%18%0D%0A++++++++++++++++glx2CloseTab+theTabNo%0D%0A++++++++++++++++if+theTabNo+is+theActiveTabNo+then%0D%0A++++++++++++++++++++--%3E+LAST+TAB+AND+IT+WAS+ACTIVE%3A%18%0D%0A++++++++++++++++++++if+the+cGoBackHome+of+stack+%22revGLX2+code%22+is+true+then%0D%0A++++++++++++++++++++++++go+to+cd+1%0D%0A++++++++++++++++++++++++activateTheTab+1%0D%0A++++++++++++++++++++else%0D%0A++++++++++++++++++++++++put+the+cCdNo+of+fld+%28theTabNo-1%29+of+grp+%22tabs%22+into+theNewCdNo%0D%0A++++++++++++++++++++++++if+the+number+of+this+cd+is+not+theNewCdNo+then%0D%0A++++++++++++++++++++++++++++go+to+cd+theNewCdNo%0D%0A++++++++++++++++++++++++++++activateTheTab+%28theTabNo-1%29%0D%0A++++++++++++++++++++++++end+if%0D%0A++++++++++++++++++++end+if%0D%0A++++++++++++++++else%0D%0A++++++++++++++++++++--%3E+LAST+TAB%3B+NOT+ACTIVE%3A%18%0D%0A++++++++++++++++++++activateTheTab+theActiveTabNo%0D%0A++++++++++++++++end+if%0D%0A++++++++++++end+if%0D%0A++++++++++++break%0D%0A++++++++case+theTabNo+%3D+1%0D%0A++++++++++++--%3E+FIRST+TAB%3A%0D%0A++++++++++++if+theTabNo+is+theActiveTabNo+then%0D%0A++++++++++++++++--%3E+FIRST+TAB+AND+ACTIVE%3A%18%0D%0A++++++++++++++++glx2CloseTab+theTabNo%0D%0A++++++++++++++++glx2CollapseTabs%0D%0A++++++++++++++++put+the+cCdNo+of+fld+theTabNo+of+grp+%22tabs%22+into+theCdNo%0D%0A++++++++++++++++go+to+cd+theCdNo%0D%0A++++++++++++++++activateTheTab+1%0D%0A++++++++++++else%0D%0A++++++++++++++++--%3E+FIRST+TAB%3B+NOT+ACTIVE%3A%18%0D%0A++++++++++++++++glx2CloseTab+theTabNo%0D%0A++++++++++++++++glx2CollapseTabs%0D%0A++++++++++++++++put+theActiveTabNo-1+into+theNewActiveTabNo%0D%0A++++++++++++++++put+the+cCdNo+of+fld+theNewActiveTabNo+of+grp+%22tabs%22+into+theNewCdNo%0D%0A++++++++++++++++go+to+cd+theNewCdNo%0D%0A++++++++++++++++activateTheTab+theNewActiveTabNo%0D%0A++++++++++++end+if%0D%0A++++++++++++break%0D%0A++++++++default%0D%0A++++++++++++--%3E+IN+THE+MIDDLE%3A%18%0D%0A++++++++++++glx2CloseTab+theTabNo%0D%0A++++++++++++glx2CollapseTabs%0D%0A++++++++++++if+theTabNo+is+theActiveTabNo+and+the+cGoBackHome+of+stack+%22revGLX2+code%22+is+true+then%0D%0A++++++++++++++++go+to+cd+1%0D%0A++++++++++++++++activateTheTab+1%0D%0A++++++++++++else%0D%0A++++++++++++++++if+theActiveTabNo+%3E+theTabNo+then%0D%0A++++++++++++++++++++put+theActiveTabNo-1+into+theNewActiveTabNo%0D%0A++++++++++++++++++++put+the+cCdNo+of+fld+theNewActiveTabNo+of+grp+%22tabs%22+into+theNewCdNo%0D%0A++++++++++++++++++++go+to+cd+theNewCdNo%0D%0A++++++++++++++++++++activateTheTab+theNewActiveTabNo%0D%0A++++++++++++++++else%0D%0A++++++++++++++++++++put+the+cCdNo+of+fld+theActiveTabNo+of+grp+%22tabs%22+into+theNewCdNo%0D%0A++++++++++++++++++++go+to+cd+theNewCdNo%0D%0A++++++++++++++++++++activateTheTab+theActiveTabNo%0D%0A++++++++++++++++end+if%0D%0A++++++++++++end+if%0D%0A++++end+SWITCH%0D%0A++++glx2SetStatus%0D%0A++++--+glx2CollapseTabs%0D%0A++++adjustTheTabs+%0D%0A++++if+doUnlock+is+true+then%0D%0A++++++++unlock+screen%0D%0A++++end+if%0D%0Aend+closeThisTab%0D%0A%0D%0A---%7C---%0D%0A%0D%0Aon+restoreTabIcons%0D%0A++++local+theNoFlds%0D%0A++++local+theCurrentImgID%0D%0A++++local+theGrayImgName%0D%0A++++local+theCdNo%0D%0A++++local+theObjectID%0D%0A++++%0D%0A++++lock+screen%0D%0A++++put+the+number+of+flds+in+grp+%22tabs%22+into+theNoFlds%0D%0A++++repeat+with+theFldNo+%3D+1+to+theNoFlds%0D%0A++++++++if+the+visible+fld+theFldNo+of+grp+%22tabs%22+is+true+then%0D%0A++++++++++++if+the+cUseIconsOnTabs+of+stack+%22revGLX2+code%22+is+true+then%0D%0A++++++++++++++++put+the+imagesource+of+char+1+of+fld+theFldNo+of+grp+%22tabs%22+into+theCurrentImgID%0D%0A++++++++++++++++if+theCurrentImgID+is+not+empty+then%0D%0A++++++++++++++++++++put+the+short+name+of+img+id+theCurrentImgID+of+cd+%22images%22+into+theGrayImgName%0D%0A++++++++++++++++++++if+%22close.png%22+is+theGrayImgName+then%0D%0A++++++++++++++++++++++++put+the+cCdNo+of+fld+theFldNo+of+grp+%22tabs%22+into+theCdNo%0D%0A++++++++++++++++++++++++put+the+cObjectID+of+cd+theCdNo+into+theObjectID%0D%0A++++++++++++++++++++++++put+getGLX2ImageName%28theObjectID%29+into+theGrayImgName%0D%0A++++++++++++++++++++++++put+the+id+of+img+theGrayImgName+of+cd+%22images%22+into+theGrayImgID%0D%0A++++++++++++++++++++++++set+the+imagesource+of+char+1+of+fld+theFldNo+of+grp+%22tabs%22+to+theGrayImgID%0D%0A++++++++++++++++++++end+if%0D%0A++++++++++++++++end+if%0D%0A++++++++++++else%0D%0A++++++++++++++++put+the+imagesource+of+char+1+of+fld+theFldNo+of+grp+%22tabs%22+into+theCurrentImgID%0D%0A++++++++++++++++if+theCurrentImgID+is+not+empty+then%0D%0A++++++++++++++++++++put+the+short+name+of+img+id+theCurrentImgID+of+cd+%22images%22+into+theGrayImgName%0D%0A++++++++++++++++++++if+theGrayImgName+is+not+%22close+tab+red+x%22+then%0D%0A++++++++++++++++++++++++put+the+id+of+img+%22close+tab+red+x%22+of+cd+%22images%22+into+theGrayImgID%0D%0A++++++++++++++++++++++++set+the+imagesource+of+char+1+of+fld+theFldNo+of+grp+%22tabs%22+to+theGrayImgID%0D%0A++++++++++++++++++++end+if%0D%0A++++++++++++++++end+if%0D%0A++++++++++++end+if%0D%0A++++++++end+if%0D%0A++++end+repeat%0D%0A++++unlock+screen%0D%0Aend+restoreTabIcons%0D%0A%0D%0A---%7C---%0D%0A%0D%0Aon+justInCase%0D%0A++++local+theActiveTabNo%0D%0A++++local+theHilitedTabNo%0D%0A++++local+theCdNo%0D%0A++++local+theObjectID%0D%0A++++%0D%0A++++if+%22justInCase%22+is+in+the+pendingmessages+then%0D%0A++++++++exit+justInCase%0D%0A++++end+if%0D%0A++++lock+screen%0D%0A++++put+glx2GetActiveTabNo%28%29+into+theActiveTabNo%0D%0A++++put+the+cHilitedTabNo+of+stack+%22revGLX2+code%22+into+theHilitedTabNo%0D%0A++++if+theHilitedTabNo+is+not+zero+then%0D%0A++++++++if+theActiveTabNo+is+not+theHilitedTabNo+then%0D%0A++++++++++++put+the+cCdNo+of+fld+theHilitedTabNo+of+grp+%22tabs%22+into+theCdNo%0D%0A++++++++++++put+the+cObjectID+of+cd+theCdNo+into+theObjectID%0D%0A++++++++++++setAllCode+theObjectID%0D%0A++++++++end+if%0D%0A++++end+if%0D%0A++++unlock+screen%0D%0Aend+justInCase%0D%0A" )</script>
</group>
