<field name="Results" id="1022">
<tabStops>191,5000</tabStops>
<traversalOn>true</traversalOn>
<ink>srcCopy</ink>
<firstIndent>0</firstIndent>
<dontSearch>false</dontSearch>
<toggleHilites>false</toggleHilites>
<threeD>true</threeD>
<scrollbarWidth>12</scrollbarWidth>
<blendLevel>0</blendLevel>
<rect>-1,65,571,343</rect>
<multipleHilites>false</multipleHilites>
<colors>urldecode( "%0D%0A255%2C255%2C255%0D%0A%0D%0A%0D%0A%0D%0A%0D%0A%0D%0A" )</colors>
<shadow>false</shadow>
<hScroll>0</hScroll>
<textAlign>left</textAlign>
<vScrollbar>true</vScrollbar>
<hScrollbar>true</hScrollbar>
<id>1022</id>
<altId>0</altId>
<autoTab>false</autoTab>
<hGrid>false</hGrid>
<lockLoc>false</lockLoc>
<dontWrap>true</dontWrap>
<autoHilite>true</autoHilite>
<style>scrolling</style>
<showLines>false</showLines>
<sharedText>false</sharedText>
<noncontiguousHilites>false</noncontiguousHilites>
<lockText>true</lockText>
<scroll>0</scroll>
<name>field "Results"</name>
<vGrid>true</vGrid>
<listBehavior>false</listBehavior>
<layer>1</layer>
<visible>true</visible>
<cantSelect>false</cantSelect>
<borderWidth>1</borderWidth>
<margins>14</margins>
<htmlText>urldecode( "%3Cp%3E%3C%2Fp%3E" )</htmlText>
<threeDHilite>false</threeDHilite>
<opaque>true</opaque>
<shadowOffset>4</shadowOffset>
<showBorder>true</showBorder>
<disabled>false</disabled>
<fixedLineHeight>true</fixedLineHeight>
<vScroll>0</vScroll>
<showFocusBorder>false</showFocusBorder>
<custompropertyset name= "cGlx2TimeStamp">
<checksum>urldecode( "M%0F%F9%CA%0CO%A6%9F%83%FDs%22%A8%E3%A9F" )</checksum>
</custompropertyset>
<script>urldecode( "local+sDragging%0D%0A%0D%0A--%3E+all+handlers%09%23%0D%0A%0D%0Aon+rawKeyDown+pKeyCode%0D%0A++++if+the+commandkey+is+down+and+the+numtochar+of+pKeyCode+is+%22c%22+then%09%23+%0D%0A++++++++pass+rawKeyDown%0D%0A++++else%0D%0A++++++++if+pKeyCode+is+65308+then+pass+rawkeyDown+--+mouse+wheel+down%0D%0A++++++++else+if+pKeyCode+is+65309+then+pass+rawkeyDown+--+mouse+wheel+up%0D%0A++++++++else+if+pKeyCode+is+65363+then+pass+rawKeyDown+--+right+arrow+key%0D%0A++++++++else+if+pKeyCode+is+65361+then+pass+rawKeyDown+--+left+arrow+key%0D%0A++++end+if%0D%0Aend+rawKeyDown%0D%0A%0D%0Aon+mouseDown%0D%0A++++put+item+1+of+the+tabstops+of+me+into+theVGridH%0D%0A++++if+the+mouseh+%3E+theVGridH+-+3+and+the+mouseh+%3C+theVGridH+%2B+3+then%0D%0A++++++++put+true+into+sDragging%0D%0A++++end+if%0D%0A++++pass+mouseDown%0D%0Aend+mouseDown%0D%0A%0D%0Aon+mouseMove+pMouseH%2CpMouseV%0D%0A++++lock+screen%0D%0A++++if+sDragging+is+true+then%0D%0A++++++++put+pMouseH+into+item+1+of+theTabStops%0D%0A++++++++put+5000+into+item+2+of+theTabStops%0D%0A++++++++set+the+tabstops+of+me+to+theTabStops%0D%0A++++else%0D%0A++++++++put+item+1+of+the+tabstops+of+me+into+theVGridH%0D%0A++++++++if+pMouseH+%3E+theVGridH+-+3+and+pMouseH+%3C+theVGridH+%2B+3+then%0D%0A++++++++++++set+the+defaultcursor+to+the+id+of+img+%22left-right.png%22%0D%0A++++++++else%0D%0A++++++++++++if+the+mousetext+is+not+empty+then%0D%0A++++++++++++++++if+the+textstyle+of+the+mousetext+contains+%22link%22+then%0D%0A++++++++++++++++++++set+the+locktext+of+me+to+true%0D%0A++++++++++++++++++++set+the+defaultcursor+to+hand%0D%0A++++++++++++++++else%0D%0A++++++++++++++++++++set+the+locktext+of+me+to+true%0D%0A++++++++++++++++++++set+the+defaultcursor+to+arrow%0D%0A++++++++++++++++end+if%0D%0A++++++++++++else%0D%0A++++++++++++++++set+the+locktext+of+me+to+true%0D%0A++++++++++++++++set+the+defaultcursor+to+arrow%0D%0A++++++++++++end+if%0D%0A++++++++end+if%0D%0A++++end+if%0D%0A++++unlock+screen%0D%0Aend+mouseMove%0D%0A%0D%0Aon+mouseRelease%0D%0A++++put+false+into+sDragging%0D%0Aend+mouseRelease%0D%0A%0D%0Aon+mouseUp%0D%0A++++put+false+into+sDragging%0D%0A++++put+the+clicktext+into+theClickText%0D%0A++++if+the+optionkey+is+down+and+theClickText+is+not+empty+then%0D%0A++++++++lock+screen%0D%0A++++++++put+theClickText+into+fld+%22filter%22%0D%0A++++++++DisplaySnapshot%0D%0A++++++++focus+on+fld+%22filter%22%0D%0A++++++++unlock+screen%0D%0A++++end+if%0D%0A++++pass+mouseUp%0D%0Aend+mouseUp%0D%0A%0D%0Aon+linkClicked+pLinkText%0D%0A++++put+urldecode%28pLinkText%29+into+theExecutionContext%0D%0A++++put+item+1+to+-3+of+theExecutionContext+into+theObjectID%0D%0A++++put+item+-1+of+theExecutionContext+into+theLineNo%0D%0A++++lock+screen%0D%0A++++edit+the+script+of+theObjectID%0D%0A++++select+line+theLineNo+of+fld+%22code+storage%22+of+stack+%22revGLX2+code%22%0D%0A++++unlock+screen%0D%0Aend+linkClicked%0D%0A" )</script>
</field>
