<button name="add" id="1088">
<traversalOn>true</traversalOn>
<ink>srcCopy</ink>
<threeD>true</threeD>
<hiliteBorder>true</hiliteBorder>
<blendLevel>0</blendLevel>
<rect>139,295,162,316</rect>
<mnemonic>0</mnemonic>
<armFill>false</armFill>
<visitedIcon>0</visitedIcon>
<showName>false</showName>
<showIcon>true</showIcon>
<hilited>false</hilited>
<sharedHilite>true</sharedHilite>
<shadow>false</shadow>
<textAlign>center</textAlign>
<armed>false</armed>
<menuMouseButton>1</menuMouseButton>
<id>1088</id>
<altId>0</altId>
<labelWidth>0</labelWidth>
<armedIcon>0</armedIcon>
<lockLoc>false</lockLoc>
<visited>false</visited>
<showHilite>false</showHilite>
<autoHilite>true</autoHilite>
<style>transparent</style>
<disabledIcon>1109</disabledIcon>
<armBorder>true</armBorder>
<name>button "add"</name>
<icon>1072</icon>
<toolTip>Add word to clairvoyance exclusion list</toolTip>
<layer>36</layer>
<visible>true</visible>
<cantSelect>false</cantSelect>
<borderWidth>1</borderWidth>
<menuLines>5</menuLines>
<margins>4</margins>
<opaque>false</opaque>
<shadowOffset>4</shadowOffset>
<default>false</default>
<hiliteFill>true</hiliteFill>
<showBorder>false</showBorder>
<hiliteIcon>1072</hiliteIcon>
<disabled>false</disabled>
<autoArm>false</autoArm>
<family>0</family>
<hoverIcon>1072</hoverIcon>
<showFocusBorder>true</showFocusBorder>
<menuHistory>1</menuHistory>
<custompropertyset name= "cGlx2TimeStamp">
<checksum>urldecode( "%A5%FD%BD%A1sT%0Cs_%82%BD%29%FD%A2i%FE" )</checksum>
</custompropertyset>
<script>urldecode( "--%3E+variables+%26+constants%0D%0A%0D%0Aglobal+gGlx2TokenExclusions%0D%0A%0D%0A--%3E+all+handlers%0D%0A%0D%0Aon+mouseUp%0D%0A++++setGLX2AppIcons%0D%0A++++ask+information+%22Type+the+word+you%27d+like+to+add+the+list+of+words+to+be+excluded+from+clairvoyance%3A%22%0D%0A++++put+the+result+into+theResult%0D%0A++++put+it+into+theNewWord%0D%0A++++setREVAppIcons%0D%0A++++if+theResult+is+not+%22cancel%22+then%0D%0A++++++++if+theNewWord+is+not+among+the+lines+of+fld+%22clairvoyance+exclusions%22+then%0D%0A++++++++++++if+fld+%22clairvoyance+exclusions%22+is+empty+then%0D%0A++++++++++++++++put+theNewWord+into+fld+%22clairvoyance+exclusions%22%0D%0A++++++++++++else%0D%0A++++++++++++++++put+cr+%26+theNewWord+after+fld+%22clairvoyance+exclusions%22%0D%0A++++++++++++end+if%0D%0A++++++++++++sort+fld+%22clairvoyance+exclusions%22%0D%0A++++++++++++put+the+short+owner+of+this+stack+into+theParentStack%0D%0A++++++++++++set+the+cTokenExclusions+of+stack+theParentStack+to+fld+%22clairvoyance+exclusions%22%0D%0A++++++++++++put+fld+%22clairvoyance+exclusions%22+into+gGlx2TokenExclusions%0D%0A++++++++++++put+lineoffset%28theNewWord%2Cfld+%22clairvoyance+exclusions%22%29+into+theLineNo%0D%0A++++++++++++set+the+hilitedline+of+fld+%22clairvoyance+exclusions%22+to+theLineNo%0D%0A++++++++++++glx2SavePrefs%0D%0A++++++++end+if%0D%0A++++end+if%0D%0Aend+mouseUp%0D%0A" )</script>
</button>
