<button name="File" id="250613">
<traversalOn>false</traversalOn>
<ink>srcCopy</ink>
<threeD>true</threeD>
<hiliteBorder>true</hiliteBorder>
<blendLevel>0</blendLevel>
<rect>1,1,30,20</rect>
<mnemonic>1</mnemonic>
<armFill>false</armFill>
<visitedIcon>0</visitedIcon>
<showName>true</showName>
<showIcon>false</showIcon>
<hilited>false</hilited>
<sharedHilite>true</sharedHilite>
<shadow>false</shadow>
<textAlign>center</textAlign>
<armed>false</armed>
<menuMouseButton>1</menuMouseButton>
<id>250613</id>
<altId>0</altId>
<labelWidth>0</labelWidth>
<armedIcon>0</armedIcon>
<lockLoc>true</lockLoc>
<visited>false</visited>
<showHilite>false</showHilite>
<label>File</label>
<autoHilite>true</autoHilite>
<style>menu</style>
<disabledIcon>0</disabledIcon>
<armBorder>true</armBorder>
<name>button "File"</name>
<icon>0</icon>
<layer>89</layer>
<visible>true</visible>
<cantSelect>false</cantSelect>
<borderWidth>2</borderWidth>
<menuLines>5</menuLines>
<margins>4</margins>
<opaque>true</opaque>
<text>urldecode( "%26New+Mainstack%0D%0A%26New+Substack+of+revObjectiveStartUp%0D%0A-%0D%0A%26Open+Stack...%2FO%0D%0AOpen+Recent+File%0D%0A%09QBXML.1267669513.rev%0D%0A%09PowerTools.rev%0D%0A%09..%5C%2FLiveCode%5C%2FPlugins%5C%2FPowerDebug.rev%0D%0A%09GLX2+Code.rev%0D%0A%09SolarMonitor.rev%0D%0A%09..%5C%2FRevolution%5C%2FHTMLexporter.rev%0D%0A%09origHTMLexporter.rev%0D%0A%09EmailObfuscator.rev%0D%0A%09tRev+Msg+Data+Broker.rev%0D%0A%09TestPayPal.rev%0D%0A%09PDDemo.rev%0D%0A%09..%5C%2FMy+Revolution+Enterprise%5C%2FPlugins%5C%2FPowerDebug.rev%0D%0A%09RevZilla22.rev%0D%0A%09RRTest.rev%0D%0A%09..%5C%2FDesktop%5C%2FTest.rev%0D%0A%09..%5C%2FDesktop%5C%2Fdebug+test.rev%0D%0A%09Calendar.rev%0D%0A%09old+debug+test.rev%0D%0A%09Bullwinkle.rev%0D%0A%09GroupShadow.rev%0D%0A-%0D%0AOpen+Work+Space...%0D%0A-%0D%0AClose+Script+Editor%2FW%0D%0A%28Close+Work+Space%0D%0A-%0D%0A%26Save+Parent+Stack%2FS%0D%0ASave+Parent+Stack+without+Dev+Resources%0D%0A-%0D%0ASave+Work+Space%0D%0ASave+Work+Space+as...%0D%0A-%0D%0AArchive+Parent+Stack%0D%0A-%0D%0A%21cAutosave%0D%0A%21cAutoarchive%0D%0A-%0D%0APrint...%2FP%0D%0A-%0D%0A%26Quit%2FQ%0D%0A" )</text>
<shadowOffset>4</shadowOffset>
<default>false</default>
<hiliteFill>true</hiliteFill>
<showBorder>false</showBorder>
<hiliteIcon>0</hiliteIcon>
<disabled>false</disabled>
<autoArm>false</autoArm>
<menuMode>pulldown</menuMode>
<family>0</family>
<hoverIcon>0</hoverIcon>
<showFocusBorder>true</showFocusBorder>
<menuHistory>1</menuHistory>
<custompropertyset name= "cGlx2TimeStamp">
<checksum>urldecode( "%03%23%D9%B7%18%05%9D%1A%00%3C%B9%CA2%DA%E1%27" )</checksum>
</custompropertyset>
<script>urldecode( "%2F*%0D%0A24+Feb+2009+mdw%0D%0A++replaced+%22revmenubar%22+and+%22revpreferences%22+and+%22revtools%22+occurences+with+calls+to+glxGetIDEStackName%0D%0A++declared+local+variables++to+make+it+explictVars-safe%0D%0A*%2F%0D%0A%0D%0A--%3E+all+handlers%0D%0A%0D%0Aon+menuPick+pWhich%0D%0A++++global+gREVStackName%0D%0A++++local+tMenubar%2C+tPreferences%2C+tTools%0D%0A++++local+tSubMenuItem%0D%0A++++local+tWorkSpaceFilePaths%0D%0A++++local+tWorkSpaceFilePath%0D%0A++++local+tWorkSpaceFilePathLineNo%0D%0A++++local+tCurrentWorkSpaceFilePath%0D%0A++++local+doGLX2%0D%0A++++local+tObjectID%2C+tObject%0D%0A++++local+tStackName%0D%0A++++local+tShortStackName%0D%0A++++local+tStack%2C+tStacks%0D%0A++++local+tMainStack%2C+tSubStacks%0D%0A++++local+tCurrentStack%0D%0A++++local+tStackList%0D%0A++++local+tStackPath%0D%0A++++local+tFilePath%0D%0A++++local+tResult%2C+tAnswer%0D%0A++++local+tNumber%0D%0A++++local+tLeft%0D%0A++++local+tCheck%0D%0A++++local+tBrowserID%0D%0A++++local+tID%0D%0A++++local+tMatch%0D%0A++++local+tCommand%0D%0A++++local+tNum%0D%0A++++local+tList%2C+tRestore+--+import+snapshot%0D%0A++++local+tFile+--+import+text+file%0D%0A++++local+tRect+--+import+image+of+selected+object%0D%0A++++local+tRestoreDirectory%2C+tPictFile%2C+tPICTWarning%2C+tWorkAround+--+all+images+in+folder%0D%0A++++%0D%0A++++put+glx2GetIDEStackName%28%22revmenubar%22%29+into+tMenuBar%0D%0A++++put+glx2GetIDEStackName%28%22revPreferences%22%29+into+tPreferences%0D%0A++++put+glx2GetIDEStackName%28%22revTools%22%29+into+tTools%0D%0A++++%0D%0A++++if+word+1+to+2+of+pWhich+is+%22New+subStack%22+then+%0D%0A++++++++put+%22New+SubStack%22+into+pWhich%0D%0A++++end+if%0D%0A++++if+pWhich+contains+%22open+recent+work+space%22+then%0D%0A++++++++set+the+itemdel+to+%22%7C%22%0D%0A++++++++put+item+2+of+pWhich+into+tSubMenuItem%0D%0A++++++++put+item+1+of+pWhich+into+pWhich%0D%0A++++++++set+the+itemdel+to+comma%0D%0A++++end+if%0D%0A++++if+pWhich+is+empty+then+%0D%0A++++++++exit+menuPick+--put+%22Import+As+Control%7CImage+File...%22+into+pWhich%0D%0A++++end+if%0D%0A++++switch+pWhich%0D%0A++++++++case+%22open+recent+work+space%22%0D%0A++++++++++++put+the+cWorkSpaceFilePaths+of+stack+%22revGLX2+code%22+into+tWorkSpaceFilePaths%0D%0A++++++++++++put+the+cWorkSpaceFilePath+of+stack+%22revGLX2+code%22+into+tCurrentWorkSpaceFilePath%0D%0A++++++++++++if+tCurrentWorkSpaceFilePath+is+not+empty+then%0D%0A++++++++++++++++filter+tWorkSpaceFilePaths+without+tCurrentWorkSpaceFilePath%0D%0A++++++++++++++++if+the+cRecentSort+of+stack+tPreferences+is+%22alphabetically%22+then%0D%0A++++++++++++++++++++sort+tWorkSpaceFilePaths%0D%0A++++++++++++++++end+if%0D%0A++++++++++++end+if%0D%0A++++++++++++put+lineoffset%28tSubMenuItem%2CtWorkSpaceFilePaths%29+into+tWorkSpaceFilePathLineNo%0D%0A++++++++++++if+tWorkSpaceFilePathLineNo+is+not+zero+then%0D%0A++++++++++++++++put+line+tWorkSpaceFilePathLineNo+of+tWorkSpaceFilePaths+into+tWorkSpaceFilePath%0D%0A++++++++++++++++if+tWorkSpaceFilePath+is+not+the+cWorkSpaceFilePath+of+stack+%22revGLX2+code%22+then%0D%0A++++++++++++++++++++glx2OpenWorkSpace+tWorkSpaceFilePath%0D%0A++++++++++++++++end+if%0D%0A++++++++++++end+if%0D%0A++++++++++++break%0D%0A++++++++case+%22close+work+space%22%0D%0A++++++++++++glx2CloseWorkSpace%0D%0A++++++++++++break%0D%0A++++++++case+%22open+work+space...%22%0D%0A++++++++++++glx2OpenWorkSpace%0D%0A++++++++++++break%0D%0A++++++++case+%22save+work+space%22%0D%0A++++++++++++glx2SaveWorkSpace+%0D%0A++++++++++++break%0D%0A++++++++case+%22save+work+space+as...%22%0D%0A++++++++++++glx2SaveWorkSpaceAs%0D%0A++++++++++++break%0D%0A++++++++case+%22autosave%22%0D%0A++++++++++++set+the+cSaveOnCompile+of+stack+%22revGLX2+code%22+to+not%28the+cSaveOnCompile+of+stack+%22revGLX2+code%22%29%0D%0A++++++++++++glx2SavePrefs%0D%0A++++++++++++glx2LoadPrefs%0D%0A++++++++++++break%0D%0A++++++++case+%22autoarchive%22+%0D%0A++++++++++++set+the+cArchiveOnCompile+of+stack+%22revGLX2+code%22+to+not%28the+cArchiveOnCompile+of+stack+%22revGLX2+code%22%29%0D%0A++++++++++++glx2SavePrefs%0D%0A++++++++++++glx2LoadPrefs%0D%0A++++++++++++break%0D%0A++++++++case+%22save+parent+stack+without+dev+resources%22%0D%0A++++++++++++saveWithoutDevResources%0D%0A++++++++++++break%0D%0A++++++++case++%22close+script+editor%22+++++%0D%0A++++++++++++if+the+shiftkey+is+down+then%0D%0A++++++++++++++++glx2CloseWorkSpace+%0D%0A++++++++++++else%0D%0A++++++++++++++++hide+stack+%22revGLX2+code%22+++%0D%0A++++++++++++++++put+false+into+doGLX2%0D%0A++++++++++++++++send+%22setMenubarGLX2+doGLX2%22+to+stack+%22revGLX2+code%22+in+10+millisecs+%0D%0A++++++++++++++++if+there+is+a+group+%22revMenuBar%22+of+stack+tMenuBar+then%0D%0A++++++++++++++++++++send+%22mouseDown%22+to+grp+%22revMenubar%22+of+stack+tMenuBar%0D%0A++++++++++++++++else%0D%0A++++++++++++++++end+if%0D%0A++++++++++++end+if%0D%0A++++++++++++break%0D%0A++++++++case++%22open+script+editor%22+++++%0D%0A++++++++++++show+stack+%22revGLX2+code%22+++%0D%0A++++++++++++put+true+into+doGLX2%0D%0A++++++++++++send+%22setMenubarGLX2+doGLX2%22+to+stack+%22revGLX2+code%22+in+10+millisecs+%0D%0A++++++++++++send+%22mouseDown%22+to+grp+%22GLX2+Menubar%22+of+stack+%22revGLX2+code%22%0D%0A++++++++++++break%0D%0A++++++++case+%22archive+parent+stack%22+%0D%0A++++++++++++set+the+cursor+to+watch++%0D%0A++++++++++++put+the+cObjectID+of+this+cd+into+tObjectID+++++++%0D%0A++++++++++++glx2DoArchive+tObjectID%0D%0A++++++++++++break%0D%0A++++++++case+%22save+parent+stack%22%0D%0A++++++++++++if+the+shiftkey+is+down+then%0D%0A++++++++++++++++glx2SaveWorkSpace+%0D%0A++++++++++++else%0D%0A++++++++++++++++if+the+visible+of+fld+%22code+storage%22+is+true+then%0D%0A++++++++++++++++++++--+if+the+cDirtyFlag+of+this+cd+is+true+then%0D%0A++++++++++++++++++++--+put+true+into+doAutoSave%0D%0A++++++++++++++++++++--+send+%22simMouseUp+doAutoSave%22+to+btn+%22compile%22+in+10+millisecs%0D%0A++++++++++++++++++++--+else%0D%0A++++++++++++++++++++put+the+cObjectID+of+this+cd+into+tObjectID++%0D%0A++++++++++++++++++++put+glx2GetParentStackName%28tObjectID%29+into+tShortStackName%0D%0A++++++++++++++++++++put+%22stack%22+%26%26+quote+%26+tShortStackName+%26+quote+into+tStackName%0D%0A++++++++++++++++++++glx2SetStatus+%28%22Saving%22+%26%26+the+name+of+stack+tShortStackName+%26+%22...%22%29%0D%0A++++++++++++++++++++set+cursor+to+watch%0D%0A++++++++++++++++++++lock+screen%0D%0A++++++++++++++++++++glx2DoSave+tStackName%0D%0A++++++++++++++++++++set+the+cGlx2General%5B%22CompilesForSave%22%5D+of+stack+tStackName+to+1%0D%0A++++++++++++++++++++unlock+screen%0D%0A++++++++++++++++++++wait+100+millisec%0D%0A++++++++++++++++++++glx2SetStatus%0D%0A++++++++++++++++++++setIBeamCursorCode%0D%0A++++++++++++++++++++--end+if%0D%0A++++++++++++++++end+if%0D%0A++++++++++++end+if%0D%0A++++++++++++break%0D%0A++++++++case+%22New+From+Template...%22%0D%0A++++++++++++put+%22revtemplatechooser%22+into+tStack%0D%0A++++++++++++delete+stack+tStack%0D%0A++++++++++++set+the+blendlevel+of+stack+tStack+to+100%0D%0A++++++++++++hide+stack+tStack%0D%0A++++++++++++modeless+tStack%0D%0A++++++++++++break%0D%0A++++++++case+%22New+SubStack%22%0D%0A++++++++++++if+there+is+a+stack+%22revGalaxy+inspector%22+and+%5C%0D%0A++++++++++++++++++++the+long+id+of+btn+%22inspector+frontscript%22+of+stack+%22revGalaxy+inspector%22+is+among+the+lines+of+the+frontscripts+then%0D%0A++++++++++++++++send+%22glxFakeMenuPick%22+%26%26+pWhich+to+btn+%22inspector+frontscript%22+of+stack+%22revGalaxy+inspector%22%0D%0A++++++++++++++++put+the+result+into+tResult%0D%0A++++++++++++++++if+tResult+is+%22exit%22+then%0D%0A++++++++++++++++++++exit+menuPick%0D%0A++++++++++++++++end+if%0D%0A++++++++++++end+if%0D%0A++++++++++++put+the+short+name+of+the+topstack+into+tCurrentStack%0D%0A++++++++++++if+the+mainstack+of+stack+tCurrentStack+is+not+tCurrentStack+then+put+the+mainstack+of+stack+tCurrentStack+into+tCurrentStack%0D%0A++++++++++++send+%22menuPick%22+%26%26+quote+%26+%22New+Mainstack%22+%26+quote+to+btn+%22file%22%0D%0A++++++++++++set+the+mainstack+of+the+topstack+to+tCurrentStack%0D%0A++++++++++++break%0D%0A++++++++case+%22New+Card%22%0D%0A++++++++++++set+the+defaultstack+to+the+topstack%0D%0A++++++++++++create+card%0D%0A++++++++++++break%0D%0A++++++++case+%22New+mainStack%22%0D%0A++++++++++++if+there+is+a+stack+%22revGalaxy+inspector%22+and+%5C%0D%0A++++++++++++++++++++the+long+id+of+btn+%22inspector+frontscript%22+of+stack+%22revGalaxy+inspector%22+is+among+the+lines+of+the+frontscripts+then%0D%0A++++++++++++++++send+%22glxFakeMenuPick%22+%26%26+pWhich+to+btn+%22inspector+frontscript%22+of+stack+%22revGalaxy+inspector%22%0D%0A++++++++++++++++put+the+result+into+tResult%0D%0A++++++++++++++++if+tResult+is+%22exit%22+then%0D%0A++++++++++++++++++++exit+menuPick%0D%0A++++++++++++++++end+if%0D%0A++++++++++++end+if%0D%0A++++++++++++put+1+into+tNumber%0D%0A++++++++++++repeat%0D%0A++++++++++++++++if+there+is+a+stack+%28%22Untitled%22+%26%26+tNumber%29+then++add+1+to+tNumber%0D%0A++++++++++++++++else+exit+repeat%0D%0A++++++++++++end+repeat%0D%0A++++++++++++set+the+name+of+the+templatestack+to+%22Untitled%22+%26%26+tNumber%0D%0A++++++++++++set+the+alwaysbuffer+of+the+templatestack+to+true%0D%0A++++++++++++if+the+cDestroyStack+of+stack+tPreferences+then%0D%0A++++++++++++++++set+the+destroystack+of+the+templatestack+to+true%0D%0A++++++++++++++++set+the+destroywindow+of+the+templatestack+to+true%0D%0A++++++++++++end+if%0D%0A++++++++++++set+the+visible+of+the+templatestack+to+false%0D%0A++++++++++++set+the+width+of+the+templatestack+to+400%0D%0A++++++++++++set+the+height+of+the+templatestack+to+400%0D%0A++++++++++++if+the+right+of+stack+tTools+%3C+%28item+3+of+the+screenrect+%2F+2%29+then+put+the+right+of+stack+tTools+%2B+20+into+tLeft%0D%0A++++++++++++else+put+item+1+of+the+windowboundingrect+%2B+20+into+tLeft%0D%0A++++++++++++set+the+topleft+of+the+templatestack+to+tLeft%2C%28the+bottom+of+stack+tMenuBar+%2B+40%29%0D%0A++++++++++++create+stack%0D%0A++++++++++++show+stack+it%0D%0A++++++++++++reset+the+templatestack%0D%0A++++++++++++try%0D%0A++++++++++++++++send+%22revUpdatePalette%22+to+cd+1+of+stack+tMenuBar%0D%0A++++++++++++catch+e%0D%0A++++++++++++++++--+MetaCard+environment%0D%0A++++++++++++end+try%0D%0A++++++++++++break%0D%0A++++++++case+%22Open+Stack...%22%0D%0A++++++++++++if+the+shiftkey+is+down+then%0D%0A++++++++++++++++glx2OpenWorkSpace%0D%0A++++++++++++else%0D%0A++++++++++++++++local+filterstring%0D%0A++++++++++++++++if+the+systemfileselector+then%0D%0A++++++++++++++++++++switch+the+platform%0D%0A++++++++++++++++++++++++case+%22Win32%22%0D%0A++++++++++++++++++++++++++++put+%22Revolution+Stacks%22+%26+cr+%26+%22*.rev%22+%26+cr+%26+%22MetaCard+Stacks%22+%26+cr+%26+%22*.mc%22+%26+cr+%26+%22All+Files%22+%26+cr+%26+%22*.*%22+into+filterstring%0D%0A++++++++++++++++++++++++++++break%0D%0A++++++++++++++++++++++++case+%22MacOS%22%0D%0A++++++++++++++++++++++++++++put+%22MSTKSTAKTEXTRSTK%22+into+filterstring%0D%0A++++++++++++++++++++++++++++break%0D%0A++++++++++++++++++++++++default%0D%0A++++++++++++++++++++++++++++put+%22*.rev%22+into+filterstring%0D%0A++++++++++++++++++++end+switch%0D%0A++++++++++++++++else+put+%22*.rev%22+into+filterstring%0D%0A++++++++++++++++get+revAnswerFiles%28%22stack%22%2C%22Open+stack%3A%22%29%0D%0A++++++++++++++++if+it+is+not+empty+then%0D%0A++++++++++++++++++++local+tStacksToOpen%0D%0A++++++++++++++++++++put+it+into+tStacksToOpen%0D%0A++++++++++++++++++++repeat+for+each+line+tStackToOpen+in+tStacksToOpen%0D%0A++++++++++++++++++++++++revOpenStack+tStackToOpen%0D%0A++++++++++++++++++++end+repeat%0D%0A++++++++++++++++end+if%0D%0A++++++++++++end+if%0D%0A++++++++++++break%0D%0A++++++++case+%22Close%22%0D%0A++++++++++++if+the+short+name+of+the+topstack+is+tMenuBar+then+exit+menuPick%0D%0A++++++++++++if+the+mode+of+the+topstack+is+not+among+the+items+of+%221%2C2%2C3%22+then+exit+menuPick%0D%0A++++++++++++put+the+windows+into+tStackList%0D%0A++++++++++++repeat+for+each+line+l+in+tStackList%0D%0A++++++++++++++++if+l+is+tMenuBar+then+next+repeat%0D%0A++++++++++++++++if+the+mode+of+stack+l+is+among+the+items+of+%221%2C2%2C3%22+then%0D%0A++++++++++++++++++++exit+repeat%0D%0A++++++++++++++++end+if%0D%0A++++++++++++end+repeat%0D%0A++++++++++++set+the+defaultstack+to+l%0D%0A++++++++++++if+word+1+of+the+short+name+of+this+stack+is+%22revScriptEditor%22+then+%0D%0A++++++++++++++++send+%22revCheckScriptSaved%22+to+this+cd%0D%0A++++++++++++++++close+this+stack%0D%0A++++++++++++++++exit+menuPick%0D%0A++++++++++++end+if%0D%0A++++++++++++put+revSaveCheck%28l%29+into+tCheck%0D%0A++++++++++++if+tCheck+is+not+false+then+close+stack+l%0D%0A++++++++++++break%0D%0A++++++++case+%22Close+and+Remove+From+Memory...%22%0D%0A++++++++++++if+the+mode+of+the+topstack+is+not+1+then+exit+menuPick%0D%0A++++++++++++put+revBeforeRemovingStackFromMemory%28the+short+name+of+the+topStack%29+into+tCheck%0D%0A++++++++++++if+tCheck+is+not+empty+then%0D%0A++++++++++++++++setGLX2AppIcons%0D%0A++++++++++++++++answer+error+%22Before+Revolution+can+remove+this+stack+from+memory+please%3A%22+%26+cr+%26+cr+%26+tCheck%0D%0A++++++++++++++++setREVAppIcons%0D%0A++++++++++++++++exit+menuPick%0D%0A++++++++++++end+if%0D%0A+++++++++++++%0D%0A++++++++++++set+the+defaultstack+to+the+topstack%0D%0A++++++++++++put+the+effective+filename+of+this+stack+into+tStackPath%0D%0A++++++++++++if+tStackPath+is+empty+then+put+the+mainstack+of+this+stack+into+tStackpath%0D%0A++++++++++++put+the+mainstack+of+stack+tStackPath+into+tMainstack%0D%0A++++++++++++put+the+substacks+of+stack+tStackPath+into+tSubstacks%0D%0A++++++++++++put+tMainStack+%26+cr+%26+tSubstacks+into+tStacks%0D%0A++++++++++++setGLX2AppIcons%0D%0A++++++++++++answer+warning+%22Really+remove+the+stack+file%22+%26%26+tStackPath+%26%26+%22from+memory%3F%22+%26+cr+%26+%22Any+changes+made+since+saving+will+be+lost+from+the+following+stacks%3A%22+%26+cr+%26+cr+%26+tStacks+with+%22Cancel%22+or+%22OK%22%0D%0A++++++++++++put+it+into+tAnswer%0D%0A++++++++++++setREVAppIcons%0D%0A++++++++++++if+tAnswer+is+%22Cancel%22+then+%0D%0A++++++++++++++++exit+menuPick%0D%0A++++++++++++end+if%0D%0A++++++++++++lock+messages+--+prevent+user+stack+saving+during+the+close%2C+erasing+substacks%0D%0A++++++++++++repeat+for+each+line+l+in+tSubstacks%0D%0A++++++++++++++++close+stack+l%0D%0A++++++++++++end+repeat%0D%0A++++++++++++delete+stack+tMainStack%0D%0A++++++++++++unlock+messages%0D%0A++++++++++++if+the+mode+of+stack+%22revApplicationOverview%22+is+not+0%0D%0A++++++++++++then+send+%22revRefreshTree%22+to+stack+%22revApplicationOverview%22%0D%0A++++++++++++break%0D%0A++++++++case+%22Save%22%0D%0A++++++++++++if+the+mode+of+the+topstack+is+not+1+then+exit+menuPick%0D%0A++++++++++++if+the+shiftkey+is+down+then+exit+menuPick+--+shortcut+to+edit+script%0D%0A++++++++++++if+%28the+focusedObject%29+is+not+empty+and+word+1+of+revTargetStack%28the+focusedObject%29+is+%22revPropertyPalette%22+and+word+1+of+%28the+focusedObject%29+is+%22field%22+then%0D%0A++++++++++++++++put+the+focusedobject+into+tObject%0D%0A++++++++++++++++send+%22closeField%22+to+tObject%0D%0A++++++++++++end+if%0D%0A++++++++++++if+the+effective+filename+of+the+topstack+is+not+empty+then+revSave+%28the+short+name+of+the+topStack%29%0D%0A++++++++++++else+revSaveAs+%28the+short+name+of+the+topStack%29%0D%0A++++++++++++break%0D%0A++++++++case+%22Save+As...%22%0D%0A++++++++++++revSaveAs+the+short+name+of+the+topStack%2Cfalse%0D%0A++++++++++++break%0D%0A++++++++case+%22Save+As+Standalone+Application...%22%0D%0A++++++++++++send+%22revSaveAsStandalone%22%26%26quote%26the+short+name+of+the+topStack%26quote+to+stack+%22revSaveAsStandalone%22%0D%0A++++++++++++break%0D%0A++++++++case+%22Standalone+Application+Settings...%22%0D%0A++++++++++++send+%22revStandaloneSettings%22%26%26quote%26the+short+name+of+the+topStack%26quote+to+stack+%22revStandaloneSettings%22%0D%0A++++++++++++break%0D%0A++++++++case+%22Move+substack+to+file...%22%0D%0A++++++++++++revSaveAs+the+short+name+of+the+topStack%2Ctrue%0D%0A++++++++++++break%0D%0A++++++++case+%22Revert+To+Saved...%22%0D%0A++++++++++++set+the+defaultstack+to+the+topstack%0D%0A++++++++++++setGLX2AppIcons%0D%0A++++++++++++answer+warning+%22Are+you+sure+you+want+to+revert+to+the+last+version+saved%3F++All+changes+to+stack%22+%26%26+the+topstack+%26%26+%22will+be+lost.%22++with+%22No%22+or+%22Yes%22%0D%0A++++++++++++put+it+into+tAnswer%0D%0A++++++++++++setREVAppIcons%0D%0A++++++++++++if+tAnswer+is+%22Yes%22+then%0D%0A++++++++++++++++revert%0D%0A++++++++++++end+if%0D%0A++++++++++++break%0D%0A++++++++case+%22print...%22%0D%0A++++++++++++set+the+defaultstack+to+%22revGLX2+code%22%0D%0A++++++++++++put+the+cObjectID+of+this+cd+into+tObjectID%0D%0A++++++++++++if+tObjectID+is+not+empty+and+the+name+of+tObjectID+is+the+name+of+fld+%22GLX2+web%22+then%0D%0A++++++++++++++++put+getBrowserID%28%29+into+tBrowserID%0D%0A++++++++++++++++if+tBrowserID+is+not+empty+then%0D%0A++++++++++++++++++++revBrowserPrint+tBrowserID%0D%0A++++++++++++++++end+if%0D%0A++++++++++++else%0D%0A++++++++++++++++focus+on+fld+%22code+storage%22%0D%0A++++++++++++++++if+the+selectedtext+is+not+empty+then%0D%0A++++++++++++++++++++doPrintSelected+%0D%0A++++++++++++++++else%0D%0A++++++++++++++++++++doPrintScript%0D%0A++++++++++++++++end+if%0D%0A++++++++++++end+if%0D%0A++++++++++++break%0D%0A++++++++case+%22Page+Setup...%22%0D%0A++++++++++++answer+printer%0D%0A++++++++++++break%0D%0A++++++++case+%22Print+Card...%22%0D%0A++++++++++++set+the+defaultstack+to+the+topstack%0D%0A++++++++++++open+printing+with+dialog%0D%0A++++++++++++if+the+result+is+%22cancel%22+then+exit+menuPick%0D%0A++++++++++++print+this+cd%0D%0A++++++++++++close+printing%0D%0A++++++++++++break%0D%0A++++++++case+%22Print+Field...%22%0D%0A++++++++++++revShowPrintDialog+true%2Cfalse%0D%0A++++++++++++revPrintField+line+1+of+%28the+selObj%29%0D%0A++++++++++++break%0D%0A++++++++case+%22Print+Documentation+Entry...%22%0D%0A++++++++++++revShowPrintDialog+true%2Cfalse%0D%0A++++++++++++put+the+long+id+of+fld+id+%28the+cRevPrintField+of+stack+%22revDocs%22%29+of+stack+%22revDocs%22+into+tID%0D%0A++++++++++++revPrintField+tID%0D%0A++++++++++++break%0D%0A++++++++case+%22Build+Distribution...%22+%0D%0A++++++++++++modeless+%22revDistributionBuilder%22%0D%0A++++++++++++break%0D%0A++++++++case+%22Quit%22%0D%0A++++++++case+%22Exit%22+%0D%0A++++++++case+%22Quit+Revolution%22%0D%0A++++++++case+%22Exit+Revolution%22+%0D%0A++++++++++++global+gREVSuppressMessages%0D%0A++++++++++++if+not+gREVSuppressMessages+and+%22shutDown%22+is+among+the+lines+of+the+cREVGeneral%5B%22handlerList%22%5D+of+this+cd+of+the+topstack+then+%0D%0A++++++++++++++++send+%22shutDown%22+to+this+cd+of+the+topstack%0D%0A++++++++++++end+if%0D%0A++++++++++++quit+%0D%0A++++++++++++break%0D%0A++++++++default%0D%0A++++++++++++--must+be+a+recent+stack%2C+a+script+library%2C+or+object+library%0D%0A++++++++++++--switch+over+the+first+part+of+pWhich+to+find+out+pWhich%0D%0A++++++++++++set+the+itemdel+to+%22%7C%22%0D%0A++++++++++++switch+item+1+of+pWhich%0D%0A++++++++++++++++case+%22Open+Recent+File%22%0D%0A++++++++++++++++++++replace+%22%5C%5C%22+with+%22%2F%22+in+pWhich%23not+sure%0D%0A++++++++++++++++++++put+item+2+of+pWhich+into+tMatch%0D%0A++++++++++++++++++++put+the+cFileMatch%5BtMatch%5D+of+stack+tPreferences+into+tFilePath%0D%0A++++++++++++++++++++if+there+is+a+file+tFilePath+then+go+stack+tFilePath%0D%0A++++++++++++++++++++else%0D%0A++++++++++++++++++++++++beep%0D%0A++++++++++++++++++++++++setGLX2AppIcons%0D%0A++++++++++++++++++++++++answer+error+%22Stack+no+longer+exists+in+this+location.%22%0D%0A++++++++++++++++++++++++setREVAppIcons%0D%0A++++++++++++++++++++++++set+the+cRecentPaths+of+stack+tPreferences+to+the+cRecentPaths+of+stack+tPreferences%0D%0A++++++++++++++++++++++++exit+menuPick%0D%0A++++++++++++++++++++end+if%0D%0A++++++++++++++++++++break%0D%0A++++++++++++++++case+%22Import+As+Control%22%0D%0A++++++++++++++++++++put+item+2+of+pWhich+into+tCommand%0D%0A++++++++++++++++++++set+the+itemdel+to+comma%0D%0A++++++++++++++++++++set+the+defaultstack+to+the+topstack%0D%0A++++++++++++++++++++switch+tCommand%0D%0A++++++++++++++++++++++++case+%22Image+File...%22%0D%0A++++++++++++++++++++++++++++revImportImageFile%0D%0A++++++++++++++++++++++++++++exit+menuPick%0D%0A++++++++++++++++++++++++++++break%0D%0A++++++++++++++++++++++++case+%22Snapshot%22%0D%0A++++++++++++++++++++++++++++put+the+number+of+images+into+tNum%0D%0A++++++++++++++++++++++++++++if+the+optionkey+is+not+down+then%0D%0A++++++++++++++++++++++++++++++++put+the+openstacks+into+tList%0D%0A++++++++++++++++++++++++++++++++repeat+for+each+line+l+in+tList%0D%0A++++++++++++++++++++++++++++++++++++if+the+visible+of+stack+l+then%0D%0A++++++++++++++++++++++++++++++++++++++++put+l+%26+cr+before+tRestore%0D%0A++++++++++++++++++++++++++++++++++++++++hide+stack+l%0D%0A++++++++++++++++++++++++++++++++++++end+if%0D%0A++++++++++++++++++++++++++++++++end+repeat%0D%0A++++++++++++++++++++++++++++++++delete+last+char+of+tRestore%0D%0A++++++++++++++++++++++++++++end+if%0D%0A++++++++++++++++++++++++++++import+snapshot%0D%0A++++++++++++++++++++++++++++repeat+for+each+line+l+in+tRestore%0D%0A++++++++++++++++++++++++++++++++show+stack+l%0D%0A++++++++++++++++++++++++++++end+repeat%0D%0A++++++++++++++++++++++++++++if+the+number+of+images+is+tNum+%2B+1+then+select+last+image%0D%0A++++++++++++++++++++++++++++break%0D%0A++++++++++++++++++++++++case+%22Audio+File...%22%0D%0A++++++++++++++++++++++++++++get+revAnswerFile%28%22audio%22%29%0D%0A++++++++++++++++++++++++++++if+it+is+not+empty+then%0D%0A++++++++++++++++++++++++++++++++import+AudioClip+from+file+it%0D%0A++++++++++++++++++++++++++++++++if+the+mode+of+stack+%22revApplicationOverview%22+is+not+0+then%0D%0A++++++++++++++++++++++++++++++++++++if+the+short+name+of+this+cd+of+stack+%22revApplicationOverview%22+is+%22AudioClips%22+%5C%0D%0A++++++++++++++++++++++++++++++++++++++++++++and+the+short+name+of+the+topstack+is+gREVStackName+then%0D%0A++++++++++++++++++++++++++++++++++++++++send+%22revRefreshAudio+true%22+to+this+cd+of+stack+%22revApplicationOverview%22%0D%0A++++++++++++++++++++++++++++++++++++end+if%0D%0A++++++++++++++++++++++++++++++++end+if%0D%0A++++++++++++++++++++++++++++end+if%0D%0A++++++++++++++++++++++++++++break%0D%0A++++++++++++++++++++++++case+%22Video+File...%22%0D%0A++++++++++++++++++++++++++++get+revAnswerFile%28%22video%22%29%0D%0A++++++++++++++++++++++++++++if+it+is+not+empty+then%0D%0A++++++++++++++++++++++++++++++++import+videoClip+from+file+it%0D%0A++++++++++++++++++++++++++++++++if+the+mode+of+stack+%22revApplicationOverview%22+is+not+0+then%0D%0A++++++++++++++++++++++++++++++++++++if+the+short+name+of+this+cd+of+stack+%22revApplicationOverview%22+is+%22videoClips%22+%5C%0D%0A++++++++++++++++++++++++++++++++++++++++++++and+the+short+name+of+the+topstack+is+gREVStackName+then%0D%0A++++++++++++++++++++++++++++++++++++++++send+%22revRefreshvideo+true%22+to+this+cd+of+stack+%22revApplicationOverview%22%0D%0A++++++++++++++++++++++++++++++++++++end+if%0D%0A++++++++++++++++++++++++++++++++end+if%0D%0A++++++++++++++++++++++++++++end+if%0D%0A++++++++++++++++++++++++++++break%0D%0A++++++++++++++++++++++++case+%22Text+File...%22%0D%0A++++++++++++++++++++++++++++get+revAnswerFile%28%22text%22%29%0D%0A++++++++++++++++++++++++++++put+it+into+tFilePath%0D%0A++++++++++++++++++++++++++++if+tFile+is+not+empty+then%0D%0A++++++++++++++++++++++++++++++++try%0D%0A++++++++++++++++++++++++++++++++++++send+%22menuPick%22+%26%26+quote+%26+%22New+Field%7CScrolling+field%22+%26+quote+to+btn+%22object%22+of+stack+tMenuBar%0D%0A++++++++++++++++++++++++++++++++catch+e%0D%0A++++++++++++++++++++++++++++++++++++--+would+get+here+in+MetaCard+if+there%27s+no+button+%22object%22%0D%0A++++++++++++++++++++++++++++++++end+try%0D%0A++++++++++++++++++++++++++++++++put+URL+%28%22file%3A%22+%26+tFilePath%29+into+last+fld%0D%0A++++++++++++++++++++++++++++end+if%0D%0A++++++++++++++++++++++++++++break%0D%0A++++++++++++++++++++++++case+%22Image+of+Selected+Object...%22%0D%0A++++++++++++++++++++++++++++if+%28the+selobj%29+is+empty+then+exit+menuPick%0D%0A++++++++++++++++++++++++++++if+word+1+of+%28the+selObj%29+is+%22stack%22+then+%0D%0A++++++++++++++++++++++++++++++++put+the+rect+of+the+selobj+into+tRect%0D%0A++++++++++++++++++++++++++++++++import+snapshot+from+rect+tRect%0D%0A++++++++++++++++++++++++++++else%0D%0A++++++++++++++++++++++++++++++++import+snapshot+from+the+selobj%0D%0A++++++++++++++++++++++++++++end+if%0D%0A++++++++++++++++++++++++++++select+last+image%0D%0A++++++++++++++++++++++++++++break%0D%0A++++++++++++++++++++++++case+%22All+Images+in+Folder...%22%0D%0A++++++++++++++++++++++++++++answer+folder+%22Select+a+folder+to+import+from%3A%22%0D%0A++++++++++++++++++++++++++++put+it+into+tAnswer%0D%0A++++++++++++++++++++++++++++if+tAnswer+is+not+empty+then%0D%0A++++++++++++++++++++++++++++++++put+the+directory+into+tRestoreDirectory%0D%0A++++++++++++++++++++++++++++++++set+the+directory+to+tAnswer%0D%0A++++++++++++++++++++++++++++++++put+the+files+into+tList%0D%0A++++++++++++++++++++++++++++++++put+empty+into+tPictFile%0D%0A++++++++++++++++++++++++++++++++repeat+for+each+line+l+in+tList%0D%0A++++++++++++++++++++++++++++++++++++try%0D%0A++++++++++++++++++++++++++++++++++++++++import+paint+from+file+l%0D%0A++++++++++++++++++++++++++++++++++++++++if+revIsPICT%28l%29+then+put+true+into+tPICTWarning%0D%0A++++++++++++++++++++++++++++++++++++++++put+the+number+of+last+image+%26+cr+after+tPictFile%0D%0A++++++++++++++++++++++++++++++++++++++++set+the+loc+of+last+image+to+%28item+1+of+the+loc+of+last+image+%2B+10%2Citem+2+of+the+loc+of+last+image+%2B+10%29%0D%0A++++++++++++++++++++++++++++++++++++end+try%0D%0A++++++++++++++++++++++++++++++++end+repeat%0D%0A++++++++++++++++++++++++++++++++delete+last+char+of+tPictFile%0D%0A++++++++++++++++++++++++++++++++if+tPICTWarning+and+not+the+cNOPICTWarning+of+stack+tPreferences+then%0D%0A++++++++++++++++++++++++++++++++++++setGLX2AppIcons%0D%0A++++++++++++++++++++++++++++++++++++if+the+platform+is+%22MacOS%22+then%0D%0A++++++++++++++++++++++++++++++++++++++++answer+warning+%22Some+of+the+files+imported+were+in+Macintosh+PICT+format.++We+recommend+you+use+another+image+format+such+as+GIF%2C+JPEG+or+PNG.++This+format+can+only+be+displayed+on+MacOS+systems+and+does+not+support+all+image+features.++Would+you+like+to+convert+these+images+to+PNG%3F%22+with+%22Don%27t+Show+Again%22+or+%22No%22+or+%22Yes%22%0D%0A++++++++++++++++++++++++++++++++++++else+%0D%0A++++++++++++++++++++++++++++++++++++++++answer+warning+%22Some+of+the+files+imported+were+in+Macintosh+PICT+format.++This+format+can+only+be+displayed+on+MacOS+systems+and+does+not+support+all+image+features.%22+with+%22Don%27t+Show+Again%22+or+%22Continue%22%0D%0A++++++++++++++++++++++++++++++++++++end+if%0D%0A++++++++++++++++++++++++++++++++++++setREVAppIcons%0D%0A++++++++++++++++++++++++++++++++++++if+it+is+%22Don%27t+Show+Again%22+then+set+the+cNOPICTWarning+of+stack+tPreferences+to+true%0D%0A++++++++++++++++++++++++++++++++++++if+it+is+%22yes%22+or+it+is+%22don%27t+show+again%22+then%0D%0A++++++++++++++++++++++++++++++++++++++++--convert+picts+in+the+variable+tPictfile%0D%0A++++++++++++++++++++++++++++++++++++++++lock+screen%0D%0A++++++++++++++++++++++++++++++++++++++++lock+messages%0D%0A++++++++++++++++++++++++++++++++++++++++repeat+for+each+line+l+in+tPictFile%0D%0A++++++++++++++++++++++++++++++++++++++++++++import+snapshot+from+image+l%0D%0A++++++++++++++++++++++++++++++++++++++++++++set+the+name+of+last+image+to+the+short+name+of+image+l%0D%0A++++++++++++++++++++++++++++++++++++++++end+repeat%0D%0A++++++++++++++++++++++++++++++++++++++++repeat+with+i+%3D+the+number+of+lines+in+tPictFile+down+to+1%0D%0A++++++++++++++++++++++++++++++++++++++++++++delete+image+%28line+i+of+tPictFile%29%0D%0A++++++++++++++++++++++++++++++++++++++++end+repeat%0D%0A++++++++++++++++++++++++++++++++++++++++unlock+screen%0D%0A++++++++++++++++++++++++++++++++++++++++unlock+messages%0D%0A++++++++++++++++++++++++++++++++++++end+if%0D%0A++++++++++++++++++++++++++++++++end+if%0D%0A++++++++++++++++++++++++++++++++set+the+directory+to+tRestoreDirectory%0D%0A++++++++++++++++++++++++++++end+if%0D%0A++++++++++++++++++++++++++++break%0D%0A++++++++++++++++++++++++case+%22All+Audio+Files+in+Folder...%22%0D%0A++++++++++++++++++++++++++++answer+folder+%22Select+a+folder+to+import+from%3A%22%0D%0A++++++++++++++++++++++++++++if+it+is+not+empty+then%0D%0A++++++++++++++++++++++++++++++++put+the+directory+into+tRestoreDirectory%0D%0A++++++++++++++++++++++++++++++++set+the+directory+to+it%0D%0A++++++++++++++++++++++++++++++++put+the+files+into+tList%0D%0A++++++++++++++++++++++++++++++++repeat+for+each+line+l+in+tList%0D%0A++++++++++++++++++++++++++++++++++++try%0D%0A++++++++++++++++++++++++++++++++++++++++import+audioClip+from+file+l%0D%0A++++++++++++++++++++++++++++++++++++++++set+the+loc+of+last+image+to+%28item+1+of+the+loc+of+last+image+%2B+10%2Citem+2+of+the+loc+of+last+image+%2B+10%29%0D%0A++++++++++++++++++++++++++++++++++++end+try%0D%0A++++++++++++++++++++++++++++++++end+repeat%0D%0A++++++++++++++++++++++++++++++++if+the+mode+of+stack+%22revApplicationOverview%22+is+not+0+then%0D%0A++++++++++++++++++++++++++++++++++++if+the+short+name+of+this+cd+of+stack+%22revApplicationOverview%22+is+%22AudioClips%22+%5C%0D%0A++++++++++++++++++++++++++++++++++++++++++++and+the+short+name+of+the+topstack+is+gREVStackName+then%0D%0A++++++++++++++++++++++++++++++++++++++++send+%22revRefreshAudio+true%22+to+this+cd+of+stack+%22revApplicationOverview%22%0D%0A++++++++++++++++++++++++++++++++++++end+if%0D%0A++++++++++++++++++++++++++++++++end+if%0D%0A++++++++++++++++++++++++++++++++set+the+directory+to+tRestoreDirectory%0D%0A++++++++++++++++++++++++++++end+if%0D%0A++++++++++++++++++++++++++++break%0D%0A++++++++++++++++++++end+switch%0D%0A++++++++++++++++++++break%0D%0A++++++++++++++++case+%22Share+this+stack...%22%0D%0A++++++++++++++++++++send+%22revShareOnline+the+short+name+of+the+topStack%22+to+stack+%22revOnline%22%0D%0A++++++++++++++++++++break%0D%0A++++++++++++++++case+%22New+Referenced+Control%22%0D%0A++++++++++++++++++++put+item+2+of+pWhich+into+tCommand%0D%0A++++++++++++++++++++set+the+itemdel+to+comma%0D%0A++++++++++++++++++++set+the+defaultstack+to+the+topstack%0D%0A++++++++++++++++++++switch+tCommand%0D%0A++++++++++++++++++++++++case+%22Image+File...%22%0D%0A++++++++++++++++++++++++++++get+revAnswerFile%28%22image%22%2C%22Select+an+image+file+to+reference%3A%22%29%0D%0A++++++++++++++++++++++++++++if+it+is+%22cancel%22+then+exit+menuPick%0D%0A++++++++++++++++++++++++++++put+it+into+tFilePath%0D%0A++++++++++++++++++++++++++++if+tFilePath+is+empty+then+exit+menuPick%0D%0A++++++++++++++++++++++++++++if+revIsPICT%28tFilePath%29+and+not+%28the+cNOPICTWarning+of+stack+tPreferences%29+then%0D%0A++++++++++++++++++++++++++++++++setGLX2AppIcons%0D%0A++++++++++++++++++++++++++++++++answer+warning+%22Some+of+the+files+imported+were+in+Macintosh+PICT+format.++We+recommend+you+use+another+image+format+such+as+GIF%2C+JPEG+or+PNG.++This+format+can+only+be+displayed+on+MacOS+systems+and+does+not+support+all+image+features.%22+with+%22Don%27t+Show+Again%22+or+%22Cancel%22+or+%22Continue%22%0D%0A++++++++++++++++++++++++++++++++setREVAppIcons%0D%0A++++++++++++++++++++++++++++++++if+it+is+%22Cancel%22+then+exit+menuPick%0D%0A++++++++++++++++++++++++++++++++if+it+is+%22Don%27t+Show+Again%22+then+set+the+cNOPICTWarning+of+stack+tPreferences+to+true%0D%0A++++++++++++++++++++++++++++end+if%0D%0A++++++++++++++++++++++++++++if+tFilePath+is+not+empty+then%0D%0A++++++++++++++++++++++++++++++++create+image%0D%0A++++++++++++++++++++++++++++++++set+the+filename+of+last+image+to+tFilePath%0D%0A++++++++++++++++++++++++++++++++set+the+loc+of+last+image+to+the+loc+of+this+cd%0D%0A++++++++++++++++++++++++++++end+if%0D%0A++++++++++++++++++++++++++++break%0D%0A++++++++++++++++++++++++case+%22Quicktime-Supported+File...%22%0D%0A++++++++++++++++++++++++++++get+revAnswerFile%28%22quicktime%22%2C%22Select+a+QuickTime+file+to+reference%3A%22%29%0D%0A++++++++++++++++++++++++++++if+it+is+not+empty+then%0D%0A++++++++++++++++++++++++++++++++put+it+into+tFilePath%0D%0A++++++++++++++++++++++++++++++++create+player%0D%0A++++++++++++++++++++++++++++++++set+the+filename+of+last+player+to+tFilePath%0D%0A++++++++++++++++++++++++++++end+if%0D%0A++++++++++++++++++++++++++++break%0D%0A++++++++++++++++++++++++case+%22All+Images+in+Folder...%22%0D%0A++++++++++++++++++++++++++++answer+folder+%22Select+a+folder+to+import+from%3A%22%0D%0A++++++++++++++++++++++++++++if+it+is+not+empty+then%0D%0A++++++++++++++++++++++++++++++++put+the+directory+into+tRestoreDirectory%0D%0A++++++++++++++++++++++++++++++++set+the+directory+to+it%0D%0A++++++++++++++++++++++++++++++++put+the+files+into+tList%0D%0A++++++++++++++++++++++++++++++++repeat+for+each+line+l+in+tList%0D%0A++++++++++++++++++++++++++++++++++++try%0D%0A++++++++++++++++++++++++++++++++++++++++create+image%0D%0A++++++++++++++++++++++++++++++++++++++++set+the+filename+of+last+image+to+the+directory+%26+%22%2F%22+%26+l%0D%0A++++++++++++++++++++++++++++++++++++++++if+revIsPICT%28l%29+then+put+true+into+tPICTWarning%0D%0A++++++++++++++++++++++++++++++++++++catch+tJunk%0D%0A++++++++++++++++++++++++++++++++++++++++put+empty+into+tWorkAround%0D%0A++++++++++++++++++++++++++++++++++++end+try%0D%0A++++++++++++++++++++++++++++++++end+repeat%0D%0A++++++++++++++++++++++++++++++++if+tPICTWarning+and+not+the+cNOPICTWarning+of+stack+tPreferences+then%0D%0A++++++++++++++++++++++++++++++++++++setGLX2AppIcons%0D%0A++++++++++++++++++++++++++++++++++++answer+warning+%22Some+of+the+files+imported+were+in+Macintosh+PICT+format.++We+recommend+you+use+another+image+format+such+as+GIF%2C+JPEG+or+PNG.++This+format+can+only+be+displayed+on+MacOS+systems+and+does+not+support+all+image+features.%22+with+%22Don%27t+Show+Again%22+or+%22OK%22%0D%0A++++++++++++++++++++++++++++++++++++setREVAppIcons%0D%0A++++++++++++++++++++++++++++++++++++if+it+is+%22Don%27t+Show+Again%22+then+set+the+cNOPICTWarning+of+stack+tPreferences+to+true%0D%0A++++++++++++++++++++++++++++++++end+if%0D%0A++++++++++++++++++++++++++++++++set+the+directory+to+tRestoreDirectory%0D%0A++++++++++++++++++++++++++++end+if%0D%0A++++++++++++++++++++++++++++break%0D%0A++++++++++++++++++++end+switch%0D%0A++++++++++++++++++++break%0D%0A++++++++++++end+switch%0D%0A++++end+switch%0D%0Aend+menuPick%0D%0A%0D%0Aon+saveWithoutDevResources%0D%0A++++local+thePercentSaved%0D%0A++++local+tObjectID%0D%0A++++local+tStackName%0D%0A++++local+theStack%0D%0A++++local+saveAsIs%0D%0A++++local+showDialogs%0D%0A++++%0D%0A++++put+the+cObjectID+of+this+cd+into+tObjectID++%0D%0A++++put+glx2GetParentStackName%28tObjectID%29+into+tStackName%0D%0A++++set+the+cursor+to+watch%0D%0A++++if+the+platform+is+%22macos%22+then%0D%0A++++++++glx2SetStatus+%22Saving+without+dev+resources+%95+stack%22+%26%26+quote+%26+tStackName+%26+quote+%26+%22...%22%0D%0A++++else%0D%0A++++++++glx2SetStatus+%22Saving+without+dev+resources+*+stack%22+%26%26+quote+%26+tStackName+%26+quote+%26+%22...%22%0D%0A++++end+if%0D%0A++++put+the+name+of+stack+tStackName+into+theStack%0D%0A++++put+true+into+saveAsIs%0D%0A++++put+false+into+showDialogs%0D%0A++++glx2StripStak+theStack%2CsaveAsIs%2CshowDialogs%0D%0A++++put+the+result+into+thePercentSaved%0D%0A++++if+the+platform+is+%22macos%22+then%0D%0A++++++++if+thePercentSaved+is+zero+then%0D%0A++++++++++++glx2SetStatus+%22NOTE+%95+There+were+no+dev+resources+to+strip%21%22%0D%0A++++++++else%0D%0A++++++++++++glx2SetStatus+%22NOTE+%95+Saved%22+%26%26+thePercentSaved+%26+%22%25%21%22%0D%0A++++++++end+if%0D%0A++++else%0D%0A++++++++if+thePercentSaved+is+zero+then%0D%0A++++++++++++glx2SetStatus+%22NOTE+*+There+were+no+dev+resources+to+strip%21%22%0D%0A++++++++else%0D%0A++++++++++++glx2SetStatus+%22NOTE+*+Saved%22+%26%26+thePercentSaved+%26+%22%25%21%22%0D%0A++++++++end+if%0D%0A++++end+if%0D%0A++++wait+1000+millisecs+%0D%0A++++global+gREVStackStatus%0D%0A++++put+empty+into+gREVStackStatus%5Bthe+short+name+of+theStack%5D%0D%0A++++glx2SetStatus+%22%22%0D%0A++++setIBeamCursorCode%0D%0Aend+saveWithoutDevResources%0D%0A%0D%0Aon+revOpenStack+pStackName%0D%0A++++local+tError%0D%0A++++local+tPreferences%0D%0A++++%0D%0A++++put+glx2GetIDEStackName%28%22revPreferences%22%29+into+tPreferences%0D%0A++++put+empty+into+tError%0D%0A++++set+the+cursor+to+watch%0D%0A++++open+file+pStackName+for+binary+read%0D%0A++++if+the+result+is+empty+then%0D%0A++++++++read+from+file+pStackName+for+4+characters%0D%0A++++++++close+file+pStackName%0D%0A++++++++if+it+is+not+%22REVO%22+and+line+4+of+the+revlicenseinfo+is+not+among+the+words+of+%22Media+Studio+Enterprise%22+then%0D%0A++++++++++++setGLX2AppIcons%0D%0A++++++++++++answer+%22The+stack+you+are+trying+to+load+was+last+saved+in+a+prior+version+of+Revolution.+Please+be+aware+that+once+imported+and+saved%2C+the+stackfile+will+only+open+in+version+2.7+or+later.+This+change+is+irreversible.+Do+you+still+wish+to+continue+to+open+this+stack%3F%22+with+%22No%22+and+%22Yes%22%0D%0A++++++++++++setREVAppIcons%0D%0A++++++++++++if+it+is+%22No%22+then%0D%0A++++++++++++++++exit+revOpenStack%0D%0A++++++++++++end+if%0D%0A++++++++end+if%0D%0A++++++++go+stack+pStackName%0D%0A++++++++if+the+result+is+not+empty+then+%0D%0A++++++++++++put+the+result+into+tError%0D%0A++++++++end+if%0D%0A++++else%0D%0A++++++++put+the+result+into+tError%0D%0A++++end+if%0D%0A++++if+tError+is+not+empty+then%0D%0A++++++++setGLX2AppIcons%0D%0A++++++++answer+error+%22There+was+a+problem+opening+that+stack%3A%22+%26+cr+%26+tError%0D%0A++++++++setREVAppIcons%0D%0A++++++++set+the+cursor+to+1%0D%0A++++end+if%0D%0A++++if+the+cREVScriptDebugMode+of+stack+tPreferences+then+revReloadBreakpoints%0D%0Aend+revOpenStack%0D%0A" )</script>
</button>
