<button name="Edit" id="250614">
<traversalOn>false</traversalOn>
<ink>srcCopy</ink>
<threeD>true</threeD>
<hiliteBorder>true</hiliteBorder>
<blendLevel>0</blendLevel>
<rect>30,1,60,20</rect>
<mnemonic>1</mnemonic>
<armFill>false</armFill>
<visitedIcon>0</visitedIcon>
<showName>true</showName>
<showIcon>false</showIcon>
<hilited>false</hilited>
<sharedHilite>true</sharedHilite>
<shadow>false</shadow>
<textAlign>center</textAlign>
<armed>false</armed>
<menuMouseButton>1</menuMouseButton>
<id>250614</id>
<altId>0</altId>
<labelWidth>0</labelWidth>
<armedIcon>0</armedIcon>
<lockLoc>true</lockLoc>
<visited>false</visited>
<showHilite>false</showHilite>
<label>Edit</label>
<autoHilite>true</autoHilite>
<style>menu</style>
<disabledIcon>0</disabledIcon>
<armBorder>true</armBorder>
<name>button "Edit"</name>
<icon>0</icon>
<layer>90</layer>
<visible>true</visible>
<cantSelect>false</cantSelect>
<borderWidth>2</borderWidth>
<menuLines>5</menuLines>
<margins>4</margins>
<opaque>true</opaque>
<text>urldecode( "Undo%2FZ%0D%0A-%0D%0A%28Cu%26t%2FX%0D%0A%28%26Copy%2FC%0D%0A%26Paste%2FV%0D%0A%28-%0D%0APaste+as+Formatted+String%0D%0APaste+as+Comment%0D%0A-%0D%0ASelect+All%2FA%0D%0A-%0D%0APreferences%2F%2C" )</text>
<shadowOffset>4</shadowOffset>
<default>false</default>
<hiliteFill>true</hiliteFill>
<showBorder>false</showBorder>
<hiliteIcon>0</hiliteIcon>
<disabled>false</disabled>
<autoArm>false</autoArm>
<menuMode>pulldown</menuMode>
<family>0</family>
<hoverIcon>0</hoverIcon>
<showFocusBorder>true</showFocusBorder>
<menuHistory>1</menuHistory>
<custompropertyset name= "cGlx2TimeStamp">
<checksum>urldecode( "%9D%9D%25V%27%14k%E5%1C%7E%BE%91+%3B%AF%82" )</checksum>
</custompropertyset>
<script>urldecode( "--%3E+all+handlers%0D%0A%0D%0Aon+menuPick+pChosen%2CpPrevChosen%0D%0A++++if+the+selectedfield+is+not+empty+then%0D%0A++++++++focus+on+the+selectedField%0D%0A++++end+if%0D%0A++++switch+pChosen%0D%0A++++++++case+%22Undo%22%0D%0A++++++++++++if+the+cUndoCode+of+btn+%22Edit%22+of+grp+%22GLX2+Menubar%22+of+stack+%22revGLX2+code%22+is+true+then%0D%0A++++++++++++++++if+the+focusedobject+is+the+cUndoTarget+of+me+then%0D%0A++++++++++++++++++++glx2RestoreUndoCode%0D%0A++++++++++++++++++++--+lock+screen%0D%0A++++++++++++++++++++--+--+CAPTURE+CURRENT+STATE+OF+CODE%3A%0D%0A++++++++++++++++++++--+put+the+htmltext+of+fld+%22code+storage%22+of+stack+%22revGLX2+code%22+into+theOrigCode%0D%0A++++++++++++++++++++--+put+the+vscroll+of+fld+%22code+storage%22+of+stack+%22revGLX2+code%22+into+theOrigVScroll%0D%0A++++++++++++++++++++--+put+the+hscroll+of+fld+%22code+storage%22+of+stack+%22revGLX2+code%22+into+theOrigHScroll%0D%0A++++++++++++++++++++--+put+the+selectedchunk+into+theOrigSelectedChunk%0D%0A++++++++++++++++++++--+--+RESET+THE+FIELD%27S+TEXT%3A%0D%0A++++++++++++++++++++--+set+the+htmltext+of+fld+%22code+storage%22+of+stack+%22revGLX2+code%22+to+the+cOrigCode+of+me%0D%0A++++++++++++++++++++--+set+the+vscroll+of+fld+%22code+storage%22+of+stack+%22revGLX2+code%22+to+the+cOrigVScroll+of+me%0D%0A++++++++++++++++++++--+set+the+hscroll+of+fld+%22code+storage%22+of+stack+%22revGLX2+code%22+to+the+cOrigHScroll+of+me%0D%0A++++++++++++++++++++--+do+%22select%22+%26%26+the+cOrigSelectedChunk+of+me%0D%0A++++++++++++++++++++--+--+NOW+RESET+UNDO+QUEUE+DATA%3A%0D%0A++++++++++++++++++++--+set+the+cUndoCode+of+btn+%22Edit%22+of+grp+%22GLX2+Menubar%22+of+stack+%22revGLX2+code%22+to+true%0D%0A++++++++++++++++++++--+set+the+cUndoTarget+of+btn+%22Edit%22+of+grp+%22GLX2+Menubar%22+of+stack+%22revGLX2+code%22+to+the+cUndoTarget+of+me%0D%0A++++++++++++++++++++--+set+the+cOrigCode+of+btn+%22Edit%22+of+grp+%22GLX2+Menubar%22+of+stack+%22revGLX2+code%22+to+theOrigCode%0D%0A++++++++++++++++++++--+set+the+cOrigVScroll+of+btn+%22Edit%22+of+grp+%22GLX2+Menubar%22+of+stack+%22revGLX2+code%22+to+theOrigVScroll%0D%0A++++++++++++++++++++--+set+the+cOrigHScroll+of+btn+%22Edit%22+of+grp+%22GLX2+Menubar%22+of+stack+%22revGLX2+code%22+to+theOrigHScroll%0D%0A++++++++++++++++++++--+set+the+cOrigSelectedChunk+of+btn+%22Edit%22+of+grp+%22GLX2+Menubar%22+of+stack+%22revGLX2+code%22+to+theOrigSelectedChunk%0D%0A++++++++++++++++++++--+set+the+cUndoCode+of+btn+%22Edit%22+of+grp+%22GLX2+Menubar%22+of+stack+%22revGLX2+code%22+to+true%0D%0A++++++++++++++++++++--+unlock+screen%0D%0A++++++++++++++++++++--+unlock+cursor%0D%0A++++++++++++++++else%0D%0A++++++++++++++++++++undo%0D%0A++++++++++++++++end+if%0D%0A++++++++++++else%0D%0A++++++++++++++++undo%0D%0A++++++++++++end+if%0D%0A++++++++++++break%0D%0A++++++++case+%22Cut%22%0D%0A++++++++++++cut%0D%0A++++++++++++put+the+short+name+of+selectedfield+into+theFld%0D%0A++++++++++++if+theFld+is+%22code+storage%22+and+the+selectedchunk+is+not+empty+then%0D%0A++++++++++++++++glx2RecordSelectedChunk%0D%0A++++++++++++++++glx2SetDirtyFlag%0D%0A++++++++++++end+if%0D%0A++++++++++++break%0D%0A++++++++case+%22Copy%22+%0D%0A++++++++++++copy%0D%0A++++++++++++break%0D%0A++++++++case+%22Paste%22%0D%0A++++++++++++--write+%22btn+edit%27s+menupick%22+%26%26+the+name+of+the+selectedfield+%26+cr+to+stdout%0D%0A++++++++++++paste%0D%0A++++++++++++put+the+short+name+of+selectedfield+into+theFld%0D%0A++++++++++++if+theFld+is+%22code+storage%22+and+the+selectedchunk+is+not+empty+then%0D%0A++++++++++++++++glx2RecordSelectedChunk%0D%0A++++++++++++++++glx2SetDirtyFlag%0D%0A++++++++++++end+if%0D%0A++++++++++++break%0D%0A++++++++case+%22Paste+as+Formatted+String%22%0D%0A++++++++++++if+the+clipboard+is+text+then%0D%0A++++++++++++++++put+the+clipboarddata+into+theClipboardData%0D%0A++++++++++++++++replace+quote+with+%22+%26+quote+%26+%22+in+theClipboardData%0D%0A++++++++++++++++if+the+last+char+of+theClipboardData+is+%22%26%22+then%0D%0A++++++++++++++++++++delete+the+last+char+of+theClipboardData%0D%0A++++++++++++++++end+if%0D%0A++++++++++++++++if+the+first+char+of+theClipboardData+is+%22%26%22+then%0D%0A++++++++++++++++++++delete+the+first+char+of+theClipboardData%0D%0A++++++++++++++++end+if%0D%0A++++++++++++++++set+the+clipboarddata+to+theClipboardData%0D%0A++++++++++++++++paste%0D%0A++++++++++++++++put+the+short+name+of+selectedfield+into+theFld%0D%0A++++++++++++++++if+theFld+is+%22code+storage%22+and+the+selectedchunk+is+not+empty+then%0D%0A++++++++++++++++++++glx2RecordSelectedChunk%0D%0A++++++++++++++++++++glx2SetDirtyFlag%0D%0A++++++++++++++++end+if%0D%0A++++++++++++end+if%0D%0A++++++++++++break%0D%0A++++++++case+%22Paste+as+Comment%22%0D%0A++++++++++++if+the+clipboard+is+text+then%0D%0A++++++++++++++++put+the+clipboarddata+into+theClipboardData%0D%0A++++++++++++++++put+%22%23+%22+before+word+1+of+theClipboardData%0D%0A++++++++++++++++set+the+clipboarddata+to+theClipboardData%0D%0A++++++++++++++++paste+%0D%0A++++++++++++++++put+the+short+name+of+selectedfield+into+theFld%0D%0A++++++++++++++++if+theFld+is+%22code+storage%22+and+the+selectedchunk+is+not+empty+then%0D%0A++++++++++++++++++++glx2RecordSelectedChunk%0D%0A++++++++++++++++++++glx2SetDirtyFlag%0D%0A++++++++++++++++end+if%0D%0A++++++++++++end+if%0D%0A++++++++++++break%0D%0A++++++++case+%22Clear%22%0D%0A++++++++++++if+the+selectedchunk+is+not+empty+then%0D%0A++++++++++++++++put+empty+into+the+selectedchunk%0D%0A++++++++++++end+if%0D%0A++++++++++++put+the+short+name+of+selectedfield+into+theFld%0D%0A++++++++++++if+theFld+is+%22code+storage%22+and+the+selectedchunk+is+not+empty+then%0D%0A++++++++++++++++glx2RecordSelectedChunk%0D%0A++++++++++++++++glx2SetDirtyFlag%0D%0A++++++++++++end+if%0D%0A++++++++++++break%0D%0A++++++++case+%22Select+All%22%0D%0A++++++++++++if+the+selectedfield+is+not+empty+then%0D%0A++++++++++++++++lock+screen++%0D%0A++++++++++++++++put+the+scroll+of+the+selectedfield+into+theScroll%0D%0A++++++++++++++++put+the+hscroll+of+the+selectedfield+into+theHScroll%0D%0A++++++++++++++++select+char+1+to+-1+of+the+selectedfield%0D%0A++++++++++++++++set+the+scroll+of+the+selectedfield+to+theScroll%0D%0A++++++++++++++++set+the+hscroll+of+the+selectedfield+to+theHScroll%0D%0A++++++++++++++++unlock+screen%0D%0A++++++++++++end+if%0D%0A++++++++++++break%0D%0A++++++++case+%22Preferences%22%0D%0A++++++++case+%22Preferences...%22%0D%0A++++++++++++if+the+shiftkey+is+down+then%0D%0A++++++++++++++++send+%22menupick+go+back%22+to+btn+%22go%22%0D%0A++++++++++++else%0D%0A++++++++++++++++put+the+screenloc+into+theLoc%0D%0A++++++++++++++++set+the+loc+of+stack+%22revGLX2+Code+Docs%22+to+theLoc%0D%0A++++++++++++++++set+the+bottom+of+stack+%22revGLX2+Code+Docs%22+to+%28item+4+of+the+screenrect+-+45%29%09%23+btm+center%0D%0A++++++++++++++++if+the+style+of+stack+%22revGLX2+Code+Docs%22+is+not+%22palette%22+then%0D%0A++++++++++++++++++++set+the+style+of+stack+%22revGLX2+Code+Docs%22+to+%22palette%22%0D%0A++++++++++++++++end+if%0D%0A++++++++++++++++if+%22revGLX2+Code+Docs%22+is+not+among+the+lines+of+the+openstacks+then%0D%0A++++++++++++++++++++palette+stack+%22revGLX2+Code+Docs%22%0D%0A++++++++++++++++else%0D%0A++++++++++++++++++++close+stack+%22revGLX2+Code+Docs%22%09%23+toggle%0D%0A++++++++++++++++end+if%0D%0A++++++++++++end+if%0D%0A++++++++++++break%0D%0A++++end+SWITCH%0D%0A++++--pass+menuPick%0D%0Aend+menuPick%0D%0A" )</script>
</button>
