<button name="Use Alignment Guides" id="1024">
<traversalOn>true</traversalOn>
<ink>srcCopy</ink>
<threeD>true</threeD>
<hiliteBorder>false</hiliteBorder>
<blendLevel>0</blendLevel>
<rect>19,115,149,138</rect>
<mnemonic>0</mnemonic>
<armFill>false</armFill>
<visitedIcon>0</visitedIcon>
<showName>true</showName>
<showIcon>false</showIcon>
<hilited>true</hilited>
<sharedHilite>true</sharedHilite>
<shadow>false</shadow>
<textAlign>left</textAlign>
<armed>false</armed>
<menuMouseButton>1</menuMouseButton>
<id>1024</id>
<altId>0</altId>
<labelWidth>0</labelWidth>
<armedIcon>0</armedIcon>
<lockLoc>false</lockLoc>
<visited>false</visited>
<showHilite>false</showHilite>
<autoHilite>true</autoHilite>
<style>checkbox</style>
<disabledIcon>0</disabledIcon>
<armBorder>true</armBorder>
<name>button "Use Alignment Guides"</name>
<icon>0</icon>
<toolTip>urldecode( "If+there+are+hundreds+of+controls+visible+on+a+card%2C%0D%0Ayou+may+wish+to+turn+this+preference+off%21" )</toolTip>
<layer>11</layer>
<visible>true</visible>
<cantSelect>false</cantSelect>
<borderWidth>2</borderWidth>
<menuLines>5</menuLines>
<margins>3,5,4,4</margins>
<opaque>false</opaque>
<shadowOffset>4</shadowOffset>
<default>false</default>
<hiliteFill>true</hiliteFill>
<showBorder>false</showBorder>
<hiliteIcon>0</hiliteIcon>
<disabled>false</disabled>
<autoArm>false</autoArm>
<family>0</family>
<hoverIcon>0</hoverIcon>
<showFocusBorder>true</showFocusBorder>
<menuHistory>1</menuHistory>
<custompropertyset name= "cGlx2TimeStamp">
<checksum>urldecode( "%E4%DA%1C%0B%89%1A%00%B6%F0%7F%0C%0D%0A%02u%89%23" )</checksum>
</custompropertyset>
<script>urldecode( "--%3E+all+handlers%0D%0A%0D%0Aon+mouseUp+pMouseBtnNo%0D%0A++++put+the+mainstack+of+this+stack+into+theParentStack%0D%0A++++set+the+cVabUseGuides+of+stack+theParentStack+to+the+hilited+of+me%0D%0A++++lock+screen%0D%0A++++if+the+hilited+of+me+is+not+true+then%0D%0A++++++++send+%22hideGuides%22+to+grp+%22object+tree%22+of+stack+%22revGLX2+vab%22%0D%0A++++end+if%0D%0A++++send+%22glx2SavePrefs%22+to+stack+theParentStack%0D%0A++++unlock+screen%0D%0Aend+mouseUp%0D%0A" )</script>
</button>
