<button name="Crumbs" id="1032">
<traversalOn>false</traversalOn>
<ink>srcCopy</ink>
<threeD>true</threeD>
<hiliteBorder>false</hiliteBorder>
<blendLevel>0</blendLevel>
<rect>20,402,118,423</rect>
<mnemonic>0</mnemonic>
<armFill>false</armFill>
<visitedIcon>0</visitedIcon>
<showName>true</showName>
<showIcon>false</showIcon>
<hilited>true</hilited>
<sharedHilite>true</sharedHilite>
<shadow>false</shadow>
<textAlign>left</textAlign>
<armed>false</armed>
<menuMouseButton>1</menuMouseButton>
<id>1032</id>
<altId>0</altId>
<labelWidth>0</labelWidth>
<armedIcon>0</armedIcon>
<lockLoc>false</lockLoc>
<visited>false</visited>
<showHilite>false</showHilite>
<label>Bread Crumbs</label>
<autoHilite>true</autoHilite>
<style>checkbox</style>
<disabledIcon>0</disabledIcon>
<armBorder>true</armBorder>
<name>button "Crumbs"</name>
<icon>0</icon>
<toolTip>urldecode( "Create+Bread+Crumbs+out+of+any+handler+within+which%3A%0D%0Ayou+click+a+link+or+option%2Falt-click" )</toolTip>
<layer>49</layer>
<visible>true</visible>
<cantSelect>false</cantSelect>
<borderWidth>2</borderWidth>
<menuLines>5</menuLines>
<margins>3,4,4,4</margins>
<opaque>false</opaque>
<shadowOffset>4</shadowOffset>
<default>false</default>
<hiliteFill>true</hiliteFill>
<showBorder>false</showBorder>
<hiliteIcon>0</hiliteIcon>
<disabled>false</disabled>
<autoArm>false</autoArm>
<family>0</family>
<hoverIcon>0</hoverIcon>
<showFocusBorder>true</showFocusBorder>
<menuHistory>1</menuHistory>
<custompropertyset name= "cGlx2TimeStamp">
<checksum>urldecode( "%1B%A1A%2B%80%26%1Dy%84%D8%13%B7sA%A8%F3" )</checksum>
</custompropertyset>
<script>urldecode( "--%3E+all+handlers%0D%0A%0D%0Aon+mouseUp%0D%0A++++lock+screen%0D%0A++++put+the+short+name+of+this+stack+into+theDefStack++++++++%0D%0A++++set+the+defaultstack+to+%22revGLX2+code%22%0D%0A++++if+the+hilited+of+me+is+true+then%0D%0A++++++++enable+btn+%22more+crumbs%22+of+stack+theDefStack%0D%0A++++++++showCrumbs%0D%0A++++else%0D%0A++++++++hideCrumbs%0D%0A++++++++disable+btn+%22more+crumbs%22+of+stack+theDefStack%0D%0A++++end+if%0D%0A++++glx2SavePrefs%0D%0A++++set+the+defaultstack+to+theDefStack%0D%0A++++unlock+screen%0D%0Aend+mouseUp%0D%0A" )</script>
</button>
