<button name="contextual folder menu" id="1144600">
<traversalOn>true</traversalOn>
<ink>srcCopy</ink>
<threeD>true</threeD>
<hiliteBorder>true</hiliteBorder>
<blendLevel>0</blendLevel>
<rect>388,183,490,205</rect>
<mnemonic>0</mnemonic>
<armFill>false</armFill>
<visitedIcon>0</visitedIcon>
<showName>true</showName>
<showIcon>false</showIcon>
<colors>urldecode( "0%2C0%2C0%0D%0A250%2C250%2C250%0D%0A%0D%0A%0D%0A%0D%0A%0D%0A%0D%0A" )</colors>
<hilited>false</hilited>
<sharedHilite>true</sharedHilite>
<shadow>false</shadow>
<textAlign>center</textAlign>
<armed>false</armed>
<menuMouseButton>1</menuMouseButton>
<id>1144600</id>
<altId>0</altId>
<labelWidth>0</labelWidth>
<armedIcon>0</armedIcon>
<textStyle>plain</textStyle>
<lockLoc>false</lockLoc>
<visited>false</visited>
<showHilite>false</showHilite>
<autoHilite>true</autoHilite>
<style>menu</style>
<disabledIcon>0</disabledIcon>
<armBorder>true</armBorder>
<name>button "contextual folder menu"</name>
<icon>0</icon>
<layer>111</layer>
<visible>false</visible>
<cantSelect>false</cantSelect>
<borderWidth>2</borderWidth>
<menuLines>24</menuLines>
<margins>4</margins>
<opaque>true</opaque>
<text>urldecode( "Copy+Folder%0D%0ACut+Folder%0D%0A-%0D%0ADelete+Folder...%0D%0A-%0D%0AExport+Folder...%0D%0AImport+Folder...%0D%0A-%0D%0AEmail+Folder..." )</text>
<shadowOffset>4</shadowOffset>
<default>false</default>
<hiliteFill>true</hiliteFill>
<showBorder>true</showBorder>
<textSize>11</textSize>
<hiliteIcon>0</hiliteIcon>
<disabled>false</disabled>
<autoArm>false</autoArm>
<menuMode>popup</menuMode>
<family>0</family>
<textFont>Arial</textFont>
<hoverIcon>0</hoverIcon>
<showFocusBorder>true</showFocusBorder>
<menuHistory>1</menuHistory>
<custompropertyset name= "cGlx2TimeStamp">
<xml_num_1284283715>start</xml_num_1284283715>
<xml_num_1284283751>working</xml_num_1284283751>
<checksum>urldecode( "e%7CO7.4%C4s%03%E3%FE%E2%7Cy%B5%A1" )</checksum>
<xml_num_1284283690>start</xml_num_1284283690>
<xml_num_1284283708>start</xml_num_1284283708>
<xml_num_1284283744>working</xml_num_1284283744>
</custompropertyset>
<custompropertyset name= "cGlx2General">
<cHscrollScript>0</cHscrollScript>
<cHscrollHandlers>0</cHscrollHandlers>
<cSelectedChunk>char 283 to 282</cSelectedChunk>
<cHtmlScript>urldecode( "%1F%8B%08%00%00%00%00%00%00%03%E5XKo%E36%10%3E%D7%BFb%A0%02ARX.6%C7%1E%BA%D8z%9D%B6%40%BA%08%12%B7%D8%C3%5Ehid%B1%A6H%95%A4%9A%B8%BF%BE%7C%88%B2%DEv%9B%F4T%1E%02k83%1C%0E%BF%F98L%1C%7F%0F%95%A6L-%16Y%C5%13M%05%87%3D%EA%3B%C1R%94%9FH%81%0B0%83%89%840%98%90%DES%8E%9F%AA%C2%89%DC%9F%B2%D2%A0s%84%9C2%AA1ef%1ED%06%19K%21%CA%09O%19J%15%01%E5Zt%8D%AD%DD%B3%90%29%BC%033%15%BF%B3F%CE8h5%5E%7E%EAy%E9%05%26QW%92w%C4%C8%D3%DE%BE%16%B1%D9z%81%BCZ%2C%CC%9E%ED%8F%07%9A%1C%A0%5C%E7B%21_B%F9+%F1O%FF%E1%9C%C6v%B4%F7%FD%83H%8F%ED%EF%F5z%A9%B7%A2%23%C9%89%7C%10%AA%2B%AA%F8%A1%23%A8%A4D%EEw%D81%DE%F0t%28%BC%A3%0C%1F%88%CE%97%FE%E7%F6X%8E%1C%D0r%EA%A4%BC%D4%7B%EDD%F5%94HZ%EA%9ED0%D6%91h%22G%C2%7C%AAv%BFc%A2%87%29%3A%80J%24%D6%C9%0B%90H%9E%90%19mL%13%9B%87%E6%3C%13%91%22%28-%24%D9c8%D3S%A6%1A%5C%DCZ%03%3F%D1%28%9D2%1C%D6%E0U%B1C%19%C0%A3%8C%26%24F%CD%A3*X%CC%2F%3D8%13%EB%BB%81O%9D%C0%EB%AE%DEM%07%8B%ED%24%5BcS%08%058Dw%15j%A3%7Er%1B%93%DBI%93.%3E%3A%01%5E%B7%FD-O%9A%DD%10%7BG%A6%9E%A9N%F2%80%7F%27%B2%23%21%0D%0A%21%FAh%8EM%23x%C3%D5j%155%F3%83%C5-%E8%AEo%C6%0B3%0C%9A%B9%93%12%A5%E5%9B%03%1E%81*%A8J%2B%E3%1D%3D%17%17%EA%1F%EF%3F%DF%7E%28%CB%9F%13%C1%D5%60%9Ep%F5l%8E%FB%99HN%F9%1E%A2G%24%8C%1D%21%F5%11g.%80%08%AE%AE%E0%8FJ%18%C1U%3B%288I%A3%F7%11%7C%198%0F%C3%E4%26%87hMx%82%2C%02%21CF%22+%0D%0AT%8E%A8%C7%E2%7E%DC%FC6%19%B6%3F%E1%3AM9%7Ep%BB%E8h%21S8j%16%A5%F5%DAs%C6%86%EFh6%92t%AFk%13%DE%B8%19M%7B%A8%26%E5%88%60%B6%5CZ%5C%D1%1E%F5%09x%06o%01%12%3A%E8%1D%F7%3CpV%95%29%D1X%F3%FE%3DU%A3%F9%3E%1F%F0L%B8%CA1%D3H%B8%97%05%98%0D%0AOmu%88%03%C8%DB%B1g%2F%B7O%A8%3FR%A9%8Fw%8C%EC%CF%9D%D8N%229%F4*q-%CAc%5D%87%DD+%C2%FE%13F%CB%9D+25%09%23%D0%2B%F7Y%CF%E6%C4%C7%1C%BF%0E%09%FF%28%AC7%83%CC%3C%5C%5E%03%95W%C0%E4%1CDf%E11vb%9B%97RH%FDf%AC%EC%B8e%A5_%B4a%B5L%1B%92%98R%24%EA%00%99i%3F+%B2%0D%08%10%E0%96K3C%8B6%ABn%C6%26%C0%D2%B1%CE%0D%D3x7%DFE%9EF%E7%96o%1814%3A%03%06%0B%13%96%C1%B8%D0%80E%A9%8F%F3%14f%03%D26%D0%93%EB%A6q%1A%83E%A3o%B4%23m%F2%B1%DD%7C%DE%0E%2B%DE%B9%F7%7B%F1%9E%7F%7D%BC%87%EB%C8Z%9B%AD%5E%9DB%BD%B9h%25%A7%AE%FBq%5D%C8%0D%0A%9B%82P%F6%A6%40%F0y%F5juW%3B5%BD%5E%0Fa%B4%B6U%60%10q%FE%E65Wo%CD%3A%81DZ%1D%E5d%AEO%DDw%18%A6%5B%FF%C5%26%C1D%BBt%BDx%EDg9T%1D%CB+-%E6j%A9nXJF%B4%D9T%E1%AE%CF%82%24BM%DC%9EuS%E2%8B%C4tT%A6%A52e%A2%F1E%7B%99%2B%04Rw%27%96%3A%C2%BB%C8v%ABT%1B%FC%D8%B6%CF%22%23%1A%82o%B41x%FD%8AN%C3%E8%DA%CA%8F%B6%C6p%F9%8D%23%83sx%7C%F3%BA%8D%E3%A6%40l%0Fl.%05W%89%DFF_%7D%EDL9b%8A%E9%98Y%D36%C7u%AB%DD%2C%3A%07%F7%995W%C3%B2o%2F%E3%1F%AA%ED%1E%DDa%FB_%AE%96%88%A2+%A343%C9%2C%C3%86%BE%3D2%91T%E6%A5%C3%2F%E9_%E2%D8.T%BF%9C%AF%C2%8F%CE%3D%F0%1F%F4%88%ED%BA%DE%A1%29%AD%B1%CB%FF%B2%06%CC%BA%9A%5B%3E%3Cp%DB%23%15k%C1%CCE%F5%17z%85I%C5%FFy%FBi%27%FD%FB%D0%7DV%BC%FF%BE%3F%3D%23K%A2T%F3%DF%94%D6%9Cu%11%C4%7F%03%B1%FC%A9Ju%12%00%00" )</cHtmlScript>
<cHandlersListWidth>166</cHandlersListWidth>
<cHtmlHandlers>urldecode( "%1F%8B%08%00%00%00%00%00%00%03%B3%29%B0%B3I%B2%B3%29.%05%12%99%B9%E9%0D%0A%C5E%C9%B6J%C6%C6%C6%86%C6%E6Jv6%FA+q%85%DC%D4%BCR%1B%7D%A0%02%FD%02%3B.%1B%9C%1A%2C%E1%1AJK2s%8A%91u%A8%29%5BZ%A3i154%B341%86kIO-q%CB%CFII-%F2K%CCM%D5%D0%04i%04%00%C1%98+%C4%9B%00%00%00" )</cHtmlHandlers>
<cDirtyFlag>false</cDirtyFlag>
<cFolders>urldecode( "menu%0D%0Autils" )</cFolders>
<cHandlers>urldecode( "getFolderName%28%29%0D%0AmenuPick" )</cHandlers>
<cVscrollScript>0</cVscrollScript>
<cVscrollHandlers>0</cVscrollHandlers>
<cHilitedLine>3</cHilitedLine>
</custompropertyset>
<script>urldecode( "--%3E+utils%0D%0A%0D%0Afunction+getFolderName%0D%0A++++local+tFolderName%0D%0A++++local+tLineNum%0D%0A++++%0D%0A++++put+the+hilitedline+of+fld+%22handlers%22+into+tLineNum%0D%0A++++put+word+1+to+-1+of+line+tLineNum+of+fld+%22Handlers%22+into+tFolderName%0D%0A++++return+tFolderName%0D%0Aend+getFolderName%0D%0A%0D%0A--%3E+menu%0D%0A%0D%0Aon+menuPick+pChosen%2C+pPrevChosen%0D%0A++++-----%0D%0A++++local+tBody%0D%0A++++local+tCC%2CtTo%0D%0A++++local+tCharPos%0D%0A++++local+tChunk%0D%0A++++local+tCurrentLineNo%0D%0A++++local+tEndLineNo%0D%0A++++local+tFilePath%2C+tFileType%0D%0A++++local+tFolder%2C+tFolderName%0D%0A++++local+tFolderLineNos%0D%0A++++local+tScript%0D%0A++++local+tScroll%0D%0A++++local+tStartLineNo%0D%0A++++local+tSubject%0D%0A++++-----%0D%0A++++lock+screen%0D%0A++++put+the+cSelectedchunk+of+fld+%22code+storage%22+into+tChunk%0D%0A++++put+word+2+of+tChunk+into+tCharPos%0D%0A++++put+the+number+of+lines+in+char+1+to+tCharPos+of+fld+%22code+storage%22+into+tCurrentLineNo%0D%0A++++put+getFolderLineNos%28tCurrentLineNo%29+into+tFolderLineNos%0D%0A++++put+item+1+of+tFolderLineNos+into+tStartLineNo%0D%0A++++put+item+2+of+tFolderLineNos+into+tEndLineNo%0D%0A++++put+getFolder%28tStartLineNo%2CtEndLineNo%29+into+tFolder%0D%0A++++-----%0D%0A++++switch+pChosen%0D%0A++++++++case+%22Delete+Folder...%22%0D%0A++++++++++++put+getFolderName%28%29+into+tFolderName%0D%0A++++++++++++if+the+optionkey+is+up+then%0D%0A++++++++++++++++setGLX2AppIcons%0D%0A++++++++++++++++answer+warning+%22Really+delete+folder%22+%26%26+quote+%26+tFolderName+%26+quote+%26+%22%3F%22+%5C%0D%0A++++++++++++++++++++++++with+%22Cancel%22+or+%22Delete%22+as+sheet%0D%0A++++++++++++++++setREVAppIcons%0D%0A++++++++++++++++put+it+into+theAnswer%0D%0A++++++++++++else%0D%0A++++++++++++++++put+%22delete%22+into+theAnswer%0D%0A++++++++++++end+if%0D%0A++++++++++++if+theAnswer+is+%22delete%22+then%0D%0A++++++++++++++++put+the+scroll+of+fld+%22code+storage%22+into+tScroll%0D%0A++++++++++++++++delete+line+tStartLineNo+to+tEndLineNo+of+fld+%22code+storage%22%0D%0A++++++++++++++++updateHandlerList%0D%0A++++++++++++++++set+the+scroll+of+fld+%22code+storage%22+to+tScroll%0D%0A++++++++++++++++select+line+tStartLineNo+of+fld+%22code+storage%22%0D%0A++++++++++++++++doSelectHandlerName%0D%0A++++++++++++++++glx2SetDirtyFlag%0D%0A++++++++++++end+if%0D%0A++++++++++++break%0D%0A++++++++case+%22Copy+Folder%22%0D%0A++++++++++++set+the+clipboarddata+to+tFolder%0D%0A++++++++++++break%0D%0A++++++++case+%22Cut+Folder%22%0D%0A++++++++++++put+the+scroll+of+fld+%22code+storage%22+into+tScroll%0D%0A++++++++++++set+the+clipboarddata+to+tFolder%0D%0A++++++++++++delete+line+tStartLineNo+to+tEndLineNo+of+fld+%22code+storage%22%0D%0A++++++++++++updateHandlerList%0D%0A++++++++++++set+the+scroll+of+fld+%22code+storage%22+to+tScroll%0D%0A++++++++++++select+line+tStartLineNo+of+fld+%22code+storage%22%0D%0A++++++++++++doSelectHandlerName%0D%0A++++++++++++glx2SetDirtyFlag%0D%0A++++++++++++break%0D%0A++++++++case+%22Export+Folder...%22%0D%0A++++++++++++put+getFolderName%28%29+into+tFolderName%0D%0A++++++++++++put+%22.txt%22+after+tFolderName%0D%0A++++++++++++ask+file+%22Type+a+name+for+the+file+storing+this+Folder%3A%22+with+tFolderName%0D%0A++++++++++++put+it+into+tFilePath%0D%0A++++++++++++if+tFilePath+is+not+empty+then%0D%0A++++++++++++++++put+the+filetype+into+tFileType%0D%0A++++++++++++++++set+the+filetype+to+%22ttxtTEXT%22%0D%0A++++++++++++++++put+tFolder+into+URL+%28%22file%3A%22+%26+tFilePath%29%0D%0A++++++++++++++++set+the+filetype+to+tFiletype%0D%0A++++++++++++end+if%0D%0A++++++++++++break%0D%0A++++++++case+%22Email+Folder...%22%0D%0A++++++++++++put+getFolderName%28%29+into+tFolderName%0D%0A++++++++++++put+empty+into+tTo%0D%0A++++++++++++put+empty+into+tCC%0D%0A++++++++++++put+%22Code+for%22+%26%26+quote+%26+tFolderName+%26+quote+%26%26+%22Folder%22+into+tSubject%0D%0A++++++++++++put+tFolder+into+tBody%0D%0A++++++++++++revMail+tTo%2CtCC%2CtSubject%2CtBody%0D%0A++++++++++++break%0D%0A++++++++case+%22import+Folder...%22%0D%0A++++++++++++if+the+platform+is+%22macos%22+then%0D%0A++++++++++++++++answer+file+%22Choose+a+text+file+with+a+folder+of+handlers+in+it%3A%22+of+type+%22TEXT%22%0D%0A++++++++++++else%0D%0A++++++++++++++++answer+file+%22Choose+a+text+file+with+a+folder+of+handlers+in+it%3A%22+with+filter+%22Text%2C*.txt%22%0D%0A++++++++++++end+if%0D%0A++++++++++++put+it+into+tFilePath%0D%0A++++++++++++if+tFilePath+is+not+empty+then%0D%0A++++++++++++++++--+set+the+itemdel+to+%22%2F%22%09%23+not+needed%0D%0A++++++++++++++++--+put+item+-1+of+tFilePath+into+tFolderName%0D%0A++++++++++++++++--+set+the+itemdel+to+%22.%22%0D%0A++++++++++++++++--+put+item+1+to+-2+of+tFolderName+into+tFolderName%0D%0A++++++++++++++++--+set+the+itemdel+to+comma%0D%0A++++++++++++++++put+URL+%28%22file%3A%22+%26+tFilePath%29+into+tFolder%0D%0A++++++++++++++++focus+on+fld+%22code+storage%22%0D%0A++++++++++++++++--put+return+%26+return+after+tFolder%0D%0A++++++++++++++++put+the+scroll+of+fld+%22code+storage%22+into+tScroll%0D%0A++++++++++++++++put+tFolder+before+line+tStartLineNo+of+fld+%22code+storage%22%0D%0A++++++++++++++++put+fld+%22code+storage%22+into+tScript%0D%0A++++++++++++++++doColorizeScript+tScript%0D%0A++++++++++++++++updateHandlerList%0D%0A++++++++++++++++set+the+scroll+of+fld+%22code+storage%22+to+tScroll%0D%0A++++++++++++++++select+line+tStartLineNo+of+fld+%22code+storage%22%0D%0A++++++++++++++++doSelectHandlerName%0D%0A++++++++++++++++glx2SetDirtyFlag%0D%0A++++++++++++end+if%0D%0A++++++++++++break%0D%0A++++end+switch%0D%0A++++unlock+screen%0D%0A++++-----%0D%0A++++pass+menuPick%0D%0A++++-----%0D%0Aend+menuPick%0D%0A" )</script>
</button>
