<image name="tab-center" id="599795">
<traversalOn>false</traversalOn>
<palindromeFrames>false</palindromeFrames>
<ink>srcCopy</ink>
<threeD>true</threeD>
<blendLevel>0</blendLevel>
<rect>173,28,295,53</rect>
<angle>0</angle>
<yHot>1</yHot>
<id>599795</id>
<altId>0</altId>
<frameCount>0</frameCount>
<constantMask>false</constantMask>
<lockLoc>true</lockLoc>
<repeatCount>0</repeatCount>
<size>1288</size>
<name>image "tab-center"</name>
<hotSpot>1,1</hotSpot>
<alwaysBuffer>true</alwaysBuffer>
<layer>64</layer>
<dontDither>false</dontDither>
<visible>true</visible>
<cantSelect>false</cantSelect>
<borderWidth>2</borderWidth>
<opaque>false</opaque>
<currentFrame>1</currentFrame>
<showBorder>false</showBorder>
<disabled>false</disabled>
<xHot>1</xHot>
<showFocusBorder>true</showFocusBorder>
<custompropertyset name= "cGlx2TimeStamp">
</custompropertyset>
<imagedata>urldecode( "%00%A6%A6%A6%00%A6%A6%A6%00%A6%A6%A6%00%A6%A6%A6%00%A6%A6%A6%00%A6%A6%A6%00%A6%A6%A6%00%A6%A6%A6%00%A6%A6%A6%00%A6%A6%A6%00%A6%A6%A6%00%A6%A6%A6%00%A6%A6%A6%00%A6%A6%A6%00%A6%A6%A6%00%A6%A6%A6%00%A6%A6%A6%00%A6%A6%A6%00%A6%A6%A6%00%A6%A6%A6%00%A6%A6%A6%00%A6%A6%A6%00%A6%A6%A6%00%A6%A6%A6%00%A6%A6%A6%00%A6%A6%A6%00%A6%A6%A6%00%A6%A6%A6%00%A6%A6%A6%00%A6%A6%A6%00%A6%A6%A6%00%A6%A6%A6%00%A6%A6%A6%00%A6%A6%A6%00%A6%A6%A6%00%A6%A6%A6%00%A6%A6%A6%00%A6%A6%A6%00%A6%A6%A6%00%A6%A6%A6%00%A6%A6%A6%00%A6%A6%A6%00%A6%A6%A6%00%A6%A6%A6%00%A6%A6%A6%00%A6%A6%A6%00%A6%A6%A6%00%A6%A6%A6%00%A6%A6%A6%00%A6%A6%A6%00%A6%A6%A6%00%A6%A6%A6%00%A6%A6%A6%00%A6%A6%A6%00%A6%A6%A6%00%A6%A6%A6%00%A6%A6%A6%00%A6%A6%A6%00%A6%A6%A6%00%A6%A6%A6%00%A6%A6%A6%00%A6%A6%A6%00%A6%A6%A6%00%A6%A6%A6%00%A6%A6%A6%00%A6%A6%A6%00%A6%A6%A6%00%A6%A6%A6%00%A6%A6%A6%00%A6%A6%A6%00%A6%A6%A6%00%A6%A6%A6%00%A6%A6%A6%00%A6%A6%A6%00%A6%A6%A6%00%A6%A6%A6%00%A6%A6%A6%00%A6%A6%A6%00%A6%A6%A6%00%A6%A6%A6%00%A6%A6%A6%00%A6%A6%A6%00%A6%A6%A6%00%A6%A6%A6%00%A6%A6%A6%00%A6%A6%A6%00%A6%A6%A6%00%A6%A6%A6%00%A6%A6%A6%00%A6%A6%A6%00%A6%A6%A6%00%A6%A6%A6%00%A6%A6%A6%00%A6%A6%A6%00%A6%A6%A6%00%A6%A6%A6%00%A6%A6%A6%00%A6%A6%A6%00%A6%A6%A6%00%A6%A6%A6%00%A6%A6%A6%00%A6%A6%A6%00%A6%A6%A6%00%A6%A6%A6%00%A6%A6%A6%00%A6%A6%A6%00%A6%A6%A6%00%A6%A6%A6%00%A6%A6%A6%00%A6%A6%A6%00%A6%A6%A6%00%A6%A6%A6%00%A6%A6%A6%00%A6%A6%A6%00%A6%A6%A6%00%A6%A6%A6%00%A6%A6%A6%00%A6%A6%A6%00%A6%A6%A6%00%A6%A6%A6%00%A6%A6%A6%00%A6%A6%A6%00%BB%BB%BB%00%BB%BB%BB%00%BB%BB%BB%00%BB%BB%BB%00%BB%BB%BB%00%BB%BB%BB%00%BB%BB%BB%00%BB%BB%BB%00%BB%BB%BB%00%BB%BB%BB%00%BB%BB%BB%00%BB%BB%BB%00%BB%BB%BB%00%BB%BB%BB%00%BB%BB%BB%00%BB%BB%BB%00%BB%BB%BB%00%BB%BB%BB%00%BB%BB%BB%00%BB%BB%BB%00%BB%BB%BB%00%BB%BB%BB%00%BB%BB%BB%00%BB%BB%BB%00%BB%BB%BB%00%BB%BB%BB%00%BB%BB%BB%00%BB%BB%BB%00%BB%BB%BB%00%BB%BB%BB%00%BB%BB%BB%00%BB%BB%BB%00%BB%BB%BB%00%BB%BB%BB%00%BB%BB%BB%00%BB%BB%BB%00%BB%BB%BB%00%BB%BB%BB%00%BB%BB%BB%00%BB%BB%BB%00%BB%BB%BB%00%BB%BB%BB%00%BB%BB%BB%00%BB%BB%BB%00%BB%BB%BB%00%BB%BB%BB%00%BB%BB%BB%00%BB%BB%BB%00%BB%BB%BB%00%BB%BB%BB%00%BB%BB%BB%00%BB%BB%BB%00%BB%BB%BB%00%BB%BB%BB%00%BB%BB%BB%00%BB%BB%BB%00%BB%BB%BB%00%BB%BB%BB%00%BB%BB%BB%00%BB%BB%BB%00%BB%BB%BB%00%BB%BB%BB%00%BB%BB%BB%00%BB%BB%BB%00%BB%BB%BB%00%BB%BB%BB%00%BB%BB%BB%00%BB%BB%BB%00%BB%BB%BB%00%BB%BB%BB%00%BB%BB%BB%00%BB%BB%BB%00%BB%BB%BB%00%BB%BB%BB%00%BB%BB%BB%00%BB%BB%BB%00%BB%BB%BB%00%BB%BB%BB%00%BB%BB%BB%00%BB%BB%BB%00%BB%BB%BB%00%BB%BB%BB%00%BB%BB%BB%00%BB%BB%BB%00%BB%BB%BB%00%BB%BB%BB%00%BB%BB%BB%00%BB%BB%BB%00%BB%BB%BB%00%BB%BB%BB%00%BB%BB%BB%00%BB%BB%BB%00%BB%BB%BB%00%BB%BB%BB%00%BB%BB%BB%00%BB%BB%BB%00%BB%BB%BB%00%BB%BB%BB%00%BB%BB%BB%00%BB%BB%BB%00%BB%BB%BB%00%BB%BB%BB%00%BB%BB%BB%00%BB%BB%BB%00%BB%BB%BB%00%BB%BB%BB%00%BB%BB%BB%00%BB%BB%BB%00%BB%BB%BB%00%BB%BB%BB%00%BB%BB%BB%00%BB%BB%BB%00%BB%BB%BB%00%BB%BB%BB%00%BB%BB%BB%00%BB%BB%BB%00%BB%BB%BB%00%BB%BB%BB%00%BB%BB%BB%00%BB%BB%BB%00%BB%BB%BB%00%BB%BB%BB%00%C2%C2%C2%00%C2%C2%C2%00%C2%C2%C2%00%C2%C2%C2%00%C2%C2%C2%00%C2%C2%C2%00%C2%C2%C2%00%C2%C2%C2%00%C2%C2%C2%00%C2%C2%C2%00%C2%C2%C2%00%C2%C2%C2%00%C2%C2%C2%00%C2%C2%C2%00%C2%C2%C2%00%C2%C2%C2%00%C2%C2%C2%00%C2%C2%C2%00%C2%C2%C2%00%C2%C2%C2%00%C2%C2%C2%00%C2%C2%C2%00%C2%C2%C2%00%C2%C2%C2%00%C2%C2%C2%00%C2%C2%C2%00%C2%C2%C2%00%C2%C2%C2%00%C2%C2%C2%00%C2%C2%C2%00%C2%C2%C2%00%C2%C2%C2%00%C2%C2%C2%00%C2%C2%C2%00%C2%C2%C2%00%C2%C2%C2%00%C2%C2%C2%00%C2%C2%C2%00%C2%C2%C2%00%C2%C2%C2%00%C2%C2%C2%00%C2%C2%C2%00%C2%C2%C2%00%C2%C2%C2%00%C2%C2%C2%00%C2%C2%C2%00%C2%C2%C2%00%C2%C2%C2%00%C2%C2%C2%00%C2%C2%C2%00%C2%C2%C2%00%C2%C2%C2%00%C2%C2%C2%00%C2%C2%C2%00%C2%C2%C2%00%C2%C2%C2%00%C2%C2%C2%00%C2%C2%C2%00%C2%C2%C2%00%C2%C2%C2%00%C2%C2%C2%00%C2%C2%C2%00%C2%C2%C2%00%C2%C2%C2%00%C2%C2%C2%00%C2%C2%C2%00%C2%C2%C2%00%C2%C2%C2%00%C2%C2%C2%00%C2%C2%C2%00%C2%C2%C2%00%C2%C2%C2%00%C2%C2%C2%00%C2%C2%C2%00%C2%C2%C2%00%C2%C2%C2%00%C2%C2%C2%00%C2%C2%C2%00%C2%C2%C2%00%C2%C2%C2%00%C2%C2%C2%00%C2%C2%C2%00%C2%C2%C2%00%C2%C2%C2%00%C2%C2%C2%00%C2%C2%C2%00%C2%C2%C2%00%C2%C2%C2%00%C2%C2%C2%00%C2%C2%C2%00%C2%C2%C2%00%C2%C2%C2%00%C2%C2%C2%00%C2%C2%C2%00%C2%C2%C2%00%C2%C2%C2%00%C2%C2%C2%00%C2%C2%C2%00%C2%C2%C2%00%C2%C2%C2%00%C2%C2%C2%00%C2%C2%C2%00%C2%C2%C2%00%C2%C2%C2%00%C2%C2%C2%00%C2%C2%C2%00%C2%C2%C2%00%C2%C2%C2%00%C2%C2%C2%00%C2%C2%C2%00%C2%C2%C2%00%C2%C2%C2%00%C2%C2%C2%00%C2%C2%C2%00%C2%C2%C2%00%C2%C2%C2%00%C2%C2%C2%00%C2%C2%C2%00%C2%C2%C2%00%C2%C2%C2%00%C2%C2%C2%00%C2%C2%C2%00%C8%C8%C8%00%C8%C8%C8%00%C8%C8%C8%00%C8%C8%C8%00%C8%C8%C8%00%C8%C8%C8%00%C8%C8%C8%00%C8%C8%C8%00%C8%C8%C8%00%C8%C8%C8%00%C8%C8%C8%00%C8%C8%C8%00%C8%C8%C8%00%C8%C8%C8%00%C8%C8%C8%00%C8%C8%C8%00%C8%C8%C8%00%C8%C8%C8%00%C8%C8%C8%00%C8%C8%C8%00%C8%C8%C8%00%C8%C8%C8%00%C8%C8%C8%00%C8%C8%C8%00%C8%C8%C8%00%C8%C8%C8%00%C8%C8%C8%00%C8%C8%C8%00%C8%C8%C8%00%C8%C8%C8%00%C8%C8%C8%00%C8%C8%C8%00%C8%C8%C8%00%C8%C8%C8%00%C8%C8%C8%00%C8%C8%C8%00%C8%C8%C8%00%C8%C8%C8%00%C8%C8%C8%00%C8%C8%C8%00%C8%C8%C8%00%C8%C8%C8%00%C8%C8%C8%00%C8%C8%C8%00%C8%C8%C8%00%C8%C8%C8%00%C8%C8%C8%00%C8%C8%C8%00%C8%C8%C8%00%C8%C8%C8%00%C8%C8%C8%00%C8%C8%C8%00%C8%C8%C8%00%C8%C8%C8%00%C8%C8%C8%00%C8%C8%C8%00%C8%C8%C8%00%C8%C8%C8%00%C8%C8%C8%00%C8%C8%C8%00%C8%C8%C8%00%C8%C8%C8%00%C8%C8%C8%00%C8%C8%C8%00%C8%C8%C8%00%C8%C8%C8%00%C8%C8%C8%00%C8%C8%C8%00%C8%C8%C8%00%C8%C8%C8%00%C8%C8%C8%00%C8%C8%C8%00%C8%C8%C8%00%C8%C8%C8%00%C8%C8%C8%00%C8%C8%C8%00%C8%C8%C8%00%C8%C8%C8%00%C8%C8%C8%00%C8%C8%C8%00%C8%C8%C8%00%C8%C8%C8%00%C8%C8%C8%00%C8%C8%C8%00%C8%C8%C8%00%C8%C8%C8%00%C8%C8%C8%00%C8%C8%C8%00%C8%C8%C8%00%C8%C8%C8%00%C8%C8%C8%00%C8%C8%C8%00%C8%C8%C8%00%C8%C8%C8%00%C8%C8%C8%00%C8%C8%C8%00%C8%C8%C8%00%C8%C8%C8%00%C8%C8%C8%00%C8%C8%C8%00%C8%C8%C8%00%C8%C8%C8%00%C8%C8%C8%00%C8%C8%C8%00%C8%C8%C8%00%C8%C8%C8%00%C8%C8%C8%00%C8%C8%C8%00%C8%C8%C8%00%C8%C8%C8%00%C8%C8%C8%00%C8%C8%C8%00%C8%C8%C8%00%C8%C8%C8%00%C8%C8%C8%00%C8%C8%C8%00%C8%C8%C8%00%C8%C8%C8%00%C8%C8%C8%00%C8%C8%C8%00%C8%C8%C8%00%C8%C8%C8%00%C4%C4%C4%00%C4%C4%C4%00%C4%C4%C4%00%C4%C4%C4%00%C4%C4%C4%00%C4%C4%C4%00%C4%C4%C4%00%C4%C4%C4%00%C4%C4%C4%00%C4%C4%C4%00%C4%C4%C4%00%C4%C4%C4%00%C4%C4%C4%00%C4%C4%C4%00%C4%C4%C4%00%C4%C4%C4%00%C4%C4%C4%00%C4%C4%C4%00%C4%C4%C4%00%C4%C4%C4%00%C4%C4%C4%00%C4%C4%C4%00%C4%C4%C4%00%C4%C4%C4%00%C4%C4%C4%00%C4%C4%C4%00%C4%C4%C4%00%C4%C4%C4%00%C4%C4%C4%00%C4%C4%C4%00%C4%C4%C4%00%C4%C4%C4%00%C4%C4%C4%00%C4%C4%C4%00%C4%C4%C4%00%C4%C4%C4%00%C4%C4%C4%00%C4%C4%C4%00%C4%C4%C4%00%C4%C4%C4%00%C4%C4%C4%00%C4%C4%C4%00%C4%C4%C4%00%C4%C4%C4%00%C4%C4%C4%00%C4%C4%C4%00%C4%C4%C4%00%C4%C4%C4%00%C4%C4%C4%00%C4%C4%C4%00%C4%C4%C4%00%C4%C4%C4%00%C4%C4%C4%00%C4%C4%C4%00%C4%C4%C4%00%C4%C4%C4%00%C4%C4%C4%00%C4%C4%C4%00%C4%C4%C4%00%C4%C4%C4%00%C4%C4%C4%00%C4%C4%C4%00%C4%C4%C4%00%C4%C4%C4%00%C4%C4%C4%00%C4%C4%C4%00%C4%C4%C4%00%C4%C4%C4%00%C4%C4%C4%00%C4%C4%C4%00%C4%C4%C4%00%C4%C4%C4%00%C4%C4%C4%00%C4%C4%C4%00%C4%C4%C4%00%C4%C4%C4%00%C4%C4%C4%00%C4%C4%C4%00%C4%C4%C4%00%C4%C4%C4%00%C4%C4%C4%00%C4%C4%C4%00%C4%C4%C4%00%C4%C4%C4%00%C4%C4%C4%00%C4%C4%C4%00%C4%C4%C4%00%C4%C4%C4%00%C4%C4%C4%00%C4%C4%C4%00%C4%C4%C4%00%C4%C4%C4%00%C4%C4%C4%00%C4%C4%C4%00%C4%C4%C4%00%C4%C4%C4%00%C4%C4%C4%00%C4%C4%C4%00%C4%C4%C4%00%C4%C4%C4%00%C4%C4%C4%00%C4%C4%C4%00%C4%C4%C4%00%C4%C4%C4%00%C4%C4%C4%00%C4%C4%C4%00%C4%C4%C4%00%C4%C4%C4%00%C4%C4%C4%00%C4%C4%C4%00%C4%C4%C4%00%C4%C4%C4%00%C4%C4%C4%00%C4%C4%C4%00%C4%C4%C4%00%C4%C4%C4%00%C4%C4%C4%00%C4%C4%C4%00%C4%C4%C4%00%C4%C4%C4%00%C4%C4%C4%00%C4%C4%C4%00%BE%BE%BE%00%BE%BE%BE%00%BE%BE%BE%00%BE%BE%BE%00%BE%BE%BE%00%BE%BE%BE%00%BE%BE%BE%00%BE%BE%BE%00%BE%BE%BE%00%BE%BE%BE%00%BE%BE%BE%00%BE%BE%BE%00%BE%BE%BE%00%BE%BE%BE%00%BE%BE%BE%00%BE%BE%BE%00%BE%BE%BE%00%BE%BE%BE%00%BE%BE%BE%00%BE%BE%BE%00%BE%BE%BE%00%BE%BE%BE%00%BE%BE%BE%00%BE%BE%BE%00%BE%BE%BE%00%BE%BE%BE%00%BE%BE%BE%00%BE%BE%BE%00%BE%BE%BE%00%BE%BE%BE%00%BE%BE%BE%00%BE%BE%BE%00%BE%BE%BE%00%BE%BE%BE%00%BE%BE%BE%00%BE%BE%BE%00%BE%BE%BE%00%BE%BE%BE%00%BE%BE%BE%00%BE%BE%BE%00%BE%BE%BE%00%BE%BE%BE%00%BE%BE%BE%00%BE%BE%BE%00%BE%BE%BE%00%BE%BE%BE%00%BE%BE%BE%00%BE%BE%BE%00%BE%BE%BE%00%BE%BE%BE%00%BE%BE%BE%00%BE%BE%BE%00%BE%BE%BE%00%BE%BE%BE%00%BE%BE%BE%00%BE%BE%BE%00%BE%BE%BE%00%BE%BE%BE%00%BE%BE%BE%00%BE%BE%BE%00%BE%BE%BE%00%BE%BE%BE%00%BE%BE%BE%00%BE%BE%BE%00%BE%BE%BE%00%BE%BE%BE%00%BE%BE%BE%00%BE%BE%BE%00%BE%BE%BE%00%BE%BE%BE%00%BE%BE%BE%00%BE%BE%BE%00%BE%BE%BE%00%BE%BE%BE%00%BE%BE%BE%00%BE%BE%BE%00%BE%BE%BE%00%BE%BE%BE%00%BE%BE%BE%00%BE%BE%BE%00%BE%BE%BE%00%BE%BE%BE%00%BE%BE%BE%00%BE%BE%BE%00%BE%BE%BE%00%BE%BE%BE%00%BE%BE%BE%00%BE%BE%BE%00%BE%BE%BE%00%BE%BE%BE%00%BE%BE%BE%00%BE%BE%BE%00%BE%BE%BE%00%BE%BE%BE%00%BE%BE%BE%00%BE%BE%BE%00%BE%BE%BE%00%BE%BE%BE%00%BE%BE%BE%00%BE%BE%BE%00%BE%BE%BE%00%BE%BE%BE%00%BE%BE%BE%00%BE%BE%BE%00%BE%BE%BE%00%BE%BE%BE%00%BE%BE%BE%00%BE%BE%BE%00%BE%BE%BE%00%BE%BE%BE%00%BE%BE%BE%00%BE%BE%BE%00%BE%BE%BE%00%BE%BE%BE%00%BE%BE%BE%00%BE%BE%BE%00%BE%BE%BE%00%BE%BE%BE%00%BE%BE%BE%00%BE%BE%BE%00%BE%BE%BE%00%BE%BE%BE%00%B9%B9%B9%00%B9%B9%B9%00%B9%B9%B9%00%B9%B9%B9%00%B9%B9%B9%00%B9%B9%B9%00%B9%B9%B9%00%B9%B9%B9%00%B9%B9%B9%00%B9%B9%B9%00%B9%B9%B9%00%B9%B9%B9%00%B9%B9%B9%00%B9%B9%B9%00%B9%B9%B9%00%B9%B9%B9%00%B9%B9%B9%00%B9%B9%B9%00%B9%B9%B9%00%B9%B9%B9%00%B9%B9%B9%00%B9%B9%B9%00%B9%B9%B9%00%B9%B9%B9%00%B9%B9%B9%00%B9%B9%B9%00%B9%B9%B9%00%B9%B9%B9%00%B9%B9%B9%00%B9%B9%B9%00%B9%B9%B9%00%B9%B9%B9%00%B9%B9%B9%00%B9%B9%B9%00%B9%B9%B9%00%B9%B9%B9%00%B9%B9%B9%00%B9%B9%B9%00%B9%B9%B9%00%B9%B9%B9%00%B9%B9%B9%00%B9%B9%B9%00%B9%B9%B9%00%B9%B9%B9%00%B9%B9%B9%00%B9%B9%B9%00%B9%B9%B9%00%B9%B9%B9%00%B9%B9%B9%00%B9%B9%B9%00%B9%B9%B9%00%B9%B9%B9%00%B9%B9%B9%00%B9%B9%B9%00%B9%B9%B9%00%B9%B9%B9%00%B9%B9%B9%00%B9%B9%B9%00%B9%B9%B9%00%B9%B9%B9%00%B9%B9%B9%00%B9%B9%B9%00%B9%B9%B9%00%B9%B9%B9%00%B9%B9%B9%00%B9%B9%B9%00%B9%B9%B9%00%B9%B9%B9%00%B9%B9%B9%00%B9%B9%B9%00%B9%B9%B9%00%B9%B9%B9%00%B9%B9%B9%00%B9%B9%B9%00%B9%B9%B9%00%B9%B9%B9%00%B9%B9%B9%00%B9%B9%B9%00%B9%B9%B9%00%B9%B9%B9%00%B9%B9%B9%00%B9%B9%B9%00%B9%B9%B9%00%B9%B9%B9%00%B9%B9%B9%00%B9%B9%B9%00%B9%B9%B9%00%B9%B9%B9%00%B9%B9%B9%00%B9%B9%B9%00%B9%B9%B9%00%B9%B9%B9%00%B9%B9%B9%00%B9%B9%B9%00%B9%B9%B9%00%B9%B9%B9%00%B9%B9%B9%00%B9%B9%B9%00%B9%B9%B9%00%B9%B9%B9%00%B9%B9%B9%00%B9%B9%B9%00%B9%B9%B9%00%B9%B9%B9%00%B9%B9%B9%00%B9%B9%B9%00%B9%B9%B9%00%B9%B9%B9%00%B9%B9%B9%00%B9%B9%B9%00%B9%B9%B9%00%B9%B9%B9%00%B9%B9%B9%00%B9%B9%B9%00%B9%B9%B9%00%B9%B9%B9%00%B9%B9%B9%00%B9%B9%B9%00%B9%B9%B9%00%B9%B9%B9%00%B9%B9%B9%00%B9%B9%B9%00%B4%B4%B4%00%B4%B4%B4%00%B4%B4%B4%00%B4%B4%B4%00%B4%B4%B4%00%B4%B4%B4%00%B4%B4%B4%00%B4%B4%B4%00%B4%B4%B4%00%B4%B4%B4%00%B4%B4%B4%00%B4%B4%B4%00%B4%B4%B4%00%B4%B4%B4%00%B4%B4%B4%00%B4%B4%B4%00%B4%B4%B4%00%B4%B4%B4%00%B4%B4%B4%00%B4%B4%B4%00%B4%B4%B4%00%B4%B4%B4%00%B4%B4%B4%00%B4%B4%B4%00%B4%B4%B4%00%B4%B4%B4%00%B4%B4%B4%00%B4%B4%B4%00%B4%B4%B4%00%B4%B4%B4%00%B4%B4%B4%00%B4%B4%B4%00%B4%B4%B4%00%B4%B4%B4%00%B4%B4%B4%00%B4%B4%B4%00%B4%B4%B4%00%B4%B4%B4%00%B4%B4%B4%00%B4%B4%B4%00%B4%B4%B4%00%B4%B4%B4%00%B4%B4%B4%00%B4%B4%B4%00%B4%B4%B4%00%B4%B4%B4%00%B4%B4%B4%00%B4%B4%B4%00%B4%B4%B4%00%B4%B4%B4%00%B4%B4%B4%00%B4%B4%B4%00%B4%B4%B4%00%B4%B4%B4%00%B4%B4%B4%00%B4%B4%B4%00%B4%B4%B4%00%B4%B4%B4%00%B4%B4%B4%00%B4%B4%B4%00%B4%B4%B4%00%B4%B4%B4%00%B4%B4%B4%00%B4%B4%B4%00%B4%B4%B4%00%B4%B4%B4%00%B4%B4%B4%00%B4%B4%B4%00%B4%B4%B4%00%B4%B4%B4%00%B4%B4%B4%00%B4%B4%B4%00%B4%B4%B4%00%B4%B4%B4%00%B4%B4%B4%00%B4%B4%B4%00%B4%B4%B4%00%B4%B4%B4%00%B4%B4%B4%00%B4%B4%B4%00%B4%B4%B4%00%B4%B4%B4%00%B4%B4%B4%00%B4%B4%B4%00%B4%B4%B4%00%B4%B4%B4%00%B4%B4%B4%00%B4%B4%B4%00%B4%B4%B4%00%B4%B4%B4%00%B4%B4%B4%00%B4%B4%B4%00%B4%B4%B4%00%B4%B4%B4%00%B4%B4%B4%00%B4%B4%B4%00%B4%B4%B4%00%B4%B4%B4%00%B4%B4%B4%00%B4%B4%B4%00%B4%B4%B4%00%B4%B4%B4%00%B4%B4%B4%00%B4%B4%B4%00%B4%B4%B4%00%B4%B4%B4%00%B4%B4%B4%00%B4%B4%B4%00%B4%B4%B4%00%B4%B4%B4%00%B4%B4%B4%00%B4%B4%B4%00%B4%B4%B4%00%B4%B4%B4%00%B4%B4%B4%00%B4%B4%B4%00%B4%B4%B4%00%B4%B4%B4%00%B4%B4%B4%00%B4%B4%B4%00%B4%B4%B4%00%B4%B4%B4%00%AF%AF%AF%00%AF%AF%AF%00%AF%AF%AF%00%AF%AF%AF%00%AF%AF%AF%00%AF%AF%AF%00%AF%AF%AF%00%AF%AF%AF%00%AF%AF%AF%00%AF%AF%AF%00%AF%AF%AF%00%AF%AF%AF%00%AF%AF%AF%00%AF%AF%AF%00%AF%AF%AF%00%AF%AF%AF%00%AF%AF%AF%00%AF%AF%AF%00%AF%AF%AF%00%AF%AF%AF%00%AF%AF%AF%00%AF%AF%AF%00%AF%AF%AF%00%AF%AF%AF%00%AF%AF%AF%00%AF%AF%AF%00%AF%AF%AF%00%AF%AF%AF%00%AF%AF%AF%00%AF%AF%AF%00%AF%AF%AF%00%AF%AF%AF%00%AF%AF%AF%00%AF%AF%AF%00%AF%AF%AF%00%AF%AF%AF%00%AF%AF%AF%00%AF%AF%AF%00%AF%AF%AF%00%AF%AF%AF%00%AF%AF%AF%00%AF%AF%AF%00%AF%AF%AF%00%AF%AF%AF%00%AF%AF%AF%00%AF%AF%AF%00%AF%AF%AF%00%AF%AF%AF%00%AF%AF%AF%00%AF%AF%AF%00%AF%AF%AF%00%AF%AF%AF%00%AF%AF%AF%00%AF%AF%AF%00%AF%AF%AF%00%AF%AF%AF%00%AF%AF%AF%00%AF%AF%AF%00%AF%AF%AF%00%AF%AF%AF%00%AF%AF%AF%00%AF%AF%AF%00%AF%AF%AF%00%AF%AF%AF%00%AF%AF%AF%00%AF%AF%AF%00%AF%AF%AF%00%AF%AF%AF%00%AF%AF%AF%00%AF%AF%AF%00%AF%AF%AF%00%AF%AF%AF%00%AF%AF%AF%00%AF%AF%AF%00%AF%AF%AF%00%AF%AF%AF%00%AF%AF%AF%00%AF%AF%AF%00%AF%AF%AF%00%AF%AF%AF%00%AF%AF%AF%00%AF%AF%AF%00%AF%AF%AF%00%AF%AF%AF%00%AF%AF%AF%00%AF%AF%AF%00%AF%AF%AF%00%AF%AF%AF%00%AF%AF%AF%00%AF%AF%AF%00%AF%AF%AF%00%AF%AF%AF%00%AF%AF%AF%00%AF%AF%AF%00%AF%AF%AF%00%AF%AF%AF%00%AF%AF%AF%00%AF%AF%AF%00%AF%AF%AF%00%AF%AF%AF%00%AF%AF%AF%00%AF%AF%AF%00%AF%AF%AF%00%AF%AF%AF%00%AF%AF%AF%00%AF%AF%AF%00%AF%AF%AF%00%AF%AF%AF%00%AF%AF%AF%00%AF%AF%AF%00%AF%AF%AF%00%AF%AF%AF%00%AF%AF%AF%00%AF%AF%AF%00%AF%AF%AF%00%AF%AF%AF%00%AF%AF%AF%00%AF%AF%AF%00%AF%AF%AF%00%AF%AF%AF%00%AF%AF%AF%00%AF%AF%AF%00%A9%A9%A9%00%A9%A9%A9%00%A9%A9%A9%00%A9%A9%A9%00%A9%A9%A9%00%A9%A9%A9%00%A9%A9%A9%00%A9%A9%A9%00%A9%A9%A9%00%A9%A9%A9%00%A9%A9%A9%00%A9%A9%A9%00%A9%A9%A9%00%A9%A9%A9%00%A9%A9%A9%00%A9%A9%A9%00%A9%A9%A9%00%A9%A9%A9%00%A9%A9%A9%00%A9%A9%A9%00%A9%A9%A9%00%A9%A9%A9%00%A9%A9%A9%00%A9%A9%A9%00%A9%A9%A9%00%A9%A9%A9%00%A9%A9%A9%00%A9%A9%A9%00%A9%A9%A9%00%A9%A9%A9%00%A9%A9%A9%00%A9%A9%A9%00%A9%A9%A9%00%A9%A9%A9%00%A9%A9%A9%00%A9%A9%A9%00%A9%A9%A9%00%A9%A9%A9%00%A9%A9%A9%00%A9%A9%A9%00%A9%A9%A9%00%A9%A9%A9%00%A9%A9%A9%00%A9%A9%A9%00%A9%A9%A9%00%A9%A9%A9%00%A9%A9%A9%00%A9%A9%A9%00%A9%A9%A9%00%A9%A9%A9%00%A9%A9%A9%00%A9%A9%A9%00%A9%A9%A9%00%A9%A9%A9%00%A9%A9%A9%00%A9%A9%A9%00%A9%A9%A9%00%A9%A9%A9%00%A9%A9%A9%00%A9%A9%A9%00%A9%A9%A9%00%A9%A9%A9%00%A9%A9%A9%00%A9%A9%A9%00%A9%A9%A9%00%A9%A9%A9%00%A9%A9%A9%00%A9%A9%A9%00%A9%A9%A9%00%A9%A9%A9%00%A9%A9%A9%00%A9%A9%A9%00%A9%A9%A9%00%A9%A9%A9%00%A9%A9%A9%00%A9%A9%A9%00%A9%A9%A9%00%A9%A9%A9%00%A9%A9%A9%00%A9%A9%A9%00%A9%A9%A9%00%A9%A9%A9%00%A9%A9%A9%00%A9%A9%A9%00%A9%A9%A9%00%A9%A9%A9%00%A9%A9%A9%00%A9%A9%A9%00%A9%A9%A9%00%A9%A9%A9%00%A9%A9%A9%00%A9%A9%A9%00%A9%A9%A9%00%A9%A9%A9%00%A9%A9%A9%00%A9%A9%A9%00%A9%A9%A9%00%A9%A9%A9%00%A9%A9%A9%00%A9%A9%A9%00%A9%A9%A9%00%A9%A9%A9%00%A9%A9%A9%00%A9%A9%A9%00%A9%A9%A9%00%A9%A9%A9%00%A9%A9%A9%00%A9%A9%A9%00%A9%A9%A9%00%A9%A9%A9%00%A9%A9%A9%00%A9%A9%A9%00%A9%A9%A9%00%A9%A9%A9%00%A9%A9%A9%00%A9%A9%A9%00%A9%A9%A9%00%A9%A9%A9%00%A9%A9%A9%00%A9%A9%A9%00%A9%A9%A9%00%A9%A9%A9%00%A4%A4%A4%00%A4%A4%A4%00%A4%A4%A4%00%A4%A4%A4%00%A4%A4%A4%00%A4%A4%A4%00%A4%A4%A4%00%A4%A4%A4%00%A4%A4%A4%00%A4%A4%A4%00%A4%A4%A4%00%A4%A4%A4%00%A4%A4%A4%00%A4%A4%A4%00%A4%A4%A4%00%A4%A4%A4%00%A4%A4%A4%00%A4%A4%A4%00%A4%A4%A4%00%A4%A4%A4%00%A4%A4%A4%00%A4%A4%A4%00%A4%A4%A4%00%A4%A4%A4%00%A4%A4%A4%00%A4%A4%A4%00%A4%A4%A4%00%A4%A4%A4%00%A4%A4%A4%00%A4%A4%A4%00%A4%A4%A4%00%A4%A4%A4%00%A4%A4%A4%00%A4%A4%A4%00%A4%A4%A4%00%A4%A4%A4%00%A4%A4%A4%00%A4%A4%A4%00%A4%A4%A4%00%A4%A4%A4%00%A4%A4%A4%00%A4%A4%A4%00%A4%A4%A4%00%A4%A4%A4%00%A4%A4%A4%00%A4%A4%A4%00%A4%A4%A4%00%A4%A4%A4%00%A4%A4%A4%00%A4%A4%A4%00%A4%A4%A4%00%A4%A4%A4%00%A4%A4%A4%00%A4%A4%A4%00%A4%A4%A4%00%A4%A4%A4%00%A4%A4%A4%00%A4%A4%A4%00%A4%A4%A4%00%A4%A4%A4%00%A4%A4%A4%00%A4%A4%A4%00%A4%A4%A4%00%A4%A4%A4%00%A4%A4%A4%00%A4%A4%A4%00%A4%A4%A4%00%A4%A4%A4%00%A4%A4%A4%00%A4%A4%A4%00%A4%A4%A4%00%A4%A4%A4%00%A4%A4%A4%00%A4%A4%A4%00%A4%A4%A4%00%A4%A4%A4%00%A4%A4%A4%00%A4%A4%A4%00%A4%A4%A4%00%A4%A4%A4%00%A4%A4%A4%00%A4%A4%A4%00%A4%A4%A4%00%A4%A4%A4%00%A4%A4%A4%00%A4%A4%A4%00%A4%A4%A4%00%A4%A4%A4%00%A4%A4%A4%00%A4%A4%A4%00%A4%A4%A4%00%A4%A4%A4%00%A4%A4%A4%00%A4%A4%A4%00%A4%A4%A4%00%A4%A4%A4%00%A4%A4%A4%00%A4%A4%A4%00%A4%A4%A4%00%A4%A4%A4%00%A4%A4%A4%00%A4%A4%A4%00%A4%A4%A4%00%A4%A4%A4%00%A4%A4%A4%00%A4%A4%A4%00%A4%A4%A4%00%A4%A4%A4%00%A4%A4%A4%00%A4%A4%A4%00%A4%A4%A4%00%A4%A4%A4%00%A4%A4%A4%00%A4%A4%A4%00%A4%A4%A4%00%A4%A4%A4%00%A4%A4%A4%00%A4%A4%A4%00%A4%A4%A4%00%A4%A4%A4%00%A4%A4%A4%00%A4%A4%A4%00%9F%9F%9F%00%9F%9F%9F%00%9F%9F%9F%00%9F%9F%9F%00%9F%9F%9F%00%9F%9F%9F%00%9F%9F%9F%00%9F%9F%9F%00%9F%9F%9F%00%9F%9F%9F%00%9F%9F%9F%00%9F%9F%9F%00%9F%9F%9F%00%9F%9F%9F%00%9F%9F%9F%00%9F%9F%9F%00%9F%9F%9F%00%9F%9F%9F%00%9F%9F%9F%00%9F%9F%9F%00%9F%9F%9F%00%9F%9F%9F%00%9F%9F%9F%00%9F%9F%9F%00%9F%9F%9F%00%9F%9F%9F%00%9F%9F%9F%00%9F%9F%9F%00%9F%9F%9F%00%9F%9F%9F%00%9F%9F%9F%00%9F%9F%9F%00%9F%9F%9F%00%9F%9F%9F%00%9F%9F%9F%00%9F%9F%9F%00%9F%9F%9F%00%9F%9F%9F%00%9F%9F%9F%00%9F%9F%9F%00%9F%9F%9F%00%9F%9F%9F%00%9F%9F%9F%00%9F%9F%9F%00%9F%9F%9F%00%9F%9F%9F%00%9F%9F%9F%00%9F%9F%9F%00%9F%9F%9F%00%9F%9F%9F%00%9F%9F%9F%00%9F%9F%9F%00%9F%9F%9F%00%9F%9F%9F%00%9F%9F%9F%00%9F%9F%9F%00%9F%9F%9F%00%9F%9F%9F%00%9F%9F%9F%00%9F%9F%9F%00%9F%9F%9F%00%9F%9F%9F%00%9F%9F%9F%00%9F%9F%9F%00%9F%9F%9F%00%9F%9F%9F%00%9F%9F%9F%00%9F%9F%9F%00%9F%9F%9F%00%9F%9F%9F%00%9F%9F%9F%00%9F%9F%9F%00%9F%9F%9F%00%9F%9F%9F%00%9F%9F%9F%00%9F%9F%9F%00%9F%9F%9F%00%9F%9F%9F%00%9F%9F%9F%00%9F%9F%9F%00%9F%9F%9F%00%9F%9F%9F%00%9F%9F%9F%00%9F%9F%9F%00%9F%9F%9F%00%9F%9F%9F%00%9F%9F%9F%00%9F%9F%9F%00%9F%9F%9F%00%9F%9F%9F%00%9F%9F%9F%00%9F%9F%9F%00%9F%9F%9F%00%9F%9F%9F%00%9F%9F%9F%00%9F%9F%9F%00%9F%9F%9F%00%9F%9F%9F%00%9F%9F%9F%00%9F%9F%9F%00%9F%9F%9F%00%9F%9F%9F%00%9F%9F%9F%00%9F%9F%9F%00%9F%9F%9F%00%9F%9F%9F%00%9F%9F%9F%00%9F%9F%9F%00%9F%9F%9F%00%9F%9F%9F%00%9F%9F%9F%00%9F%9F%9F%00%9F%9F%9F%00%9F%9F%9F%00%9F%9F%9F%00%9F%9F%9F%00%9F%9F%9F%00%9F%9F%9F%00%9F%9F%9F%00%9F%9F%9F%00%9F%9F%9F%00%9F%9F%9F%00%99%99%99%00%99%99%99%00%99%99%99%00%99%99%99%00%99%99%99%00%99%99%99%00%99%99%99%00%99%99%99%00%99%99%99%00%99%99%99%00%99%99%99%00%99%99%99%00%99%99%99%00%99%99%99%00%99%99%99%00%99%99%99%00%99%99%99%00%99%99%99%00%99%99%99%00%99%99%99%00%99%99%99%00%99%99%99%00%99%99%99%00%99%99%99%00%99%99%99%00%99%99%99%00%99%99%99%00%99%99%99%00%99%99%99%00%99%99%99%00%99%99%99%00%99%99%99%00%99%99%99%00%99%99%99%00%99%99%99%00%99%99%99%00%99%99%99%00%99%99%99%00%99%99%99%00%99%99%99%00%99%99%99%00%99%99%99%00%99%99%99%00%99%99%99%00%99%99%99%00%99%99%99%00%99%99%99%00%99%99%99%00%99%99%99%00%99%99%99%00%99%99%99%00%99%99%99%00%99%99%99%00%99%99%99%00%99%99%99%00%99%99%99%00%99%99%99%00%99%99%99%00%99%99%99%00%99%99%99%00%99%99%99%00%99%99%99%00%99%99%99%00%99%99%99%00%99%99%99%00%99%99%99%00%99%99%99%00%99%99%99%00%99%99%99%00%99%99%99%00%99%99%99%00%99%99%99%00%99%99%99%00%99%99%99%00%99%99%99%00%99%99%99%00%99%99%99%00%99%99%99%00%99%99%99%00%99%99%99%00%99%99%99%00%99%99%99%00%99%99%99%00%99%99%99%00%99%99%99%00%99%99%99%00%99%99%99%00%99%99%99%00%99%99%99%00%99%99%99%00%99%99%99%00%99%99%99%00%99%99%99%00%99%99%99%00%99%99%99%00%99%99%99%00%99%99%99%00%99%99%99%00%99%99%99%00%99%99%99%00%99%99%99%00%99%99%99%00%99%99%99%00%99%99%99%00%99%99%99%00%99%99%99%00%99%99%99%00%99%99%99%00%99%99%99%00%99%99%99%00%99%99%99%00%99%99%99%00%99%99%99%00%99%99%99%00%99%99%99%00%99%99%99%00%99%99%99%00%99%99%99%00%99%99%99%00%99%99%99%00%99%99%99%00%99%99%99%00%94%94%94%00%94%94%94%00%94%94%94%00%94%94%94%00%94%94%94%00%94%94%94%00%94%94%94%00%94%94%94%00%94%94%94%00%94%94%94%00%94%94%94%00%94%94%94%00%94%94%94%00%94%94%94%00%94%94%94%00%94%94%94%00%94%94%94%00%94%94%94%00%94%94%94%00%94%94%94%00%94%94%94%00%94%94%94%00%94%94%94%00%94%94%94%00%94%94%94%00%94%94%94%00%94%94%94%00%94%94%94%00%94%94%94%00%94%94%94%00%94%94%94%00%94%94%94%00%94%94%94%00%94%94%94%00%94%94%94%00%94%94%94%00%94%94%94%00%94%94%94%00%94%94%94%00%94%94%94%00%94%94%94%00%94%94%94%00%94%94%94%00%94%94%94%00%94%94%94%00%94%94%94%00%94%94%94%00%94%94%94%00%94%94%94%00%94%94%94%00%94%94%94%00%94%94%94%00%94%94%94%00%94%94%94%00%94%94%94%00%94%94%94%00%94%94%94%00%94%94%94%00%94%94%94%00%94%94%94%00%94%94%94%00%94%94%94%00%94%94%94%00%94%94%94%00%94%94%94%00%94%94%94%00%94%94%94%00%94%94%94%00%94%94%94%00%94%94%94%00%94%94%94%00%94%94%94%00%94%94%94%00%94%94%94%00%94%94%94%00%94%94%94%00%94%94%94%00%94%94%94%00%94%94%94%00%94%94%94%00%94%94%94%00%94%94%94%00%94%94%94%00%94%94%94%00%94%94%94%00%94%94%94%00%94%94%94%00%94%94%94%00%94%94%94%00%94%94%94%00%94%94%94%00%94%94%94%00%94%94%94%00%94%94%94%00%94%94%94%00%94%94%94%00%94%94%94%00%94%94%94%00%94%94%94%00%94%94%94%00%94%94%94%00%94%94%94%00%94%94%94%00%94%94%94%00%94%94%94%00%94%94%94%00%94%94%94%00%94%94%94%00%94%94%94%00%94%94%94%00%94%94%94%00%94%94%94%00%94%94%94%00%94%94%94%00%94%94%94%00%94%94%94%00%94%94%94%00%94%94%94%00%94%94%94%00%94%94%94%00%94%94%94%00%94%94%94%00%8F%8F%8F%00%8F%8F%8F%00%8F%8F%8F%00%8F%8F%8F%00%8F%8F%8F%00%8F%8F%8F%00%8F%8F%8F%00%8F%8F%8F%00%8F%8F%8F%00%8F%8F%8F%00%8F%8F%8F%00%8F%8F%8F%00%8F%8F%8F%00%8F%8F%8F%00%8F%8F%8F%00%8F%8F%8F%00%8F%8F%8F%00%8F%8F%8F%00%8F%8F%8F%00%8F%8F%8F%00%8F%8F%8F%00%8F%8F%8F%00%8F%8F%8F%00%8F%8F%8F%00%8F%8F%8F%00%8F%8F%8F%00%8F%8F%8F%00%8F%8F%8F%00%8F%8F%8F%00%8F%8F%8F%00%8F%8F%8F%00%8F%8F%8F%00%8F%8F%8F%00%8F%8F%8F%00%8F%8F%8F%00%8F%8F%8F%00%8F%8F%8F%00%8F%8F%8F%00%8F%8F%8F%00%8F%8F%8F%00%8F%8F%8F%00%8F%8F%8F%00%8F%8F%8F%00%8F%8F%8F%00%8F%8F%8F%00%8F%8F%8F%00%8F%8F%8F%00%8F%8F%8F%00%8F%8F%8F%00%8F%8F%8F%00%8F%8F%8F%00%8F%8F%8F%00%8F%8F%8F%00%8F%8F%8F%00%8F%8F%8F%00%8F%8F%8F%00%8F%8F%8F%00%8F%8F%8F%00%8F%8F%8F%00%8F%8F%8F%00%8F%8F%8F%00%8F%8F%8F%00%8F%8F%8F%00%8F%8F%8F%00%8F%8F%8F%00%8F%8F%8F%00%8F%8F%8F%00%8F%8F%8F%00%8F%8F%8F%00%8F%8F%8F%00%8F%8F%8F%00%8F%8F%8F%00%8F%8F%8F%00%8F%8F%8F%00%8F%8F%8F%00%8F%8F%8F%00%8F%8F%8F%00%8F%8F%8F%00%8F%8F%8F%00%8F%8F%8F%00%8F%8F%8F%00%8F%8F%8F%00%8F%8F%8F%00%8F%8F%8F%00%8F%8F%8F%00%8F%8F%8F%00%8F%8F%8F%00%8F%8F%8F%00%8F%8F%8F%00%8F%8F%8F%00%8F%8F%8F%00%8F%8F%8F%00%8F%8F%8F%00%8F%8F%8F%00%8F%8F%8F%00%8F%8F%8F%00%8F%8F%8F%00%8F%8F%8F%00%8F%8F%8F%00%8F%8F%8F%00%8F%8F%8F%00%8F%8F%8F%00%8F%8F%8F%00%8F%8F%8F%00%8F%8F%8F%00%8F%8F%8F%00%8F%8F%8F%00%8F%8F%8F%00%8F%8F%8F%00%8F%8F%8F%00%8F%8F%8F%00%8F%8F%8F%00%8F%8F%8F%00%8F%8F%8F%00%8F%8F%8F%00%8F%8F%8F%00%8F%8F%8F%00%8F%8F%8F%00%8F%8F%8F%00%8F%8F%8F%00%8F%8F%8F%00%8F%8F%8F%00%8A%8A%8A%00%8A%8A%8A%00%8A%8A%8A%00%8A%8A%8A%00%8A%8A%8A%00%8A%8A%8A%00%8A%8A%8A%00%8A%8A%8A%00%8A%8A%8A%00%8A%8A%8A%00%8A%8A%8A%00%8A%8A%8A%00%8A%8A%8A%00%8A%8A%8A%00%8A%8A%8A%00%8A%8A%8A%00%8A%8A%8A%00%8A%8A%8A%00%8A%8A%8A%00%8A%8A%8A%00%8A%8A%8A%00%8A%8A%8A%00%8A%8A%8A%00%8A%8A%8A%00%8A%8A%8A%00%8A%8A%8A%00%8A%8A%8A%00%8A%8A%8A%00%8A%8A%8A%00%8A%8A%8A%00%8A%8A%8A%00%8A%8A%8A%00%8A%8A%8A%00%8A%8A%8A%00%8A%8A%8A%00%8A%8A%8A%00%8A%8A%8A%00%8A%8A%8A%00%8A%8A%8A%00%8A%8A%8A%00%8A%8A%8A%00%8A%8A%8A%00%8A%8A%8A%00%8A%8A%8A%00%8A%8A%8A%00%8A%8A%8A%00%8A%8A%8A%00%8A%8A%8A%00%8A%8A%8A%00%8A%8A%8A%00%8A%8A%8A%00%8A%8A%8A%00%8A%8A%8A%00%8A%8A%8A%00%8A%8A%8A%00%8A%8A%8A%00%8A%8A%8A%00%8A%8A%8A%00%8A%8A%8A%00%8A%8A%8A%00%8A%8A%8A%00%8A%8A%8A%00%8A%8A%8A%00%8A%8A%8A%00%8A%8A%8A%00%8A%8A%8A%00%8A%8A%8A%00%8A%8A%8A%00%8A%8A%8A%00%8A%8A%8A%00%8A%8A%8A%00%8A%8A%8A%00%8A%8A%8A%00%8A%8A%8A%00%8A%8A%8A%00%8A%8A%8A%00%8A%8A%8A%00%8A%8A%8A%00%8A%8A%8A%00%8A%8A%8A%00%8A%8A%8A%00%8A%8A%8A%00%8A%8A%8A%00%8A%8A%8A%00%8A%8A%8A%00%8A%8A%8A%00%8A%8A%8A%00%8A%8A%8A%00%8A%8A%8A%00%8A%8A%8A%00%8A%8A%8A%00%8A%8A%8A%00%8A%8A%8A%00%8A%8A%8A%00%8A%8A%8A%00%8A%8A%8A%00%8A%8A%8A%00%8A%8A%8A%00%8A%8A%8A%00%8A%8A%8A%00%8A%8A%8A%00%8A%8A%8A%00%8A%8A%8A%00%8A%8A%8A%00%8A%8A%8A%00%8A%8A%8A%00%8A%8A%8A%00%8A%8A%8A%00%8A%8A%8A%00%8A%8A%8A%00%8A%8A%8A%00%8A%8A%8A%00%8A%8A%8A%00%8A%8A%8A%00%8A%8A%8A%00%8A%8A%8A%00%8A%8A%8A%00%8A%8A%8A%00%8A%8A%8A%00%8A%8A%8A%00%8A%8A%8A%00%8A%8A%8A%00%84%84%84%00%84%84%84%00%84%84%84%00%84%84%84%00%84%84%84%00%84%84%84%00%84%84%84%00%84%84%84%00%84%84%84%00%84%84%84%00%84%84%84%00%84%84%84%00%84%84%84%00%84%84%84%00%84%84%84%00%84%84%84%00%84%84%84%00%84%84%84%00%84%84%84%00%84%84%84%00%84%84%84%00%84%84%84%00%84%84%84%00%84%84%84%00%84%84%84%00%84%84%84%00%84%84%84%00%84%84%84%00%84%84%84%00%84%84%84%00%84%84%84%00%84%84%84%00%84%84%84%00%84%84%84%00%84%84%84%00%84%84%84%00%84%84%84%00%84%84%84%00%84%84%84%00%84%84%84%00%84%84%84%00%84%84%84%00%84%84%84%00%84%84%84%00%84%84%84%00%84%84%84%00%84%84%84%00%84%84%84%00%84%84%84%00%84%84%84%00%84%84%84%00%84%84%84%00%84%84%84%00%84%84%84%00%84%84%84%00%84%84%84%00%84%84%84%00%84%84%84%00%84%84%84%00%84%84%84%00%84%84%84%00%84%84%84%00%84%84%84%00%84%84%84%00%84%84%84%00%84%84%84%00%84%84%84%00%84%84%84%00%84%84%84%00%84%84%84%00%84%84%84%00%84%84%84%00%84%84%84%00%84%84%84%00%84%84%84%00%84%84%84%00%84%84%84%00%84%84%84%00%84%84%84%00%84%84%84%00%84%84%84%00%84%84%84%00%84%84%84%00%84%84%84%00%84%84%84%00%84%84%84%00%84%84%84%00%84%84%84%00%84%84%84%00%84%84%84%00%84%84%84%00%84%84%84%00%84%84%84%00%84%84%84%00%84%84%84%00%84%84%84%00%84%84%84%00%84%84%84%00%84%84%84%00%84%84%84%00%84%84%84%00%84%84%84%00%84%84%84%00%84%84%84%00%84%84%84%00%84%84%84%00%84%84%84%00%84%84%84%00%84%84%84%00%84%84%84%00%84%84%84%00%84%84%84%00%84%84%84%00%84%84%84%00%84%84%84%00%84%84%84%00%84%84%84%00%84%84%84%00%84%84%84%00%84%84%84%00%84%84%84%00%84%84%84%00%7F%7F%7F%00%7F%7F%7F%00%7F%7F%7F%00%7F%7F%7F%00%7F%7F%7F%00%7F%7F%7F%00%7F%7F%7F%00%7F%7F%7F%00%7F%7F%7F%00%7F%7F%7F%00%7F%7F%7F%00%7F%7F%7F%00%7F%7F%7F%00%7F%7F%7F%00%7F%7F%7F%00%7F%7F%7F%00%7F%7F%7F%00%7F%7F%7F%00%7F%7F%7F%00%7F%7F%7F%00%7F%7F%7F%00%7F%7F%7F%00%7F%7F%7F%00%7F%7F%7F%00%7F%7F%7F%00%7F%7F%7F%00%7F%7F%7F%00%7F%7F%7F%00%7F%7F%7F%00%7F%7F%7F%00%7F%7F%7F%00%7F%7F%7F%00%7F%7F%7F%00%7F%7F%7F%00%7F%7F%7F%00%7F%7F%7F%00%7F%7F%7F%00%7F%7F%7F%00%7F%7F%7F%00%7F%7F%7F%00%7F%7F%7F%00%7F%7F%7F%00%7F%7F%7F%00%7F%7F%7F%00%7F%7F%7F%00%7F%7F%7F%00%7F%7F%7F%00%7F%7F%7F%00%7F%7F%7F%00%7F%7F%7F%00%7F%7F%7F%00%7F%7F%7F%00%7F%7F%7F%00%7F%7F%7F%00%7F%7F%7F%00%7F%7F%7F%00%7F%7F%7F%00%7F%7F%7F%00%7F%7F%7F%00%7F%7F%7F%00%7F%7F%7F%00%7F%7F%7F%00%7F%7F%7F%00%7F%7F%7F%00%7F%7F%7F%00%7F%7F%7F%00%7F%7F%7F%00%7F%7F%7F%00%7F%7F%7F%00%7F%7F%7F%00%7F%7F%7F%00%7F%7F%7F%00%7F%7F%7F%00%7F%7F%7F%00%7F%7F%7F%00%7F%7F%7F%00%7F%7F%7F%00%7F%7F%7F%00%7F%7F%7F%00%7F%7F%7F%00%7F%7F%7F%00%7F%7F%7F%00%7F%7F%7F%00%7F%7F%7F%00%7F%7F%7F%00%7F%7F%7F%00%7F%7F%7F%00%7F%7F%7F%00%7F%7F%7F%00%7F%7F%7F%00%7F%7F%7F%00%7F%7F%7F%00%7F%7F%7F%00%7F%7F%7F%00%7F%7F%7F%00%7F%7F%7F%00%7F%7F%7F%00%7F%7F%7F%00%7F%7F%7F%00%7F%7F%7F%00%7F%7F%7F%00%7F%7F%7F%00%7F%7F%7F%00%7F%7F%7F%00%7F%7F%7F%00%7F%7F%7F%00%7F%7F%7F%00%7F%7F%7F%00%7F%7F%7F%00%7F%7F%7F%00%7F%7F%7F%00%7F%7F%7F%00%7F%7F%7F%00%7F%7F%7F%00%7F%7F%7F%00%7F%7F%7F%00%7F%7F%7F%00%7F%7F%7F%00%7F%7F%7F%00%7F%7F%7F%00%7F%7F%7F%00%7F%7F%7F%00zzz%00zzz%00zzz%00zzz%00zzz%00zzz%00zzz%00zzz%00zzz%00zzz%00zzz%00zzz%00zzz%00zzz%00zzz%00zzz%00zzz%00zzz%00zzz%00zzz%00zzz%00zzz%00zzz%00zzz%00zzz%00zzz%00zzz%00zzz%00zzz%00zzz%00zzz%00zzz%00zzz%00zzz%00zzz%00zzz%00zzz%00zzz%00zzz%00zzz%00zzz%00zzz%00zzz%00zzz%00zzz%00zzz%00zzz%00zzz%00zzz%00zzz%00zzz%00zzz%00zzz%00zzz%00zzz%00zzz%00zzz%00zzz%00zzz%00zzz%00zzz%00zzz%00zzz%00zzz%00zzz%00zzz%00zzz%00zzz%00zzz%00zzz%00zzz%00zzz%00zzz%00zzz%00zzz%00zzz%00zzz%00zzz%00zzz%00zzz%00zzz%00zzz%00zzz%00zzz%00zzz%00zzz%00zzz%00zzz%00zzz%00zzz%00zzz%00zzz%00zzz%00zzz%00zzz%00zzz%00zzz%00zzz%00zzz%00zzz%00zzz%00zzz%00zzz%00zzz%00zzz%00zzz%00zzz%00zzz%00zzz%00zzz%00zzz%00zzz%00zzz%00zzz%00zzz%00zzz%00zzz%00zzz%00zzz%00zzz%00zzz%00zzz%00www%00www%00www%00www%00www%00www%00www%00www%00www%00www%00www%00www%00www%00www%00www%00www%00www%00www%00www%00www%00www%00www%00www%00www%00www%00www%00www%00www%00www%00www%00www%00www%00www%00www%00www%00www%00www%00www%00www%00www%00www%00www%00www%00www%00www%00www%00www%00www%00www%00www%00www%00www%00www%00www%00www%00www%00www%00www%00www%00www%00www%00www%00www%00www%00www%00www%00www%00www%00www%00www%00www%00www%00www%00www%00www%00www%00www%00www%00www%00www%00www%00www%00www%00www%00www%00www%00www%00www%00www%00www%00www%00www%00www%00www%00www%00www%00www%00www%00www%00www%00www%00www%00www%00www%00www%00www%00www%00www%00www%00www%00www%00www%00www%00www%00www%00www%00www%00www%00www%00www%00www%00www%00www%00www%00www%00www%00www%00www%00www%00www%00www%00www%00www%00www%00www%00www%00www%00www%00www%00www%00www%00www%00www%00www%00www%00www%00www%00www%00www%00www%00www%00www%00www%00www%00www%00www%00www%00www%00www%00www%00www%00www%00www%00www%00www%00www%00www%00www%00www%00www%00www%00www%00www%00www%00www%00www%00www%00www%00www%00www%00www%00www%00www%00www%00www%00www%00www%00www%00www%00www%00www%00www%00www%00www%00www%00www%00www%00www%00www%00www%00www%00www%00www%00www%00www%00www%00www%00www%00www%00www%00www%00www%00www%00www%00www%00www%00www%00www%00www%00www%00www%00www%00www%00www%00www%00www%00www%00www%00www%00www%00www%00www%00www%00www%00www%00www%00www%00www%00www%00www%00www%00www%00www%00www%00www%00www%00www%00www%00www%00www%00www%00www%00www%00www%00www%00www%00www%00www%00www%00www%00www%00www%00www%00www%00www%00www%00www%00www%00www%00www%00www%00www%00www%00www%00www%00www%00www%00www%00www%00www%00www%00www%00www%00www%00www%00www%00www%00www%00www%00www%00www%00www%00www%00www%00www%00www%00www%00www%00www%00www%00www%00www%00www%00www%00www%00www%00www%00www%00www%00www%00www%00www%00www%00www%00www%00www%00www%00www%00www%00www%00www%00www%00www%00www%00www%00www%00www%00www%00www%00www%00www%00www%00www%00www%00www%00www%00www%00www%00www%00www%00www%00www%00www%00www%00www%00www%00www%00www%00www%00www%00www%00www%00www%00www%00www%00www%00www%00www%00www%00www%00www%00www%00www%00www%00www%00www%00www%00www%00www%00www%00www%00www%00www%00www%00www%00www%00www%00www%00www%00www%00www%00www%00www%00www%00www%00www%00www%00www%00www%00www%00www%00www%00www%00www%00www%00www%00www%00www%00www%00www%00www%00www%00www%00www%00www%00www%00www%00www%00www%00www%00www%00www%00www%00www%00www%00www%00www%00www%00www%00www%00www%00www%00www%00www%00www%00www%00www%00www%00www%00www%00www%00www%00www%00www%00www%00www%00www%00www%00www%00www%00www%00www%00www%00www%00www%00www%00www%00www%00www%00www%00www%00www%00www%00www%00www%00www%00www%00www%00www%00www%00www%00www%00www%00www%00www%00www%00www%00www%00www%00www%00www%00www%00www%00www%00www%00www%00www%00www%00www%00www%00www%00www%00www%00www%00www%00www%00www%00www%00www%00www%00www%00www%00www%00www%00www%00www%00www%00www%00www%00www%00www%00www%00www%00www%00www%00www%00www%00www%00www%00www%00www%00www%00www%00www%00www%00www%00www%00www%00www%00www%00www%00www%00www%00www%00www%00www%00www%00www%00www%00www%00www%00www%00www%00www%00www%00www%00www%00www%00www%00www%00www%00www%00www%00www%00www%00www%00www%00www%00www%00www%00www%00www%00www%00www%00www%00www%00www%00www%00www%00www%00www%00www%00www%00www%00www%00www%00www%00www%00www%00www%00www%00www%00www%00www%00www%00www%00www%00www%00www%00www%00www%00www%00www%00www%00www%00www%00www%00www%00www%00www%00www%00www%00www%00www%00www%00www%00www%00www%00www%00www%00www%00www%00www%00www%00www%00www%00www%00www%00www%00www%00www%00www%00www%00www%00www%00www%00www%00www%00www%00www%00www%00www%00www%00www%00www%00www%00www%00www%00www%00www%00www%00www%00www%00www%00www%00www%00www%00www%00www%00www%00www%00www%00www%00www%00www%00www%00www%00www%00www%00www%00www%00www%00www%00www%00www%00www%00www%00www%00www%00www%00www%00www%00www%00www%00www%00www%00www%00www%00www%00www%00www%00www%00www%00www%00www%00www%00www%00www%00www%00www%00www%00www%00www%00www%00www%00www%00www%00www%00www%00www%00www%00www%00www%00www%00www%00www%00www%00www%00www%00www%00www%00www%00www%00www%00www%00www%00www%00www%00www%00www%00www%00www%00www%00www%00www%00www%00www%00www%00www%00www%00www%00www%00www%00www%00www%00www%00www%00www%00www%00www%00www%00www" )</imagedata>
</image>
