<field name="note:" id="1103">
<traversalOn>false</traversalOn>
<ink>srcCopy</ink>
<firstIndent>0</firstIndent>
<dontSearch>false</dontSearch>
<toggleHilites>false</toggleHilites>
<threeD>true</threeD>
<scrollbarWidth>20</scrollbarWidth>
<blendLevel>0</blendLevel>
<textHeight>12</textHeight>
<rect>194,287,347,362</rect>
<multipleHilites>false</multipleHilites>
<colors>urldecode( "black%0D%0A%0D%0A%0D%0A%0D%0A%0D%0A%0D%0A%0D%0A" )</colors>
<shadow>false</shadow>
<hScroll>0</hScroll>
<textAlign>left</textAlign>
<vScrollbar>false</vScrollbar>
<hScrollbar>false</hScrollbar>
<id>1103</id>
<altId>0</altId>
<autoTab>false</autoTab>
<textStyle>plain</textStyle>
<hGrid>false</hGrid>
<lockLoc>false</lockLoc>
<dontWrap>false</dontWrap>
<autoHilite>false</autoHilite>
<style>transparent</style>
<showLines>false</showLines>
<sharedText>true</sharedText>
<noncontiguousHilites>false</noncontiguousHilites>
<lockText>true</lockText>
<scroll>0</scroll>
<name>field "note:"</name>
<vGrid>false</vGrid>
<listBehavior>false</listBehavior>
<layer>41</layer>
<visible>false</visible>
<cantSelect>false</cantSelect>
<borderWidth>2</borderWidth>
<margins>8</margins>
<htmlText>urldecode( "%3Cp%3E%3Cfont+color%3D%22%23FF0000%22%3EWhen+any+portion+of+a+Rev+term+or+handler+name+is+selected%3A%3C%2Ffont%3E%3C%2Fp%3E%0D%0A%3Cp%3E++Opt+%2B+%3Cb%3ESpace%2C+%3Cfont+size%3D%2210%22%3E%28%3C%2Ffont%3E%3C%2Fb%3E%3Cfont+size%3D%2210%22%3E+or+%3C%2Ffont%3E%3Cfont+face%3D%22Wingdings+3%22+size%3D%2212%22%3E%3Cb%3E%3Csub%3E8%3C%2Ffont%3E+%3Cfont+size%3D%2215%22%3E+%3C%2Fsub%3E%3C%2Ffont%3E%3C%2Fb%3E%3Cu%3Eaccepts%3C%2Fu%3E+%3C%2Fp%3E%0D%0A%3Cp%3E%3Cb%3E++%3Cfont+face%3D%22Wingdings+3%22+size%3D%2212%22%3Eh%3C%2Ffont%3E%3C%2Fb%3E+or+%3Cfont+face%3D%22Wingdings+3%22+size%3D%2212%22%3E%3Cb%3Ei%3C%2Fb%3E%3C%2Ffont%3E+%3Cu%3Enavigates%3C%2Fu%3E+list%3C%2Fp%3E" )</htmlText>
<threeDHilite>false</threeDHilite>
<opaque>false</opaque>
<shadowOffset>4</shadowOffset>
<showBorder>false</showBorder>
<textSize>9</textSize>
<disabled>false</disabled>
<fixedLineHeight>false</fixedLineHeight>
<textFont>Arial</textFont>
<vScroll>0</vScroll>
<showFocusBorder>true</showFocusBorder>
<custompropertyset name= "cGlx2TimeStamp">
</custompropertyset>
</field>
