<button name="Handler List" id="1024">
<traversalOn>false</traversalOn>
<ink>srcCopy</ink>
<threeD>true</threeD>
<hiliteBorder>false</hiliteBorder>
<blendLevel>0</blendLevel>
<rect>168,30,294,51</rect>
<mnemonic>0</mnemonic>
<armFill>false</armFill>
<visitedIcon>0</visitedIcon>
<showName>true</showName>
<showIcon>false</showIcon>
<hilited>true</hilited>
<sharedHilite>true</sharedHilite>
<shadow>false</shadow>
<textAlign>left</textAlign>
<armed>false</armed>
<menuMouseButton>1</menuMouseButton>
<id>1024</id>
<altId>0</altId>
<labelWidth>0</labelWidth>
<armedIcon>0</armedIcon>
<lockLoc>false</lockLoc>
<visited>false</visited>
<showHilite>false</showHilite>
<label>Show Handler Lists</label>
<autoHilite>true</autoHilite>
<style>checkbox</style>
<disabledIcon>0</disabledIcon>
<armBorder>true</armBorder>
<name>button "Handler List"</name>
<icon>0</icon>
<layer>4</layer>
<visible>true</visible>
<cantSelect>false</cantSelect>
<borderWidth>2</borderWidth>
<menuLines>5</menuLines>
<margins>3,4,4,4</margins>
<opaque>false</opaque>
<shadowOffset>4</shadowOffset>
<default>false</default>
<hiliteFill>true</hiliteFill>
<showBorder>false</showBorder>
<hiliteIcon>0</hiliteIcon>
<disabled>false</disabled>
<autoArm>false</autoArm>
<family>0</family>
<hoverIcon>0</hoverIcon>
<showFocusBorder>true</showFocusBorder>
<menuHistory>1</menuHistory>
<custompropertyset name= "cGlx2TimeStamp">
<checksum>urldecode( "%0E%12Pf%0C%E9H%C5%2F%98%E2X%1C%AD%60%F0" )</checksum>
</custompropertyset>
<script>urldecode( "--%3E+all+handlers%0D%0A%0D%0Aon+mouseUp+pMouseBtnNum%0D%0A++++set+the+cursor+to+watch%0D%0A++++put+the+mainstack+of+this+stack+into+theParentStack++++++++%0D%0A++++set+the+cHandlerList+of+stack+theParentStack+to+the+hilited+of+me%0D%0A++++glx2SavePrefs%0D%0A++++updateEveryTab%0D%0Aend+mouseUp%0D%0A%0D%0Aon+moveGrps%0D%0A++++set+the+left+of+btn+%22all+handlers%22+to+the+left+of+grp+%22code%22+%2B+4%0D%0A++++put+the+number+of+grps+in+grp+%22code%22+into+theNoGrps%0D%0A++++repeat+with+theGrpNo+%3D+1+to+theNoGrps%0D%0A+++++++++set+the+left+of+grp+theGrpNo+of+grp+%22code%22+to+the+left+of+grp+%22code%22+%2B+14%0D%0A++++end+REPEAT%0D%0Aend+moveGrps%0D%0A" )</script>
</button>
