<button name="Colorization" id="1045">
<traversalOn>true</traversalOn>
<ink>srcCopy</ink>
<threeD>true</threeD>
<hiliteBorder>false</hiliteBorder>
<blendLevel>0</blendLevel>
<rect>20,100,128,121</rect>
<mnemonic>0</mnemonic>
<armFill>false</armFill>
<visitedIcon>0</visitedIcon>
<showName>true</showName>
<showIcon>false</showIcon>
<hilited>true</hilited>
<sharedHilite>true</sharedHilite>
<shadow>false</shadow>
<textAlign>left</textAlign>
<armed>false</armed>
<menuMouseButton>1</menuMouseButton>
<id>1045</id>
<altId>0</altId>
<labelWidth>0</labelWidth>
<armedIcon>0</armedIcon>
<lockLoc>false</lockLoc>
<visited>false</visited>
<showHilite>false</showHilite>
<label>Colorize Scripts</label>
<autoHilite>true</autoHilite>
<style>checkbox</style>
<disabledIcon>0</disabledIcon>
<armBorder>true</armBorder>
<name>button "Colorization"</name>
<icon>0</icon>
<layer>14</layer>
<visible>true</visible>
<cantSelect>false</cantSelect>
<borderWidth>2</borderWidth>
<menuLines>5</menuLines>
<margins>3,4,4,4</margins>
<opaque>false</opaque>
<shadowOffset>4</shadowOffset>
<default>false</default>
<hiliteFill>true</hiliteFill>
<showBorder>false</showBorder>
<hiliteIcon>0</hiliteIcon>
<disabled>false</disabled>
<autoArm>false</autoArm>
<family>0</family>
<hoverIcon>0</hoverIcon>
<showFocusBorder>true</showFocusBorder>
<menuHistory>1</menuHistory>
<custompropertyset name= "cGlx2TimeStamp">
<checksum>urldecode( "q%82%EE%BF%87%D0%EEB%C6s%F7%0D%0A%25%DA%D0x" )</checksum>
</custompropertyset>
<script>urldecode( "--%3E+all+handlers%0D%0A+%0D%0Aon+mouseUp+pMouseBtnNo%0D%0A++++--+comment%0D%0A++++lock+screen%0D%0A++++put+the+mainstack+of+this+stack+into+theParentStack++++++++%0D%0A++++put+the+scroll+of+fld+%22code+storage%22+of+stack+theParentStack+into+theScroll%0D%0A++++put+the+hscroll+of+fld+%22code+storage%22+of+stack+theParentStack+into+theHScroll%0D%0A++++put+the+right+of+fld+%22handlers%22+of+stack+theParentStack+into+theRight%0D%0A++++set+the+cColorization+of+stack+theParentStack+to+the+hilited+of+me%0D%0A++++defaultColors%0D%0A++++initScriptColors%0D%0A++++glx2SavePrefs%0D%0A++++colorizeEachTab%0D%0A++++set+the+defaultstack+to+theParentStack%0D%0A++++put+theRight-1+into+theH%0D%0A++++put+empty+into+theV%0D%0A++++send+%22doResize+theH%2CtheV%22+to+img+%22resize%22+of+stack+theParentStack%0D%0A++++--+resizeHandlerPane%0D%0A++++set+the+scroll+of+fld+%22code+storage%22+of+stack+theParentStack+to+theScroll%0D%0A++++set+the+hscroll+of+fld+%22code+storage%22+of+stack+theParentStack+to+theHScroll%0D%0A++++unlock+screen%0D%0Aend+mouseUp%0D%0A" )</script>
</button>
