<field name="peek" id="333458">
<traversalOn>false</traversalOn>
<ink>srcCopy</ink>
<firstIndent>0</firstIndent>
<dontSearch>false</dontSearch>
<toggleHilites>false</toggleHilites>
<threeD>false</threeD>
<scrollbarWidth>20</scrollbarWidth>
<blendLevel>0</blendLevel>
<textHeight>13</textHeight>
<rect>385,224,463,268</rect>
<multipleHilites>false</multipleHilites>
<colors>urldecode( "white%0D%0A%0D%0A%0D%0A%0D%0A%0D%0A%0D%0A%0D%0A" )</colors>
<shadow>false</shadow>
<hScroll>0</hScroll>
<textAlign>left</textAlign>
<vScrollbar>false</vScrollbar>
<hScrollbar>false</hScrollbar>
<id>333458</id>
<altId>0</altId>
<autoTab>false</autoTab>
<textStyle>plain</textStyle>
<hGrid>false</hGrid>
<lockLoc>false</lockLoc>
<dontWrap>true</dontWrap>
<autoHilite>true</autoHilite>
<style>transparent</style>
<showLines>false</showLines>
<sharedText>true</sharedText>
<noncontiguousHilites>false</noncontiguousHilites>
<lockText>true</lockText>
<scroll>0</scroll>
<name>field "peek"</name>
<vGrid>false</vGrid>
<listBehavior>true</listBehavior>
<layer>126</layer>
<visible>true</visible>
<cantSelect>false</cantSelect>
<borderWidth>1</borderWidth>
<margins>8</margins>
<htmlText>urldecode( "%3Cp%3EtheCursorID%3C%2Fp%3E" )</htmlText>
<threeDHilite>false</threeDHilite>
<opaque>false</opaque>
<shadowOffset>4</shadowOffset>
<showBorder>false</showBorder>
<textSize>10</textSize>
<disabled>false</disabled>
<fixedLineHeight>true</fixedLineHeight>
<textFont>Verdana</textFont>
<vScroll>0</vScroll>
<showFocusBorder>false</showFocusBorder>
<custompropertyset name= "cGlx2TimeStamp">
<checksum>urldecode( "I%CE%8A%C34%C4%F2%C2%8C%07t%3B%A3%A9bn" )</checksum>
</custompropertyset>
<script>urldecode( "--%3E+all+handlers%0D%0A%0D%0Aon+scrollbarDrag%0D%0A++++set+the+thumbposition+of+sb+%22slider%22+to+the+scroll+of+me%0D%0Aend+scrollbarDrag%0D%0A%0D%0Aon+checkForExtraSpace+insertedExtraSpace%2CtheInsertedSyntax%0D%0A++++exit+checkForExtraSpace%0D%0A++++if+insertedExtraSpace+is+true+then%0D%0A++++++++put+the+selectedchunk+into+theChunkAfterInsert%0D%0A++++++++put+word+4+of+theChunkAfterInsert-1+into+theCharPosAfterInsert%0D%0A++++++++if+char+theCharPosAfterInsert+of+fld+%22code+storage%22+is+space+then%0D%0A++++++++++++delete+char+theCharPosAfterInsert+of+fld+%22code+storage%22%0D%0A++++++++++++subtract+1+from+word+2+of+theChunkAfterInsert%0D%0A++++++++++++subtract+1+from+word+4+of+theChunkAfterInsert%0D%0A++++++++++++do+%22select%22+%26%26+theChunkAfterInsert%0D%0A++++++++end+if%0D%0A++++end+if%0D%0Aend+checkForExtraSpace%0D%0A%0D%0Aon+insertToken%0D%0A++++%0D%0A++++--+JERRY%3A+updated+10%2F14%2F07+to+NOT+do+a+checksum+for+dirty+flag+because+script+already+dirty+%28faster%21%29%0D%0A++++--+JERRY%3A+updated+10%2F14%2F07+to+NOT+select+word+after+next%2C+pass%2C+exit%2C+etc+after+a+token+insertion%0D%0A++++%0D%0A++++put+the+cUseWords+of+me+into+useWords++%0D%0A++++--+put+the+md5digest+of+fld+%22code+storage%22+into+theCheckSum%0D%0A++++put+the+cCharPos+of+fld+%22code+storage%22+into+theCharPos%0D%0A++++put+the+cSelectedLineNo+of+fld+%22code+storage%22+into+theScriptLineNo%0D%0A++++put+the+hilitedline+of+me+into+theLineNo%0D%0A++++put+line+theLineNo+of+me+into+theChoice%0D%0A++++put+the+scroll+of+fld+%22code+storage%22+into+theScroll%0D%0A++++%0D%0A++++set+the+cInsertedIntoScript+of+stack+%22revGLX2+Code%22+to+empty%0D%0A++++put+empty+into+theInsertedSyntax%0D%0A++++%0D%0A++++%0D%0A++++glx2StoreUndoCode%0D%0A++++--+--+HARD+CORE+UNDO%3A%0D%0A++++--+if+the+number+of+lines+in+fld+%22code+storage%22+%3C+8000+then%0D%0A++++++++--+put+the+htmltext+of+fld+%22code+storage%22+into+theOrigCode%0D%0A++++++++--+put+the+vscroll+of+fld+%22code+storage%22+into+theOrigVScroll%0D%0A++++++++--+put+the+hscroll+of+fld+%22code+storage%22+into+theOrigHScroll%0D%0A++++++++--+put+the+selectedchunk+into+theOrigSelectedChunk%0D%0A++++++++--+set+the+cUndoCode+of+btn+%22Edit%22+of+grp+%22GLX2+Menubar%22+to+true%0D%0A++++++++--+set+the+cUndoTarget+of+btn+%22Edit%22+of+grp+%22GLX2+Menubar%22+to+the+long+id+of+fld+%22code+storage%22%0D%0A++++++++--+set+the+cOrigCode+of+btn+%22Edit%22+of+grp+%22GLX2+Menubar%22+to+theOrigCode%0D%0A++++++++--+set+the+cOrigVScroll+of+btn+%22Edit%22+of+grp+%22GLX2+Menubar%22+to+theOrigVScroll%0D%0A++++++++--+set+the+cOrigHScroll+of+btn+%22Edit%22+of+grp+%22GLX2+Menubar%22+to+theOrigHScroll%0D%0A++++++++--+set+the+cOrigSelectedChunk+of+btn+%22Edit%22+of+grp+%22GLX2+Menubar%22+to+theOrigSelectedChunk%0D%0A++++++++--+unlock+cursor%0D%0A++++--+else%0D%0A++++++++--+glx2SetStatus+%22Cannot+undo+CLAIRVOYANCE+in+a+script+with+over+8%2C000+lines%21%22%0D%0A++++--+end+if%0D%0A++++%0D%0A++++lock+screen%0D%0A++++%0D%0A++++put+the+cWordNo+of+fld+%22code+storage%22+into+theWordNo%0D%0A++++put+the+cTokenNo+of+fld+%22code+storage%22+into+theTokenNo+%0D%0A++++put+word+theWordNo+of+fld+%22code+storage%22+into+theOrigWord%0D%0A++++put+token+theTokenNo+of+fld+%22code+storage%22+into+theOrigToken%0D%0A++++put+word+theWordNo%2B1+of+fld+%22code+storage%22+into+theOrigNextWord%0D%0A++++put+word+theWordNo-1+of+fld+%22code+storage%22+into+thePrevWord%0D%0A++++%0D%0A++++if+theOrigWord+contains+comma+then%0D%0A++++++++put+false+into+useWords%0D%0A++++++++set+the+cUseWords+of+me+to+false%0D%0A++++end+if%0D%0A++++%0D%0A++++--+Sarah%27s+tests%0D%0A++++--+write+%22theWordNo%3A+%22+%26+theWordNo+%26+cr+to+stdout%0D%0A++++--+write+%22theTokenNo%3A+%22+%26+theTokenNo+pass+cr+to+stdout%0D%0A++++--+write+%22theOrigWord%3A+%22+%26+theOrigWord+%26+cr+to+stdout%0D%0A++++--+write+%22theOrigToken%3A+%22+%26+theOrigToken+%26+cr+to+stdout%0D%0A++++--+write+%22theOrigNextWord%3A+%22+%26+theOrigNextWord+%26+cr+to+stdout%0D%0A++++--+write+%22thePrevWord%3A+%22+%26+thePrevWord+%26+cr+to+stdout%0D%0A++++--+write+%22useWords%3A+%22+%26+useWords+%26+cr+to+stdout%0D%0A+++++%0D%0A++++if+char+theCharPos+of+fld+%22code+storage%22+is+not+space+then+--%3E+padding%0D%0A++++++++--put+space+before+char+theCharPos+of+fld+%22code+storage%22%0D%0A++++++++--put+true+into+insertedExtraSpace%0D%0A++++end+if%0D%0A++++%0D%0A++++if+useWords+is+true+then%0D%0A++++++++select+word+theWordNo+of+fld+%22code+storage%22%0D%0A++++else%0D%0A++++++++select+token+theTokenNo+of+fld+%22code+storage%22%0D%0A++++end+if%0D%0A+++++%0D%0A++++put+theChoice+into+the+selectedchunk%0D%0A+++++%0D%0A++++hide+grp+%22peek%22%0D%0A++++if+useWords+is+true+then%0D%0A++++++++--+if+the+md5digest+of+fld+%22code+storage%22+is+not+theCheckSum+then%0D%0A++++++++glx2SetDirtyFlag+%0D%0A++++++++--+end+if%0D%0A++++++++unlock+screen%0D%0A++++end+if%0D%0A+++++%0D%0A++++if+word+theWordNo-1+of+fld+%22code+storage%22+is+%22the%22+then%0D%0A++++++++put+theCharPos+%2B+the+number+of+chars+in+theChoice+-+the+number+of+chars+in+theOrigWord+into+theNewCharPos%0D%0A++++++++select+char+theNewCharPos+to+theNewCharPos-1+of+fld+%22code+storage%22+%0D%0A++++++++set+the+scroll+of+fld+%22code+storage%22+to+theScroll%0D%0A++++++++exit+insertToken+--%3E+NEW%0D%0A++++end+if%0D%0A+++++%0D%0A++++if+theChoice+is+among+the+lines+of+the+cHandlers+of+this+cd+or+%5C%0D%0A++++++++++++theChoice+%26+%22%28%29%22+is+among+the+lines+of+the+cHandlers+of+this+cd+or+%5C%0D%0A++++++++++++tab+%26+theChoice+%26+tab+is+in+the+cPathHandlers+of+this+cd+or+%5C%0D%0A++++++++++++theChoice+is+among+the+lines+of+the+commandnames+or+%5C%0D%0A++++++++++++theChoice+is+among+the+lines+of+the+functionnames+or+%5C%0D%0A++++++++++++theChoice+is+among+the+lines+of+the+externalfunctions+of+stack+%22home%22+or+%5C%0D%0A++++++++++++theChoice+is+among+the+items+of+%22then%2Celse%2Ctry%2Crepeat%2Cswitch%22+or+%5C%0D%0A++++++++++++theChoice+is+among+the+words+of+the+cMessageNames+of+this+stack+then%0D%0A++++++++if+word+theWordNo+-+1+of+fld+%22code+storage%22+is+%22the%22+and+theChoice+is+among+the+lines+of+the+functionnames+then%0D%0A++++++++++++--+do+nothing%0D%0A++++++++else%0D%0A++++++++++++--+if+theChoice+is+%22repeat%22+and+thePrevWord+is+among+the+items+of+%22next%2Cexit%22+then%0D%0A++++++++++++if+thePrevWord+is+among+the+items+of+%22pass%2Cnext%2Cexit%2Cend%22+then%0D%0A++++++++++++++++--+do+nothing%0D%0A++++++++++++else%0D%0A++++++++++++++++put+false+into+noHandlers%0D%0A++++++++++++++++put+false+into+controlStructureOnly%0D%0A++++++++++++++++put+true+into+noChoices%0D%0A++++++++++++++++--+happens+when+handler+is+completed%0D%0A++++++++++++++++completeStatement+noHandlers%2CcontrolStructureOnly%2CnoChoices%2CtheChoice%0D%0A++++++++++++++++put+the+cInsertedIntoScript+of+stack+%22revGLX2+Code%22+into+theInsertedSyntax%0D%0A++++++++++++++++put+true+into+usedCompleteStatement%0D%0A++++++++++++++++checkForExtraSpace+insertedExtraSpace%0D%0A++++++++++++end+if%0D%0A++++++++end+if%0D%0A+++++++++%0D%0A++++++++if+theChoice+is+not+among+the+items+of+%22then%2Celse%2Ctry%2Crepeat%2Cswitch%22+then%0D%0A++++++++++++if+the+number+of+lines+in+word+1+to+theWordNo+of+fld+%22code+storage%22+%3D+%5C%0D%0A++++++++++++++++++++the+number+of+lines+in+word+1+to+theWordNo+%2B+1+of+fld+%22code+storage%22+then%0D%0A++++++++++++++++--+SARAH%3A+this+wasn%27t+allowing+for+tokens+instead+of+words%0D%0A++++++++++++++++if+useWords+is+true+then%0D%0A++++++++++++++++++++put+word+theWordNo%2B1+of+fld+%22code+storage%22+into+theTestNextWord%0D%0A++++++++++++++++else%0D%0A++++++++++++++++++++put+token+theTokenNo%2B1+of+fld+%22code+storage%22+into+theTestNextWord%0D%0A++++++++++++++++end+if%0D%0A+++++++++++++++++%0D%0A++++++++++++++++if+useWords+%3D+true+and+theTestNextWord+is+theOrigNextWord+and+theOrigNextWord+is+not+empty+then%0D%0A++++++++++++++++++++put+theChoice+%26%26+theOrigNextWord+into+word+theWordNo+to+theWordNo%2B1+of+fld+%22code+storage%22%0D%0A++++++++++++++++++++put+theChoice+into+word+theWordNo+of+fld+%22code+storage%22+%0D%0A++++++++++++++++++++checkForExtraSpace+insertedExtraSpace%0D%0A++++++++++++++++else+if+theTestNextWord+is+theOrigNextWord+and+theOrigNextWord+is+not+empty+then%0D%0A++++++++++++++++++++put+theChoice+%26%26+theOrigNextWord+into+token+theTokenNo+to+theTokenNo%2B1+of+fld+%22code+storage%22%0D%0A++++++++++++++++++++put+theChoice+into+token+theTokenNo+of+fld+%22code+storage%22+%0D%0A++++++++++++++++++++checkForExtraSpace+insertedExtraSpace%0D%0A++++++++++++++++else%0D%0A++++++++++++++++++++if+char+1+of+token+theTokenNo+%2B+1+of+fld+%22code+storage%22+is+%22%5B%22+then%0D%0A++++++++++++++++++++++++put+the+number+of+tokens+in+line+1+to+theScriptLineNo+of+fld+%22code+storage%22+into+theLastTokenNo%0D%0A++++++++++++++++++++++++--+ADDED+BY+SARAH%3A+This+used+to+select+the+whole+line%2C+not+just+the+next+optional+parameter%0D%0A++++++++++++++++++++++++repeat+with+x+%3D+theLastTokenNo+down+to+theTokenNo%2B1%0D%0A++++++++++++++++++++++++++++if+token+x+of+fld+%22code+storage%22+%3D+%22%5D%22+then%0D%0A++++++++++++++++++++++++++++++++put+x+into+theLastTokenNo%0D%0A++++++++++++++++++++++++++++++++exit+repeat%0D%0A++++++++++++++++++++++++++++end+if%0D%0A++++++++++++++++++++++++end+repeat%0D%0A++++++++++++++++++++++++select+token+theTokenNo%2B1+to+theLastTokenNo+of+fld+%22code+storage%22%0D%0A+++++++++++++++++++++++++%0D%0A++++++++++++++++++++else+if+token+theTokenNo%2B1+of+fld+%22code+storage%22+is+in+%22%28%2C%22+then%0D%0A++++++++++++++++++++++++if+token+theTokenNo%2B2+of+fld+%22code+storage%22+is+%22%29%22+then%0D%0A++++++++++++++++++++++++++++--+put+space+into+the+selectedchunk%0D%0A++++++++++++++++++++++++else%0D%0A++++++++++++++++++++++++++++select+token+theTokenNo%2B2+of+fld+%22code+storage%22%0D%0A++++++++++++++++++++++++end+if%0D%0A++++++++++++++++++++else%0D%0A++++++++++++++++++++++++select+token+theTokenNo%2B1+of+fld+%22code+storage%22%0D%0A++++++++++++++++++++end+if%0D%0A++++++++++++++++end+if%0D%0A++++++++++++else%0D%0A++++++++++++++++if+theChoice+is+word+theWordNo+of+fld+%22code+storage%22+then%0D%0A++++++++++++++++++++if+usedCompleteStatement+is+not+true+then%0D%0A++++++++++++++++++++++++put+theCharPos+%2B+the+number+of+chars+in+theChoice+-+the+number+of+chars+in+theOrigWord+into+theNewCharPos%0D%0A++++++++++++++++++++++++select+char+theNewCharPos+to+theNewCharPos-1+of+fld+%22code+storage%22+%0D%0A++++++++++++++++++++end+if%0D%0A++++++++++++++++else%0D%0A++++++++++++++++++++if+char+1+of+token+theTokenNo+%2B+1+of+fld+%22code+storage%22+is+%22%5B%22+then%0D%0A++++++++++++++++++++++++put+the+number+of+tokens+in+line+1+to+theScriptLineNo+of+fld+%22code+storage%22+into+theLastTokenNo%0D%0A++++++++++++++++++++++++--select+token+theTokenNo%2B1+to+theLastTokenNo+of+fld+%22code+storage%22%0D%0A++++++++++++++++++++else+if+token+theTokenNo%2B1+of+fld+%22code+storage%22+is+in+%22%28%2C%22+then%0D%0A++++++++++++++++++++++++if+token+theTokenNo%2B2+of+fld+%22code+storage%22+is+%22%29%22+then%0D%0A++++++++++++++++++++++++++++--+put+space+into+the+selectedchunk%0D%0A++++++++++++++++++++++++else%0D%0A++++++++++++++++++++++++++++select+token+theTokenNo%2B2+of+fld+%22code+storage%22%0D%0A++++++++++++++++++++++++end+if%0D%0A++++++++++++++++++++else%0D%0A++++++++++++++++++++++++--select+token+theTokenNo%2B1+of+fld+%22code+storage%22%0D%0A++++++++++++++++++++end+if%0D%0A++++++++++++++++end+if%0D%0A++++++++++++end+if%0D%0A++++++++else%0D%0A++++++++++++if+usedCompleteStatement+is+not+true+then%0D%0A++++++++++++++++put+theCharPos+%2B+the+number+of+chars+in+theChoice+-+the+number+of+chars+in+theOrigWord+into+theNewCharPos%0D%0A++++++++++++++++select+char+theNewCharPos+to+theNewCharPos-1+of+fld+%22code+storage%22+%0D%0A++++++++++++end+if%0D%0A++++++++++++set+the+cSelectedChunk+of+fld+%22code+storage%22+to+the+selectedchunk+%0D%0A++++++++++++--+if+the+md5digest+of+fld+%22code+storage%22+is+not+theCheckSum+then%0D%0A++++++++++++glx2SetDirtyFlag+%0D%0A++++++++++++--+end+if%0D%0A++++++++++++set+the+scroll+of+fld+%22code+storage%22+to+theScroll%0D%0A++++++++++++unlock+screen%0D%0A++++++++++++exit+insertToken+%0D%0A++++++++end+if%0D%0A++++else%0D%0A++++++++if+the+number+of+lines+in+word+1+to+theWordNo+of+fld+%22code+storage%22+%3D+%5C%0D%0A++++++++++++++++the+number+of+lines+in+word+1+to+theWordNo+%2B+1+of+fld+%22code+storage%22+then%0D%0A++++++++++++--+i.e.+this+is+not+at+the+end+of+the+line%0D%0A++++++++++++--+SARAH%3A+this+isn%27t+allowing+for+tokens+instead+of+words%0D%0A++++++++++++if+useWords+is+true+then%0D%0A++++++++++++++++put+word+theWordNo%2B1+of+fld+%22code+storage%22+into+theTestNextWord%0D%0A++++++++++++else%0D%0A++++++++++++++++put+token+theTokenNo%2B1+of+fld+%22code+storage%22+into+theTestNextWord%0D%0A++++++++++++end+if%0D%0A+++++++++++++%0D%0A++++++++++++if+useWords+%3D+true+and+theTestNextWord+is+theOrigNextWord+and+theOrigNextWord+is+not+empty+then%0D%0A++++++++++++++++put+theChoice+%26%26+theOrigNextWord+into+word+theWordNo+to+theWordNo%2B1+of+fld+%22code+storage%22%0D%0A++++++++++++++++put+theChoice+into+word+theWordNo+of+fld+%22code+storage%22+%0D%0A++++++++++++++++checkForExtraSpace+insertedExtraSpace%0D%0A++++++++++++else+if+theTestNextWord+is+theOrigNextWord+and+theOrigNextWord+is+not+empty+then%0D%0A++++++++++++++++put+theChoice+%26%26+theOrigNextWord+into+token+theTokenNo+to+theTokenNo%2B1+of+fld+%22code+storage%22%0D%0A++++++++++++++++put+theChoice+into+token+theTokenNo+of+fld+%22code+storage%22+%0D%0A++++++++++++++++checkForExtraSpace+insertedExtraSpace%0D%0A+++++++++++++++++%0D%0A++++++++++++else%0D%0A++++++++++++++++if+theChoice+is+word+theWordNo+of+fld+%22code+storage%22+then%0D%0A++++++++++++++++++++if+usedCompleteStatement+is+not+true+then%0D%0A++++++++++++++++++++++++put+theCharPos+%2B+the+number+of+chars+in+theChoice+-+the+number+of+chars+in+theOrigWord+into+theNewCharPos%0D%0A++++++++++++++++++++++++select+char+theNewCharPos+to+theNewCharPos-1+of+fld+%22code+storage%22+%0D%0A++++++++++++++++++++end+if%0D%0A++++++++++++++++else%0D%0A++++++++++++++++++++if+char+1+of+token+theTokenNo+%2B+1+of+fld+%22code+storage%22+is+%22%5B%22+then%0D%0A++++++++++++++++++++++++put+the+number+of+tokens+in+line+1+to+theScriptLineNo+of+fld+%22code+storage%22+into+theLastTokenNo%0D%0A++++++++++++++++++++++++--select+token+theTokenNo%2B1+to+theLastTokenNo+of+fld+%22code+storage%22%0D%0A++++++++++++++++++++else+if+token+theTokenNo%2B1+of+fld+%22code+storage%22+is+in+%22%28%2C%22+then%0D%0A++++++++++++++++++++++++if+token+theTokenNo%2B2+of+fld+%22code+storage%22+is+%22%29%22+then%0D%0A++++++++++++++++++++++++++++--+put+space+into+the+selectedchunk%0D%0A++++++++++++++++++++++++else%0D%0A++++++++++++++++++++++++++++select+token+theTokenNo%2B2+of+fld+%22code+storage%22%0D%0A++++++++++++++++++++++++end+if%0D%0A++++++++++++++++++++else%0D%0A++++++++++++++++++++++++select+token+theTokenNo%2B1+of+fld+%22code+storage%22%0D%0A++++++++++++++++++++end+if%0D%0A++++++++++++++++end+if%0D%0A++++++++++++end+if%0D%0A++++++++else%0D%0A++++++++++++if+theChoice+is+word+theWordNo+of+fld+%22code+storage%22+then%0D%0A++++++++++++++++if+usedCompleteStatement+is+not+true+then+%0D%0A++++++++++++++++++++put+theCharPos+%2B+the+number+of+chars+in+theChoice+-+the+number+of+chars+in+theOrigWord+into+theNewCharPos%0D%0A++++++++++++++++++++select+char+theNewCharPos+to+theNewCharPos-1+of+fld+%22code+storage%22+%0D%0A++++++++++++++++end+if%0D%0A++++++++++++else%0D%0A++++++++++++++++if+char+1+of+token+theTokenNo+%2B+1+of+fld+%22code+storage%22+is+%22%5B%22+then%0D%0A++++++++++++++++++++put+the+number+of+tokens+in+line+1+to+theScriptLineNo+of+fld+%22code+storage%22+into+theLastTokenNo%0D%0A++++++++++++++++++++--select+token+theTokenNo%2B1+to+theLastTokenNo+of+fld+%22code+storage%22%0D%0A++++++++++++++++else+if+token+theTokenNo%2B1+of+fld+%22code+storage%22+is+in+%22%28%2C%22+then%0D%0A++++++++++++++++++++if+token+theTokenNo%2B2+of+fld+%22code+storage%22+is+%22%29%22+then%0D%0A++++++++++++++++++++++++--+put+space+into+the+selectedchunk%0D%0A++++++++++++++++++++else%0D%0A++++++++++++++++++++++++select+token+theTokenNo%2B2+of+fld+%22code+storage%22%0D%0A++++++++++++++++++++end+if%0D%0A++++++++++++++++else%0D%0A++++++++++++++++++++--select+token+theTokenNo%2B1+of+fld+%22code+storage%22%0D%0A++++++++++++++++end+if%0D%0A++++++++++++end+if%0D%0A++++++++end+if%0D%0A++++end+if%0D%0A++++%0D%0A++++put+word+4+of+the+selectedchunk+into+theCharPos%0D%0A++++if+char+theCharPos+of+fld+%22code+storage%22+is+space+then%0D%0A++++++++--write+char+theCharPos+of+fld+%22code+storage%22+%26+cr+to+stdout+%0D%0A++++++++set+the+textstyle+of+char+theCharPos+of+fld+%22code+storage%22+to+empty+%0D%0A++++end+if%0D%0A++++set+the+cSelectedChunk+of+fld+%22code+storage%22+to+the+selectedchunk+%0D%0A+++++%0D%0A++++set+the+scroll+of+fld+%22code+storage%22+to+theScroll%0D%0A++++--+if+the+md5digest+of+fld+%22code+storage%22+is+not+theCheckSum+then%0D%0A++++glx2SetDirtyFlag+%0D%0A++++--+end+if%0D%0A++++%0D%0A++++if+word+theWordNo+of+fld+%22code+storage%22+is+among+the+items+of+%22pass%2Cnext%2Cexit%2Cend%22+and+the+selectedtext+is+not+empty+then%0D%0A++++++++select+char+theCharPos%2B1+to+theCharPos+of+fld+%22code+storage%22%0D%0A++++end+if%0D%0A++++%0D%0A++++unlock+screen%0D%0A++++%0D%0Aend+insertToken%0D%0A%0D%0Aon+mouseDoubleUp%0D%0A++++put+revXMLNumberOfChildren+%0D%0Aend+mouseDoubleUp%0D%0A%0D%0Aon+mouseUp%0D%0A++++insertToken%0D%0Aend+mouseUp%0D%0A%0D%0Aon+mouseMove%0D%0A++++exit+mouseMove%0D%0A++++put+word+2+of+the+mouseline+into+theLineNo%0D%0A++++set+the+hilitedline+of+me+to+theLineNo%0D%0A++++focus+on+fld+%22code+storage%22%0D%0Aend+mouseMove%0D%0A%0D%0Aon+returnInField%0D%0A++++send+%22mouseUp%22+to+me%0D%0Aend+returnInField%0D%0A%0D%0Aon+enterinfield%0D%0A++++send+%22mouseUp%22+to+me%0D%0Aend+enterinfield%0D%0A%0D%0Aon+enterKey%0D%0A++++send+%22mouseUp%22+to+me%0D%0Aend+enterKey%0D%0A%0D%0Aon+rawKeyDown+theKeyNumber%0D%0A++++if+theKeyNumber+is+65308+then+increaseScroll+--+mouse+wheel+down%0D%0A++++else+if+theKeyNumber+is+65309+then+decreaseScroll+--+mouse+wheel+up%0D%0A++++else+pass+rawKeyDown+--+don%27t+forget+this%21%0D%0Aend+rawKeyDown%0D%0A%0D%0Aon+increaseScroll%0D%0A++++lock+screen%0D%0A++++put+the+textheight+of+me+into+theHeight%0D%0A++++put+the+scroll+of+me+into+theScroll%0D%0A++++add+theHeight+to+theScroll%0D%0A++++set+the+scroll+of+me+to+theScroll%0D%0A++++if+the+mouseloc+is+within+the+rect+of+me+then%0D%0A++++++++put+word+2+of+the+mouseline+into+theLineNo%0D%0A++++++++set+the+hilitedline+of+me+to+theLineNo%0D%0A++++end+if%0D%0A++++focus+on+fld+%22code+storage%22%0D%0A++++unlock+screen%0D%0Aend+increaseScroll%0D%0A%0D%0Aon+decreaseScroll%0D%0A++++lock+screen%0D%0A++++put+the+textheight+of+me+into+theHeight%0D%0A++++put+the+scroll+of+me+into+theScroll%0D%0A++++subtract+theHeight+from+theScroll%0D%0A++++set+the+scroll+of+me+to+theScroll%0D%0A++++if+the+mouseloc+is+within+the+rect+of+me+then%0D%0A++++++++put+word+2+of+the+mouseline+into+theLineNo%0D%0A++++++++set+the+hilitedline+of+me+to+theLineNo%0D%0A++++end+if%0D%0A++++focus+on+fld+%22code+storage%22%0D%0A++++unlock+screen%0D%0Aend+decreaseScroll%0D%0A" )</script>
</field>
