<field name="opening instruction" id="270988">
<traversalOn>false</traversalOn>
<ink>srcCopy</ink>
<firstIndent>0</firstIndent>
<dontSearch>false</dontSearch>
<toggleHilites>false</toggleHilites>
<threeD>true</threeD>
<scrollbarWidth>20</scrollbarWidth>
<blendLevel>0</blendLevel>
<textHeight>24</textHeight>
<rect>263,359,643,423</rect>
<multipleHilites>false</multipleHilites>
<colors>urldecode( "255%2C255%2C255%0D%0A%0D%0A%0D%0A%0D%0A%0D%0A%0D%0A%0D%0A" )</colors>
<shadow>false</shadow>
<hScroll>0</hScroll>
<textAlign>center</textAlign>
<vScrollbar>false</vScrollbar>
<hScrollbar>false</hScrollbar>
<id>270988</id>
<altId>0</altId>
<autoTab>false</autoTab>
<textStyle>plain</textStyle>
<hGrid>false</hGrid>
<lockLoc>false</lockLoc>
<dontWrap>false</dontWrap>
<autoHilite>false</autoHilite>
<style>transparent</style>
<showLines>false</showLines>
<sharedText>true</sharedText>
<noncontiguousHilites>false</noncontiguousHilites>
<lockText>true</lockText>
<scroll>0</scroll>
<name>field "opening instruction"</name>
<vGrid>false</vGrid>
<listBehavior>false</listBehavior>
<layer>115</layer>
<visible>true</visible>
<cantSelect>false</cantSelect>
<borderWidth>2</borderWidth>
<margins>8</margins>
<htmlText>urldecode( "%3Cp%3E%3Cfont+size%3D%2224%22+color%3D%22%23AAAAAA%22%3EEdit+the+script+of+any+object%3C%2Ffont%3E%3C%2Fp%3E%0D%0A%3Cp%3E%3Cfont+size%3D%2215%22+color%3D%22%23AAAAAA%22%3Eand+you+will+see+that+script+displayed+here.%3C%2Ffont%3E%3C%2Fp%3E" )</htmlText>
<threeDHilite>false</threeDHilite>
<opaque>false</opaque>
<shadowOffset>4</shadowOffset>
<showBorder>false</showBorder>
<textSize>18</textSize>
<disabled>false</disabled>
<fixedLineHeight>true</fixedLineHeight>
<textFont>Verdana</textFont>
<vScroll>0</vScroll>
<showFocusBorder>true</showFocusBorder>
<custompropertyset name= "cGlx2TimeStamp">
<checksum>urldecode( "%D4%1D%8C%D9%8F%00%B2%04%E9%80%09%98%EC%F8B%7E" )</checksum>
</custompropertyset>
</field>
