{"stackFileArray": {"Global_Chat_Menu": "controllers/Global_Chat_Menu.livecodescript","Global_Telegram_Menu": "controllers/Global_Telegram_Menu.livecodescript","lib_Slack": "libraries/lib_Slack.livecodescript","lib_Telegram": "libraries/lib_Telegram.livecodescript"},"Global Menus": {"Global | Telegram | Menu": {"mController": "stack \"/Users/BabyBlue/Desktop/git-repos/lcw_Chat/controllers/Global_Telegram_Menu.livecodescript\"","gMenuTable": "Create Wiki Page\tmenu_CreateWikiPage mTarget\tstack \"Global_Telegram_Menu\"\tGlobal | Telegram | Menu\t\t\t\t\tCreate Wiki Page\n-\nDocumentation\tmenu_Documentation subMenuPath, mTarget\tstack \"Global_Telegram_Menu\"\tGlobal | Telegram | Menu\t\tfixed\tsubmenu_Fixed[menu_Documentation]\twhich_Doc\tDocumentation\nDev\t\tstack \"Global_Telegram_Menu\"\tGlobal | Telegram | Menu\t\tsubmenu\tDev | Menu\tstack \"Global_Telegram_Menu\"\tDev"},"Global | Telegram | Line | Menu": {"mController": "stack \"/Users/BabyBlue/Desktop/git-repos/lcw_Chat/controllers/Global_Telegram_Menu.livecodescript\"","gMenuTable": "Display File Path\tmenu_DisplayFilePath mTarget\tstack \"Global_Telegram_Menu\"\tGlobal | Telegram | Line | Menu\t\t\t\t\tDisplay File Path\n-\nDisplay Voice\tmenu_DisplayVoice mTarget\tstack \"Global_Telegram_Menu\"\tGlobal | Telegram | Line | Menu\t\t\t\t\tDisplay Voice\nDisplay Audio\tmenu_DisplayAudio mTarget\tstack \"Global_Telegram_Menu\"\tGlobal | Telegram | Line | Menu\tdisabled_DisplayAudio\t\t\t\tDisplay Audio\nDisplay Image\tmenu_DisplayImage mTarget\tstack \"Global_Telegram_Menu\"\tGlobal | Telegram | Line | Menu\t\t\t\t\tDisplay Image"},"Global | Chat | Menu": {"mController": "stack \"/Users/BabyBlue/Desktop/git-repos/lcw_Chat/controllers/Global_Chat_Menu.livecodescript\"","gMenuTable": "Telegram\t\tstack \"Global_Chat_Menu\"\tGlobal | Chat | Menu\t\tsubmenu\tGlobal | Telegram | Menu\tstack \"Global_Chat_Menu\"\tTelegram\n-\nSend Message\tmenu_SendMessage mTarget\tstack \"Global_Chat_Menu\"\tGlobal | Chat | Menu\t\t\t\t\tSend Message\nAuthenticate Slack\tmenu_AuthenticateSlack mTarget\tstack \"Global_Chat_Menu\"\tGlobal | Chat | Menu\t\t\t\t\tAuthenticate Slack\n-\nSlack Docs\tmenu_SlackDocs subMenuPath, mTarget\tstack \"Global_Chat_Menu\"\tGlobal | Chat | Menu\t\tfixed\tsubmenu_Fixed[menu_SlackDocs]\twhich_Docs\tSlack Docs"}}}