{"stackFileArray": {"lib_BehaviorExtras": "libraries/lib_BehaviorExtras.livecodescript","lib_CCC": "libraries/lib_CCC.livecode","View|Layout|Resize|Packed": "views/Layout_Resize_Packed.rev","View|Field|Hypertext": "views/Field_Hypertext.rev","Global | Script | Merge | Menu": "controllers/Global_Script_Merge_Menu.livecodescript","Global_Handler_Library_Menu": "controllers/Global_Handler_Library_Menu.livecodescript","model_ProjectArray": "models/model_ProjectArray.livecodescript","Global_Menu_Table_Menu": "controllers/Global_Menu_Table_Menu.livecodescript","Global_HkeyArray_Tree_Display_Menu": "controllers/Global_HkeyArray_Tree_Display_Menu.livecodescript","behavior_ViewImageWithText": "behaviors/behavior_ViewImageWithText.livecodescript","behavior_View|Layouts|Vertical|Two": "behaviors/behavior_LayoutVerticalTwo.livecodescript","behavior_View": "behaviors/behavior_View.livecodescript","Global | Project | Stack | Menu": "controllers/Global_Project_Stack_Menu.livecodescript","Global_HkeyArray_Menu": "controllers/Global_HkeyArray_Menu.livecodescript","Global_Pref_Menu": "controllers/Global_Pref_Menu.livecodescript","lib_Dot": "libraries/lib_Dot.livecode","model_Meta": "models/model_Meta.livecodescript","Global_View_Authoring_Menu": "controllers/Global_View_Authoring_Menu.livecodescript","View|Shape|Hexagon": "modules/View_Shape_Hexagon/View_Shape_Hexagon.livecode","View|Shape|Octagon": "modules/View_Shape_Octagon/View_Shape_Octagon.livecode","behavior_ViewShapeCobweb": "modules/View_Shape_Cobweb/behaviors/behavior_ViewShapeCobweb.livecodescript","lib_Geometry": "libraries/lib_Geometry.livecodescript","Global_HkeyArray_Line_Menu": "controllers/Global_HkeyArray_Line_Menu.livecodescript","Global_HkeyArray_Script_Tree_Line_Menu": "controllers/Global_HkeyArray_Script_Tree_Line_Menu.livecodescript","Global_HkeyArray_Hkey_Menu": "controllers/Global_HkeyArray_Hkey_Menu.livecodescript","lib_Cloud": "libraries/lib_Cloud.livecode","Global_Shape_Pair_Menu": "modules/View_Shape_Pair/controllers/Global_Shape_Pair_Menu.livecodescript","lib_GeometryTest": "libraries/lib_GeometryTest.livecodescript","Global_HkeyArray_Graph_Create_Menu": "controllers/Global_HkeyArray_Graph_Create_Menu.livecodescript","View|Layout|Vertical|Split": "views/Layout_Vertical_Split.livecode","Global_HkeyPlaceObject_Menu": "controllers/Global_HkeyPlaceObject_Menu.livecodescript","behavior_View|Layouts|Horizontal|LeftToRight": "behaviors/behavior_LayoutHorizontalLeftToRight.livecodescript","Global_Stack_Snapshot_Menu": "controllers/Global_Stack_Snapshot_Menu.livecodescript","Transporter Drop Urls": "stacks/Transporter Drop Urls.livecode","lib_IdeHack": "libraries/lib_IdeHack.livecodescript","Global_Stack_Tidy_Menu": "controllers/Global_Stack_Tidy_Menu.livecodescript","Untitled 1": "stacks/scrollingTest.livecode","Global_Mainstack_Test_Menu": "controllers/Global_Mainstack_Test_Menu.livecodescript","Global_Shape_Octagon_Menu": "modules/View_Shape_Octagon/controllers/Global_Shape_Octagon_Menu.livecodescript","Rescue Livecode World": "stacks/Rescue Livecode World.livecode","behavior_View|Layout|Vertical|Split": "behaviors/behavior_LayoutVerticalSplit.livecodescript","Wiki": "stacks/Wiki.livecode","behavior_MenuStack": "behaviors/behavior_MenuStack.livecode","Global_IDE_Menu": "controllers/Global_IDE_Menu.livecodescript","Global_HkeyArray_Tree_Filter_Menu": "controllers/Global_HkeyArray_Tree_Filter_Menu.livecodescript","model_Mainstack": "models/model_Mainstack.livecodescript","lib_Mainstack": "libraries/lib_Mainstack.livecodescript","behavior_ViewBrowserCard": "behaviors/behavior_ViewBrowserCard.livecodescript","Global_Project_Line_Menu": "controllers/Global_Project_Line_Menu.livecodescript","Test Image": "stacks/Test Image.livecode","Global_DepObjects_Line_Menu": "controllers/Global_DepObjects_Line_Menu.livecodescript","Global_HkeyArray_Script_Tree_Menu": "controllers/Global_HkeyArray_Script_Tree_Menu.livecodescript","lib_AppleScript": "libraries/lib_AppleScript.livecodescript","Global_Shape_Hexagon_Menu": "modules/View_Shape_Hexagon/controllers/Global_Shape_Hexagon_Menu.livecodescript","behavior_Browser": "behaviors/behavior_Browser.livecodescript","lib_Encoding": "libraries/lib_Encoding.livecode","View|Shape|Pair": "modules/View_Shape_Pair/View_Shape_Pair.livecode","Global_Menu_Global Cards_Menu": "controllers/Global_Menu_Global Cards_Menu.livecodescript","behavior_View|Divider|Vertical": "behaviors/behavior_ViewDividerVertical.livecodescript","View|Tree|DataGrid": "views/Tree_DataGrid.rev","HAP Coder": "stacks/hap_Coder.livecode","behavior_ViewButtonSVG": "modules/View_Button_SVG/behaviors/behavior_ViewButtonSVG.livecodescript","Global_View_Test_Geometry_Menu": "controllers/Global_View_Test_Geometry_Menu.livecodescript","lib_Wireframe": "libraries/lib_Wireframe.livecodescript","Global_Object_Folder_Menu": "controllers/Global_Object_Folder_Menu.livecodescript","lib_ViewUpdate": "libraries/lib_ViewUpdate.livecodescript","lib_Edit": "libraries/lib_Edit.livecodescript","Global_View_Card_Tools_Menu": "controllers/Global_View_Card_Tools_Menu.livecodescript","View|Title|Right Align": "views/Title_Right Align.rev","behavior_View|Layouts|Vertical|Two|Divider": "behaviors/behavior_LayoutVerticalTwoDivider.livecodescript","HAP Documentation": "stacks/HAP Documentation.livecode","View|Image|Fit Inside": "views/Image_Fit Inside.rev","Global_View_Property_Menu": "controllers/Global_View_Property_Menu.livecodescript","View|Layouts|Horizontal|Left to Right": "views/Layouts_Horizontal_Left to Right.rev","View|Button|Disclose|Down": "views/Button_Disclose_Down.rev","lib_DirectoryWalker": "libraries/lib_DirectoryWalker.livecode","behavior_ViewRecordDescription": "behaviors/behavior_ViewRecordDescription.livecodescript","Global_Shape_Cobweb_Menu": "modules/View_Shape_Cobweb/controllers/Global_Shape_Cobweb_Menu.livecodescript","Global_Library_Manage_Menu": "controllers/Global_Library_Manage_Menu.livecodescript","Global_Hkey_Send_Menu": "controllers/Global_Hkey_Send_Menu.livecodescript","lib_FindHkey": "libraries/lib_FindHkey.livecodescript","lib_Project": "libraries/lib_Project.livecodescript","lib_ViewExtras": "libraries/lib_ViewExtras.livecodescript","behavior_ViewShapeHexagon": "modules/View_Shape_Hexagon/behaviors/behavior_ViewShapeHexagon.livecodescript","Global_Button_SVG_Menu": "modules/View_Button_SVG/controllers/Global_Button_SVG_Menu.livecodescript","Global_DepObjects_Tree_Menu": "controllers/Global_DepObjects_Tree_Menu.livecodescript","behavior_ViewShapeHexagonSet": "modules/View_Shape_Hexagon_Set/behaviors/behavior_ViewShapeHexagonSet.livecodescript","IPFS video Player": "stacks/IPFS video Player.livecode","View|Image|With Text": "views/Image_With Text.rev","Global_HkeyArray_Tree_Deps_Menu": "controllers/Global_HkeyArray_Tree_Deps_Menu.livecodescript","lib_Finder": "libraries/lib_Finder.livecodescript","libOPN_ViewBrowser": "stacks/libOPN_ViewBrowser.rev","behavior_ViewShapeRing": "modules/View_Shape_Ring/behaviors/behavior_ViewShapeRing.livecodescript","behavior_View|Tree|Datagrid": "behaviors/behavior_ViewTreeDatagrid.livecodescript","Documentation": "stacks/Documentation.livecode","View|Button|SVG": "modules/View_Button_SVG/View_Button_SVG.livecode","lib_XML": "libraries/lib_XML.livecode","Test Array": "stacks/Test Array.livecode","behavior_ViewShapePair": "modules/View_Shape_Pair/behaviors/behavior_ViewShapePair.livecodescript","lib_Object": "libraries/lib_Object.livecodescript","behavior_DisplayHkeyCard": "behaviors/behavior_HkeyCard.livecodescript","Global_Project_Important_Menu": "controllers/Global_Project_Important_Menu.livecodescript","Global_Menu_Global_Menu": "controllers/Global_Menu_Global_Menu.livecodescript","Global | Behavior | Menu": "controllers/Global_Behavior_Menu.livecodescript","Global_Shape_Ring_Menu": "modules/View_Shape_Ring/controllers/Global_Shape_Ring_Menu.livecodescript","behavior_DisplayScriptCard": "behaviors/behavior_ScriptCard.livecodescript","behavior_FedwikiOverides": "behaviors/behavior_FedwikiOverides.livecodescript","View|SFW|Story": "views/SFW_Story.livecode","lib_ObjectLayer": "libraries/lib_ObjectLayer.livecodescript","behavior_ServerScriptContainer": "behaviors/behavior_ServerScriptContainer.livecodescript","Global_HkeyArray_Tree_Menu": "controllers/Global_HkeyArray_Tree_Menu.livecodescript","Global | Behavior | View | Menu": "controllers/Global_Behavior_View_Menu.livecodescript","View|Record|View Description": "views/Record_View Description.rev","Global_Handler_Dictionary_Menu": "controllers/Global_Handler_Dictionary_Menu.livecodescript","behavior_RevScriptEditorStack": "behaviors/behavior_RevScriptEditorStack.livecodescript","model_TextStack": "models/model_TextStack.livecodescript","Global_Shape_Hexagon_Set_Menu": "modules/View_Shape_Hexagon_Set/controllers/Global_Shape_Hexagon_Set_Menu.livecodescript","View|Image|Icons": "views/Image_Icons.rev","Global_Stack_Menu": "controllers/Global_Stack_Menu.livecodescript","Global | Menu | Substack | Menu": "controllers/Global_Menu_Substack_Menu.livecodescript","View|Shape|Ring": "modules/View_Shape_Ring/View_Shape_Ring.livecode","lib_ObjectText": "libraries/lib_ObjectText.livecodescript","Global_Project_Stack_Tree_Menu": "controllers/Global_Project_Stack_Tree_Menu.livecodescript","behavior_Geometry": "behaviors/behavior_Geometry.livecodescript","behavior_ViewShapeOctagon": "modules/View_Shape_Octagon/behaviors/behavior_ViewShapeOctagon.livecodescript","lib_MenuButton": "libraries/lib_MenuButton.livecodescript","Global_View_Browser_Title_Menu": "controllers/Global_View_Browser_Title_Menu.livecodescript","lib_DateTime": "libraries/lib_DateTime.livecode","View|Display|Text|Basic": "views/Display_Text_Basic.rev","View|Shape|Cobweb": "modules/View_Shape_Cobweb/View_Shape_Cobweb.livecode"},"Global Menus": {"Global | Object | Folder | Menu": {"mController": "stack \"/Users/BabyBlue/Desktop/git-repos/lcw_Authoring/controllers/Global_Object_Folder_Menu.livecodescript\"","gMenuTable": "Reveal Folder\tmenu_RevealFolder subMenuPath, mTarget\tstack \"Global_Object_Folder_Menu\"\tGlobal | Object | Folder | Menu\t\tcustom submenu\tfolder_Props\tfolder_Prop\tReveal Folder"},"Global | View | Authoring | Menu": {"mController": "stack \"/Users/BabyBlue/Desktop/git-repos/lcw_Authoring/controllers/Global_View_Authoring_Menu.livecodescript\"","gMenuTable": "Clone\tmenu_Clone mTarget\tstack \"Global_View_Authoring_Menu\"\tGlobal | View | Authoring | Menu\t\t\t\t\tClone\n-\nCreate Module Menu\tmenu_CreateModuleMenu mTarget\tstack \"Global_View_Authoring_Menu\"\tGlobal | View | Authoring | Menu\t\t\t\t\tCreate Module Menu\nAssets\t\tstack \"Global_View_Authoring_Menu\"\tGlobal | View | Authoring | Menu\t\tsubmenu\tGlobal | View | Assets | Menu\tstack \"Global_Assets_Menu\"\tAssets\n-\nReveal Module Folder\tmenu_RevealModuleFolder mTarget\tstack \"Global_View_Authoring_Menu\"\tGlobal | View | Authoring | Menu\t\t\t\t\tReveal Module Folder\nModule Asset Folder\tmenu_ModuleAssetFolder mTarget\tstack \"Global_View_Authoring_Menu\"\tGlobal | View | Authoring | Menu\t\t\t\t\tModule Asset Folder\n-\nSet Card Margin\tmenu_SetCardMargin mTarget\tstack \"Global_View_Authoring_Menu\"\tGlobal | View | Authoring | Menu\t\t\t\t\tSet Card Margin\nDisplay View\tmenu_DisplayView mTarget\tstack \"Global_View_Authoring_Menu\"\tGlobal | View | Authoring | Menu\t\t\t\t\tDisplay View\nDisplay View Template\tmenu_DisplayViewTemplate mTarget\tstack \"Global_View_Authoring_Menu\"\tGlobal | View | Authoring | Menu\t\t\t\t\tDisplay View Template\n-\nEdit View Menus\tmenu_EditViewMenus mTarget\tstack \"Global_View_Authoring_Menu\"\tGlobal | View | Authoring | Menu\tdisabled_EditViewMenus\t\t\t\tEdit View Menus\nEdit View Behaviors\tmenu_EditViewBehaviors mTarget\tstack \"Global_View_Authoring_Menu\"\tGlobal | View | Authoring | Menu\tdisabled_EditViewBehaviors\t\t\t\tEdit View Behaviors\nReindex Menus\tmenu_ReindexMenus mTarget\tstack \"Global_View_Authoring_Menu\"\tGlobal | View | Authoring | Menu\t\t\t\t\tReindex Menus\n-\nSet Card View Behavior\tmenu_SetCardViewBehavior mTarget\tstack \"Global_View_Authoring_Menu\"\tGlobal | View | Authoring | Menu\tdisabled_SetCardViewBehavior\t\t\t\tSet Card View Behavior\nSet View Metadata\tmenu_SetViewMetadata mTarget\tstack \"Global_View_Authoring_Menu\"\tGlobal | View | Authoring | Menu\tdisabled_SetViewMetadata\t\t\t\tSet View Metadata\nCreate View Menu\tmenu_CreateViewMenu mTarget\tstack \"Global_View_Authoring_Menu\"\tGlobal | View | Authoring | Menu\t\t\t\t\tCreate View Menu\n-\nFix View\tmenu_FixView mTarget\tstack \"Global_View_Authoring_Menu\"\tGlobal | View | Authoring | Menu\tdisabled_FixView\t\t\t\tFix View\nWireframe\t\tstack \"Global_View_Authoring_Menu\"\tGlobal | View | Authoring | Menu\t\tsubmenu\tGlobal | View | Wireframe | Menu\tstack \"Global_View_Authoring_Menu\"\tWireframe"},"Global | DepObjects | Tree | Menu": {"mController": "stack \"/Users/BabyBlue/Desktop/git-repos/lcw_Authoring/controllers/Global_DepObjects_Tree_Menu.livecodescript\"","gMenuTable": "Display Stored Dep Array\tmenu_DisplayStoredDepArray mTarget\tstack \"Global_DepObjects_Tree_Menu\"\tGlobal | DepObjects | Tree | Menu\t\t\t\t\tDisplay Stored Dep Array\nDisplay Hkey Svg\tmenu_DisplayHkeySvg mTarget\tstack \"Global_DepObjects_Tree_Menu\"\tGlobal | DepObjects | Tree | Menu\t\t\t\t\tDisplay Hkey Svg\n-\nRedraw Hkey Dep Graph\tmenu_RedrawHkeyDepGraph mTarget\tstack \"Global_DepObjects_Tree_Menu\"\tGlobal | DepObjects | Tree | Menu\t\t\t\t\tRedraw Hkey Dep Graph\nCreate Handler Object Graph\tmenu_CreateHandlerObjectGraph mTarget\tstack \"Global_DepObjects_Tree_Menu\"\tGlobal | DepObjects | Tree | Menu\t\t\t\t\tCreate Handler Object Graph"},"Global | Mainstack | Test | Menu": {"mController": "stack \"/Users/BabyBlue/Desktop/git-repos/lcw_Authoring/controllers/Global_Mainstack_Test_Menu.livecodescript\"","gMenuTable": "Export Project Files And Create Harray\tmenu_ExportProjectFilesAndCreateHarray mTarget\tstack \"Global_Mainstack_Test_Menu\"\tGlobal | Mainstack | Test | Menu\tdisabled_ExportProjectFilesAndCreateHarray\t\t\t\tExport Project Files And Create Harray\nCreate Dependency Array\tmenu_CreateDependencyArray mTarget\tstack \"Global_Mainstack_Test_Menu\"\tGlobal | Mainstack | Test | Menu\tdisabled_CreateDependencyArray\t\t\t\tCreate Dependency Array\n-\nDisplay Project Dependency Graph\tmenu_DisplayProjectDependencyGraph mTarget\tstack \"Global_Mainstack_Test_Menu\"\tGlobal | Mainstack | Test | Menu\tdisabled_DisplayProjectDependencyGraph\t\t\t\tDisplay Project Dependency Graph\nCreate Project Dependency Graph\tmenu_CreateProjectDependencyGraph subMenuPath, mTarget\tstack \"Global_Mainstack_Test_Menu\"\tGlobal | Mainstack | Test | Menu\t\tcustom submenu\tgraph_Styles\tgraph_Style\tCreate Project Dependency Graph\nDraw Without Sub Graphs\tmenu_DrawWithoutSubGraphs mTarget\tstack \"Global_Mainstack_Test_Menu\"\tGlobal | Mainstack | Test | Menu\t\t\t\t\tDraw Without Sub Graphs\n-\nDisplay Main Stack Hkey Walk Array\tmenu_DisplayMainStackHkeyWalkArray mTarget\tstack \"Global_Mainstack_Test_Menu\"\tGlobal | Mainstack | Test | Menu\tdisabled_DisplayMainStackHkeyWalkArray\t\t\t\tDisplay Main Stack Hkey Walk Array\nDisplay Main Stack Hkey Array\tmenu_DisplayMainStackHkeyArray mTarget\tstack \"Global_Mainstack_Test_Menu\"\tGlobal | Mainstack | Test | Menu\tdisabled_DisplayMainStackHkeyArray\t\t\t\tDisplay Main Stack Hkey Array\nDisplay Main Stack Harray\tmenu_DisplayMainStackHarray mTarget\tstack \"Global_Mainstack_Test_Menu\"\tGlobal | Mainstack | Test | Menu\tdisabled_DisplayMainStackHarray\t\t\t\tDisplay Main Stack Harray\nDisplay Project Manifest\tmenu_DisplayProjectManifest mTarget\tstack \"Global_Mainstack_Test_Menu\"\tGlobal | Mainstack | Test | Menu\tdisabled_DisplayProjectManifest\t\t\t\tDisplay Project Manifest\n-\nReveal Project Metadata Folder\tmenu_RevealProjectMetadataFolder mTarget\tstack \"Global_Mainstack_Test_Menu\"\tGlobal | Mainstack | Test | Menu\t\t\t\t\tReveal Project Metadata Folder\nReveal Text Stack Folder\tmenu_RevealTextStackFolder mTarget\tstack \"Global_Mainstack_Test_Menu\"\tGlobal | Mainstack | Test | Menu\t\t\t\t\tReveal Text Stack Folder"},"Global | DepObjects | Line | Menu": {"mController": "stack \"/Users/BabyBlue/Desktop/git-repos/lcw_Authoring/controllers/Global_DepObjects_Line_Menu.livecodescript\"","gMenuTable": "Delete Line\tmenu_DeleteLine mTarget\tstack \"Global_DepObjects_Line_Menu\"\tGlobal | DepObjects | Line | Menu\t\t\t\t\tDelete Line\nDisplay Object Hkeys\tmenu_DisplayObjectHkeys mTarget\tstack \"Global_DepObjects_Line_Menu\"\tGlobal | DepObjects | Line | Menu\t\t\t\t\tDisplay Object Hkeys"},"Global | Handler | Dictionary | Menu": {"mController": "stack \"/Users/BabyBlue/Desktop/git-repos/lcw_Authoring/controllers/Global_Handler_Dictionary_Menu.livecodescript\"","gMenuTable": "Display Dictionary Terms\tmenu_DisplayDictionaryTerms mTarget\tstack \"Global_Handler_Dictionary_Menu\"\tGlobal | Handler | Dictionary | Menu\t\t\t\t\tDisplay Dictionary Terms\n-\nLoad Dictionary Terms\tmenu_LoadDictionaryTerms mTarget\tstack \"Global_Handler_Dictionary_Menu\"\tGlobal | Handler | Dictionary | Menu\t\t\t\t\tLoad Dictionary Terms\nFetch Dictionary Terms\tmenu_FetchDictionaryTerms mTarget\tstack \"Global_Handler_Dictionary_Menu\"\tGlobal | Handler | Dictionary | Menu\t\t\t\t\tFetch Dictionary Terms\nStore Dictionary Terms\tmenu_StoreDictionaryTerms mTarget\tstack \"Global_Handler_Dictionary_Menu\"\tGlobal | Handler | Dictionary | Menu\t\t\t\t\tStore Dictionary Terms\n-\nRev Dictionary Terms\tmenu_RevDictionaryTerms mTarget\tstack \"Global_Handler_Dictionary_Menu\"\tGlobal | Handler | Dictionary | Menu\t\t\t\t\tRev Dictionary Terms"},"Global | Menu | Substack | Menu": {"mController": "stack \"/Users/BabyBlue/Desktop/git-repos/lcw_Authoring/controllers/Global_Menu_Substack_Menu.livecodescript\"","gMenuTable": "Reindex Local Menus\tmenu_ReindexLocalMenus mTarget\tstack \"Global | Menu | Substack | Menu\"\tGlobal | Menu | Substack | Menu\t\t\t\t\tReindex Local Menus\nCreate Menu Card\tmenu_CreateMenuCard subMenuPath, mTarget\tstack \"Global | Menu | Substack | Menu\"\tGlobal | Menu | Substack | Menu\t\tcustom submenu\tlocal_MenuTitles\tlocal_MenuTitle\tCreate Menu Card\nEdit Menu Card\tmenu_EditMenuCard subMenuPath, mTarget\tstack \"Global | Menu | Substack | Menu\"\tGlobal | Menu | Substack | Menu\tdisabled_EditMenuCard\tcustom submenu\tm_Cards\tm_Card\tEdit Menu Card\nDelete Menu Card\tmenu_DeleteMenuCard subMenuPath, mTarget\tstack \"Global | Menu | Substack | Menu\"\tGlobal | Menu | Substack | Menu\tdisabled_DeleteMenuCard\tcustom submenu\tm_Cards\tm_Card\tDelete Menu Card\n-\nShow Menu Stack\tmenu_ShowMenuStack subMenuPath, mTarget\tstack \"Global | Menu | Substack | Menu\"\tGlobal | Menu | Substack | Menu\tdisabled_ShowMenuStack\tboolean\tsubmenu_Boolean\tshow_MenuStack\tShow Menu Stack\nDelete Menu Stack\tmenu_DeleteMenuStack mTarget\tstack \"Global | Menu | Substack | Menu\"\tGlobal | Menu | Substack | Menu\tdisabled_DeleteMenuStack\t\t\t\tDelete Menu Stack\n-\nDev\t\tstack \"Global | Menu | Substack | Menu\"\tGlobal | Menu | Substack | Menu\t\tsubmenu\tDev | Menu\tstack \"Global | Menu | Substack | Menu\"\tDev"},"Global | HkeyArray | Tree | Deps | Menu": {"mController": "stack \"/Users/BabyBlue/Desktop/git-repos/lcw_Authoring/controllers/Global_HkeyArray_Tree_Deps_Menu.livecodescript\"","gMenuTable": "Project Dep Stacks\tmenu_ProjectDepStacks subMenuPath, mTarget\tstack \"Global_HkeyArray_Tree_Deps_Menu\"\tGlobal | HkeyArray | Tree | Deps | Menu\t\tcustom submenu\tcall_ProjectNames\tcall_ProjectName\tProject Dep Stacks\nMove Used\tmenu_MoveUsed subMenuPath, mTarget\tstack \"Global_HkeyArray_Tree_Deps_Menu\"\tGlobal | HkeyArray | Tree | Deps | Menu\t\tcustom submenu\tnew_ProjectNames\tnew_ProjectName\tMove Used\nEdit Stack Script\tmenu_EditStackScript mTarget\tstack \"Global_HkeyArray_Tree_Deps_Menu\"\tGlobal | HkeyArray | Tree | Deps | Menu\t\t\t\t\tEdit Stack Script\nDelete Stack\tmenu_DeleteStack mTarget\tstack \"Global_HkeyArray_Tree_Deps_Menu\"\tGlobal | HkeyArray | Tree | Deps | Menu\t\t\t\t\tDelete Stack\n-\nExternal Call Graph\tmenu_ExternalCallGraph mTarget\tstack \"Global_HkeyArray_Tree_Deps_Menu\"\tGlobal | HkeyArray | Tree | Deps | Menu\t\t\t\t\tExternal Call Graph\nObject Dependency Graph\tmenu_ObjectDependencyGraph mTarget\tstack \"Global_HkeyArray_Tree_Deps_Menu\"\tGlobal | HkeyArray | Tree | Deps | Menu\t\t\t\t\tObject Dependency Graph\n-\nDisplay Hkey Array\tmenu_DisplayHkeyArray mTarget\tstack \"Global_HkeyArray_Tree_Deps_Menu\"\tGlobal | HkeyArray | Tree | Deps | Menu\t\t\t\t\tDisplay Hkey Array\nCreate Graph\t\tstack \"Global_HkeyArray_Tree_Deps_Menu\"\tGlobal | HkeyArray | Tree | Deps | Menu\t\tsubmenu\tGlobal | Tree | HkeyArray | Graph | Create | Menu\tstack \"Global_HkeyArray_Graph_Create_Menu\"\tCreate Graph\nExport\t\tstack \"Global_HkeyArray_Tree_Deps_Menu\"\tGlobal | HkeyArray | Tree | Deps | Menu\t\tsubmenu\tGlobal | Project | Export | Menu\tstack \"Global_Project_Export_Menu\"\tExport\nPlace\t\tstack \"Global_HkeyArray_Tree_Deps_Menu\"\tGlobal | HkeyArray | Tree | Deps | Menu\t\tsubmenu\tGlobal | Place | Menu\tstack \"Global_Place_Menu\"\tPlace\n-\nCollect Dependency Script\tmenu_CollectDependencyScript mTarget\tstack \"Global_HkeyArray_Tree_Deps_Menu\"\tGlobal | HkeyArray | Tree | Deps | Menu\t\t\t\t\tCollect Dependency Script\n-\nStrip Hkey Props\tmenu_StripHkeyProps subMenuPath, mTarget\tstack \"Global_HkeyArray_Tree_Deps_Menu\"\tGlobal | HkeyArray | Tree | Deps | Menu\t\tboolean\tsubmenu_Boolean\tstrip_HkeyProps\tStrip Hkey Props\nStrip Hkey Components\tmenu_StripHkeyComponents subMenuPath, mTarget\tstack \"Global_HkeyArray_Tree_Deps_Menu\"\tGlobal | HkeyArray | Tree | Deps | Menu\t\tboolean\tsubmenu_Boolean\tstrip_HkeyComponents\tStrip Hkey Components\nInclude Handlers From\tmenu_IncludeHandlersFrom subMenuPath, mTarget\tstack \"Global_HkeyArray_Tree_Deps_Menu\"\tGlobal | HkeyArray | Tree | Deps | Menu\t\tcustom submenu\tinclude_HandlersFroms\tinclude_HandlersFrom\tInclude Handlers From\n-\nCreate And Export Hkey Graphs\tmenu_CreateAndExportHkeyGraphs mTarget\tstack \"Global_HkeyArray_Tree_Deps_Menu\"\tGlobal | HkeyArray | Tree | Deps | Menu\t\t\t\t\tCreate And Export Hkey Graphs\nCreate Long Hkey Array\tmenu_CreateLongHkeyArray mTarget\tstack \"Global_HkeyArray_Tree_Deps_Menu\"\tGlobal | HkeyArray | Tree | Deps | Menu\tdisabled_CreateLongHkeyArray\t\t\t\tCreate Long Hkey Array\n-\nDev\t\tstack \"Global_HkeyArray_Tree_Deps_Menu\"\tGlobal | HkeyArray | Tree | Deps | Menu\t\tsubmenu\tDev | Menu\tstack \"Global_HkeyArray_Tree_Deps_Menu\"\tDev"},"Global | Behavior | View | Menu": {"mController": "stack \"/Users/BabyBlue/Desktop/git-repos/lcw_Authoring/controllers/Global_Behavior_View_Menu.livecodescript\"","gMenuTable": "Fix View Behaviors\tmenu_FixViewBehaviors mTarget\tstack \"Global | Behavior | View | Menu\"\tGlobal | Behavior | View | Menu\t\t\t\t\tFix View Behaviors\nSet View Card Behavior\tmenu_SetViewCardBehavior mTarget\tstack \"Global | Behavior | View | Menu\"\tGlobal | Behavior | View | Menu\tdisabled_SetViewCardBehavior\t\t\t\tSet View Card Behavior\nEdit Behavior\tmenu_EditBehavior mTarget\tstack \"Global | Behavior | View | Menu\"\tGlobal | Behavior | View | Menu\t\t\t\t\tEdit Behavior\n-\nGo To View\tmenu_GoToView mTarget\tstack \"Global | Behavior | View | Menu\"\tGlobal | Behavior | View | Menu\tdisabled_GoToView\t\t\t\tGo To View\n-\nSet Module Behaviors\tmenu_SetModuleBehaviors mTarget\tstack \"Global | Behavior | View | Menu\"\tGlobal | Behavior | View | Menu\tdisabled_SetModuleBehaviors\t\t\t\tSet Module Behaviors\nEdit Module Behaviors\tmenu_EditModuleBehaviors mTarget\tstack \"Global | Behavior | View | Menu\"\tGlobal | Behavior | View | Menu\t\t\t\t\tEdit Module Behaviors"},"Global | HkeyArray | Tree | Display | Menu": {"mController": "stack \"/Users/BabyBlue/Desktop/git-repos/lcw_Authoring/controllers/Global_HkeyArray_Tree_Display_Menu.livecodescript\"","gMenuTable": "Edit Menu Card\tmenu_EditMenuCard subMenuPath, mTarget\tstack \"Global_HkeyArray_Tree_Display_Menu\"\tGlobal | HkeyArray | Tree | Display | Menu\t\tcustom submenu\tm_Cards\tm_Card\tEdit Menu Card\nDisplay Style\tmenu_DisplayStyle subMenuPath, mTarget\tstack \"Global_HkeyArray_Tree_Display_Menu\"\tGlobal | HkeyArray | Tree | Display | Menu\t\tcustom submenu\tdisplay_Styles\tdisplay_Style\tDisplay Style\n-\nDisplay Dependencies\tmenu_DisplayDependencies mTarget\tstack \"Global_HkeyArray_Tree_Display_Menu\"\tGlobal | HkeyArray | Tree | Display | Menu\t\t\t\t\tDisplay Dependencies\nConstruct Main Stack Suite Array\tmenu_ConstructMainStackSuiteArray mTarget\tstack \"Global_HkeyArray_Tree_Display_Menu\"\tGlobal | HkeyArray | Tree | Display | Menu\t\t\t\t\tConstruct Main Stack Suite Array"},"Global | View | Card | Tools | Menu": {"mController": "stack \"/Users/BabyBlue/Desktop/git-repos/lcw_Authoring/controllers/Global_View_Card_Tools_Menu.livecodescript\"","gMenuTable": "View Authoring\t\tstack \"Global_View_Card_Tools_Menu\"\tGlobal | View | Card | Tools | Menu\t\tsubmenu\tGlobal | View | Authoring | Menu\tstack \"Global_View_Authoring_Menu\"\tView Authoring\nGeometry\t\tstack \"Global_View_Card_Tools_Menu\"\tGlobal | View | Card | Tools | Menu\t\tsubmenu\tGlobal | View | Test | Geometry | Menu\tstack \"Global_View_Test_Geometry_Menu\"\tGeometry\nView Property\t\tstack \"Global_View_Card_Tools_Menu\"\tGlobal | View | Card | Tools | Menu\t\tsubmenu\tGlobal | View | Property | Menu\tstack \"Global_View_Property_Menu\"\tView Property\nView Script\t\tstack \"Global_View_Card_Tools_Menu\"\tGlobal | View | Card | Tools | Menu\t\tsubmenu\tGlobal | View | Script | Menu\tstack \"Global_View_Script_Menu\"\tView Script\n-\nDisplay View Tools\tmenu_DisplayViewTools mTarget\tstack \"Global_View_Card_Tools_Menu\"\tGlobal | View | Card | Tools | Menu\t\t\t\t\tDisplay View Tools\nRe Index Menus\tmenu_ReIndexMenus mTarget\tstack \"Global_View_Card_Tools_Menu\"\tGlobal | View | Card | Tools | Menu\t\t\t\t\tRe Index Menus\nOpen Substack\tmenu_OpenSubstack subMenuPath, mTarget\tstack \"Global_View_Card_Tools_Menu\"\tGlobal | View | Card | Tools | Menu\tdisabled_OpenSubstack\tcustom submenu\tsubstack_Names\tsubstack_Name\tOpen Substack"},"Global | View | Style | Menu": {"mController": "stack \"/Users/BabyBlue/Desktop/git-repos/lcw_Authoring/controllers/Global_View_Property_Menu.livecodescript\"","gMenuTable": "View Outline\tmenu_ViewOutline mTarget\tstack \"Global_View_Property_Menu\"\tGlobal | View | Style | Menu\t\t\t\t\tView Outline\nTemplate Outline\tmenu_TemplateOutline mTarget\tstack \"Global_View_Property_Menu\"\tGlobal | View | Style | Menu\t\t\t\t\tTemplate Outline\n-\nView Style\tmenu_ViewStyle subMenuPath, mTarget\tstack \"Global_View_Property_Menu\"\tGlobal | View | Style | Menu\t\tcustom submenu\tstyle_Names\tstyle_Name\tView Style\nDisplay Array\tmenu_DisplayArray subMenuPath, mTarget\tstack \"Global_View_Property_Menu\"\tGlobal | View | Style | Menu\t\tfixed\tsubmenu_Fixed[menu_DisplayArray]\tmenu_Choice\tDisplay Array"},"Global | Handler | Library | Menu": {"mController": "stack \"/Users/BabyBlue/Desktop/git-repos/lcw_Authoring/controllers/Global_Handler_Library_Menu.livecodescript\"","gMenuTable": "Hkey Link Array\tmenu_HkeyLinkArray mTarget\tstack \"Global_Handler_Library_Menu\"\tGlobal | Handler | Library | Menu\t\t\t\t\tHkey Link Array\nHkey Overlay Data\tmenu_HkeyOverlayData mTarget\tstack \"Global_Handler_Library_Menu\"\tGlobal | Handler | Library | Menu\t\t\t\t\tHkey Overlay Data\nHkey Dep Array\tmenu_HkeyDepArray mTarget\tstack \"Global_Handler_Library_Menu\"\tGlobal | Handler | Library | Menu\t\t\t\t\tHkey Dep Array\nDisplay Project Deps\tmenu_DisplayProjectDeps mTarget\tstack \"Global_Handler_Library_Menu\"\tGlobal | Handler | Library | Menu\tdisabled_DisplayProjectDeps\t\t\t\tDisplay Project Deps\n-\nReveal Handler File\tmenu_RevealHandlerFile mTarget\tstack \"Global_Handler_Library_Menu\"\tGlobal | Handler | Library | Menu\tdisabled_RevealHandlerFile\t\t\t\tReveal Handler File\nReveal Hkey Folder\tmenu_RevealHkeyFolder mTarget\tstack \"Global_Handler_Library_Menu\"\tGlobal | Handler | Library | Menu\t\t\t\t\tReveal Hkey Folder\nReveal Handler Data Folder\tmenu_RevealHandlerDataFolder mTarget\tstack \"Global_Handler_Library_Menu\"\tGlobal | Handler | Library | Menu\t\t\t\t\tReveal Handler Data Folder\n-\nSpotlight Handler\tmenu_SpotlightHandler mTarget\tstack \"Global_Handler_Library_Menu\"\tGlobal | Handler | Library | Menu\t\t\t\t\tSpotlight Handler\nDisplay Spotlight\tmenu_DisplaySpotlight mTarget\tstack \"Global_Handler_Library_Menu\"\tGlobal | Handler | Library | Menu\t\t\t\t\tDisplay Spotlight\nReveal Handler Metadata Folder\tmenu_RevealHandlerMetadataFolder mTarget\tstack \"Global_Handler_Library_Menu\"\tGlobal | Handler | Library | Menu\t\t\t\t\tReveal Handler Metadata Folder\n-\nDev\t\tstack \"Global_Handler_Library_Menu\"\tGlobal | Handler | Library | Menu\t\tsubmenu\tDev | Menu\tstack \"Global_Handler_Library_Menu\"\tDev"},"Global | Library | Manage | Menu": {"mController": "stack \"/Users/BabyBlue/Desktop/git-repos/lcw_Authoring/controllers/Global_Library_Manage_Menu.livecodescript\"","gMenuTable": "Git Revert Hkey Data\tmenu_GitRevertHkeyData mTarget\tstack \"Global_Library_Manage_Menu\"\tGlobal | Library | Manage | Menu\t\t\t\t\tGit Revert Hkey Data\nTest Reverted Hkey Data\tmenu_TestRevertedHkeyData mTarget\tstack \"Global_Library_Manage_Menu\"\tGlobal | Library | Manage | Menu\t\t\t\t\tTest Reverted Hkey Data\n-\nAdd Folder To Known\tmenu_AddFolderToKnown mTarget\tstack \"Global_Library_Manage_Menu\"\tGlobal | Library | Manage | Menu\t\t\t\t\tAdd Folder To Known\nAdd All Stacks To Known\tmenu_AddAllStacksToKnown mTarget\tstack \"Global_Library_Manage_Menu\"\tGlobal | Library | Manage | Menu\t\t\t\t\tAdd All Stacks To Known\nTidy Known Library\tmenu_TidyKnownLibrary mTarget\tstack \"Global_Library_Manage_Menu\"\tGlobal | Library | Manage | Menu\t\t\t\t\tTidy Known Library\n-\nCheck Recent Script Exports\tmenu_CheckRecentScriptExports mTarget\tstack \"Global_Library_Manage_Menu\"\tGlobal | Library | Manage | Menu\t\t\t\t\tCheck Recent Script Exports\nCheck All Script Exports\tmenu_CheckAllScriptExports mTarget\tstack \"Global_Library_Manage_Menu\"\tGlobal | Library | Manage | Menu\t\t\t\t\tCheck All Script Exports\n-\nCheck Exported Library Scripts\tmenu_CheckExportedLibraryScripts mTarget\tstack \"Global_Library_Manage_Menu\"\tGlobal | Library | Manage | Menu\t\t\t\t\tCheck Exported Library Scripts\nCheck Exported Menu Scripts\tmenu_CheckExportedMenuScripts mTarget\tstack \"Global_Library_Manage_Menu\"\tGlobal | Library | Manage | Menu\t\t\t\t\tCheck Exported Menu Scripts\n-\nSave Loaded Set\tmenu_SaveLoadedSet mTarget\tstack \"Global_Library_Manage_Menu\"\tGlobal | Library | Manage | Menu\t\t\t\t\tSave Loaded Set\n-\nDisplay Currently Loaded Library Array\tmenu_DisplayCurrentlyLoadedLibraryArray mTarget\tstack \"Global_Library_Manage_Menu\"\tGlobal | Library | Manage | Menu\t\t\t\t\tDisplay Currently Loaded Library Array\nDisplay Library Array\tmenu_DisplayLibraryArray subMenuPath, mTarget\tstack \"Global_Library_Manage_Menu\"\tGlobal | Library | Manage | Menu\t\tcustom submenu\tlibrary_SetNames\tlibrary_SetName\tDisplay Library Array\nDisplay Library Data\tmenu_DisplayLibraryData mTarget\tstack \"Global_Library_Manage_Menu\"\tGlobal | Library | Manage | Menu\t\t\t\t\tDisplay Library Data\n-\nLoad Library Set Only\tmenu_LoadLibrarySetOnly subMenuPath, mTarget\tstack \"Global_Library_Manage_Menu\"\tGlobal | Library | Manage | Menu\t\tcustom submenu\tlibrary_SetNames\tlibrary_SetName\tLoad Library Set Only\nStart Environment\tmenu_StartEnvironment subMenuPath, mTarget\tstack \"Global_Library_Manage_Menu\"\tGlobal | Library | Manage | Menu\t\tcustom submenu\tlibrary_SetNames\tlibrary_SetName\tStart Environment\n-\nLibrary Set\t\tstack \"Global_Library_Manage_Menu\"\tGlobal | Library | Manage | Menu\t\tsubmenu\tGlobal | Library | Set | Menu\tstack \"Global_Library_Manage_Menu\"\tLibrary Set\n-\nDev\t\tstack \"Global_Library_Manage_Menu\"\tGlobal | Library | Manage | Menu\tdisabled_Dev\tsubmenu\tDev | Menu\tstack \"Global_Library_Manage_Menu\"\tDev"},"Global | HkeyArray | Script | Tree | Menu": {"mController": "stack \"/Users/BabyBlue/Desktop/git-repos/lcw_Authoring/controllers/Global_HkeyArray_Script_Tree_Menu.livecodescript\"","gMenuTable": "Collect Dependency Script\tmenu_CollectDependencyScript mTarget\tstack \"Global_HkeyArray_Script_Tree_Menu\"\tGlobal | HkeyArray | Script | Tree | Menu\t\t\t\t\tCollect Dependency Script\n-\nDisplay Object Array\tmenu_DisplayObjectArray mTarget\tstack \"Global_HkeyArray_Script_Tree_Menu\"\tGlobal | HkeyArray | Script | Tree | Menu\t\t\t\t\tDisplay Object Array\nScript Project Dependency Array\tmenu_ScriptProjectDependencyArray mTarget\tstack \"Global_HkeyArray_Script_Tree_Menu\"\tGlobal | HkeyArray | Script | Tree | Menu\t\t\t\t\tScript Project Dependency Array\n-\nFilter\t\tstack \"Global_HkeyArray_Script_Tree_Menu\"\tGlobal | HkeyArray | Script | Tree | Menu\t\tsubmenu\tGlobal | HkeyArray | Tree | Filter | Menu\tstack \"Global_HkeyArray_Tree_Filter_Menu\"\tFilter\nDev\t\tstack \"Global_HkeyArray_Script_Tree_Menu\"\tGlobal | HkeyArray | Script | Tree | Menu\t\tsubmenu\tDev | Menu\tstack \"Global_HkeyArray_Script_Tree_Menu\"\tDev"},"Global | HkeyArray | Hkey | Menu": {"mController": "stack \"/Users/BabyBlue/Desktop/git-repos/lcw_Authoring/controllers/Global_HkeyArray_Hkey_Menu.livecodescript\"","gMenuTable": "Test\tmenu_Test mTarget\tstack \"Global_HkeyArray_Hkey_Menu\"\tGlobal | HkeyArray | Hkey | Menu\t\t\t\t\tTest\n-\nHkey\t\tstack \"Global_HkeyArray_Hkey_Menu\"\tGlobal | HkeyArray | Hkey | Menu\t\tsubmenu\tGlobal | Tree | HkeyArray | Menu\tstack \"Global_HkeyArray_Hkey_Menu\"\tHkey\nCreate Graph\t\tstack \"Global_HkeyArray_Hkey_Menu\"\tGlobal | HkeyArray | Hkey | Menu\t\tsubmenu\tGlobal | Tree | HkeyArray | Graph | Create | Menu\tstack \"Global_HkeyArray_Graph_Create_Menu\"\tCreate Graph"},"Global | Stack | Menu": {"mController": "stack \"/Users/BabyBlue/Desktop/git-repos/lcw_Authoring/controllers/Global_Stack_Menu.livecodescript\"","gMenuTable": "Textstack Hkey Object Array\tmenu_TextstackHkeyObjectArray mTarget\tstack \"Global_Stack_Menu\"\tGlobal | Stack | Menu\t\t\t\t\tTextstack Hkey Object Array\nScript Library Dependencies\tmenu_ScriptLibraryDependencies mTarget\tstack \"Global_Stack_Menu\"\tGlobal | Stack | Menu\t\t\t\t\tScript Library Dependencies\nStack Properties\tmenu_StackProperties mTarget\tstack \"Global_Stack_Menu\"\tGlobal | Stack | Menu\t\t\t\t\tStack Properties\n-\nEdit Open Stack\tmenu_EditOpenStack subMenuPath, mTarget\tstack \"Global_Stack_Menu\"\tGlobal | Stack | Menu\t\tcustom submenu\topen_StackNames\topen_StackName\tEdit Open Stack\nStack Is Used\tmenu_StackIsUsed subMenuPath, mTarget\tstack \"Global_Stack_Menu\"\tGlobal | Stack | Menu\t\tboolean\tsubmenu_Boolean\tstack_IsUsed\tStack Is Used\n-\nGather Stacks\tmenu_GatherStacks mTarget\tstack \"Global_Stack_Menu\"\tGlobal | Stack | Menu\t\t\t\t\tGather Stacks\nPlace On Screen\tmenu_PlaceOnScreen subMenuPath, mTarget\tstack \"Global_Stack_Menu\"\tGlobal | Stack | Menu\t\tcustom submenu\twhich_Screens\twhich_Screen\tPlace On Screen\nPlace On Main Screen\tmenu_PlaceOnMainScreen subMenuPath, mTarget\tstack \"Global_Stack_Menu\"\tGlobal | Stack | Menu\t\tcustom submenu\topen_StackNames\topen_StackName\tPlace On Main Screen\n-\nReveal Stack\tmenu_RevealStack mTarget\tstack \"Global_Stack_Menu\"\tGlobal | Stack | Menu\t\t\t\t\tReveal Stack\nShrink\tmenu_Shrink mTarget\tstack \"Global_Stack_Menu\"\tGlobal | Stack | Menu\tdisabled_Shrink\t\t\t\tShrink\nUnshrink\tmenu_Unshrink mTarget\tstack \"Global_Stack_Menu\"\tGlobal | Stack | Menu\tdisabled_Unshrink\t\t\t\tUnshrink\n-\nStack Style\tmenu_StackStyle subMenuPath, mTarget\tstack \"Global_Stack_Menu\"\tGlobal | Stack | Menu\t\tcustom submenu\tstack_Styles\tstack_Style\tStack Style\nStack Resizable\tmenu_StackResizable subMenuPath, mTarget\tstack \"Global_Stack_Menu\"\tGlobal | Stack | Menu\t\tboolean\tsubmenu_Boolean\tstack_Resizable\tStack Resizable\nStack Title Style\tmenu_StackTitleStyle subMenuPath, mTarget\tstack \"Global_Stack_Menu\"\tGlobal | Stack | Menu\t\tcustom external\tstack_TitleStyles\tstack_TitleStyle\tStack Title Style\n-\nView Snapshot\t\tstack \"Global_Stack_Menu\"\tGlobal | Stack | Menu\t\tsubmenu\tGlobal | View | Wireframe | Menu\tstack \"Global_Stack_Menu\"\tView Snapshot\nSnapshot\t\tstack \"Global_Stack_Menu\"\tGlobal | Stack | Menu\t\tsubmenu\tGlobal | Stack | Snapshot | Menu\tstack \"Global_Stack_Snapshot_Menu\"\tSnapshot\nTidy\t\tstack \"Global_Stack_Menu\"\tGlobal | Stack | Menu\t\tsubmenu\tGlobal | Stack | Tidy | Menu\tstack \"Global_Stack_Tidy_Menu\"\tTidy\nDev\t\tstack \"Global_Stack_Menu\"\tGlobal | Stack | Menu\t\tsubmenu\tDev | Menu\tstack \"Global_Stack_Menu\"\tDev"},"Global | Stack | Tidy | Menu": {"mController": "stack \"/Users/BabyBlue/Desktop/git-repos/lcw_Authoring/controllers/Global_Stack_Tidy_Menu.livecodescript\"","gMenuTable": "Display Stack Behavior Array\tmenu_DisplayStackBehaviorArray mTarget\tstack \"Global_Stack_Tidy_Menu\"\tGlobal | Stack | Tidy | Menu\t\t\t\t\tDisplay Stack Behavior Array\nFix Stack Behaviors\tmenu_FixStackBehaviors mTarget\tstack \"Global_Stack_Tidy_Menu\"\tGlobal | Stack | Tidy | Menu\t\t\t\t\tFix Stack Behaviors\nAlready Known\tmenu_AlreadyKnown subMenuPath, mTarget\tstack \"Global_Stack_Tidy_Menu\"\tGlobal | Stack | Tidy | Menu\t\tboolean\tsubmenu_Boolean\talready_Known\tAlready Known\n-\nRename Stack\tmenu_RenameStack mTarget\tstack \"Global_Stack_Tidy_Menu\"\tGlobal | Stack | Tidy | Menu\t\t\t\t\tRename Stack\nGit Rename\tmenu_GitRename subMenuPath, mTarget\tstack \"Global_Stack_Tidy_Menu\"\tGlobal | Stack | Tidy | Menu\t\tboolean\tsubmenu_Boolean\tgit_Rename\tGit Rename\n-\nRevert Stack\tmenu_RevertStack mTarget\tstack \"Global_Stack_Tidy_Menu\"\tGlobal | Stack | Tidy | Menu\t\t\t\t\tRevert Stack\nSave Stack\tmenu_SaveStack mTarget\tstack \"Global_Stack_Tidy_Menu\"\tGlobal | Stack | Tidy | Menu\t\t\t\t\tSave Stack\nDelete File\tmenu_DeleteFile mTarget\tstack \"Global_Stack_Tidy_Menu\"\tGlobal | Stack | Tidy | Menu\t\t\t\t\tDelete File\n-\nOpen Revision\tmenu_OpenRevision subMenuPath, mTarget\tstack \"Global_Stack_Tidy_Menu\"\tGlobal | Stack | Tidy | Menu\t\tcustom external\tback_Nums\tback_Num\tOpen Revision\nDiff Stack Binaries\tmenu_DiffStackBinaries mTarget\tstack \"Global_Stack_Tidy_Menu\"\tGlobal | Stack | Tidy | Menu\t\t\t\t\tDiff Stack Binaries\n-\nClone Reverted Stack\tmenu_CloneRevertedStack mTarget\tstack \"Global_Stack_Tidy_Menu\"\tGlobal | Stack | Tidy | Menu\t\t\t\t\tClone Reverted Stack\nRevert Stack\tmenu_RevertStack mTarget\tstack \"Global_Stack_Tidy_Menu\"\tGlobal | Stack | Tidy | Menu\t\t\t\t\tRevert Stack\nRevert Commit\tmenu_RevertCommit mTarget\tstack \"Global_Stack_Tidy_Menu\"\tGlobal | Stack | Tidy | Menu\t\t\t\t\tRevert Commit\nThrow Away Uncommitted Changes\tmenu_ThrowAwayUncommittedChanges mTarget\tstack \"Global_Stack_Tidy_Menu\"\tGlobal | Stack | Tidy | Menu\t\t\t\t\tThrow Away Uncommitted Changes\nReset Hard\tmenu_ResetHard mTarget\tstack \"Global_Stack_Tidy_Menu\"\tGlobal | Stack | Tidy | Menu\t\t\t\t\tReset Hard\n-\nSpotlight File Info\tmenu_SpotlightFileInfo mTarget\tstack \"Global_Stack_Tidy_Menu\"\tGlobal | Stack | Tidy | Menu\tdisabled_SpotlightFileInfo\t\t\t\tSpotlight File Info\nStack Data\tmenu_StackData mTarget\tstack \"Global_Stack_Tidy_Menu\"\tGlobal | Stack | Tidy | Menu\t\t\t\t\tStack Data\nDisplay Commit Info\tmenu_DisplayCommitInfo mTarget\tstack \"Global_Stack_Tidy_Menu\"\tGlobal | Stack | Tidy | Menu\t\t\t\t\tDisplay Commit Info\nList Commit Info\tmenu_ListCommitInfo mTarget\tstack \"Global_Stack_Tidy_Menu\"\tGlobal | Stack | Tidy | Menu\t\t\t\t\tList Commit Info\nStack Hash Log\tmenu_StackHashLog mTarget\tstack \"Global_Stack_Tidy_Menu\"\tGlobal | Stack | Tidy | Menu\t\t\t\t\tStack Hash Log"},"Global | Menu | Global Cards | Menu": {"mController": "stack \"/Users/BabyBlue/Desktop/git-repos/lcw_Authoring/controllers/Global_Menu_Global Cards_Menu.livecodescript\"","gMenuTable": "Edit Global Card\tmenu_EditGlobalCard subMenuPath, mTarget\tstack \"Global_Menu_Global Cards_Menu\"\tGlobal | Menu | Global Cards | Menu\t\tcustom submenu\tcard_Names\tcard_Name\tEdit Global Card\n-\nCreate Global Card\tmenu_CreateGlobalCard subMenuPath, mTarget\tstack \"Global_Menu_Global Cards_Menu\"\tGlobal | Menu | Global Cards | Menu\t\tcustom submenu\tnew_GlobalTitles\tnew_GlobalTitle\tCreate Global Card\nDelete Global Card\tmenu_DeleteGlobalCard subMenuPath, mTarget\tstack \"Global_Menu_Global Cards_Menu\"\tGlobal | Menu | Global Cards | Menu\t\tcustom submenu\tcard_Names\tcard_Name\tDelete Global Card\n-\nReindex Cards\tmenu_ReindexCards mTarget\tstack \"Global_Menu_Global Cards_Menu\"\tGlobal | Menu | Global Cards | Menu\t\t\t\t\tReindex Cards\nRe Export Global Menus\tmenu_ReExportGlobalMenus mTarget\tstack \"Global_Menu_Global Cards_Menu\"\tGlobal | Menu | Global Cards | Menu\t\t\t\t\tRe Export Global Menus"},"Global | Menu | Global | Menu": {"mController": "stack \"/Users/BabyBlue/Desktop/git-repos/lcw_Authoring/controllers/Global_Menu_Global_Menu.livecodescript\"","gMenuTable": "Display Project Array\tmenu_DisplayProjectArray subMenuPath, mTarget\tstack \"Global_Menu_Global_Menu\"\tGlobal | Menu | Global | Menu\t\tcustom submenu\tproject_Names\tproject_Name\tDisplay Project Array\nDisplay Project Globals\tmenu_DisplayProjectGlobals subMenuPath, mTarget\tstack \"Global_Menu_Global_Menu\"\tGlobal | Menu | Global | Menu\t\tcustom submenu\tproject_Names\tproject_Name\tDisplay Project Globals\n-\nDisplay Default Stackfile Array\tmenu_DisplayDefaultStackfileArray subMenuPath, mTarget\tstack \"Global_Menu_Global_Menu\"\tGlobal | Menu | Global | Menu\t\tcustom submenu\tproject_Names\tproject_Name\tDisplay Default Stackfile Array\nDisplay Saved Stackfile Array\tmenu_DisplaySavedStackfileArray subMenuPath, mTarget\tstack \"Global_Menu_Global_Menu\"\tGlobal | Menu | Global | Menu\t\tcustom submenu\tproject_Names\tproject_Name\tDisplay Saved Stackfile Array\nStore Project Stackfile Array\tmenu_StoreProjectStackfileArray subMenuPath, mTarget\tstack \"Global_Menu_Global_Menu\"\tGlobal | Menu | Global | Menu\t\tcustom submenu\tproject_Names\tproject_Name\tStore Project Stackfile Array\nStore Default Project Globals\tmenu_StoreDefaultProjectGlobals subMenuPath, mTarget\tstack \"Global_Menu_Global_Menu\"\tGlobal | Menu | Global | Menu\t\tcustom submenu\tproject_Names\tproject_Name\tStore Default Project Globals\n-\nStore Gathered Project Globals\tmenu_StoreGatheredProjectGlobals subMenuPath, mTarget\tstack \"Global_Menu_Global_Menu\"\tGlobal | Menu | Global | Menu\t\tcustom submenu\tproject_Names\tproject_Name\tStore Gathered Project Globals\nRestore Project Globals\tmenu_RestoreProjectGlobals subMenuPath, mTarget\tstack \"Global_Menu_Global_Menu\"\tGlobal | Menu | Global | Menu\t\tcustom submenu\tproject_Names\tproject_Name\tRestore Project Globals\n-\nDisplay Gather Globals\tmenu_DisplayGatherGlobals mTarget\tstack \"Global_Menu_Global_Menu\"\tGlobal | Menu | Global | Menu\t\t\t\t\tDisplay Gather Globals\nDisplay Global\tmenu_DisplayGlobal subMenuPath, mTarget\tstack \"Global_Menu_Global_Menu\"\tGlobal | Menu | Global | Menu\t\tcustom submenu\tglobal_Names\tglobal_Name\tDisplay Global\nDelete Global\tmenu_DeleteGlobal subMenuPath, mTarget\tstack \"Global_Menu_Global_Menu\"\tGlobal | Menu | Global | Menu\t\tcustom submenu\tglobal_Names\tglobal_Name\tDelete Global\n-\nDisplay Dumped Globals\tmenu_DisplayDumpedGlobals mTarget\tstack \"Global_Menu_Global_Menu\"\tGlobal | Menu | Global | Menu\tdisabled_DisplayDumpedGlobals\t\t\t\tDisplay Dumped Globals\nRestore Dumped Globals\tmenu_RestoreDumpedGlobals mTarget\tstack \"Global_Menu_Global_Menu\"\tGlobal | Menu | Global | Menu\tdisabled_RestoreDumpedGlobals\t\t\t\tRestore Dumped Globals\nDump All Globals\tmenu_DumpAllGlobals mTarget\tstack \"Global_Menu_Global_Menu\"\tGlobal | Menu | Global | Menu\t\t\t\t\tDump All Globals\n-\nDelete All Globals\tmenu_DeleteAllGlobals mTarget\tstack \"Global_Menu_Global_Menu\"\tGlobal | Menu | Global | Menu\t\t\t\t\tDelete All Globals\nDelete Dump File\tmenu_DeleteDumpFile mTarget\tstack \"Global_Menu_Global_Menu\"\tGlobal | Menu | Global | Menu\tdisabled_DeleteDumpFile\t\t\t\tDelete Dump File\n-\nProject\t\tstack \"Global_Menu_Global_Menu\"\tGlobal | Menu | Global | Menu\t\tsubmenu\tGlobal | Project | Menu\tstack \"Global_Project_Menu\"\tProject\nPrefs\t\tstack \"Global_Menu_Global_Menu\"\tGlobal | Menu | Global | Menu\t\tsubmenu\tGlobal | Pref | Menu\tstack \"Global_Pref_Menu\"\tPrefs\nDev\t\tstack \"Global_Menu_Global_Menu\"\tGlobal | Menu | Global | Menu\t\tsubmenu\tDev | Menu\tstack \"Global_Menu_Global_Menu\"\tDev"},"Global | View | Test | Geometry | Menu": {"mController": "stack \"/Users/BabyBlue/Desktop/git-repos/lcw_Authoring/controllers/Global_View_Test_Geometry_Menu.livecodescript\"","gMenuTable": "Test Layout Control\tmenu_TestLayoutControl mTarget\tstack \"Global_View_Test_Geometry_Menu\"\tGlobal | View | Test | Geometry | Menu\t\t\t\t\tTest Layout Control\nTest View Rect\tmenu_TestViewRect mTarget\tstack \"Global_View_Test_Geometry_Menu\"\tGlobal | View | Test | Geometry | Menu\t\t\t\t\tTest View Rect\nTest Rect\tmenu_TestRect mTarget\tstack \"Global_View_Test_Geometry_Menu\"\tGlobal | View | Test | Geometry | Menu\t\t\t\t\tTest Rect\nTest Formatted Rect\tmenu_TestFormattedRect mTarget\tstack \"Global_View_Test_Geometry_Menu\"\tGlobal | View | Test | Geometry | Menu\tdisabled_TestFormattedRect\t\t\t\tTest Formatted Rect\nTest View Rect To Formatted Rect\tmenu_TestViewRectToFormattedRect mTarget\tstack \"Global_View_Test_Geometry_Menu\"\tGlobal | View | Test | Geometry | Menu\tdisabled_TestViewRectToFormattedRect\t\t\t\tTest View Rect To Formatted Rect"},"Global | Project | Stack | Tree | Menu": {"mController": "stack \"/Users/BabyBlue/Desktop/git-repos/lcw_Authoring/controllers/Global_Project_Stack_Tree_Menu.livecodescript\"","gMenuTable": "Add To This Project\tmenu_AddToThisProject mTarget\tstack \"Global_Project_Stack_Tree_Menu\"\tGlobal | Project | Stack | Tree | Menu\t\t\t\t\tAdd To This Project\nAdd To All Projects\tmenu_AddToAllProjects mTarget\tstack \"Global_Project_Stack_Tree_Menu\"\tGlobal | Project | Stack | Tree | Menu\t\t\t\t\tAdd To All Projects\n-\nRemove From This Project\tmenu_RemoveFromThisProject mTarget\tstack \"Global_Project_Stack_Tree_Menu\"\tGlobal | Project | Stack | Tree | Menu\t\t\t\t\tRemove From This Project\nRemove From All Projects\tmenu_RemoveFromAllProjects mTarget\tstack \"Global_Project_Stack_Tree_Menu\"\tGlobal | Project | Stack | Tree | Menu\t\t\t\t\tRemove From All Projects\n-\nRefresh Index\tmenu_RefreshIndex mTarget\tstack \"Global_Project_Stack_Tree_Menu\"\tGlobal | Project | Stack | Tree | Menu\t\t\t\t\tRefresh Index"},"Global | Pref | Menu": {"mController": "stack \"/Users/BabyBlue/Desktop/git-repos/lcw_Authoring/controllers/Global_Pref_Menu.livecodescript\"","gMenuTable": "Reveal Library Array Folder\tmenu_RevealLibraryArrayFolder mTarget\tstack \"Global_Pref_Menu\"\tGlobal | Pref | Menu\t\t\t\t\tReveal Library Array Folder\n-\nFetch Pref Array\tmenu_FetchPrefArray subMenuPath, mTarget\tstack \"Global_Pref_Menu\"\tGlobal | Pref | Menu\t\tcustom submenu\tfull_SetNames\tfull_SetName\tFetch Pref Array\nLoad Pref Array\tmenu_LoadPrefArray subMenuPath, mTarget\tstack \"Global_Pref_Menu\"\tGlobal | Pref | Menu\t\tcustom submenu\tfull_SetNames\tfull_SetName\tLoad Pref Array\nDisplay Pref Data\tmenu_DisplayPrefData mTarget\tstack \"Global_Pref_Menu\"\tGlobal | Pref | Menu\t\t\t\t\tDisplay Pref Data\n-\nDisplay Current Prefs\tmenu_DisplayCurrentPrefs mTarget\tstack \"Global_Pref_Menu\"\tGlobal | Pref | Menu\t\t\t\t\tDisplay Current Prefs\nDisplay Project Prefs\tmenu_DisplayProjectPrefs subMenuPath, mTarget\tstack \"Global_Pref_Menu\"\tGlobal | Pref | Menu\t\tcustom submenu\tproject_Names\tproject_Name\tDisplay Project Prefs\nSave Prefs To Project\tmenu_SavePrefsToProject subMenuPath, mTarget\tstack \"Global_Pref_Menu\"\tGlobal | Pref | Menu\t\tcustom submenu\tproject_Names\tproject_Name\tSave Prefs To Project\nRestore Prefs\tmenu_RestorePrefs subMenuPath, mTarget\tstack \"Global_Pref_Menu\"\tGlobal | Pref | Menu\t\tcustom submenu\tproject_Names\tproject_Name\tRestore Prefs\n-\nSave Gprefs Array\tmenu_SaveGprefsArray subMenuPath, mTarget\tstack \"Global_Pref_Menu\"\tGlobal | Pref | Menu\t\tcustom submenu\tset_Names\tset_Name\tSave Gprefs Array\nClear Gprefs Array\tmenu_ClearGprefsArray mTarget\tstack \"Global_Pref_Menu\"\tGlobal | Pref | Menu\t\t\t\t\tClear Gprefs Array\n-\nFetch Stored Global Harray\tmenu_FetchStoredGlobalHarray subMenuPath, mTarget\tstack \"Global_Pref_Menu\"\tGlobal | Pref | Menu\t\tcustom submenu\tproject_Names\tproject_Name\tFetch Stored Global Harray\nDisplay Global Harray\tmenu_DisplayGlobalHarray subMenuPath, mTarget\tstack \"Global_Pref_Menu\"\tGlobal | Pref | Menu\t\tcustom submenu\tproject_Names\tproject_Name\tDisplay Global Harray\nLoad Global Harray\tmenu_LoadGlobalHarray subMenuPath, mTarget\tstack \"Global_Pref_Menu\"\tGlobal | Pref | Menu\t\tcustom submenu\tproject_Names\tproject_Name\tLoad Global Harray\nSave Global Harray\tmenu_SaveGlobalHarray mTarget\tstack \"Global_Pref_Menu\"\tGlobal | Pref | Menu\t\t\t\t\tSave Global Harray\n-\nDisplay Temp Global\tmenu_DisplayTempGlobal subMenuPath, mTarget\tstack \"Global_Pref_Menu\"\tGlobal | Pref | Menu\t\tcustom external\ttemp_Globals\ttemp_Global\tDisplay Temp Global\nDelete Temp Global\tmenu_DeleteTempGlobal subMenuPath, mTarget\tstack \"Global_Pref_Menu\"\tGlobal | Pref | Menu\t\tcustom external\ttemp_Globals\ttemp_Global\tDelete Temp Global\n-\nCurrent Gpref\tmenu_CurrentGpref subMenuPath, mTarget\tstack \"Global_Pref_Menu\"\tGlobal | Pref | Menu\t\tcustom submenu\tpref_Names\tpref_Name\tCurrent Gpref\nCurrent Gprefs Array\tmenu_CurrentGprefsArray mTarget\tstack \"Global_Pref_Menu\"\tGlobal | Pref | Menu\t\t\t\t\tCurrent Gprefs Array\n-\nDisplay Checkout Global\tmenu_DisplayCheckoutGlobal subMenuPath, mTarget\tstack \"Global_Pref_Menu\"\tGlobal | Pref | Menu\t\tcustom external\topn_Globals\topn_Global\tDisplay Checkout Global\nDelete Checkout Global\tmenu_DeleteCheckoutGlobal subMenuPath, mTarget\tstack \"Global_Pref_Menu\"\tGlobal | Pref | Menu\t\tcustom external\topn_Globals\topn_Global\tDelete Checkout Global\nLoad Checkout Global\tmenu_LoadCheckoutGlobal subMenuPath, mTarget\tstack \"Global_Pref_Menu\"\tGlobal | Pref | Menu\t\tcustom submenu\tset_Names\tset_Name\tLoad Checkout Global\nStore Checkout Global With\tmenu_StoreCheckoutGlobalWith subMenuPath, mTarget\tstack \"Global_Pref_Menu\"\tGlobal | Pref | Menu\t\tcustom submenu\tset_Names\tset_Name\tStore Checkout Global With\nStore Current Checkout Globals\tmenu_StoreCurrentCheckoutGlobals mTarget\tstack \"Global_Pref_Menu\"\tGlobal | Pref | Menu\t\t\t\t\tStore Current Checkout Globals\nReload Current Checkout Globals\tmenu_ReloadCurrentCheckoutGlobals mTarget\tstack \"Global_Pref_Menu\"\tGlobal | Pref | Menu\t\t\t\t\tReload Current Checkout Globals\n-\nDev\t\tstack \"Global_Pref_Menu\"\tGlobal | Pref | Menu\t\tsubmenu\tDev | Menu\tstack \"Global_Pref_Menu\"\tDev"},"Global | HkeyArray | Line | Menu": {"mController": "stack \"/Users/BabyBlue/Desktop/git-repos/lcw_Authoring/controllers/Global_HkeyArray_Line_Menu.livecodescript\"","gMenuTable": "Collect Private Handlers\tmenu_CollectPrivateHandlers mTarget\tstack \"Global_HkeyArray_Line_Menu\"\tGlobal | HkeyArray | Line | Menu\tdisabled_CollectPrivateHandlers\t\t\t\tCollect Private Handlers"},"Global | Project | Important | Menu": {"mController": "stack \"/Users/BabyBlue/Desktop/git-repos/lcw_Authoring/controllers/Global_Project_Important_Menu.livecodescript\"","gMenuTable": "Set Working Project\tmenu_SetWorkingProject subMenuPath, mTarget\tstack \"Global_Project_Important_Menu\"\tGlobal | Project | Important | Menu\t\tcustom external\tproject_Names\tproject_Name\tSet Working Project\nAdd To Important Stacks\tmenu_AddToImportantStacks mTarget\tstack \"Global_Project_Important_Menu\"\tGlobal | Project | Important | Menu\t\t\t\t\tAdd To Important Stacks\nStore Open Stacks\tmenu_StoreOpenStacks subMenuPath, mTarget\tstack \"Global_Project_Important_Menu\"\tGlobal | Project | Important | Menu\t\tcustom external\tproject_Names\tproject_Name\tStore Open Stacks\nStore Loaded Stacks\tmenu_StoreLoadedStacks subMenuPath, mTarget\tstack \"Global_Project_Important_Menu\"\tGlobal | Project | Important | Menu\t\tcustom external\tproject_Names\tproject_Name\tStore Loaded Stacks\nDisplay Project\tmenu_DisplayProject mTarget\tstack \"Global_Project_Important_Menu\"\tGlobal | Project | Important | Menu\t\t\t\t\tDisplay Project\nDisplay Project Array\tmenu_DisplayProjectArray subMenuPath, mTarget\tstack \"Global_Project_Important_Menu\"\tGlobal | Project | Important | Menu\t\tcustom external\tproject_Names\tproject_Name\tDisplay Project Array\n-\nSelect Project Stacks\tmenu_SelectProjectStacks mTarget\tstack \"Global_Project_Important_Menu\"\tGlobal | Project | Important | Menu\t\t\t\t\tSelect Project Stacks\nAdd Stacks To Project\tmenu_AddStacksToProject mTarget\tstack \"Global_Project_Important_Menu\"\tGlobal | Project | Important | Menu\t\t\t\t\tAdd Stacks To Project\nStore Selected Project Stacks\tmenu_StoreSelectedProjectStacks mTarget\tstack \"Global_Project_Important_Menu\"\tGlobal | Project | Important | Menu\t\t\t\t\tStore Selected Project Stacks\nProject Only Stacks\tmenu_ProjectOnlyStacks mTarget\tstack \"Global_Project_Important_Menu\"\tGlobal | Project | Important | Menu\t\t\t\t\tProject Only Stacks\n-\nDisplay Open Stacks\tmenu_DisplayOpenStacks mTarget\tstack \"Global_Project_Important_Menu\"\tGlobal | Project | Important | Menu\t\t\t\t\tDisplay Open Stacks\nDisplay Loaded Stacks\tmenu_DisplayLoadedStacks mTarget\tstack \"Global_Project_Important_Menu\"\tGlobal | Project | Important | Menu\t\t\t\t\tDisplay Loaded Stacks"},"Global | Behavior | Menu": {"mController": "stack \"/Users/BabyBlue/Desktop/git-repos/lcw_Authoring/controllers/Global_Behavior_Menu.livecodescript\"","gMenuTable": "Edit Layout Behavior\tmenu_EditLayoutBehavior subMenuPath, mTarget\tstack \"Global | Behavior | Menu\"\tGlobal | Behavior | Menu\t\tcustom submenu\tlayout_BehaviorNames\tlayout_BehaviorName\tEdit Layout Behavior\nAdd Layout Behavior\tmenu_AddLayoutBehavior subMenuPath, mTarget\tstack \"Global | Behavior | Menu\"\tGlobal | Behavior | Menu\t\tcustom submenu\tlayout_BehaviorNames\tlayout_BehaviorName\tAdd Layout Behavior\nRemove Behavior\tmenu_RemoveBehavior subMenuPath, mTarget\tstack \"Global | Behavior | Menu\"\tGlobal | Behavior | Menu\t\tcustom submenu\tbehavior_StackNames\tbehavior_StackName\tRemove Behavior\n-\nEdit Behavior\tmenu_EditBehavior mTarget\tstack \"Global | Behavior | Menu\"\tGlobal | Behavior | Menu\tdisabled_EditBehavior\t\t\t\tEdit Behavior\n-\nSet Standard Behavior\tmenu_SetStandardBehavior subMenuPath, mTarget\tstack \"Global | Behavior | Menu\"\tGlobal | Behavior | Menu\t\tcustom submenu\tstandard_BehaviorStackNames\tstandard_BehaviorStackName\tSet Standard Behavior\nEdit Standard Behavior\tmenu_EditStandardBehavior subMenuPath, mTarget\tstack \"Global | Behavior | Menu\"\tGlobal | Behavior | Menu\t\tcustom submenu\tstandard_BehaviorStackNames\tstandard_BehaviorStackName\tEdit Standard Behavior\n-\nView Behavior\t\tstack \"Global | Behavior | Menu\"\tGlobal | Behavior | Menu\t\tsubmenu\tGlobal | Behavior | View | Menu\tstack \"Global | Behavior | View | Menu\"\tView Behavior\n-\nDev\t\tstack \"Global | Behavior | Menu\"\tGlobal | Behavior | Menu\t\tsubmenu\tDev | Menu\tstack \"Global | Behavior | Menu\"\tDev"},"Global | View | Browser | Title | Menu": {"mController": "stack \"/Users/BabyBlue/Desktop/git-repos/lcw_Authoring/controllers/Global_View_Browser_Title_Menu.livecodescript\"","gMenuTable": "Display Set\tmenu_DisplaySet subMenuPath, mTarget\tstack \"Global_View_Browser_Title_Menu\"\tGlobal | View | Browser | Title | Menu\t\tcustom submenu\tdisplay_Paths\tdisplay_Path\tDisplay Set\nAdd View Set\tmenu_AddViewSet subMenuPath, mTarget\tstack \"Global_View_Browser_Title_Menu\"\tGlobal | View | Browser | Title | Menu\t\tcustom submenu\tdisplay_Paths\tdisplay_Path\tAdd View Set\nRefresh Display\tmenu_RefreshDisplay mTarget\tstack \"Global_View_Browser_Title_Menu\"\tGlobal | View | Browser | Title | Menu\t\t\t\t\tRefresh Display\n-\nFilter\tmenu_Filter subMenuPath, mTarget\tstack \"Global_View_Browser_Title_Menu\"\tGlobal | View | Browser | Title | Menu\t\tcustom external\tview_Filters\tview_Filter\tFilter\nKnow All Views\tmenu_KnowAllViews mTarget\tstack \"Global_View_Browser_Title_Menu\"\tGlobal | View | Browser | Title | Menu\t\t\t\t\tKnow All Views\n-\nCreate Template From Selected Group\tmenu_CreateTemplateFromSelectedGroup mTarget\tstack \"Global_View_Browser_Title_Menu\"\tGlobal | View | Browser | Title | Menu\t\t\t\t\tCreate Template From Selected Group\nCreate Blank Template\tmenu_CreateBlankTemplate mTarget\tstack \"Global_View_Browser_Title_Menu\"\tGlobal | View | Browser | Title | Menu\t\t\t\t\tCreate Blank Template\nDodgy Create Button View\tmenu_DodgyCreateButtonView mTarget\tstack \"Global_View_Browser_Title_Menu\"\tGlobal | View | Browser | Title | Menu\t\t\t\t\tDodgy Create Button View\n-\nDisplay Outline Palette\tmenu_DisplayOutlinePalette mTarget\tstack \"Global_View_Browser_Title_Menu\"\tGlobal | View | Browser | Title | Menu\t\t\t\t\tDisplay Outline Palette\nDisplay Outline\t\tstack \"Global_View_Browser_Title_Menu\"\tGlobal | View | Browser | Title | Menu\t\tsubmenu\tView | Display | Outline | Menu\tstack \"Global_View_Browser_Title_Menu\"\tDisplay Outline\n-\nDisplay View Browser Record\tmenu_DisplayViewBrowserRecord mTarget\tstack \"Global_View_Browser_Title_Menu\"\tGlobal | View | Browser | Title | Menu\t\t\t\t\tDisplay View Browser Record\nView Browser Record Behavior\tmenu_ViewBrowserRecordBehavior mTarget\tstack \"Global_View_Browser_Title_Menu\"\tGlobal | View | Browser | Title | Menu\t\t\t\t\tView Browser Record Behavior\n-\nEdit Script\tmenu_EditScript subMenuPath, mTarget\tstack \"Global_View_Browser_Title_Menu\"\tGlobal | View | Browser | Title | Menu\t\tcustom submenu\tobject_References\tobject_Reference\tEdit Script\nEdit View Tool Menu\tmenu_EditViewToolMenu mTarget\tstack \"Global_View_Browser_Title_Menu\"\tGlobal | View | Browser | Title | Menu\t\t\t\t\tEdit View Tool Menu"},"Global | Stack | Snapshot | Menu": {"mController": "stack \"/Users/BabyBlue/Desktop/git-repos/lcw_Authoring/controllers/Global_Stack_Snapshot_Menu.livecodescript\"","gMenuTable": "Snap Card\tmenu_SnapCard mTarget\tstack \"Global_Stack_Snapshot_Menu\"\tGlobal | Stack | Snapshot | Menu\t\t\t\t\tSnap Card\nSnap Stack\tmenu_SnapStack mTarget\tstack \"Global_Stack_Snapshot_Menu\"\tGlobal | Stack | Snapshot | Menu\t\t\t\t\tSnap Stack\nSnap Image\tmenu_SnapImage mTarget\tstack \"Global_Stack_Snapshot_Menu\"\tGlobal | Stack | Snapshot | Menu\t\t\t\t\tSnap Image\n-\nRecord Card\tmenu_RecordCard subMenuPath, mTarget\tstack \"Global_Stack_Snapshot_Menu\"\tGlobal | Stack | Snapshot | Menu\t\tboolean\tsubmenu_Boolean\trecord_Card\tRecord Card"},"Global | Project | Stack | Menu": {"mController": "stack \"/Users/BabyBlue/Desktop/git-repos/lcw_Authoring/controllers/Global_Project_Stack_Menu.livecodescript\"","gMenuTable": "Graph Script\tmenu_GraphScript mTarget\tstack \"Global | Project | Stack | Menu\"\tGlobal | Project | Stack | Menu\t\t\t\t\tGraph Script\n-\nGo To Stack\tmenu_GoToStack mTarget\tstack \"Global | Project | Stack | Menu\"\tGlobal | Project | Stack | Menu\t\t\t\t\tGo To Stack\nEdit Stack Script\tmenu_EditStackScript mTarget\tstack \"Global | Project | Stack | Menu\"\tGlobal | Project | Stack | Menu\t\t\t\t\tEdit Stack Script\nUse Stack\tmenu_UseStack subMenuPath, mTarget\tstack \"Global | Project | Stack | Menu\"\tGlobal | Project | Stack | Menu\t\tboolean\tsubmenu_Boolean\tuse_Stack\tUse Stack\n-\nTrash Stack\tmenu_TrashStack mTarget\tstack \"Global | Project | Stack | Menu\"\tGlobal | Project | Stack | Menu\tdisabled_TrashStack\t\t\t\tTrash Stack\nDisplay Substack\tmenu_DisplaySubstack subMenuPath, mTarget\tstack \"Global | Project | Stack | Menu\"\tGlobal | Project | Stack | Menu\tdisabled_DisplaySubstack\tcustom submenu\tsub_StackNames\tsub_StackName\tDisplay Substack\n-\nIndex\t\tstack \"Global | Project | Stack | Menu\"\tGlobal | Project | Stack | Menu\tdisabled_Index\tsubmenu\tGlobal | Project | Stack | Tree | Menu\tstack \"Global_Project_Stack_Tree_Menu\"\tIndex\nDeps\t\tstack \"Global | Project | Stack | Menu\"\tGlobal | Project | Stack | Menu\t\tsubmenu\tDeps | Menu\tstack \"lib_MenuButton\"\tDeps"},"Global | Tree | HkeyArray | Graph | Create | Menu": {"mController": "stack \"/Users/BabyBlue/Desktop/git-repos/lcw_Authoring/controllers/Global_HkeyArray_Graph_Create_Menu.livecodescript\"","gMenuTable": "Create Svg Graph\tmenu_CreateSvgGraph subMenuPath, mTarget\tstack \"Global_HkeyArray_Graph_Create_Menu\"\tGlobal | Tree | HkeyArray | Graph | Create | Menu\t\tcustom submenu\tgraph_Styles\tgraph_Style\tCreate Svg Graph\nDisplay Object Graph\tmenu_DisplayObjectGraph mTarget\tstack \"Global_HkeyArray_Graph_Create_Menu\"\tGlobal | Tree | HkeyArray | Graph | Create | Menu\t\t\t\t\tDisplay Object Graph\nDisplay Processed Hkey Array\tmenu_DisplayProcessedHkeyArray mTarget\tstack \"Global_HkeyArray_Graph_Create_Menu\"\tGlobal | Tree | HkeyArray | Graph | Create | Menu\t\t\t\t\tDisplay Processed Hkey Array\nDisplay Svg\tmenu_DisplaySvg mTarget\tstack \"Global_HkeyArray_Graph_Create_Menu\"\tGlobal | Tree | HkeyArray | Graph | Create | Menu\tdisabled_DisplaySvg\t\t\t\tDisplay Svg\nDisplay Project Overlay Folder\tmenu_DisplayProjectOverlayFolder mTarget\tstack \"Global_HkeyArray_Graph_Create_Menu\"\tGlobal | Tree | HkeyArray | Graph | Create | Menu\t\t\t\t\tDisplay Project Overlay Folder\n-\nDev\t\tstack \"Global_HkeyArray_Graph_Create_Menu\"\tGlobal | Tree | HkeyArray | Graph | Create | Menu\t\tsubmenu\tDev | Menu\tstack \"Global_HkeyArray_Graph_Create_Menu\"\tDev"},"Global | HkeyArray | Tree | Filter | Menu": {"mController": "stack \"/Users/BabyBlue/Desktop/git-repos/lcw_Authoring/controllers/Global_HkeyArray_Tree_Filter_Menu.livecodescript\"","gMenuTable": "Remove Standalone Handlers\tmenu_RemoveStandaloneHandlers subMenuPath, mTarget\tstack \"Global_HkeyArray_Tree_Filter_Menu\"\tGlobal | HkeyArray | Tree | Filter | Menu\t\tfixed\tsubmenu_Fixed[menu_RemoveStandaloneHandlers]\twhich_Stack\tRemove Standalone Handlers\n-\nRemove Object\tmenu_RemoveObject subMenuPath, mTarget\tstack \"Global_HkeyArray_Tree_Filter_Menu\"\tGlobal | HkeyArray | Tree | Filter | Menu\t\tcustom submenu\tdep_Objects\tdep_Object\tRemove Object\nRemove Object Links\tmenu_RemoveObjectLinks subMenuPath, mTarget\tstack \"Global_HkeyArray_Tree_Filter_Menu\"\tGlobal | HkeyArray | Tree | Filter | Menu\t\tcustom external\tlibrary_SetNames\tlibrary_SetName\tRemove Object Links\nCheck Nested Deps\tmenu_CheckNestedDeps mTarget\tstack \"Global_HkeyArray_Tree_Filter_Menu\"\tGlobal | HkeyArray | Tree | Filter | Menu\tdisabled_CheckNestedDeps\t\t\t\tCheck Nested Deps\nConstruct Nested Dependencies\tmenu_ConstructNestedDependencies mTarget\tstack \"Global_HkeyArray_Tree_Filter_Menu\"\tGlobal | HkeyArray | Tree | Filter | Menu\t\t\t\t\tConstruct Nested Dependencies\n-\nFilter Dependencies\tmenu_FilterDependencies mTarget\tstack \"Global_HkeyArray_Tree_Filter_Menu\"\tGlobal | HkeyArray | Tree | Filter | Menu\t\t\t\t\tFilter Dependencies\nDev\t\tstack \"Global_HkeyArray_Tree_Filter_Menu\"\tGlobal | HkeyArray | Tree | Filter | Menu\t\tsubmenu\tDev | Menu\tstack \"Global_HkeyArray_Tree_Filter_Menu\"\tDev"},"Global | Script | Merge | Menu": {"mController": "stack \"/Users/BabyBlue/Desktop/git-repos/lcw_Authoring/controllers/Global_Script_Merge_Menu.livecodescript\"","gMenuTable": "Merge Script Template\tmenu_MergeScriptTemplate mTarget\tstack \"Global | Script | Merge | Menu\"\tGlobal | Script | Merge | Menu\t\t\t\t\tMerge Script Template\n-\nEdit My Behavior\tmenu_EditMyBehavior mTarget\tstack \"Global | Script | Merge | Menu\"\tGlobal | Script | Merge | Menu\t\t\t\t\tEdit My Behavior"},"Global | HkeyPlaceObject | Menu": {"mController": "stack \"/Users/BabyBlue/Desktop/git-repos/lcw_Authoring/controllers/Global_HkeyPlaceObject_Menu.livecodescript\"","gMenuTable": "Display Duplicates\tmenu_DisplayDuplicates mTarget\tstack \"Global_HkeyPlaceObject_Menu\"\tGlobal | HkeyPlaceObject | Menu\t\t\t\t\tDisplay Duplicates"},"Global | HkeyArray | Menu": {"mController": "stack \"/Users/BabyBlue/Desktop/git-repos/lcw_Authoring/controllers/Global_HkeyArray_Menu.livecodescript\"","gMenuTable": "Display Dep Objects\tmenu_DisplayDepObjects mTarget\tstack \"Global_HkeyArray_Menu\"\tGlobal | HkeyArray | Menu\t\t\t\t\tDisplay Dep Objects\n-\nFetch Handler\tmenu_FetchHandler mTarget\tstack \"Global_HkeyArray_Menu\"\tGlobal | HkeyArray | Menu\tdisabled_FetchHandler\t\t\t\tFetch Handler\nDisplay Handler Deps\tmenu_DisplayHandlerDeps mTarget\tstack \"Global_HkeyArray_Menu\"\tGlobal | HkeyArray | Menu\tdisabled_DisplayHandlerDeps\t\t\t\tDisplay Handler Deps\nAdd To Dictionary\tmenu_AddToDictionary mTarget\tstack \"Global_HkeyArray_Menu\"\tGlobal | HkeyArray | Menu\tdisabled_AddToDictionary\t\t\t\tAdd To Dictionary\n-\nHkey\t\tstack \"Global_HkeyArray_Menu\"\tGlobal | HkeyArray | Menu\t\tsubmenu\tGlobal | Tree | HkeyArray | Menu\tstack \"Global_HkeyArray_Menu\"\tHkey\nCreate Graph\t\tstack \"Global_HkeyArray_Menu\"\tGlobal | HkeyArray | Menu\t\tsubmenu\tGlobal | Tree | HkeyArray | Graph | Create | Menu\tstack \"Global_HkeyArray_Graph_Create_Menu\"\tCreate Graph\n-\nFilter\t\tstack \"Global_HkeyArray_Menu\"\tGlobal | HkeyArray | Menu\t\tsubmenu\tGlobal | HkeyArray | Tree | Filter | Menu\tstack \"Global_HkeyArray_Tree_Filter_Menu\"\tFilter\nDeps\t\tstack \"Global_HkeyArray_Menu\"\tGlobal | HkeyArray | Menu\t\tsubmenu\tGlobal | HkeyArray | Tree | Deps | Menu\tstack \"Global_HkeyArray_Tree_Deps_Menu\"\tDeps\nDev\t\tstack \"Global_HkeyArray_Menu\"\tGlobal | HkeyArray | Menu\t\tsubmenu\tDev | Menu\tstack \"Global_HkeyArray_Menu\"\tDev\n-\nTest Value\tmenu_TestValue mTarget\tstack \"Global_HkeyArray_Menu\"\tGlobal | HkeyArray | Menu\t\t\t\t\tTest Value"},"Global | IDE | Menu": {"mController": "stack \"/Users/BabyBlue/Desktop/git-repos/lcw_Authoring/controllers/Global_IDE_Menu.livecodescript\"","gMenuTable": "Behavior Hack\tmenu_BehaviorHack subMenuPath, mTarget\tstack \"Global_IDE_Menu\"\tGlobal | IDE | Menu\t\tcustom submenu\tide_Bnames\tide_Bname\tBehavior Hack\nEdit Override\tmenu_EditOverride mTarget\tstack \"Global_IDE_Menu\"\tGlobal | IDE | Menu\t\t\t\t\tEdit Override\nInterface Scripts\t\tstack \"Global_IDE_Menu\"\tGlobal | IDE | Menu\t\tsubmenu\tIDE | Interface | Menu\tstack \"Global_IDE_Menu\"\tInterface Scripts"},"Global | Hkey | Send | Menu": {"mController": "stack \"/Users/BabyBlue/Desktop/git-repos/lcw_Authoring/controllers/Global_Hkey_Send_Menu.livecodescript\"","gMenuTable": "Send Command\tmenu_SendCommand mTarget\tstack \"Global_Hkey_Send_Menu\"\tGlobal | Hkey | Send | Menu\tdisabled_SendCommand\t\t\t\tSend Command\nEvaluate Function\tmenu_EvaluateFunction mTarget\tstack \"Global_Hkey_Send_Menu\"\tGlobal | Hkey | Send | Menu\tdisabled_EvaluateFunction\t\t\t\tEvaluate Function"},"Global | HkeyArray | Script | Tree | Line | Menu": {"mController": "stack \"/Users/BabyBlue/Desktop/git-repos/lcw_Authoring/controllers/Global_HkeyArray_Script_Tree_Line_Menu.livecodescript\"","gMenuTable": "Test\tmenu_Test mTarget\tstack \"Global_HkeyArray_Script_Tree_Line_Menu\"\tGlobal | HkeyArray | Script | Tree | Line | Menu\t\t\t\t\tTest\n-\nDelete Hkeys\tmenu_DeleteHkeys mTarget\tstack \"Global_HkeyArray_Script_Tree_Line_Menu\"\tGlobal | HkeyArray | Script | Tree | Line | Menu\tdisabled_DeleteHkeys\t\t\t\tDelete Hkeys"},"Global | Project | Line | Menu": {"mController": "stack \"/Users/BabyBlue/Desktop/git-repos/lcw_Authoring/controllers/Global_Project_Line_Menu.livecodescript\"","gMenuTable": "Go To Wiki\tmenu_GoToWiki mTarget\tstack \"Global_Project_Line_Menu\"\tGlobal | Project | Line | Menu\t\t\t\t\tGo To Wiki\nCreate Wiki Page\tmenu_CreateWikiPage mTarget\tstack \"Global_Project_Line_Menu\"\tGlobal | Project | Line | Menu\t\t\t\t\tCreate Wiki Page\n-\nProject Stack\t\tstack \"Global_Project_Line_Menu\"\tGlobal | Project | Line | Menu\t\tsubmenu\tGlobal | Project | Stack | Menu\tstack \"Global | Project | Stack | Menu\"\tProject Stack\n-\nMove Used\tmenu_MoveUsed subMenuPath, mTarget\tstack \"Global_Project_Line_Menu\"\tGlobal | Project | Line | Menu\t\tcustom submenu\tnew_ProjectNames\tnew_ProjectName\tMove Used\nStack Is Used\tmenu_StackIsUsed subMenuPath, mTarget\tstack \"Global_Project_Line_Menu\"\tGlobal | Project | Line | Menu\t\tboolean\tsubmenu_Boolean\tstack_IsUsed\tStack Is Used\n-\nDisplay Script Object\tmenu_DisplayScriptObject mTarget\tstack \"Global_Project_Line_Menu\"\tGlobal | Project | Line | Menu\t\t\t\t\tDisplay Script Object\nDisplay Stack Deps\tmenu_DisplayStackDeps mTarget\tstack \"Global_Project_Line_Menu\"\tGlobal | Project | Line | Menu\t\t\t\t\tDisplay Stack Deps\n-\nDev\t\tstack \"Global_Project_Line_Menu\"\tGlobal | Project | Line | Menu\t\tsubmenu\tDev | Menu\tstack \"Global_Project_Line_Menu\"\tDev"},"Global | View | Property | Menu": {"mController": "stack \"/Users/BabyBlue/Desktop/git-repos/lcw_Authoring/controllers/Global_View_Property_Menu.livecodescript\"","gMenuTable": "View Property\tmenu_ViewProperty subMenuPath, mTarget\tstack \"Global_View_Property_Menu\"\tGlobal | View | Property | Menu\t\tcustom submenu\tsome_Props\tsome_Prop\tView Property\nEdit Module Behaviors\tmenu_EditModuleBehaviors mTarget\tstack \"Global_View_Property_Menu\"\tGlobal | View | Property | Menu\t\t\t\t\tEdit Module Behaviors\n-\nEdit View Behavior\tmenu_EditViewBehavior mTarget\tstack \"Global_View_Property_Menu\"\tGlobal | View | Property | Menu\t\t\t\t\tEdit View Behavior\nEdit View Template\tmenu_EditViewTemplate mTarget\tstack \"Global_View_Property_Menu\"\tGlobal | View | Property | Menu\t\t\t\t\tEdit View Template\n-\nProperty Palette\tmenu_PropertyPalette mTarget\tstack \"Global_View_Property_Menu\"\tGlobal | View | Property | Menu\t\t\t\t\tProperty Palette\nGo To Template\tmenu_GoToTemplate mTarget\tstack \"Global_View_Property_Menu\"\tGlobal | View | Property | Menu\t\t\t\t\tGo To Template\n-\nDev\t\tstack \"Global_View_Property_Menu\"\tGlobal | View | Property | Menu\t\tsubmenu\tDev | Menu\tstack \"Global_View_Property_Menu\"\tDev"},"Global | HkeyArray | Tree | Menu": {"mController": "stack \"/Users/BabyBlue/Desktop/git-repos/lcw_Authoring/controllers/Global_HkeyArray_Tree_Menu.livecodescript\"","gMenuTable": "Project Dep Stacks\tmenu_ProjectDepStacks subMenuPath, mTarget\tstack \"Global_HkeyArray_Tree_Menu\"\tGlobal | HkeyArray | Tree | Menu\t\tcustom submenu\tcall_ProjectNames\tcall_ProjectName\tProject Dep Stacks\nCollect Deps\tmenu_CollectDeps mTarget\tstack \"Global_HkeyArray_Tree_Menu\"\tGlobal | HkeyArray | Tree | Menu\t\t\t\t\tCollect Deps\n-\nDisplay\tmenu_Display subMenuPath, mTarget\tstack \"Global_HkeyArray_Tree_Menu\"\tGlobal | HkeyArray | Tree | Menu\t\tfixed\tsubmenu_Fixed[menu_Display]\tdisplay_Style\tDisplay\nDisplay Deps\tmenu_DisplayDeps mTarget\tstack \"Global_HkeyArray_Tree_Menu\"\tGlobal | HkeyArray | Tree | Menu\t\t\t\t\tDisplay Deps\n-\nCreate\t\tstack \"Global_HkeyArray_Tree_Menu\"\tGlobal | HkeyArray | Tree | Menu\t\tsubmenu\tGlobal | Tree | HkeyArray | Graph | Create | Menu\tstack \"Global_HkeyArray_Graph_Create_Menu\"\tCreate\nTree\t\tstack \"Global_HkeyArray_Tree_Menu\"\tGlobal | HkeyArray | Tree | Menu\t\tsubmenu\tGlobal | Tree | HkeyArray | Menu\tstack \"Global_HkeyArray_Tree_Menu\"\tTree"},"Global | Menu | Table | Menu": {"mController": "stack \"/Users/BabyBlue/Desktop/git-repos/lcw_Authoring/controllers/Global_Menu_Table_Menu.livecodescript\"","gMenuTable": "Global Menu\t\tstack \"Global_Menu_Table_Menu\"\tGlobal | Menu | Table | Menu\t\tsubmenu\tGlobal | Menu | Global Cards | Menu\tstack \"Global_Menu_Global Cards_Menu\"\tGlobal Menu\nList Global Menus\tmenu_ListGlobalMenus mTarget\tstack \"Global_Menu_Table_Menu\"\tGlobal | Menu | Table | Menu\t\t\t\t\tList Global Menus\nDisplay Menu Pick Handler\tmenu_DisplayMenuPickHandler subMenuPath, mTarget\tstack \"Global_Menu_Table_Menu\"\tGlobal | Menu | Table | Menu\t\tcustom submenu\tcached_MenuTitles\tcached_MenuTitle\tDisplay Menu Pick Handler\n-\nLocal Menus\t\tstack \"Global_Menu_Table_Menu\"\tGlobal | Menu | Table | Menu\t\tsubmenu\tGlobal | Menu | Substack | Menu\tstack \"Global | Menu | Substack | Menu\"\tLocal Menus\n-\nCut Menu\tmenu_CutMenu subMenuPath, mTarget\tstack \"Global_Menu_Table_Menu\"\tGlobal | Menu | Table | Menu\t\tcustom submenu\tscript_MenuTitles\tscript_MenuTitle\tCut Menu\n-\nDevelopment\t\tstack \"Global_Menu_Table_Menu\"\tGlobal | Menu | Table | Menu\t\tsubmenu\tDev | Menu\tstack \"Global_Menu_Table_Menu\"\tDevelopment"}}}