<button name="Use VAB" id="1145">
<traversalOn>false</traversalOn>
<ink>srcCopy</ink>
<threeD>true</threeD>
<hiliteBorder>false</hiliteBorder>
<blendLevel>0</blendLevel>
<rect>19,48,163,71</rect>
<mnemonic>0</mnemonic>
<armFill>false</armFill>
<visitedIcon>0</visitedIcon>
<showName>true</showName>
<showIcon>false</showIcon>
<hilited>false</hilited>
<sharedHilite>true</sharedHilite>
<shadow>false</shadow>
<textAlign>left</textAlign>
<armed>false</armed>
<menuMouseButton>1</menuMouseButton>
<id>1145</id>
<altId>0</altId>
<labelWidth>0</labelWidth>
<armedIcon>0</armedIcon>
<lockLoc>false</lockLoc>
<visited>false</visited>
<showHilite>false</showHilite>
<label>Use GLX2 App Browser</label>
<autoHilite>true</autoHilite>
<style>checkbox</style>
<disabledIcon>0</disabledIcon>
<armBorder>true</armBorder>
<name>button "Use VAB"</name>
<icon>0</icon>
<layer>78</layer>
<visible>true</visible>
<cantSelect>false</cantSelect>
<borderWidth>2</borderWidth>
<menuLines>5</menuLines>
<margins>3,4,4,4</margins>
<opaque>false</opaque>
<shadowOffset>4</shadowOffset>
<default>false</default>
<hiliteFill>true</hiliteFill>
<showBorder>false</showBorder>
<hiliteIcon>0</hiliteIcon>
<disabled>false</disabled>
<autoArm>false</autoArm>
<family>0</family>
<hoverIcon>0</hoverIcon>
<showFocusBorder>true</showFocusBorder>
<menuHistory>1</menuHistory>
<custompropertyset name= "cGlx2TimeStamp">
<checksum>urldecode( "%B0A%7C%82%83%03%D0%A0%82%7B%3A%84S0%DB%B1" )</checksum>
</custompropertyset>
<script>urldecode( "%2F*--------------------------------------------------------------------------------%0D%0A1+March+2009+mdw%0D%0A+++++added+portable+references+for+menubar+stack%0D%0A+++++declared+local+variables%0D%0A--------------------------------------------------------------------------------*%2F%0D%0A%0D%0A--%3E+all+handlers%0D%0A%0D%0Aon+mouseUp+pMouseBtnNum%0D%0A++++local+tVabIsOn%0D%0A++++local+tStackObjectID%0D%0A++++local+tRegCodeValidation%0D%0A++++local+tComponentName%0D%0A++++local+tMenuBar%0D%0A++++%0D%0A++++put+glx2GetIDEStackName%28%22revmenubar%22%29+into+tMenuBar%0D%0A++++%0D%0A++++put+the+hilited+of+me+into+tVabIsOn%0D%0A++++if+tVabIsOn+then%0D%0A++++++++--+validate+the+reg+code%0D%0A++++++++put+the+long+id+of+stack+%22revGLX2+registration%22+into+tStackObjectID%0D%0A++++++++put+%22VAB%22+into+tComponentName%0D%0A++++++++send+%22validateRegCode+tComponentName%22+to+tStackObjectID%0D%0A++++++++put+word+1+of+the+result+into+tRegCodeValidation+%0D%0A++++++++if+tRegCodeValidation+is+%22cancel%22+then%0D%0A++++++++++++put+false+into+tVabIsOn%0D%0A++++++++else%0D%0A++++++++++++put+tRegCodeValidation+into+tVabIsOn%0D%0A++++++++end+if%0D%0A++++end+if%0D%0A++++lock+screen%0D%0A++++set+the+hilited+of+me+to+tVabIsOn%0D%0A++++set+the+cUseVAB+of+stack+%22revGLX2+Code%22+to+tVabIsOn%0D%0A++++set+the+hilited+of+btn+%22use+vab%22+of+stack+%22revGLX2+code+docs%22+to+tVabIsOn%0D%0A++++set+the+hilited+of+btn+%22use+vab%22+of+cd+%22general%22+of+stack+%22revPreferencesGUI%22+to+tVabIsOn%0D%0A++++if+tVabIsOn+is+false+and+the+shiftkey+is+up+then%0D%0A++++++++close+stack+%22revGLX2+Vab%22%0D%0A++++end+if%0D%0A++++if+there+is+a+button+%22tools%22+of+stack+tMenuBar+then%0D%0A++++++++if+char+1+of+the+version+is+%223%22+then%0D%0A++++++++++++if+tVabIsOn+is+true+then%0D%0A++++++++++++++++replace+%22Application+Browser%22+with+%22Application+Browser%2F%5E%40A%22+in+btn+%22tools%22+of+stack+tMenuBar%0D%0A++++++++++++else%0D%0A++++++++++++++++replace+%22Application+Browser%2F%5E%40A%22+with+%22Application+Browser%22+in+btn+%22tools%22+of+stack+tMenuBar%0D%0A++++++++++++end+if%0D%0A++++++++else%0D%0A++++++++++++replace+%22Application+Browser%2F%5E%40A%22+with+%22Application+Browser%22+in+btn+%22tools%22+of+stack+tMenuBar%0D%0A++++++++end+if%0D%0A++++end+if%0D%0A++++send+%22glx2SavePrefs%22+to+stack+%22revGLX2+Code%22%0D%0A++++unlock+screen%0D%0Aend+mouseUp%0D%0A" )</script>
</button>
