<card name="card id 1002" id="1002">
<ink>srcCopy</ink>
<mark>false</mark>
<dontSearch>false</dontSearch>
<threeD>true</threeD>
<blendLevel>0</blendLevel>
<rect>0,0,349,146</rect>
<colors>urldecode( "%0D%0A230%2C230%2C230%0D%0A%0D%0A%0D%0A%0D%0A%0D%0A%0D%0A" )</colors>
<cantDelete>false</cantDelete>
<id>1002</id>
<altId>0</altId>
<name>card id 1002</name>
<layer>1</layer>
<borderWidth>2</borderWidth>
<showBorder>false</showBorder>
<custompropertyset name= "cREVGeometryCacheIDs">
<xml_num_1218224904224>1019</xml_num_1218224904224>
<xml_num_1218309296819>1023</xml_num_1218309296819>
<xml_num_1218220122576>1006</xml_num_1218220122576>
<xml_num_1218220157642>1008</xml_num_1218220157642>
<xml_num_1218224078501>1021</xml_num_1218224078501>
<xml_num_1218723056322>1024</xml_num_1218723056322>
<xml_num_1218224190301>1022</xml_num_1218224190301>
<xml_num_1218219828623>1004</xml_num_1218219828623>
<xml_num_1218220314823>1010</xml_num_1218220314823>
<xml_num_1218220286958>1009</xml_num_1218220286958>
<xml_num_1218224913032>1020</xml_num_1218224913032>
</custompropertyset>
<custompropertyset name= "cREVGeometrycache">
<total>11</total>
</custompropertyset>
<custompropertyset name= "cGlx2General">
<cHscrollScript>0</cHscrollScript>
<cHscrollHandlers>0</cHscrollHandlers>
<cSelectedChunk>char 107 to 106</cSelectedChunk>
<cHtmlScript>urldecode( "%1F%8B%08%00%00%00%00%00%00%03%EDWMo%D3%40%10%BD%FBW%8C%7Cj%23E-%11T%E2%00%07%A0%B4%95%0D%0AD%8D%10%1C%B8%AC%BD%E3x%C9z%D7%DA%1D%3B%0D%BF%9EY%27N%EC%A4-%01%85%AA%87%EE%C1%87%F5%7C%BD%99%B7%DE%E7%E1%F0-%C0%E0Ry%B2n%11%9D%0C%A2%D1K%F8%88%89%AB%84%5B%C0%E8%F4%F45%14r%1E%01%08%29QBi%1D%89D%238%CC%D0%A1I%D1Cf%1D%C4%0E%EB%02M%95%08%17%830%B2%D9%287Fq48%89%A2%21%E7%1AHL%B5p%82%945%3E%8AR%7E%920%04%B3oJN%91.%5C%F9Y%14%08o+%B6%C9OL%09%C8%21%C6%1D%BB%B1%E0%904%21%91%CEZK%CEuq%FD%7D%04%B5H%BA%96%9DX%CAd6%5E%16+%B4%86%9CK%D4%E88%BF5%C0e%7E%29%D14%11%19%28%80%B6%A9%D0%40%E3M%F9%CDv%F3%28%2B%82%A9%BE%1D%5D+%5D%7D8_Wq%14j%E88%C4%C7%A0%0C%D9%DD+%1E%09r%A5%15q3m%06%09%19%88%7Dn%E7%DC%D0%1A%7C%08%E7c%08%8E9B%3A%E1%177X%5B%5D%85n5%C9%7C%F0j%EC%FA%B1%91%7B%DE%03%12%90I%1BL%3C%94%EFs%EB%D1t%C1%7D%E2a%BD%13n%3F%60%EDd%5BP%5Dg%8E7%03%9F%F2%90%CC%1A%60%28%5Eb%26*M%ABR%ED%D6%90%1A%CB%B9%A24%EF%15%17V*%3CB%7C%83%99C%9FC%8F%04%D0YU%29%05%E1%C4%88%B2%B7%9D8%14%B3%ADX%93%82g%DE%F7n%AB%24%BC%25%AF%7Ea%E8j%A6%99%B6s%EB%18N%29%C2%0C%C3%E6%D4%95%DB%D4%5C%0F%60%87%8A%0C%F3%C5%E9%BDyrT%D3%9C%0E%97%E9%D5%7E%88R%E1%24%F0%A1+g%F5%FF%C6t%80%5C%7DT%C3%E1%3Ds%F6%81%F0q+%EC%8A%29%97%B6%C0EstB%CA%DE%C7c%93q%97%84%0F%F1%A6%40%A9%AA%E2%B1%883z4%E2%9C%3D%1Aq%F6%C6t%80%5CgO%878%D7%C2M%F1%997%CF%BC%F9K%DE%84%FB%1E6%17%FEJ%0F%B0b%F1%B6%EF%AC%B2%D0%10%87%A0%F8-%24%15%11%5B%C7%B5%C2y%27w%7BM%07S%D3s%DF%E0%097%FBX%B1q%27%EB%D7%2B8%D7%C8o%C8%F3%7D%0F%D7%2C%0D%97%9A%A4%11%2Bw%25IVZ%A0%5D%21%B4%CA%F6%83kY%B1%B4%40%AD%D1%8B%BB%8FM%23%85%D6%E2%C6%FF%CB%A0%7F%EC%B4+%2Cc%E9%E8%00%09%8E%9F%18%89%C6%8E%FB%EAH%05%E5%DDu%D8Vkw%F698%FB%87%9B%D9k%DB%1F%EC%FB%BD%91%F6%06%C3%E7b%23%B7%DBU%99Nu%DCC%96%879%D4%CAW%ACW%A5%F2%DE%EA%1A%A1F%FE-%C9%84%A7%7B%FA%10%1A%BC%14%96%0F%AA%D1%B0%C7%B2%DB%11%98%D5%5C%29%E7%B3%E4%D7E%F5%8Ai%D4%F5JL%FF%06%A4%E7%DD%AB0%0D%00%00" )</cHtmlScript>
<cHandlersListWidth>137</cHandlersListWidth>
<cConstants>urldecode( "kWidgetGrpName%0D%0AkParentStackName%0D%0AkGrpName" )</cConstants>
<cHtmlHandlers>urldecode( "%1F%8B%08%00%00%00%00%00%00%03%B3%29%B0%B3I%B2%B3%29.%05%12%99%B9%E9%0D%0A%C5E%C9%B6J%26%06%96%96%E6%26Jv6%FA+q%05%05-%8F%CC%E2%92%FC%A2J%1B%7D%A0*%FD%02%3B.%1B%22ti%A5%A4%26%E7%24%16%25%96d%E6%E7%15%E3%D7illlhl%09%D7%99%98%93%A3%90%91%98%97%92%93Z%84%A2QM%D9%D2%1AM%A7%A9%A1%99%A5%891%5CgJ%7E%40QjZ1%F1%1A%0D%0A%8AR%FD%0BR%F3%82K%12%93%B3A%BA%00%AC%1Cf%A5%0F%01%00%00" )</cHtmlHandlers>
<cDirtyFlag>false</cDirtyFlag>
<cFolders>urldecode( "*declarations%0D%0A*History%0D%0Aall+handlers" )</cFolders>
<cHandlers>urldecode( "doPrefs%0D%0ApreOpenStack" )</cHandlers>
<cVscrollScript>0</cVscrollScript>
<cVscrollHandlers>0</cVscrollHandlers>
<cHilitedLine>1</cHilitedLine>
</custompropertyset>
<custompropertyset name= "cGlx2TimeStamp">
<xml_num_1235552333>working</xml_num_1235552333>
<xml_num_1218205473>start</xml_num_1218205473>
<xml_num_1218205393>start</xml_num_1218205393>
<checksum>urldecode( "A%B4%FC%F5N%8BI%B7%D4%BF%C4%25%1B%0C%FDu" )</checksum>
<xml_num_1235552419>working</xml_num_1235552419>
<xml_num_1218202654>start</xml_num_1218202654>
<xml_num_1218300665>working</xml_num_1218300665>
<xml_num_1235552425>working</xml_num_1235552425>
<xml_num_1218301245>start</xml_num_1218301245>
<xml_num_1235552510>start</xml_num_1235552510>
<xml_num_1218205812>start</xml_num_1218205812>
<xml_num_1218202979>start</xml_num_1218202979>
<xml_num_1218301253>working</xml_num_1218301253>
<xml_num_1218301261>working</xml_num_1218301261>
<xml_num_1235552604>end</xml_num_1235552604>
<xml_num_1218202604>start</xml_num_1218202604>
<xml_num_1218300685>start</xml_num_1218300685>
<xml_num_1235552283>start</xml_num_1235552283>
<xml_num_1218203022>start</xml_num_1218203022>
<xml_num_1218205190>start</xml_num_1218205190>
<xml_num_1235552449>working</xml_num_1235552449>
<xml_num_1218300938>start</xml_num_1218300938>
<xml_num_1218607649>start</xml_num_1218607649>
<xml_num_1218202849>working</xml_num_1218202849>
<xml_num_1218205676>start</xml_num_1218205676>
<xml_num_1218300550>start</xml_num_1218300550>
<xml_num_1218202623>start</xml_num_1218202623>
<xml_num_1218607660>end</xml_num_1218607660>
<xml_num_1235552384>start</xml_num_1235552384>
<xml_num_1218205848>working</xml_num_1218205848>
<xml_num_1218223600>end</xml_num_1218223600>
<xml_num_1218205618>start</xml_num_1218205618>
<xml_num_1218202469>start</xml_num_1218202469>
<xml_num_1218223592>start</xml_num_1218223592>
<xml_num_1218206907>start</xml_num_1218206907>
<xml_num_1218205144>start</xml_num_1218205144>
<xml_num_1218205226>working</xml_num_1218205226>
<xml_num_1235552397>working</xml_num_1235552397>
<xml_num_1218202793>start</xml_num_1218202793>
</custompropertyset>
<script>urldecode( "--%3E++*History%0D%0A%2F*%0D%0A24+February+2009+mdw%0D%0A++added+portable+references+for+%22revmenubar%22+and+%22revpreferences%22%0D%0A*%2F%0D%0A%0D%0A--%3E+*declarations%0D%0A%0D%0Aconstant+kWidgetGrpName+%3D+%22object+tree%22%0D%0Aconstant+kParentStackName+%3D+%22revGLX2+vab%22%0D%0Aconstant+kGrpName+%3D+%22info%22%0D%0A%0D%0A--%3E+all+handlers%0D%0A%0D%0Aon+preOpenStack%0D%0A++++local+tPreferences%0D%0A++++%0D%0A++++put+glx2GetIDEStackName%28%22revPreferences%22%29+into+tPreferences%0D%0A++++set+hilited+of+btn+%22show+rev+stacks%22+to+the+cShowRevolutionStacks+of+stack+tPreferences%0D%0Aend+preOpenStack%0D%0A%0D%0Aon+doPrefs+pChosen%0D%0A++++local+tMenuBar%0D%0A++++%0D%0A++++put+glx2GetIDEStackName%28%22revmenubar%22%29+into+tMenuBar%0D%0A++++lock+screen%0D%0A++++set+the+defaultstack+to+%22revGLX2+vab%22%0D%0A++++switch+pChosen%0D%0A++++++++case+%22Refresh+object+tree%22%0D%0A++++++++++++updateSnap%0D%0A++++++++++++break%0D%0A++++++++case+%22Small%22%0D%0A++++++++++++set+the+textsize+of+fld+%22work+spaces%22+of+grp+kWidgetGrpName+of+stack+kParentStackName+to+10%0D%0A++++++++++++set+the+textheight+of+fld+%22work+spaces%22+of+grp+kWidgetGrpName+of+stack+kParentStackName+to+15%0D%0A++++++++++++set+the+textsize+of+fld+%22card+controls%22+of+grp+kWidgetGrpName+of+stack+kParentStackName+to+10%0D%0A++++++++++++set+the+textheight+of+fld+%22card+controls%22+of+grp+kWidgetGrpName+of+stack+kParentStackName+to+15%0D%0A++++++++++++--updateSnap%0D%0A++++++++++++send+%22glx2RefreshHomey%22+to+grp+%22object+tree%22+of+stack+%22revGLX2+vab%22%0D%0A++++++++++++break%0D%0A++++++++case+%22medium%22%0D%0A++++++++++++set+the+textsize+of+fld+%22work+spaces%22+of+grp+kWidgetGrpName+of+stack+kParentStackName+to+12%0D%0A++++++++++++set+the+textheight+of+fld+%22work+spaces%22+of+grp+kWidgetGrpName+of+stack+kParentStackName+to+16%0D%0A++++++++++++set+the+textsize+of+fld+%22card+controls%22+of+grp+kWidgetGrpName+of+stack+kParentStackName+to+12%0D%0A++++++++++++set+the+textheight+of+fld+%22card+controls%22+of+grp+kWidgetGrpName+of+stack+kParentStackName+to+16%0D%0A++++++++++++--updateSnap%0D%0A++++++++++++send+%22glx2RefreshHomey%22+to+grp+%22object+tree%22+of+stack+%22revGLX2+vab%22%0D%0A++++++++++++break%0D%0A++++++++case+%22Large%22%0D%0A++++++++++++set+the+textsize+of+fld+%22work+spaces%22+of+grp+kWidgetGrpName+of+stack+kParentStackName+to+12%0D%0A++++++++++++set+the+textheight+of+fld+%22work+spaces%22+of+grp+kWidgetGrpName+of+stack+kParentStackName+to+16%0D%0A++++++++++++set+the+textsize+of+fld+%22card+controls%22+of+grp+kWidgetGrpName+of+stack+kParentStackName+to+12%0D%0A++++++++++++set+the+textheight+of+fld+%22card+controls%22+of+grp+kWidgetGrpName+of+stack+kParentStackName+to+16%0D%0A++++++++++++--updateSnap%0D%0A++++++++++++send+%22glx2RefreshHomey%22+to+grp+%22object+tree%22+of+stack+%22revGLX2+vab%22%0D%0A++++++++++++break%0D%0A++++++++case+%22Show+Revolution+stacks+also%22%0D%0A++++++++++++if+there+is+a+button+%22view%22+of+stack+tMenuBar+then%0D%0A++++++++++++++++send+%22menuPick+Revolution+UI+Elements+in+Lists%22+to+btn+%22view%22+of+stack+tMenubar%0D%0A++++++++++++end+if%0D%0A++++++++++++break%0D%0A++++++++case+%22Show+open+stacks+only%22%0D%0A++++++++++++set+the+cShowOpenStacks+of+grp+kWidgetGrpName+of+stack+kParentStackName+to+%5C%0D%0A++++++++++++++++++++not%28the+cShowOpenStacks+of+grp+kWidgetGrpName+of+stack+kParentStackName%29%0D%0A++++++++++++--updateSnap%0D%0A++++++++++++send+%22glx2RefreshHomey%22+to+grp+%22object+tree%22+of+stack+%22revGLX2+vab%22%0D%0A++++++++++++break%0D%0A++++++++case+%22Show+Properties%22%0D%0A++++++++++++lock+screen%0D%0A++++++++++++set+the+cShowProps+of+stack+kParentStackName+to+not%28the+cShowProps+of+stack+kParentStackName%29%0D%0A++++++++++++doResizeStack%0D%0A++++++++++++unlock+screen+--with+visual+dissolve+very+fast%0D%0A++++++++++++break%0D%0A++++end+switch%0D%0A++++set+the+defaultstack+to+the+short+name+of+this+stack%0D%0A++++unlock+screen%0D%0Aend+doPrefs%0D%0A" )</script>
</card>
