<button name="clairvoyance" id="1062">
<traversalOn>false</traversalOn>
<ink>srcCopy</ink>
<threeD>true</threeD>
<hiliteBorder>false</hiliteBorder>
<blendLevel>0</blendLevel>
<rect>19,247,194,268</rect>
<mnemonic>0</mnemonic>
<armFill>false</armFill>
<visitedIcon>0</visitedIcon>
<showName>true</showName>
<showIcon>false</showIcon>
<hilited>true</hilited>
<sharedHilite>true</sharedHilite>
<shadow>false</shadow>
<textAlign>left</textAlign>
<armed>false</armed>
<menuMouseButton>1</menuMouseButton>
<id>1062</id>
<altId>0</altId>
<labelWidth>0</labelWidth>
<armedIcon>0</armedIcon>
<lockLoc>false</lockLoc>
<visited>false</visited>
<showHilite>false</showHilite>
<label>Start Clairvoyance after typing</label>
<autoHilite>true</autoHilite>
<style>checkbox</style>
<disabledIcon>0</disabledIcon>
<armBorder>true</armBorder>
<name>button "clairvoyance"</name>
<icon>0</icon>
<layer>27</layer>
<visible>true</visible>
<cantSelect>false</cantSelect>
<borderWidth>2</borderWidth>
<menuLines>5</menuLines>
<margins>3,4,4,4</margins>
<opaque>false</opaque>
<shadowOffset>4</shadowOffset>
<default>false</default>
<hiliteFill>true</hiliteFill>
<showBorder>false</showBorder>
<hiliteIcon>0</hiliteIcon>
<disabled>false</disabled>
<autoArm>false</autoArm>
<family>0</family>
<hoverIcon>0</hoverIcon>
<showFocusBorder>true</showFocusBorder>
<menuHistory>1</menuHistory>
<custompropertyset name= "cGlx2TimeStamp">
<checksum>urldecode( "%7FQ-%DD%D9mj%E8%EC%D5I%9D%60W%8A%C8" )</checksum>
</custompropertyset>
<script>urldecode( "--%3E+all+handlers%0D%0A%0D%0Aon+mouseUp%0D%0A++++lock+screen%0D%0A++++if+the+hilited+of+me+is+true+then%0D%0A++++++++set+the+blendlevel+of+img+%22balloon%22+to+0%0D%0A++++++++set+the+blendlevel+of+fld+%22sample+script%22+to+0%0D%0A++++++++set+the+enabled+of+fld+%22clairvoyance+chars%22+to+the+hilited+of+me%0D%0A++++++++if+the+visible+of+this+stack+is+true+then%0D%0A++++++++++++focus+on+fld+%22clairvoyance+chars%22%0D%0A++++++++end+if%0D%0A++++else%0D%0A++++++++hide+grp+%22peek%22+of+stack+%22revGLX2+code%22%0D%0A++++++++set+the+blendlevel+of+img+%22balloon%22+to+44%0D%0A++++++++set+the+blendlevel+of+fld+%22sample+script%22+to+44%0D%0A++++++++if+the+short+name+of+the+focusedobject+is+%22clairvoyance+chars%22+then%0D%0A++++++++++++focus+on+fld+%22indent%22%0D%0A++++++++end+IF%0D%0A++++end+if%0D%0A++++set+the+cClairvoyance+of+stack+%28the+short+owner+of+this+stack%29+to+the+hilited+of+me%0D%0A++++set+the+enabled+of+fld+%22clairvoyance+chars%22+to+the+hilited+of+me%0D%0A++++set+the+enabled+of+fld+%22clairvoyance+exclusions%22+to+the+hilited+of+me%0D%0A++++set+the+enabled+of+btn+%22add%22+to+the+hilited+of+me%0D%0A++++set+the+enabled+of+btn+%22delete%22+to+the+hilited+of+me%0D%0A++++set+the+enabled+of+btn+%22edit%22+to+the+hilited+of+me%0D%0A++++unlock+screen%0D%0A++++if+%22revGLX2+code+docs%22+is+among+the+lines+of+the+openstacks+then%0D%0A++++++++glx2SavePrefs%0D%0A++++end+if%0D%0Aend+mouseUp%0D%0A" )</script>
</button>
