<stack name="revGLX2 Code Snapshot" id="1047">
<windowManagerPlace>false</windowManagerPlace>
<menubar>GLX2 Menubar</menubar>
<blendLevel>0</blendLevel>
<rect>337,178,908,521</rect>
<maxWidth>65535</maxWidth>
<cantAbort>false</cantAbort>
<colors>urldecode( "0%2C0%2C0%0D%0A245%2C245%2C245%0D%0A195%2C215%2C247%0D%0A%0D%0A%0D%0A%0D%0A%0D%0A" )</colors>
<decorations>title,menu,minimize,maximize,close</decorations>
<iconic>false</iconic>
<shadow>true</shadow>
<cantDelete>false</cantDelete>
<id>1047</id>
<altId>0</altId>
<hcAddressing>false</hcAddressing>
<startUpIconic>false</startUpIconic>
<windowShape>0</windowShape>
<title>Script Snapshot</title>
<textStyle>plain</textStyle>
<cantModify>false</cantModify>
<maxHeight>65535</maxHeight>
<style>palette</style>
<destroyWindow>false</destroyWindow>
<liveresizing>true</liveresizing>
<scroll>0</scroll>
<passkey>true</passkey>
<resizable>true</resizable>
<name>stack "revGLX2 Code Snapshot"</name>
<icon>0</icon>
<formatForPrinting>false</formatForPrinting>
<alwaysBuffer>true</alwaysBuffer>
<visible>true</visible>
<metal>false</metal>
<minWidth>500</minWidth>
<textSize>10</textSize>
<destroyStack>false</destroyStack>
<textFont>verdana</textFont>
<minHeight>200</minHeight>
<dynamicPaths>false</dynamicPaths>
<custompropertyset name= "cGlx2TimeStamp">
<checksum>urldecode( "%83.t%8D%0F%00%C1%9B%94%FE%CE%80%03%0D%ECE" )</checksum>
</custompropertyset>
<custompropertyset name= "cREVGeometryCache">
<stackID>1047</stackID>
</custompropertyset>
<mainstack>revGLX2 Code</mainstack>
<script>urldecode( "local+sFirstSnapshotInSeries%0D%0Alocal+sUsedSnapshotKeys%0D%0A%0D%0A--%3E+Snapshot+Handling%0D%0A%0D%0Aon+glxTakeSnapShot+pExecutionContext%0D%0A++++local+theArrayA%0D%0A++++local+theIndex+%3D+0%0D%0A++++%0D%0A++++TakeExecutionSnapshot+theArrayA%2C+pExecutionContext%0D%0A++++%0D%0A++++repeat+forever%0D%0A++++++++add+1+to+theIndex%0D%0A++++++++put+%22u%22+%26+the+milliseconds+%26+%22_%22+%26+format%28%22%2504s%22%2C+theIndex%29+into+theKey%0D%0A++++++++if+sUsedSnapshotKeys%5BtheKey%5D+is+empty+then%0D%0A++++++++++++exit+repeat%0D%0A++++++++end+if%0D%0A++++end+repeat%0D%0A++++set+the+customProperties%5BtheKey%5D+of+button+%22Storage%22+of+me+to+theArrayA%0D%0A++++%0D%0A++++%23%23+KEEP+SERIES+OF+BREAKPOINTS+ORGANIZED%0D%0A++++if+sFirstSnapshotInSeries+is+empty+then%0D%0A++++++++put+theKey+into+sFirstSnapshotInSeries%0D%0A++++end+if%0D%0A++++%0D%0A++++%23%23+THIS+IS+ONLY+USED+TO+KEEP+MESSAGES+RECEIVED+AT+THE+SAME+milliseconds+FROM+OVERWRITING+EACHOTHER%0D%0A++++put+1+into+sUsedSnapshotKeys%5BtheKey%5D+%0D%0A++++send+%22glxRefreshScriptSnapshotDisplay%22+to+me+in+500+milliseconds%0D%0Aend+glxTakeSnapShot%0D%0A%0D%0A%0D%0Aon+glxRefreshScriptSnapshotDisplay%0D%0A++++if+the+pendingmessages+contains+%22%2CglxRefreshScriptSnapshotDisplay%2C%22+then+return+empty%0D%0A++++%0D%0A++++UpdateStoredSnapshotMenu%0D%0A++++%0D%0A++++put+lineoffset%28sFirstSnapshotInSeries%2C+the+uSnapshotIDs+of+button+%22Snapshots%22%29+into+theLineNo%0D%0A++++if+theLineNo+%3E+0+then%0D%0A++++++++lock+messages%0D%0A++++++++set+the+menuhistory+of+button+%22Snapshots%22+to+theLineNo%0D%0A++++++++unlock+messages%0D%0A++++end+if%0D%0A++++DisplaySnapshot%0D%0A++++%0D%0A++++put+empty+into+sFirstSnapshotInSeries%0D%0A++++put+empty+into+sUsedSnapshotKeys%0D%0Aend+glxRefreshScriptSnapshotDisplay%0D%0A%0D%0A%0D%0Afunction+sortSnapshots+pKey%0D%0A++++delete+char+1+of+pKey%0D%0A++++replace+%22_%22+with+empty+in+pKey%0D%0A++++return+pKey%0D%0Aend+sortSnapshots%0D%0A%0D%0A%0D%0Aon+UpdateStoredSnapshotMenu%0D%0A++++local+theChoices%2CtheDo%2CtheSeconds%2CtheSelectedSnapshot%0D%0A++++local+theSnapshot%2CtheSnapshots%2CtheStoredSnapShots%0D%0A++++%0D%0A++++put+the+selectedtext+of+button+%22Snapshots%22+into+theSelectedSnapshot%0D%0A++++%0D%0A++++put+the+custompropertysets+of+button+%22Storage%22+into+theStoredSnapShots%0D%0A++++sort+lines+of+theStoredSnapShots+ascending+numeric+by+sortSnapshots%28each%29%0D%0A++++%0D%0A++++%23%23+WE+CACHE+THE+PREVIOUS+LIST+SO+WE+CAN+STORE+SEPERATORS%0D%0A++++put+the+uSnapshotChoices+of+button+%22Storage%22+into+theChoices%0D%0A++++put+the+uSnapshotIDs+of+button+%22Storage%22+into+theSnapshots%0D%0A++++if+theChoices+is+not+empty+then%0D%0A++++++++put+cr+after+theChoices%0D%0A++++++++put+cr+after+theSnapshots%0D%0A++++end+if%0D%0A++++%0D%0A++++%23%23+ADD+SNAPSHOTS+THAT+ARE+NEW%0D%0A++++repeat+for+each+line+theSnapshot+in+theStoredSnapShots%0D%0A++++++++if+theSnapshot+is+among+the+lines+of+theSnapshots+then+next+repeat%0D%0A+++++++++%0D%0A++++++++put+%22put+the%22+%26%26+theSnapshot+%26+%22%5B%22+%26+quote+%26+%22execution+handler%22+%26+quote+%26+%22%5D+of+button%22+%26%26+quote+%26+%22Storage%22+%26+quote+%26%26+%22into+theHandler%22+into+theDo%0D%0A++++++++do+theDo%0D%0A++++++++put+%22put+the%22+%26%26+theSnapshot+%26+%22%5B%22+%26+quote+%26+%22execution+control%22+%26+quote+%26+%22%5D+of+button%22+%26%26+quote+%26+%22Storage%22+%26+quote+%26%26+%22into+theControl%22+into+theDo%0D%0A++++++++do+theDo%0D%0A++++++++put+%22put+the%22+%26%26+theSnapshot+%26+%22%5B%22+%26+quote+%26+%22execution+line+number%22+%26+quote+%26+%22%5D+of+button%22+%26%26+quote+%26+%22Storage%22+%26+quote+%26%26+%22into+theLineNo%22+into+theDo%0D%0A++++++++do+theDo%0D%0A+++++++++%0D%0A++++++++if+char+1+of+theSnapshot+is+%22u%22+and+the+isnumber+of+char+2+of+theSnapshot+is+true+then%0D%0A++++++++++++if+theSnapshot+is+sFirstSnapshotInSeries+and+theChoices+is+not+empty+then%0D%0A++++++++++++++++put+%22-%22+%26+cr+after+theChoices%0D%0A++++++++++++++++put+cr+after+theSnapshots%0D%0A++++++++++++end+if%0D%0A+++++++++++++%0D%0A++++++++++++%23%23+KEY+LOOKS+LIKE+uXXXXXXXXXXXXX_XXXX%0D%0A++++++++++++put+%28char+2+to+-6+of+theSnapshot%29%2B0+into+theSeconds%0D%0A++++++++++++if+theSeconds+is+not+zero+then%0D%0A++++++++++++++++put+theSeconds+%2F+1000+into+theSeconds%0D%0A++++++++++++++++convert+theSeconds+from+seconds+to+long+time%0D%0A+++++++++++++++++%0D%0A++++++++++++++++put+the+name+of+theControl+%26+%22%3A%22+%26%26+theHandler+%26+%22%3A%22+%26%26+theLineNo+%26%26+%22%28%22+%26+theSeconds+%26+%22%29%22+%26+cr+after+theChoices%0D%0A++++++++++++++++put+theSnapshot+%26+cr+after+theSnapshots%0D%0A++++++++++++end+if%0D%0A++++++++end+if%0D%0A++++end+repeat%0D%0A++++if+the+last+char+of+theChoices+is+cr+then%0D%0A++++++++delete+the+last+char+of+theChoices%0D%0A++++++++delete+the+last+char+of+theSnapshots%0D%0A++++end+if%0D%0A++++%0D%0A++++%23%23+STORE+CHOICES%0D%0A++++set+the+uSnapshotChoices+of+button+%22Storage%22+to+theChoices%0D%0A++++set+the+uSnapshotIDs+of+button+%22Storage%22+to+theSnapshots%0D%0A++++%0D%0A++++lock+screen%0D%0A+++++%0D%0A++++set+the+text+of+button+%22Snapshots%22+to+theChoices%0D%0A++++set+the+uSnapshotIDs+of+button+%22Snapshots%22+to+theSnapshots%0D%0A++++%0D%0A++++unlock+screen%0D%0Aend+UpdateStoredSnapshotMenu%0D%0A%0D%0A%0D%0Aon+ResetAllSnapshots%0D%0A++++set+the+custompropertysets+of+button+%22Storage%22+of+me+to+empty%0D%0A++++set+the+uSnapshotChoices+of+button+%22Storage%22+of+me+to+empty%0D%0A++++set+the+uSnapshotIDs+of+button+%22Storage%22+of+me+to+empty%0D%0A++++UpdateStoredSnapshotMenu%0D%0A++++put+empty+into+field+%22Results%22+of+me%0D%0Aend+ResetAllSnapshots%0D%0A%0D%0A%0D%0Aon+DeleteCurrentSnapshot%0D%0A++++put+the+menuhistory+of+button+%22Snapshots%22+into+theMenuHistory%0D%0A++++if+theMenuHistory+is+0+then+return+empty%0D%0A++++%0D%0A++++put+line+theMenuHistory+of+the+uSnapshotIDs+of+button+%22Snapshots%22+into+theSnapshot%0D%0A++++put+the+custompropertysets+of+button+%22Storage%22+into+theSnapshots%0D%0A++++put+lineoffset%28theSnapshot%2C+theSnapshots%29+into+theLineNo%0D%0A++++if+theLineNo+%3E+0+then%0D%0A++++++++delete+line+theLineNo+of+theSnapshots%0D%0A++++++++set+the+custompropertysets+of+button+%22Storage%22+to+theSnapshots%0D%0A++++++++%0D%0A++++++++put+the+uSnapshotChoices+of+button+%22Storage%22+into+theTemp%0D%0A++++++++delete+line+theMenuHistory+of+theTemp%0D%0A++++++++set+the+uSnapshotChoices+of+button+%22Storage%22+to+theTemp%0D%0A++++++++%0D%0A++++++++put+the+uSnapshotIDs+of+button+%22Storage%22+into+theTemp%0D%0A++++++++delete+line+theMenuHistory+of+theTemp%0D%0A++++++++set+the+uSnapshotIDs+of+button+%22Storage%22+to+theTemp%0D%0A++++++++%0D%0A++++++++UpdateStoredSnapshotMenu%0D%0A++++++++DisplaySnapshot%0D%0A++++end+if%0D%0Aend+DeleteCurrentSnapshot%0D%0A%0D%0A%0D%0Aon+DisplaySnapshot+dontShow%0D%0A++++%0D%0A++++lock+screen%0D%0A++++%0D%0A++++put+empty+into+field+%22Results%22%0D%0A++++%0D%0A++++%23%23+EXTRACT+FROM+STORAGE+%0D%0A++++put+line+%28the+menuhistory+of+button+%22Snapshots%22%29+of+the+uSnapshotIDs+of+button+%22Snapshots%22+into+theSnapshot%0D%0A++++if+theSnapshot+is+empty+then+return+empty%0D%0A++++%0D%0A++++put+the+customproperties%5BtheSnapshot%5D+of+button+%22Storage%22+into+theArrayA%0D%0A++++put+char+2+to+-6+of+theSnapshot+into+theMilliseconds%0D%0A++++put+theMilliseconds+%2F+1000+into+theDate%0D%0A++++put+theDate+into+theTime%0D%0A++++convert+theDate+from+seconds+to+abbr+date%0D%0A++++convert+theTime+from+seconds+to+long+time%0D%0A++++%0D%0A++++put+the+defaultstack+into+theOrigDefaultStack%0D%0A++++set+the+defaultstack+to+the+short+name+of+me%0D%0A++++%0D%0A++++%23%23+PRINT+OUT+RESULTS+++%0D%0A++++%0D%0A++++put+theArrayA%5B%22execution+control%22%5D+into+theObjectID%0D%0A++++put+the+long+name+of+theObjectID+into+theLongName%0D%0A++++do+%22put+the+name+of%22+%26%26+word+-2+to+-1+of+theLongName+%26%26+%22into+word+-2+to+-1+of+theLongName%22%0D%0A++++%0D%0A++++replace+%22button%22+with+%22btn%22+in+theLongName%0D%0A++++replace+%22card%22+with+%22cd%22+in+theLongName%0D%0A++++replace+%22field%22+with+%22fld%22+in+theLongName%0D%0A++++replace+%22scrollbar%22+with+%22sb%22+in+theLongName%0D%0A++++replace+%22audioclip%22+with+%22ac%22+in+theLongName%0D%0A++++replace+%22videoclip%22+with+%22vc%22+in+theLongName%0D%0A++++%0D%0A++++put+%22%3Cp%3E%3Cb%3E%22+%26+theDate+%26%26+theTime+%26+%22%3C%2Fb%3E%3C%2Fp%3E%22+%26+cr+after+theHTML%0D%0A++++put+urlencode%28theArrayA%5B%22execution+context%22%5D%29+into+theLinkText%0D%0A++++put+%22%3Cp%3E%3Cb%3Eobject%3C%2Fb%3E+%28%3Ca+href%3D%22+%26+quote+%26+theLinkText+%26+quote+%26+%22%3Eedit%3C%2Fa%3E%29%3C%2Fp%3E%22+%26+cr+after+theHTML%0D%0A++++put+%22%3Cp%3E+++++%3Ci%3Ename%3A%3C%2Fi%3E%22+%26+tab+%26+word+1+to+2+of+theLongName+%26+%22%3C%2Fp%3E%22+%26+cr+after+theHTML%0D%0A++++if+the+number+of+words+in+theLongName+%3E%3D+5+then%0D%0A++++++++put+%22%3Cp%3E+++++%3Ci%3Eowner%3A%3C%2Fi%3E%22+%26+tab+%26+word+4+to+-1+of+theLongName+%26+%22%3C%2Fp%3E%22+%26+cr+after+theHTML%0D%0A++++end+if%0D%0A++++put+%22%3Cp%3E+++++%3Ci%3Ehandler%3A%3C%2Fi%3E%22+%26+tab+%26+theArrayA%5B%22execution+handler%22%5D+%26+%22%3C%2Fp%3E%22+%26+cr+after+theHTML%0D%0A++++put+%22%3Cp%3E+++++%3Ci%3Eline%3A%3C%2Fi%3E%22+%26+tab+%26+theArrayA%5B%22execution+line+number%22%5D+%26+%22%3C%2Fi%3E%3C%2Fp%3E%22+%26+cr+after+theHTML%0D%0A++++%0D%0A++++%23%23+FILTER+DISPLAYED+LIST%0D%0A++++if+the+hilite+of+button+%22Parameters%22+then%0D%0A++++++++put+%22parameters%22+%26+cr+after+theVariableTypes%0D%0A++++end+if%0D%0A++++if+the+hilite+of+button+%22Handler+Locals%22+then%0D%0A++++++++put+%22handler+locals%22+%26+cr+after+theVariableTypes%0D%0A++++end+if%0D%0A++++if+the+hilite+of+button+%22Script+Locals%22+then%0D%0A++++++++put+%22script+locals%22+%26+cr+after+theVariableTypes%0D%0A++++end+if%0D%0A++++if+the+hilite+of+button+%22Globals%22+then%0D%0A++++++++put+%22globals%22+%26+cr+after+theVariableTypes%0D%0A++++end+if%0D%0A++++if+the+hilite+of+button+%22others%22+then%0D%0A++++++++put+%22others%22+%26+cr+after+theVariableTypes%0D%0A++++end+if%0D%0A++++%0D%0A++++put+word+1+to+-1+of+line+1+of+field+%22Filter%22+into+theFilter%0D%0A+++++%0D%0A++++%23%23+WRITE+OUT+HTML%0D%0A++++repeat+for+each+line+theVariableType+in+theVariableTypes%0D%0A++++++++put+%22%3Cp%3E%3Cb%3E%22+%26+theVariableType+%26+%22%3C%2Fb%3E%3C%2Fp%3E%22+after+theHTML%0D%0A++++++++repeat+for+each+item+theVarName+in+theArrayA%5BtheVariableType%5D%0D%0A+++++++++++++%0D%0A++++++++++++if+theFilter+is+empty+or+theVarName+contains+theFilter+then%0D%0A+++++++++++++++++%0D%0A++++++++++++++++%23%23+TODO%3A+IF+WE+CAN%27T+DISPLAY+ALL+OF+VAR+ON+ONE+LINE+THEN+SHOW+%22...%22%0D%0A++++++++++++++++put+%22%3Cp%3E+++++%3Ci%3E%22+%26+theVarName+%26+%22%3A%3C%2Fi%3E+%22+%26+tab+after+theHTML+%0D%0A++++++++++++++++if+theArrayA%5BtheVariableType%2CtheVarName%2C%22_%40keys%40_%22%5D+is+not+empty+then%0D%0A++++++++++++++++++++--+put+%22array%22+%26+%22%3C%2Fp%3E%22+after+theHTML%0D%0A++++++++++++++++++++%23%23+THIS+WILL+PRINT+OFF+ARRAY+CONTENTS%0D%0A++++++++++++++++++++repeat+for+each+line+theArrayKey+in+theArrayA%5BtheVariableType%2CtheVarName%2C%22_%40keys%40_%22%5D%0D%0A++++++++++++++++++++++++put+%22%3C%2Fp%3E%3Cp%3E++++++++++%3Ci%3E%22+%26+theArrayKey+%26+%22%3A%3C%2Fi%3E%22+%26+tab+%26+%5C%0D%0A++++++++++++++++++++++++++++++++line+1+of+theArrayA%5BtheVariableType%2CtheVarName%2CtheArrayKey%5D+%26+%5C%0D%0A++++++++++++++++++++++++++++++++%22%3C%2Fp%3E%22+after+theHTML%0D%0A++++++++++++++++++++end+repeat%0D%0A++++++++++++++++else%0D%0A++++++++++++++++++++put+line+1+of+theArrayA%5BtheVariableType%2CtheVarName%5D+%26+%22%3C%2Fp%3E%22+after+theHTML+++++++++++++++++%0D%0A++++++++++++++++end+if%0D%0A++++++++++++end+if%0D%0A++++++++end+repeat%0D%0A++++end+repeat%0D%0A++++%0D%0A++++set+the+htmltext+of+field+%22Results%22+to+theHTML%0D%0A+++++%0D%0A++++if+dontShow+is+not+true+then%0D%0A++++++++if+the+visible+of+me+is+false+or+the+mode+of+me+is+0+then%0D%0A++++++++++++go+to+stack+%28the+short+name+of+me%29%0D%0A++++++++++++show+me%0D%0A++++++++end+if%0D%0A++++end+if%0D%0A+++++%0D%0A++++obj_fitMenuLabel+the+long+id+of+button+%22Snapshots%22%0D%0A+++++%0D%0A++++unlock+screen%0D%0A++++%0D%0A++++set+the+defaultstack+to+theOrigDefaultStack%0D%0A++++%0D%0Aend+DisplaySnapshot%0D%0A%0D%0A%0D%0A--%3E+Messages+%28Keys%29%0D%0A%0D%0Aon+arrowKey+pDirection+--+up%7Cdown%7Cleft%7Cright%0D%0A++++if+pDirection+is+%22right%22+then%0D%0A++++++++put+the+menuhistory+of+button+%22Snapshots%22+into+theMenuHistory%0D%0A++++++++set+the+menuhistory+of+button+%22Snapshots%22+to+theMenuHistory+%2B+1%0D%0A++++++++obj_fitMenuLabel+the+long+id+of+button+%22Snapshots%22%0D%0A++++else+if+pDirection+is+%22left%22+then%0D%0A++++++++put+the+menuhistory+of+button+%22Snapshots%22+into+theMenuHistory%0D%0A++++++++set+the+menuhistory+of+button+%22Snapshots%22+to+theMenuHistory+-+1%0D%0A++++++++obj_fitMenuLabel+the+long+id+of+button+%22Snapshots%22%0D%0A++++end+if%0D%0Aend+arrowKey%0D%0A%0D%0A--%3E+Execution+Snapshot%0D%0A%0D%0Aon+TakeExecutionSnapshot+%40pArrayA%2C+pExecutionContext%0D%0A++++global+gGLX2VarValue%0D%0A++++local+theGlobals%2CtheHandlerLocals%2CtheLineNo%2CtheParameters%0D%0A++++local+theScriptLocals%2CtheVarName%0D%0A++++%0D%0A++++%23%23+VARIABLENAMES%3A%0D%0A++++%23%23+LINE+1%3A+PARAMETERS+%28INCLUDING+%40%29%0D%0A++++%23%23+LINE+2%3A+HANDLER+LOCAL+VARIABLES%0D%0A++++%23%23+LINE+3%3A+SCRIPT+LOCAL+VARIABLES%0D%0A++++%23%23+LINE+4%3A+GLOBALS%0D%0A++++%0D%0A++++put+empty+into+pArrayA%0D%0A++++put+pExecutionContext+into+pArrayA%5B%22execution+context%22%5D%0D%0A++++put+item+-1+of+pExecutionContext+into+pArrayA%5B%22execution+line+number%22%5D%0D%0A++++put+item+-2+of+pExecutionContext+into+pArrayA%5B%22execution+handler%22%5D%0D%0A++++put+item+1+to+-3+of+pExecutionContext+into+pArrayA%5B%22execution+control%22%5D%0D%0A++++%0D%0A++++put+empty+into+gGLX2VarValue%0D%0A++++set+the+debugcontext+to+pExecutionContext%0D%0A++++debugdo+%22global+gGLX2VarValue%3Bput+the+variableNames+into+gGLX2VarValue%22%0D%0A++++%0D%0A++++%23%23+SEPARATE+PARAMS+INTO+CATEGORIES+AND+SORT%0D%0A++++put+line+1+of+gGLX2VarValue+into+theParameters%0D%0A++++put+line+2+of+gGLX2VarValue+into+theHandlerLocals%0D%0A++++put+line+3+of+gGLX2VarValue+into+theScriptLocals%0D%0A++++put+line+4+of+gGLX2VarValue+into+theGlobals%0D%0A++++put+%22itemDelimiter%22+into+theOthers%0D%0A++++%0D%0A++++replace+%22%40%22+with+empty+in+theParameters%0D%0A++++replace+comma+with+cr+in+theParameters%0D%0A++++replace+comma+with+cr+in+theHandlerLocals%0D%0A++++replace+comma+with+cr+in+theScriptLocals%0D%0A++++replace+comma+with+cr+in+theGlobals%0D%0A++++%0D%0A++++put+lineoffset%28%22gGLX2VarValue%22%2C+theGlobals%29+into+theLineNo%0D%0A++++if+theLineNo+%3E+0+then+delete+line+theLineNo+of+theGlobals%0D%0A++++%0D%0A++++sort+theParameters%0D%0A++++sort+theHandlerLocals%0D%0A++++sort+theScriptLocals%0D%0A++++sort+theGlobals%0D%0A++++%0D%0A++++replace+cr+with+comma+in+theParameters%0D%0A++++replace+cr+with+comma+in+theHandlerLocals%0D%0A++++replace+cr+with+comma+in+theScriptLocals%0D%0A++++replace+cr+with+comma+in+theGlobals%0D%0A++++%0D%0A++++put+theParameters+into+pArrayA%5B%22parameters%22%5D%0D%0A++++put+theHandlerLocals+into+pArrayA%5B%22handler+locals%22%5D%0D%0A++++put+theScriptLocals+into+pArrayA%5B%22script+locals%22%5D%0D%0A++++put+theGlobals+into+pArrayA%5B%22globals%22%5D%0D%0A++++put+theOthers+into+pArrayA%5B%22others%22%5D%0D%0A++++%0D%0A++++set+the+debugcontext+to+pExecutionContext%0D%0A++++%0D%0A++++%23%23+PARAMETERS%0D%0A++++AddValueToList+pArrayA%2C+%22parameters%22%2C+theParameters%0D%0A++++%0D%0A++++%23%23+HANDLER+LOCALS%0D%0A++++AddValueToList+pArrayA%2C+%22handler+locals%22%2C+theHandlerLocals%0D%0A++++%0D%0A++++%23%23+SCRIPT+LOCALS%0D%0A++++AddValueToList+pArrayA%2C+%22script+locals%22%2C+theScriptLocals%0D%0A++++%0D%0A++++%23%23+GLOBALS+LOCALS%0D%0A++++AddValueToList+pArrayA%2C+%22globals%22%2C+theGlobals%0D%0A++++%0D%0A++++%23%23+OTHERS%0D%0A++++AddValueToList+pArrayA%2C+%22others%22%2C+theOthers%0D%0A++++%0D%0A++++set+the+debugcontext+to+empty%0D%0A++++put+empty+into+gGLX2VarValue%0D%0A++++%0D%0Aend+TakeExecutionSnapshot%0D%0A%0D%0A%0D%0Aon+AddValueToList+%40pArrayA%2C+pVariableClass%2C+pVariableList%0D%0A++++local+theArrayA%2CtheKey%2CtheKeys%2CtheVarName%2CtheError%0D%0A++++global+gGLX2VarValue%0D%0A++++%0D%0A++++repeat+for+each+item+theVarName+in+pVariableList%0D%0A+++++++++%0D%0A++++++++if+theVarName+is+%22itemDelimiter%22+then%0D%0A++++++++++++debugdo+%22global+gGLX2VarValue%3Bput+the+itemDelimiter+into+gGLX2VarValue%22%0D%0A++++++++++++switch+gGLX2VarValue%0D%0A++++++++++++++++case+%22%2C%22%0D%0A++++++++++++++++++++put+%22%2C+%5Bcomma%5D%22+into+gGLX2VarValue%0D%0A++++++++++++++++++++break%0D%0A++++++++++++++++case+tab%0D%0A++++++++++++++++++++put+%22%5Btab%5D%22+into+gGLX2VarValue%0D%0A++++++++++++++++++++break%0D%0A++++++++++++++++case+%22.%22%0D%0A++++++++++++++++++++put+%22.+%5Bperiod%5D%22+into+gGLX2VarValue%0D%0A++++++++++++++++++++break%0D%0A++++++++++++++++case+%22_%22%0D%0A++++++++++++++++++++put+%22_+%5Bunderscore%5D%22+into+gGLX2VarValue%0D%0A++++++++++++++++++++break%0D%0A++++++++++++++++case+%22-%22%0D%0A++++++++++++++++++++put+%22-+%5Bdash%5D%22+into+gGLX2VarValue%0D%0A++++++++++++++++++++break%0D%0A++++++++++++++++case+%22%3A%22%0D%0A++++++++++++++++++++put+%22%3A+%5Bcolon%5D%22+into+gGLX2VarValue%0D%0A++++++++++++++++++++break%0D%0A++++++++++++++++case+%22%3B%22%0D%0A++++++++++++++++++++put+%22%3B+%5Bsemicolon%5D%22+into+gGLX2VarValue%0D%0A++++++++++++++++++++break%0D%0A++++++++++++++++case+%22%7C%22%0D%0A++++++++++++++++++++put+%22%7C+%5Bpipe%5D%22+into+gGLX2VarValue%0D%0A++++++++++++++++++++break%0D%0A++++++++++++++++case+%22%5C%22%0D%0A++++++++++++++++++++put+%22%5C+%5Bbackslash%5D%22+into+gGLX2VarValue%0D%0A++++++++++++++++++++break%0D%0A++++++++++++++++case+%22%2F%22%0D%0A++++++++++++++++++++put+%22%2F+%5Bslash%5D%22+into+gGLX2VarValue%0D%0A++++++++++++++++++++break%0D%0A++++++++++++++++case+%22%27%22%0D%0A++++++++++++++++++++put+%22%27+%5Bsingle+quote+%2F+apostrophe%5D%22+into+gGLX2VarValue%0D%0A++++++++++++++++++++break%0D%0A++++++++++++++++case+quote%0D%0A++++++++++++++++++++put+%22%5Bquote%5D%22+into+gGLX2VarValue%0D%0A++++++++++++++++++++break%0D%0A++++++++++++++++case+return%0D%0A++++++++++++++++++++put+%22%5Breturn%5D%22+into+gGLX2VarValue%0D%0A++++++++++++++++++++break%0D%0A++++++++++++end+switch%0D%0A++++++++else%0D%0A++++++++++++do+%22global+gGLX2VarValue%3Bput%22+%26%26+theVarName+%26%26+%22into+gGLX2VarValue%22%0D%0A++++++++end+if%0D%0A+++++++++%0D%0A++++++++if+the+keys+of+gGLX2VarValue+is+empty+then+++++++++%0D%0A++++++++++++try%0D%0A++++++++++++++++str_escapeStringForHTMLText+gGLX2VarValue%0D%0A++++++++++++++++put+gGLX2VarValue+into+pArrayA%5BpVariableClass%2CtheVarName%5D%0D%0A++++++++++++catch+theError%0D%0A++++++++++++++++put+%22error+retrieving+variable+value%22+into+pArrayA%5BpVariableClass%2CtheVarName%5D%0D%0A++++++++++++end+try%0D%0A++++++++else%0D%0A++++++++++++put+the+keys+of+gGLX2VarValue+into+theKeys%0D%0A++++++++++++%23%23+TODO%3A+THIS+NEEDS+A+BETTER+SORTING+FOR+NUMERIC+KEYS%0D%0A++++++++++++%23%23+GALAXY+SHOULD+HAVE+ONE+ALREADY+ME+THINKS%0D%0A++++++++++++sort+theKeys%0D%0A++++++++++++put+theKeys+into+pArrayA%5BpVariableClass%2CtheVarName%2C%22_%40keys%40_%22%5D%0D%0A++++++++++++repeat+for+each+key+theKey+in+gGLX2VarValue%0D%0A++++++++++++++++put+gGLX2VarValue%5BtheKey%5D+into+theValue%0D%0A++++++++++++++++str_escapeStringForHTMLText+theValue%0D%0A++++++++++++++++put+theValue+into+pArrayA%5BpVariableClass%2CtheVarName%2CtheKey%5D%0D%0A++++++++++++end+repeat%0D%0A++++++++end+if%0D%0A++++end+repeat%0D%0Aend+AddValueToList%0D%0A%0D%0A%0D%0A%23%23+ONLY+NEEDED+IF+YOU+HAVE+NO+EXECUTION+CONTEXT+BUT+YOU+WANT+GLOBALS%0D%0Aon+TakeGlobalsSnapshot+%40theArrayA%0D%0A++++global+gREVShowStacks%0D%0A++++local+theDefinedVarList%2CtheDefinedVar%2CtheDefineVarValue%0D%0A++++%0D%0A++++%23%23+EXTRACT+GLOBALS%0D%0A++++put+the+globals+into+theDefinedVarList%0D%0A++++replace+comma+with+cr+in+theDefinedVarList%0D%0A++++%0D%0A++++%23%23+FILTER+OUT+REV+GLOBALS%0D%0A++++if+gREVShowStacks+is+false+then%0D%0A++++++++filter+theDefinedVarList+without+%22gREV*%22%0D%0A++++end+if%0D%0A++++%0D%0A++++sort+lines+of+theDefinedVarList%0D%0A++++%0D%0A++++repeat+for+each+line+theDefinedVar+in+theDefinedVarList%0D%0A++++++++do+%22global%22+%26%26+theDefinedVar+%26+%22%3B+put%22+%26%26+theDefinedVar+%26%26+%22into+theDefineVarValue%22%0D%0A++++++++if+the+keys+of+theDefineVarValue+is+empty+then%0D%0A++++++++++++%23%23+SCALAR%0D%0A++++++++else%0D%0A++++++++++++%23%23+ARRAY%0D%0A++++++++end+if%0D%0A++++end+repeat%0D%0Aend+TakeGlobalsSnapshot%0D%0A%0D%0A--%3E+Utilities%0D%0A%0D%0Aon+str_escapeStringForHTMLText+%40pString%0D%0A++++replace+%22%3C%22+with+%22%26lt%3B%22+in+pString%0D%0A++++replace+%22%3E%22+with+%22%26gt%3B%22+in+pString%0D%0Aend+str_escapeStringForHTMLText%0D%0A%0D%0A%0D%0A%2F**%0D%0A*+Truncates+the+label+of+a+drop-down+button+to+fit+within+the+available+width.%0D%0A*+Based+on+stsEllipses+FUNCTION+by+Ken+Ray.%0D%0A*%0D%0A*+%40param++pTarget++long+id+of+the+target+button.%0D%0A*+%40param++pText++++Button+text.%0D%0A*%0D%0A*+%40return+empty%0D%0A*%2F%0D%0Aon+obj_fitMenuLabel+pTarget%2C+pLabel%0D%0A++++%0D%0A++++local+tW%2CtSize%0D%0A++++local+tLabel%0D%0A++++%0D%0A++++if+pLabel+is+empty+then+put+the+selectedtext+of+pTarget+into+pLabel%0D%0A++++%0D%0A++++if+the+uMaxSize+of+pTarget+%3D+%22%22+then%0D%0A++++++++put+the+width+of+pTarget+-15+into+tW%0D%0A++++else%0D%0A++++++++put+the+uMaxSize+of+pTarget+into+tW%0D%0A++++end+if%0D%0A++++%0D%0A++++lock+screen%0D%0A++++%0D%0A++++--%3E+CHECK+IF+ELLIPSES+TAKE+UP+ENTIRE+BUTTON%0D%0A++++set+the+label+of+pTarget+to+%22...%22%0D%0A++++if+formattedwidth+of+pTarget+%3C+tW+then%0D%0A++++++++set+the+label+of+pTarget+to+pLabel%0D%0A++++++++put+the+formattedwidth+of+pTarget+into+tSize%0D%0A++++++++if+tSize+%3E+tW+then%0D%0A++++++++++++put+empty+into+tLabel%0D%0A++++++++++++repeat+with+x+%3D+1+to+length%28pLabel%29%0D%0A++++++++++++++++set+the+label+of+pTarget+to+%28char+1+to+x+of+pLabel%29+%26+%22...%22%0D%0A++++++++++++++++if+the+formattedwidth+of+pTarget+%3E+tW+then%0D%0A++++++++++++++++++++exit+REPEAT%0D%0A++++++++++++++++else%0D%0A++++++++++++++++++++switch+%28the+platform%29%0D%0A++++++++++++++++++++++++case+%22MacOS%22%0D%0A++++++++++++++++++++++++++++put+x%2B1+into+tMax%0D%0A++++++++++++++++++++++++++++break%0D%0A++++++++++++++++++++++++case+%22Win32%22%0D%0A++++++++++++++++++++++++++++put+x%2B2+into+tMax%0D%0A++++++++++++++++++++++++++++break%0D%0A++++++++++++++++++++++++default%0D%0A++++++++++++++++++++++++++++put+x+into+tMax%0D%0A++++++++++++++++++++++++++++break%0D%0A++++++++++++++++++++end+SWITCH%0D%0A++++++++++++++++++++%0D%0A++++++++++++++++++++put+char+1+to+tMax+of+pLabel+%26+%22...%22+into+tLabel%0D%0A++++++++++++++++end+if%0D%0A++++++++++++end+REPEAT%0D%0A++++++++++++%0D%0A++++++++++++set+the+label+of+pTarget+to+tLabel%0D%0A++++++++end+if%0D%0A++++end+if%0D%0A++++%0D%0A++++unlock+screen%0D%0A++++%0D%0Aend+obj_fitMenuLabel%0D%0A" )</script>
</stack>
