<graphic name="i" id="739217">
<traversalOn>false</traversalOn>
<ink>srcCopy</ink>
<threeD>true</threeD>
<startAngle>0</startAngle>
<blendLevel>0</blendLevel>
<rect>178,435,195,452</rect>
<angle>0</angle>
<filled>true</filled>
<showName>false</showName>
<colors>urldecode( "76%2C76%2C76%0D%0A76%2C76%2C76%0D%0A%0D%0A%0D%0A%0D%0A%0D%0A%0D%0A" )</colors>
<arcAngle>360</arcAngle>
<dontResize>false</dontResize>
<startArrow>false</startArrow>
<editMode>none</editMode>
<id>739217</id>
<markerDrawn>false</markerDrawn>
<arrowSize>3</arrowSize>
<altId>0</altId>
<antiAliased>true</antiAliased>
<markerFilled>false</markerFilled>
<markerLineSize>1</markerLineSize>
<textStyle>italic</textStyle>
<fillRule>none</fillRule>
<lockLoc>false</lockLoc>
<roundRadius>15</roundRadius>
<style>oval</style>
<endArrow>false</endArrow>
<name>graphic "i"</name>
<lineSize>1</lineSize>
<polySides>4</polySides>
<capStyle>round</capStyle>
<layer>170</layer>
<visible>true</visible>
<cantSelect>false</cantSelect>
<borderWidth>2</borderWidth>
<margins>4</margins>
<roundEnds>true</roundEnds>
<opaque>true</opaque>
<showBorder>false</showBorder>
<miterLimit>10</miterLimit>
<textSize>12</textSize>
<disabled>false</disabled>
<joinStyle>round</joinStyle>
<textFont>Georgia Bold Italic</textFont>
<showFocusBorder>true</showFocusBorder>
<custompropertyset name= "cGlx2TimeStamp">
</custompropertyset>
</graphic>
