{"stackFileArray": {"lib_FedWikiPedia": "libraries/lib_FedWikiPedia.livecode","Fedwiki Editor": "stacks/Fedwiki Editor.livecode","lib_Feed": "libraries/lib_Feed.livecode","lib_Wikipedia": "libraries/lib_Wikipedia.livecodescript","lib_WikipediaSections": "libraries/lib_WikipediaSections.livecodescript","lib_WikiVideo": "libraries/lib_WikiVideo.livecodescript","lib_Pandoc": "libraries/lib_Pandoc.livecodescript","Global_Splash_Menu": "modules/View_Splash/controllers/Global_Splash_Menu.livecodescript","View|Splash": "modules/View_Splash/View_Splash.livecode","lib_FedwikiGraph": "libraries/lib_FedwikiGraph.livecode","lib_MediaWiki": "libraries/lib_MediaWiki.livecode","model_Fedwiki": "models/model_Fedwiki.livecodescript","behavior_Fedwiki": "behaviors/behavior_Fedwiki.livecodescript","View|GeoJson": "modules/View_GeoJson/View_GeoJson.livecode","lib_WikiPageArray": "libraries/lib_WikiPageArray.livecodescript","lib_PageArray": "libraries/lib_PageArray.livecodescript","Global_SFW_Story_Menu": "controllers/Global_SFW_Story_Menu.livecodescript","Global_Wiki_Tree_Menu": "controllers/Global_Wiki_Tree_Menu.livecodescript","lib_Wiki": "libraries/lib_Wiki.livecodescript","lib_WikiSandbox": "libraries/lib_WikiSandbox.livecodescript","Global_Server_Atopia_Tree_Line_Menu": "controllers/Global_Server_Atopia_Tree_Line_Menu.livecodescript","behavior_ViewGeoJson": "modules/View_GeoJson/behaviors/behavior_ViewGeoJson.livecodescript","lib_Transport": "libraries/lib_Transport.livecodescript","Global_Wiki_Cog_Menu": "controllers/Global_Wiki_Cog_Menu.livecodescript","lib_LocalFedWiki": "libraries/lib_LocalFedWiki.livecode","lib_Fedwiki": "libraries/lib_Fedwiki.livecode","Global_Server_Atopia_Tree_Menu": "controllers/Global_Server_Atopia_Tree_Menu.livecodescript","Global_Medium_Menu": "controllers/Global_Medium_Menu.livecodescript","Global_Wiki_Tree_Line_Menu": "controllers/Global_Wiki_Tree_Line_Menu.livecodescript","Global_D4A_Line_Menu": "controllers/Global_D4A_Line_Menu.livecodescript","Global_D4A_Menu": "controllers/Global_D4A_Menu.livecodescript","lib_FedwikiCreate": "libraries/lib_FedwikiCreate.livecodescript","lib_FedwikiRoster": "libraries/lib_FedwikiRoster.livecodescript","lib_Galleria": "libraries/lib_Galleria.livecode","lib_Embedly": "libraries/lib_Embedly.livecode","lib_WikiRestBase": "libraries/lib_WikiRestBase.livecodescript","lib_Gephi": "libraries/lib_Gephi.livecodescript","lib_NodeJS": "libraries/lib_NodeJS.livecodescript","lib_WikiCommons": "libraries/lib_WikiCommons.livecodescript","Global_GeoJson_Menu": "modules/View_GeoJson/controllers/Global_GeoJson_Menu.livecodescript","lib_Xkcd": "libraries/lib_Xkcd.livecodescript","lib_Curly": "libraries/lib_Curly.livecodescript","Global_Wiki_Menu": "controllers/Global_Wiki_Menu.livecodescript","model_PageArray": "models/model_PageArray.livecodescript","lib_DisplayWiki": "libraries/lib_DisplayWiki.livecodescript","behavior_ViewSplash": "modules/View_Splash/behaviors/behavior_ViewSplash.livecodescript","lib_Markdown": "libraries/lib_Markdown.livecode","Global_Wiki_Story_Menu": "controllers/Global_Wiki_Story_Menu.livecodescript","lib_Citation": "libraries/lib_Citation.livecodescript","lib_Geojson": "libraries/lib_Geojson.livecodescript"},"Global Menus": {"Global | Wiki | Cog | Menu": {"mController": "stack \"Global_Wiki_Cog_Menu\"","gMenuTable": "Edit Controller\tmenu_EditController mTarget\tstack \"Global_Wiki_Cog_Menu\"\tGlobal | Wiki | Cog | Menu\t\t\t\t\tEdit Controller\nEdit Wiki View\tmenu_EditWikiView mTarget\tstack \"Global_Wiki_Cog_Menu\"\tGlobal | Wiki | Cog | Menu\t\t\t\t\tEdit Wiki View\nEdit Footer View\tmenu_EditFooterView mTarget\tstack \"Global_Wiki_Cog_Menu\"\tGlobal | Wiki | Cog | Menu\t\t\t\t\tEdit Footer View\n-\nPalette\t\tstack \"Global_Wiki_Cog_Menu\"\tGlobal | Wiki | Cog | Menu\t\tsubmenu\tPaletteActions | Menu\tstack \"Global_Wiki_Cog_Menu\"\tPalette\n-\nSet Url\tmenu_SetUrl subMenuPath, mTarget\tstack \"Global_Wiki_Cog_Menu\"\tGlobal | Wiki | Cog | Menu\t\tcustom external\twiki_Domains\twiki_Domain\tSet Url"},"Global | Wiki | Tree | Line | Menu": {"mController": "stack \"Global_Wiki_Tree_Line_Menu\"","gMenuTable": "Upload Page Json\tmenu_UploadPageJson subMenuPath, mTarget\tstack \"Global_Wiki_Tree_Line_Menu\"\tGlobal | Wiki | Tree | Line | Menu\t\tcustom external\tdream_Domains\tdream_Domain\tUpload Page Json\nDisplay Page Array\tmenu_DisplayPageArray mTarget\tstack \"Global_Wiki_Tree_Line_Menu\"\tGlobal | Wiki | Tree | Line | Menu\t\t\t\t\tDisplay Page Array"},"Global | Wiki | Tree | Menu": {"mController": "stack \"Global_Wiki_Tree_Menu\"","gMenuTable": "Display Wiki Browser\tmenu_DisplayWikiBrowser mTarget\tstack \"Global_Wiki_Tree_Menu\"\tGlobal | Wiki | Tree | Menu\t\t\t\t\tDisplay Wiki Browser\nReveal Stack Folder\tmenu_RevealStackFolder mTarget\tstack \"Global_Wiki_Tree_Menu\"\tGlobal | Wiki | Tree | Menu\t\t\t\t\tReveal Stack Folder\n-\nDisplay Wiki\tmenu_DisplayWiki subMenuPath, mTarget\tstack \"Global_Wiki_Tree_Menu\"\tGlobal | Wiki | Tree | Menu\t\tcustom external\tdream_Domains\tdream_Domain\tDisplay Wiki"},"Global | Server | Atopia | Tree | Line | Menu": {"mController": "stack \"Global_Server_Atopia_Tree_Line_Menu\"","gMenuTable": "Test\tmenu_Test mTarget\tstack \"Global_Server_Atopia_Tree_Line_Menu\"\tGlobal | Server | Atopia | Tree | Line | Menu\t\t\t\t\tTest"},"Global | Splash | Menu": {"mController": "stack \"Global_Splash_Menu\"","gMenuTable": "Test Feast\tmenu_TestFeast mTarget\tstack \"Global_Splash_Menu\"\tGlobal | Splash | Menu\t\t\t\t\tTest Feast\n-\nTest Feast Push\tmenu_TestFeastPush mTarget\tstack \"Global_Splash_Menu\"\tGlobal | Splash | Menu\t\t\t\t\tTest Feast Push\nTest Feast Pull\tmenu_TestFeastPull mTarget\tstack \"Global_Splash_Menu\"\tGlobal | Splash | Menu\t\t\t\t\tTest Feast Pull\n-\nTest Who Am I\tmenu_TestWhoAmI mTarget\tstack \"Global_Splash_Menu\"\tGlobal | Splash | Menu\t\t\t\t\tTest Who Am I\nTest Config Email\tmenu_TestConfigEmail mTarget\tstack \"Global_Splash_Menu\"\tGlobal | Splash | Menu\t\t\t\t\tTest Config Email\nTest Git Config\tmenu_TestGitConfig mTarget\tstack \"Global_Splash_Menu\"\tGlobal | Splash | Menu\t\t\t\t\tTest Git Config\nTest Feast Commit\tmenu_TestFeastCommit mTarget\tstack \"Global_Splash_Menu\"\tGlobal | Splash | Menu\t\t\t\t\tTest Feast Commit\nTest Feast Add\tmenu_TestFeastAdd mTarget\tstack \"Global_Splash_Menu\"\tGlobal | Splash | Menu\t\t\t\t\tTest Feast Add\nTest Feast Status\tmenu_TestFeastStatus mTarget\tstack \"Global_Splash_Menu\"\tGlobal | Splash | Menu\t\t\t\t\tTest Feast Status\nTest Merge Slide\tmenu_TestMergeSlide mTarget\tstack \"Global_Splash_Menu\"\tGlobal | Splash | Menu\t\t\t\t\tTest Merge Slide\n-\nParse Splash Page\tmenu_ParseSplashPage mTarget\tstack \"Global_Splash_Menu\"\tGlobal | Splash | Menu\t\t\t\t\tParse Splash Page\nParse Ref Page\tmenu_ParseRefPage mTarget\tstack \"Global_Splash_Menu\"\tGlobal | Splash | Menu\t\t\t\t\tParse Ref Page\nLocal Slide Array\tmenu_LocalSlideArray mTarget\tstack \"Global_Splash_Menu\"\tGlobal | Splash | Menu\t\t\t\t\tLocal Slide Array\n-\nParse Player Fm\tmenu_ParsePlayerFm mTarget\tstack \"Global_Splash_Menu\"\tGlobal | Splash | Menu\t\t\t\t\tParse Player Fm\nParse One Tab\tmenu_ParseOneTab mTarget\tstack \"Global_Splash_Menu\"\tGlobal | Splash | Menu\t\t\t\t\tParse One Tab\n-\nDev\t\tstack \"Global_Splash_Menu\"\tGlobal | Splash | Menu\t\tsubmenu\tDev | Menu\tstack \"Global_Splash_Menu\"\tDev"},"Global | Wiki | Menu": {"mController": "stack \"Global_Wiki_Menu\"","gMenuTable": "Display Keywords\tmenu_DisplayKeywords mTarget\tstack \"Global_Wiki_Menu\"\tGlobal | Wiki | Menu\t\t\t\t\tDisplay Keywords\nFetch Chrome Fedwiki\tmenu_FetchChromeFedwiki mTarget\tstack \"Global_Wiki_Menu\"\tGlobal | Wiki | Menu\t\t\t\t\tFetch Chrome Fedwiki\n-\nDisplay Jelly Browser\tmenu_DisplayJellyBrowser mTarget\tstack \"Global_Wiki_Menu\"\tGlobal | Wiki | Menu\t\t\t\t\tDisplay Jelly Browser\nDisplay Wiki Browser\tmenu_DisplayWikiBrowser mTarget\tstack \"Global_Wiki_Menu\"\tGlobal | Wiki | Menu\t\t\t\t\tDisplay Wiki Browser\n-\nStart Wiki\tmenu_StartWiki mTarget\tstack \"Global_Wiki_Menu\"\tGlobal | Wiki | Menu\tdisabled_StartWiki\t\t\t\tStart Wiki\nStop Wiki\tmenu_StopWiki mTarget\tstack \"Global_Wiki_Menu\"\tGlobal | Wiki | Menu\tdisabled_StopWiki\t\t\t\tStop Wiki\n-\nDisplay Pages\tmenu_DisplayPages subMenuPath, mTarget\tstack \"Global_Wiki_Menu\"\tGlobal | Wiki | Menu\t\tcustom submenu\ttop_Domains\ttop_Domain\tDisplay Pages\nSet Browser Rect\tmenu_SetBrowserRect subMenuPath, mTarget\tstack \"Global_Wiki_Menu\"\tGlobal | Wiki | Menu\t\tfixed\tsubmenu_Fixed[menu_SetBrowserRect]\twhich_Rect\tSet Browser Rect\nImage Search\tmenu_ImageSearch mTarget\tstack \"Global_Wiki_Menu\"\tGlobal | Wiki | Menu\t\t\t\t\tImage Search\n-\nStory\t\tstack \"Global_Wiki_Menu\"\tGlobal | Wiki | Menu\t\tsubmenu\tGlobal | Wiki | Story | Menu\tstack \"Global_Wiki_Story_Menu\"\tStory\nMedium\t\tstack \"Global_Wiki_Menu\"\tGlobal | Wiki | Menu\t\tsubmenu\tGlobal | Medium | Menu\tstack \"Global_Medium_Menu\"\tMedium\nDev\t\tstack \"Global_Wiki_Menu\"\tGlobal | Wiki | Menu\t\tsubmenu\tDev | Menu\tstack \"Global_Wiki_Menu\"\tDev"},"Global | Wiki | Story | Menu": {"mController": "stack \"Global_Wiki_Story_Menu\"","gMenuTable": "Go To Link\tmenu_GoToLink mTarget\tstack \"Global_Wiki_Story_Menu\"\tGlobal | Wiki | Story | Menu\t\t\t\t\tGo To Link\nCreate Federation Roster\tmenu_CreateFederationRoster mTarget\tstack \"Global_Wiki_Story_Menu\"\tGlobal | Wiki | Story | Menu\t\t\t\t\tCreate Federation Roster\n-\nCyto Animate\tmenu_CytoAnimate mTarget\tstack \"Global_Wiki_Story_Menu\"\tGlobal | Wiki | Story | Menu\t\t\t\t\tCyto Animate\nCyto Zoom\tmenu_CytoZoom mTarget\tstack \"Global_Wiki_Story_Menu\"\tGlobal | Wiki | Story | Menu\t\t\t\t\tCyto Zoom\n-\nAdd Browser Menu\tmenu_AddBrowserMenu mTarget\tstack \"Global_Wiki_Story_Menu\"\tGlobal | Wiki | Story | Menu\t\t\t\t\tAdd Browser Menu\nHide Site Owner\tmenu_HideSiteOwner mTarget\tstack \"Global_Wiki_Story_Menu\"\tGlobal | Wiki | Story | Menu\t\t\t\t\tHide Site Owner\nHide Footer\tmenu_HideFooter subMenuPath, mTarget\tstack \"Global_Wiki_Story_Menu\"\tGlobal | Wiki | Story | Menu\t\tboolean\tsubmenu_Boolean\thide_Footer\tHide Footer\nSet Footer Height\tmenu_SetFooterHeight mTarget\tstack \"Global_Wiki_Story_Menu\"\tGlobal | Wiki | Story | Menu\t\t\t\t\tSet Footer Height\n-\nDev\t\tstack \"Global_Wiki_Story_Menu\"\tGlobal | Wiki | Story | Menu\t\tsubmenu\tDev | Menu\tstack \"Global_Wiki_Story_Menu\"\tDev"},"Global | Server | Atopia | Tree | Menu": {"mController": "stack \"Global_Server_Atopia_Tree_Menu\"","gMenuTable": "Check Bad\tmenu_CheckBad mTarget\tstack \"Global_Server_Atopia_Tree_Menu\"\tGlobal | Server | Atopia | Tree | Menu\t\t\t\t\tCheck Bad\nStore Atopia Domain Array\tmenu_StoreAtopiaDomainArray mTarget\tstack \"Global_Server_Atopia_Tree_Menu\"\tGlobal | Server | Atopia | Tree | Menu\t\t\t\t\tStore Atopia Domain Array\n-\nFetch And Display\tmenu_FetchAndDisplay mTarget\tstack \"Global_Server_Atopia_Tree_Menu\"\tGlobal | Server | Atopia | Tree | Menu\t\t\t\t\tFetch And Display\nSave\tmenu_Save mTarget\tstack \"Global_Server_Atopia_Tree_Menu\"\tGlobal | Server | Atopia | Tree | Menu\t\t\t\t\tSave"},"Global | SFW | Story | Menu": {"mController": "stack \"Global_SFW_Story_Menu\"","gMenuTable": "Fetch Last Page\tmenu_FetchLastPage mTarget\tstack \"Global_SFW_Story_Menu\"\tGlobal | SFW | Story | Menu\t\t\t\t\tFetch Last Page\nWiki Site Map\tmenu_WikiSiteMap mTarget\tstack \"Global_SFW_Story_Menu\"\tGlobal | SFW | Story | Menu\t\t\t\t\tWiki Site Map\n-\nFind Sites\tmenu_FindSites mTarget\tstack \"Global_SFW_Story_Menu\"\tGlobal | SFW | Story | Menu\t\t\t\t\tFind Sites\nChange Style With Javascript\tmenu_ChangeStyleWithJavascript mTarget\tstack \"Global_SFW_Story_Menu\"\tGlobal | SFW | Story | Menu\t\t\t\t\tChange Style With Javascript\nHide Footer\tmenu_HideFooter subMenuPath, mTarget\tstack \"Global_SFW_Story_Menu\"\tGlobal | SFW | Story | Menu\t\tboolean\tsubmenu_Boolean\thide_Footer\tHide Footer\n-\nMake Text Bigger\tmenu_MakeTextBigger mTarget\tstack \"Global_SFW_Story_Menu\"\tGlobal | SFW | Story | Menu\t\t\t\t\tMake Text Bigger\nMake Text Smaller\tmenu_MakeTextSmaller mTarget\tstack \"Global_SFW_Story_Menu\"\tGlobal | SFW | Story | Menu\t\t\t\t\tMake Text Smaller\n-\nDev\t\tstack \"Global_SFW_Story_Menu\"\tGlobal | SFW | Story | Menu\t\tsubmenu\tDev | Menu\tstack \"Global_SFW_Story_Menu\"\tDev"},"Global | D4A | Menu": {"mController": "stack \"Global_D4A_Menu\"","gMenuTable": "Test Code\tmenu_TestCode mTarget\tstack \"Global_D4A_Menu\"\tGlobal | D4A | Menu\t\t\t\t\tTest Code\nGenerate Csv\tmenu_GenerateCsv mTarget\tstack \"Global_D4A_Menu\"\tGlobal | D4A | Menu\t\t\t\t\tGenerate Csv\nDisplay Problem Tree\tmenu_DisplayProblemTree mTarget\tstack \"Global_D4A_Menu\"\tGlobal | D4A | Menu\t\t\t\t\tDisplay Problem Tree\nDisplay Site Tree\tmenu_DisplaySiteTree mTarget\tstack \"Global_D4A_Menu\"\tGlobal | D4A | Menu\t\t\t\t\tDisplay Site Tree\n-\nDownload Wikipedia Images\tmenu_DownloadWikipediaImages mTarget\tstack \"Global_D4A_Menu\"\tGlobal | D4A | Menu\t\t\t\t\tDownload Wikipedia Images\nDisplay Keywords\tmenu_DisplayKeywords mTarget\tstack \"Global_D4A_Menu\"\tGlobal | D4A | Menu\t\t\t\t\tDisplay Keywords\n-\nTest Api\tmenu_TestApi mTarget\tstack \"Global_D4A_Menu\"\tGlobal | D4A | Menu\t\t\t\t\tTest Api"},"Global | GeoJson | Menu": {"mController": "stack \"Global_GeoJson_Menu\"","gMenuTable": "Batch Status\tmenu_BatchStatus mTarget\tstack \"Global_GeoJson_Menu\"\tGlobal | GeoJson | Menu\t\t\t\t\tBatch Status\nBatch Encode\tmenu_BatchEncode mTarget\tstack \"Global_GeoJson_Menu\"\tGlobal | GeoJson | Menu\t\t\t\t\tBatch Encode\nTest Ces Creation\tmenu_TestCesCreation mTarget\tstack \"Global_GeoJson_Menu\"\tGlobal | GeoJson | Menu\t\t\t\t\tTest Ces Creation\nCreate Ces Geojson\tmenu_CreateCesGeojson mTarget\tstack \"Global_GeoJson_Menu\"\tGlobal | GeoJson | Menu\t\t\t\t\tCreate Ces Geojson\nCreate Hourbank Geojson\tmenu_CreateHourbankGeojson mTarget\tstack \"Global_GeoJson_Menu\"\tGlobal | GeoJson | Menu\t\t\t\t\tCreate Hourbank Geojson\nDisplay Community Forge Geojson\tmenu_DisplayCommunityForgeGeojson mTarget\tstack \"Global_GeoJson_Menu\"\tGlobal | GeoJson | Menu\t\t\t\t\tDisplay Community Forge Geojson\n-\nTest\tmenu_Test mTarget\tstack \"Global_GeoJson_Menu\"\tGlobal | GeoJson | Menu\t\t\t\t\tTest"},"Global | D4A | Line | Menu": {"mController": "stack \"Global_D4A_Line_Menu\"","gMenuTable": "Download Images\tmenu_DownloadImages mTarget\tstack \"Global_D4A_Line_Menu\"\tGlobal | D4A | Line | Menu\t\t\t\t\tDownload Images\n-\nReveal Image Folder\tmenu_RevealImageFolder mTarget\tstack \"Global_D4A_Line_Menu\"\tGlobal | D4A | Line | Menu\tdisabled_RevealImageFolder\t\t\t\tReveal Image Folder"},"Global | Medium | Menu": {"mController": "stack \"Global_Medium_Menu\"","gMenuTable": "Fetch Authenticated User\tmenu_FetchAuthenticatedUser mTarget\tstack \"Global_Medium_Menu\"\tGlobal | Medium | Menu\t\t\t\t\tFetch Authenticated User\nFetch Publications\tmenu_FetchPublications mTarget\tstack \"Global_Medium_Menu\"\tGlobal | Medium | Menu\t\t\t\t\tFetch Publications\nFetch Contributors\tmenu_FetchContributors mTarget\tstack \"Global_Medium_Menu\"\tGlobal | Medium | Menu\t\t\t\t\tFetch Contributors\n-\nTest Post\tmenu_TestPost mTarget\tstack \"Global_Medium_Menu\"\tGlobal | Medium | Menu\t\t\t\t\tTest Post"}}}