<image name="scroll.png" id="54046">
<traversalOn>false</traversalOn>
<palindromeFrames>false</palindromeFrames>
<ink>srcCopy</ink>
<threeD>true</threeD>
<blendLevel>0</blendLevel>
<rect>286,173,302,189</rect>
<angle>0</angle>
<yHot>1</yHot>
<id>54046</id>
<altId>0</altId>
<frameCount>0</frameCount>
<constantMask>false</constantMask>
<lockLoc>false</lockLoc>
<repeatCount>0</repeatCount>
<size>725</size>
<name>image "scroll.png"</name>
<hotSpot>1,1</hotSpot>
<alwaysBuffer>true</alwaysBuffer>
<layer>4</layer>
<dontDither>false</dontDither>
<visible>false</visible>
<cantSelect>false</cantSelect>
<borderWidth>2</borderWidth>
<opaque>false</opaque>
<currentFrame>1</currentFrame>
<showBorder>false</showBorder>
<disabled>false</disabled>
<xHot>1</xHot>
<showFocusBorder>true</showFocusBorder>
<custompropertyset name= "cGlx2TimeStamp">
</custompropertyset>
<imagedata>urldecode( "%00%7E%7E%C0%00%7E%7E%C0%00%7E%7E%C0%00%7E%7E%C0%00%7E%7E%C0%00%7E%7E%C0%00%7E%7E%C0%00%7E%7E%C0%00%7E%7E%C0%00%7E%7E%C0%00%7E%7E%C0%00%7E%7E%C0%00%7E%7E%C0%00%7E%7E%C0%00%7E%7E%C0%00%7E%7E%C0%00%7E%7E%C0%00%7E%7E%C0%00%7E%7E%C0%00%7E%7E%C0%00%7E%7E%C0%00%7E%7E%C0%00%9F%9F%BC%00%AC%AC%C3%00%7D%7D%9C%00XXy%00%5E%5E%85%00%7E%7E%C0%00%7E%7E%C0%00%7E%7E%C0%00%7E%7E%C0%00%7E%7E%C0%00%7E%7E%C0%00%7E%7E%C0%00%7E%7E%C0%00%7E%7E%C0%00%7E%7E%C0%00%9A%9A%C7%00%FF%FF%FF%00%FF%FF%FF%00%FF%FF%FF%00%E6%E6%ED%00%AE%AE%C0%00%88%88%9F%00YYr%00gg_%00%7E%7E%C0%00%7E%7E%C0%00%7E%7E%C0%00%7E%7E%C0%00%7E%7E%C0%00%7E%7E%C0%00%7E%7E%C0%00%C8%C8%DD%00%FF%FF%FF%00%FF%FF%FF%00%FF%FF%FF%00%FF%FF%FF%00%FF%FF%FF%00%E5%E5%E7%00%82%82%A5%00tt%9B%00PPn%00%7E%7E%C0%00%7E%7E%C0%00%7E%7E%C0%00%7E%7E%C0%00%7E%7E%C0%00%00%00%FF%00%D2%D2%D3%00%FF%FF%FF%00%FF%FF%FF%00%FF%FF%FF%00%FF%FF%FF%00%FF%FF%FF%00oo%92%00%5D%5D%7F%00%D7%D7%FF%00%80%80%A3%00%7E%7E%C0%00%7E%7E%C0%00%7E%7E%C0%00%7E%7E%C0%00%7E%7E%C0%00%85%85%99%00%D0%D0%D8%00%FC%FC%FE%00%F9%F9%FC%00%FE%FE%FF%00%FF%FF%FF%00%E9%E9%EB%00EEf%00%5C%5Cu%00%E6%E6%FF%00ccv%00%7E%7E%C0%00%7E%7E%C0%00%7E%7E%C0%00%7E%7E%C0%00%7E%7E%C0%00%7B%7B%A3%00%CD%CD%E0%00%EB%EB%F6%00%EB%EB%F5%00%EF%EF%F7%00%FF%FF%FF%00%BE%BE%C8%00RRj%0022%3B%0055%3B%00%2B%2B%3C%00%7E%7E%C0%00%7E%7E%C0%00%7E%7E%C0%00%7E%7E%C0%00%7E%7E%C0%00mm%8D%00%CC%CC%E3%00%DA%DA%ED%00%DC%DC%ED%00%E2%E2%EF%00%F2%F2%FD%00%AB%AB%BC%00%7E%7E%C0%00%7E%7E%C0%00%7E%7E%C0%00%7E%7E%C0%00%7E%7E%C0%00%7E%7E%C0%00%A5%A5%D1%00%97%97%D1%00%88%88%BF%00UUm%00%CC%CC%E9%00%CD%CD%E7%00%D0%D0%E6%00%D3%D3%E8%00%E7%E7%F8%00%9B%9B%AE%00%7E%7E%C0%00%7E%7E%C0%00%7E%7E%C0%00%7E%7E%C0%00%7E%7E%C0%00%7E%7E%C0%00%A8%A8%CE%00%FA%FA%FE%00%C3%C3%D7%00%5B%5Bz%00%B7%B7%E0%00%BF%BF%E3%00%C4%C4%E2%00%C8%C8%E3%00%D9%D9%F4%00%88%88%9E%00%7E%7E%C0%00%7E%7E%C0%00%7E%7E%C0%00%7E%7E%C0%00%7E%7E%C0%00%7E%7E%C0%00%A7%A7%C4%00%E5%E5%EF%00%F9%F9%FD%00%FF%FF%FF%00%B1%B1%BE%00%7D%7D%9A%00%AD%AD%D5%00%C2%C2%E7%00%CE%CE%F2%00ss%87%00%7E%7E%C0%00%7E%7E%C0%00%7E%7E%C0%00%7E%7E%C0%00%7E%7E%C0%00%7E%7E%C0%00%8B%8B%B4%00%A4%A4%C3%00%C0%C0%D9%00%D3%D3%E4%00%EF%EF%F6%00%FF%FF%FF%00LLT%00aau%00%C1%C1%EE%00ZZh%00%7E%7E%C0%00%7E%7E%C0%00%7E%7E%C0%00%7E%7E%C0%00%7E%7E%C0%00%7E%7E%C0%00%7E%7E%C0%00%7E%7E%A5%00%7D%7D%9F%00%95%95%B5%00%BD%BD%DC%00%8B%8B%9D%00RRm%00dd%80%00yy%9A%00BBH%00%7E%7E%C0%00%7E%7E%C0%00%7E%7E%C0%00%7E%7E%C0%00%7E%7E%C0%00%7E%7E%C0%00%7E%7E%C0%00%7E%7E%C0%00%7E%7E%C0%00ee%7F%00mm%86%00bbv%00%83%83%AD%00aa%7B%00zz%9E%00%3D%3DD%00%7E%7E%C0%00%7E%7E%C0%00%7E%7E%C0%00%7E%7E%C0%00%7E%7E%C0%00%7E%7E%C0%00%7E%7E%C0%00%7E%7E%C0%00%7E%7E%C0%00%7E%7E%C0%00%7E%7E%C0%00%40%40L%00BBJ%00%5C%5Cr%00HHO%00%7E%7E%C0%00%7E%7E%C0%00%7E%7E%C0%00%7E%7E%C0%00%7E%7E%C0%00%7E%7E%C0%00%7E%7E%C0%00%7E%7E%C0%00%7E%7E%C0%00%7E%7E%C0%00%7E%7E%C0%00%7E%7E%C0%00%7E%7E%C0%00%7E%7E%C0%00%7E%7E%C0%00%7E%7E%C0%00%7E%7E%C0%00%7E%7E%C0%00%7E%7E%C0%00%7E%7E%C0%00%7E%7E%C0%00%7E%7E%C0" )</imagedata>
</image>
