{"stackFileArray": {"lib_Youtube": "libraries/lib_Youtube.livecodescript","Global_Google_Sheet_Menu": "controllers/Global_Google_Sheet_Menu.livecodescript","lib_GoogleSearchConsole": "libraries/lib_GoogleSearchConsole.livecodescript","lib_Google": "libraries/lib_Google.livecodescript","Global_Google_Console_Title_Menu": "controllers/Global_Google_Console_Title_Menu.livecodescript","lib_GoogleCustomSearch": "libraries/lib_GoogleCustomSearch.livecodescript","lib_GoogleSitemap": "libraries/lib_GoogleSitemap.livecodescript","Global_Google_Console_Title_Line_Menu": "controllers/Global_Google_Console_Title_Line_Menu.livecodescript","Global_Google_Menu": "controllers/Global_Google_Menu.livecodescript"},"Global Menus": {"Global | Google | Console | Title | Menu": {"mController": "stack \"/Users/BabyBlue/Desktop/git-repos/lcw_Google/controllers/Global_Google_Console_Title_Menu.livecodescript\"","gMenuTable": "Filter Top\tmenu_FilterTop mTarget\tstack \"Global_Google_Console_Title_Menu\"\tGlobal | Google | Console | Title | Menu\t\t\t\t\tFilter Top\nDisplay All\tmenu_DisplayAll mTarget\tstack \"Global_Google_Console_Title_Menu\"\tGlobal | Google | Console | Title | Menu\t\t\t\t\tDisplay All\nDisplay Missing Domains\tmenu_DisplayMissingDomains mTarget\tstack \"Global_Google_Console_Title_Menu\"\tGlobal | Google | Console | Title | Menu\t\t\t\t\tDisplay Missing Domains\nDisplay Missing Sitemaps\tmenu_DisplayMissingSitemaps mTarget\tstack \"Global_Google_Console_Title_Menu\"\tGlobal | Google | Console | Title | Menu\t\t\t\t\tDisplay Missing Sitemaps\n-\nLaunch Console Help\tmenu_LaunchConsoleHelp mTarget\tstack \"Global_Google_Console_Title_Menu\"\tGlobal | Google | Console | Title | Menu\t\t\t\t\tLaunch Console Help\nDisplay Good Missing\tmenu_DisplayGoodMissing mTarget\tstack \"Global_Google_Console_Title_Menu\"\tGlobal | Google | Console | Title | Menu\t\t\t\t\tDisplay Good Missing\nConsole Domain Array\tmenu_ConsoleDomainArray mTarget\tstack \"Global_Google_Console_Title_Menu\"\tGlobal | Google | Console | Title | Menu\t\t\t\t\tConsole Domain Array"},"Global | Google | Sheet | Menu": {"mController": "stack \"/Users/BabyBlue/Desktop/git-repos/lcw_Google/controllers/Global_Google_Sheet_Menu.livecodescript\"","gMenuTable": "Find Sites\tmenu_FindSites mTarget\tstack \"Global_Google_Sheet_Menu\"\tGlobal | Google | Sheet | Menu\t\t\t\t\tFind Sites\nLaunch Youtube Console\tmenu_LaunchYoutubeConsole mTarget\tstack \"Global_Google_Sheet_Menu\"\tGlobal | Google | Sheet | Menu\t\t\t\t\tLaunch Youtube Console\nGoogle Custom Search\tmenu_GoogleCustomSearch mTarget\tstack \"Global_Google_Sheet_Menu\"\tGlobal | Google | Sheet | Menu\t\t\t\t\tGoogle Custom Search\nImage Search\tmenu_ImageSearch mTarget\tstack \"Global_Google_Sheet_Menu\"\tGlobal | Google | Sheet | Menu\t\t\t\t\tImage Search"},"Global | Google | Console | Title | Line | Menu": {"mController": "stack \"/Users/BabyBlue/Desktop/git-repos/lcw_Google/controllers/Global_Google_Console_Title_Line_Menu.livecodescript\"","gMenuTable": "Launch Console\tmenu_LaunchConsole mTarget\tstack \"Global_Google_Console_Title_Line_Menu\"\tGlobal | Google | Console | Title | Line | Menu\t\t\t\t\tLaunch Console\n-\nAdd Domain\tmenu_AddDomain mTarget\tstack \"Global_Google_Console_Title_Line_Menu\"\tGlobal | Google | Console | Title | Line | Menu\tdisabled_AddDomain\t\t\t\tAdd Domain\nAdd Top Domain\tmenu_AddTopDomain mTarget\tstack \"Global_Google_Console_Title_Line_Menu\"\tGlobal | Google | Console | Title | Line | Menu\tdisabled_AddTopDomain\t\t\t\tAdd Top Domain\nCheck Top Domain\tmenu_CheckTopDomain mTarget\tstack \"Global_Google_Console_Title_Line_Menu\"\tGlobal | Google | Console | Title | Line | Menu\t\t\t\t\tCheck Top Domain\n-\nAdd Sitemaps\tmenu_AddSitemaps mTarget\tstack \"Global_Google_Console_Title_Line_Menu\"\tGlobal | Google | Console | Title | Line | Menu\tdisabled_AddSitemaps\t\t\t\tAdd Sitemaps\nAdd Sitemap\tmenu_AddSitemap mTarget\tstack \"Global_Google_Console_Title_Line_Menu\"\tGlobal | Google | Console | Title | Line | Menu\tdisabled_AddSitemap\t\t\t\tAdd Sitemap\nFetch Sitemaps\tmenu_FetchSitemaps mTarget\tstack \"Global_Google_Console_Title_Line_Menu\"\tGlobal | Google | Console | Title | Line | Menu\t\t\t\t\tFetch Sitemaps"},"Global | Google | Menu": {"mController": "stack \"/Users/BabyBlue/Desktop/git-repos/lcw_Google/controllers/Global_Google_Menu.livecodescript\"","gMenuTable": "Display Console Domains\tmenu_DisplayConsoleDomains mTarget\tstack \"Global_Google_Menu\"\tGlobal | Google | Menu\t\t\t\t\tDisplay Console Domains\n-\nTest Sheet\tmenu_TestSheet mTarget\tstack \"Global_Google_Menu\"\tGlobal | Google | Menu\t\t\t\t\tTest Sheet\nTest Csv\tmenu_TestCsv mTarget\tstack \"Global_Google_Menu\"\tGlobal | Google | Menu\t\t\t\t\tTest Csv"}}}