<button name="GLX2 Web Browser" id="1140">
<traversalOn>false</traversalOn>
<ink>srcCopy</ink>
<threeD>true</threeD>
<hiliteBorder>false</hiliteBorder>
<blendLevel>0</blendLevel>
<rect>20,489,167,510</rect>
<mnemonic>0</mnemonic>
<armFill>false</armFill>
<visitedIcon>0</visitedIcon>
<showName>true</showName>
<showIcon>false</showIcon>
<hilited>false</hilited>
<sharedHilite>true</sharedHilite>
<shadow>false</shadow>
<textAlign>left</textAlign>
<armed>false</armed>
<menuMouseButton>1</menuMouseButton>
<id>1140</id>
<altId>0</altId>
<labelWidth>0</labelWidth>
<armedIcon>0</armedIcon>
<lockLoc>false</lockLoc>
<visited>false</visited>
<showHilite>false</showHilite>
<label>GLX2 Web Browser Beta</label>
<autoHilite>true</autoHilite>
<style>checkbox</style>
<disabledIcon>0</disabledIcon>
<armBorder>true</armBorder>
<name>button "GLX2 Web Browser"</name>
<icon>0</icon>
<toolTip>urldecode( "Use+GLX2%27s+built-in+Web+Browser+BETA%0D%0ANOTE%3A+this+feature+with+Leopard%2C+XP+%26+Vista+ONLY%21" )</toolTip>
<layer>70</layer>
<visible>true</visible>
<cantSelect>false</cantSelect>
<borderWidth>2</borderWidth>
<menuLines>5</menuLines>
<margins>3,4,4,4</margins>
<opaque>false</opaque>
<shadowOffset>4</shadowOffset>
<default>false</default>
<hiliteFill>true</hiliteFill>
<showBorder>false</showBorder>
<hiliteIcon>0</hiliteIcon>
<disabled>false</disabled>
<autoArm>false</autoArm>
<family>0</family>
<hoverIcon>0</hoverIcon>
<showFocusBorder>true</showFocusBorder>
<menuHistory>1</menuHistory>
<custompropertyset name= "cGlx2TimeStamp">
<checksum>urldecode( "d%D4%1C%DA%F3%EE%05P%0F%9A%B5%A6%BC%14%12H" )</checksum>
</custompropertyset>
<script>urldecode( "--%3E+all+handlers%0D%0A%0D%0Aon+mouseUp+pMouseBtnNo%0D%0A++++lock+screen%0D%0A++++put+the+mainstack+of+this+stack+into+theParentStack++++++++%0D%0A++++set+the+cGLX2WebBrowser+of+stack+theParentStack+to+the+hilited+of+me+%0D%0A++++glx2SavePrefs%0D%0A++++unlock+screen%0D%0Aend+mouseUp%0D%0A" )</script>
</button>
