{"stackFileArray": {"View|Governance|Napkin": "modules/View_Governance_Napkin/View_Governance_Napkin.livecode","Global_Asana_Tree_Menu": "controllers/Global_Asana_Tree_Menu.livecodescript","behavior_ViewGovernanceOrg": "modules/View_Governance_Org/behaviors/behavior_ViewGovernanceOrg.livecodescript","lib_OpenBanking": "libraries/lib_OpenBanking.livecodescript","model_Asana": "models/model_Asana.livecodescript","Global_Asana_Team_Tree_Line_Menu": "controllers/Global_Asana_Team_Tree_Line_Menu.livecodescript","Global_Governance_Menu": "controllers/Global_Governance_Menu.livecodescript","Global_Asana_Project_Tree_Menu": "controllers/Global_Asana_Project_Tree_Menu.livecodescript","behavior_ViewGovernancePerson": "modules/View_Governance_Person/behaviors/behavior_ViewGovernancePerson.livecodescript","Global_Governance_Org_Menu": "modules/View_Governance_Org/controllers/Global_Governance_Org_Menu.livecodescript","lib_Account": "libraries/lib_Account.livecodescript","View|Governance|Person": "modules/View_Governance_Person/View_Governance_Person.livecode","Global_Governance_Person_Menu": "modules/View_Governance_Person/controllers/Global_Governance_Person_Menu.livecodescript","lib_DisplayAsana": "libraries/lib_DisplayAsana.livecodescript","View|Governance|Org": "modules/View_Governance_Org/View_Governance_Org.livecode","Global_Governance_Napkin_Menu": "modules/View_Governance_Napkin/controllers/Global_Governance_Napkin_Menu.livecodescript","Global_Asana_Workspace_Tree_Line_Menu": "controllers/Global_Asana_Workspace_Tree_Line_Menu.livecodescript","Global_Asana_Workspace_Tree_Menu": "controllers/Global_Asana_Workspace_Tree_Menu.livecodescript","behavior_ViewGovernanceNapkin": "modules/View_Governance_Napkin/behaviors/behavior_ViewGovernanceNapkin.livecodescript","behavior_ViewGovernanceAccount": "modules/View_Governance_Account/behaviors/behavior_ViewGovernanceAccount.livecodescript","Global_Asana_Project_Tree_Line_Menu": "controllers/Global_Asana_Project_Tree_Line_Menu.livecodescript","Global_Asana_Team_Tree_Menu": "controllers/Global_Asana_Team_Tree_Menu.livecodescript","model_Account": "models/model_Account.livecodescript","Global_Asana_Tree_Line_Menu": "controllers/Global_Asana_Tree_Line_Menu.livecodescript","View|Governance|Account": "modules/View_Governance_Account/View_Governance_Account.livecode","lib_GlassFrog": "libraries/lib_GlassFrog.livecodescript","Global | Organisation | Tree | Line | Menu": "controllers/Global_Organisation_Tree_Line_Menu.livecodescript","Global_Starling_Menu": "controllers/Global_Starling_Menu.livecodescript","Global_Asana_Template_Tree_Line_Menu": "controllers/Global_Asana_Template_Tree_Line_Menu.livecodescript","Global_Governance_Account_Menu": "modules/View_Governance_Account/controllers/Global_Governance_Account_Menu.livecodescript","Global_Asana_Template_Tree_Menu": "controllers/Global_Asana_Template_Tree_Menu.livecodescript","Global | Organisation | Tree | Menu": "controllers/Global_Organisation_Tree_Menu.livecodescript","Global_Governance_Project_Menu": "controllers/Global_Governance_Project_Menu.livecodescript","lib_Asana": "libraries/lib_Asana.livecodescript"},"Global Menus": {"Global | Governance | Napkin | Menu": {"mController": "stack \"Global_Governance_Napkin_Menu\"","gMenuTable": "Test\tmenu_Test mTarget\tstack \"Global_Governance_Napkin_Menu\"\tGlobal | Governance | Napkin | Menu\t\t\t\t\tTest"},"Global | Asana | Project | Tree | Line | Menu": {"mController": "stack \"Global_Asana_Project_Tree_Line_Menu\"","gMenuTable": "Display Task Array\tmenu_DisplayTaskArray mTarget\tstack \"Global_Asana_Project_Tree_Line_Menu\"\tGlobal | Asana | Project | Tree | Line | Menu\t\t\t\t\tDisplay Task Array"},"Global | Governance | Org | Menu": {"mController": "stack \"Global_Governance_Org_Menu\"","gMenuTable": "Shape\tmenu_Shape subMenuPath, mTarget\tstack \"Global_Governance_Org_Menu\"\tGlobal | Governance | Org | Menu\t\tfixed\tsubmenu_Fixed[menu_Shape]\twhich_Shape\tShape\n-\nButton View\tmenu_ButtonView subMenuPath, mTarget\tstack \"Global_Governance_Org_Menu\"\tGlobal | Governance | Org | Menu\t\tboolean\tsubmenu_Boolean\tbutton_View\tButton View\nTiles Across\tmenu_TilesAcross subMenuPath, mTarget\tstack \"Global_Governance_Org_Menu\"\tGlobal | Governance | Org | Menu\t\tcustom submenu\ttile_Nums\ttile_Num\tTiles Across\nShow Names\tmenu_ShowNames subMenuPath, mTarget\tstack \"Global_Governance_Org_Menu\"\tGlobal | Governance | Org | Menu\t\tboolean\tsubmenu_Boolean\tshow_Names\tShow Names\nShow Borders\tmenu_ShowBorders subMenuPath, mTarget\tstack \"Global_Governance_Org_Menu\"\tGlobal | Governance | Org | Menu\t\tboolean\tsubmenu_Boolean\tshow_Borders\tShow Borders\n-\nDisplay Grid Array\tmenu_DisplayGridArray mTarget\tstack \"Global_Governance_Org_Menu\"\tGlobal | Governance | Org | Menu\t\t\t\t\tDisplay Grid Array\nDisplay Grid Rect Array\tmenu_DisplayGridRectArray mTarget\tstack \"Global_Governance_Org_Menu\"\tGlobal | Governance | Org | Menu\t\t\t\t\tDisplay Grid Rect Array\n-\nFixed Square\tmenu_FixedSquare subMenuPath, mTarget\tstack \"Global_Governance_Org_Menu\"\tGlobal | Governance | Org | Menu\t\tboolean\tsubmenu_Boolean\tfixed_Square\tFixed Square\nGraphic\tmenu_Graphic mTarget\tstack \"Global_Governance_Org_Menu\"\tGlobal | Governance | Org | Menu\t\t\t\t\tGraphic"},"Global | Asana | Workspace | Tree | Line | Menu": {"mController": "stack \"Global_Asana_Workspace_Tree_Line_Menu\"","gMenuTable": "Test\tmenu_Test mTarget\tstack \"Global_Asana_Workspace_Tree_Line_Menu\"\tGlobal | Asana | Workspace | Tree | Line | Menu\t\t\t\t\tTest"},"Global | Asana | Tree | Menu": {"mController": "stack \"Global_Asana_Tree_Menu\"","gMenuTable": "Open Banking\t\tstack \"Global_Asana_Tree_Menu\"\tGlobal | Asana | Tree | Menu\t\tsubmenu\tGlobal | Starling | Menu\tstack \"Global_Starling_Menu\"\tOpen Banking\n-\nDisplay Likes\tmenu_DisplayLikes mTarget\tstack \"Global_Asana_Tree_Menu\"\tGlobal | Asana | Tree | Menu\t\t\t\t\tDisplay Likes\nDisplay Data Array\tmenu_DisplayDataArray mTarget\tstack \"Global_Asana_Tree_Menu\"\tGlobal | Asana | Tree | Menu\t\t\t\t\tDisplay Data Array\n-\nDisplay Orgs\tmenu_DisplayOrgs mTarget\tstack \"Global_Asana_Tree_Menu\"\tGlobal | Asana | Tree | Menu\t\t\t\t\tDisplay Orgs\nDisplay Workspaces\tmenu_DisplayWorkspaces mTarget\tstack \"Global_Asana_Tree_Menu\"\tGlobal | Asana | Tree | Menu\t\t\t\t\tDisplay Workspaces\nDisplay All\tmenu_DisplayAll mTarget\tstack \"Global_Asana_Tree_Menu\"\tGlobal | Asana | Tree | Menu\t\t\t\t\tDisplay All\n-\nDisplay Template Array\tmenu_DisplayTemplateArray mTarget\tstack \"Global_Asana_Tree_Menu\"\tGlobal | Asana | Tree | Menu\t\t\t\t\tDisplay Template Array\nDisplay Stored Workspace Info\tmenu_DisplayStoredWorkspaceInfo mTarget\tstack \"Global_Asana_Tree_Menu\"\tGlobal | Asana | Tree | Menu\t\t\t\t\tDisplay Stored Workspace Info\n-\nGather Workspace Info\tmenu_GatherWorkspaceInfo mTarget\tstack \"Global_Asana_Tree_Menu\"\tGlobal | Asana | Tree | Menu\t\t\t\t\tGather Workspace Info"},"Global | Asana | Team | Tree | Menu": {"mController": "stack \"Global_Asana_Team_Tree_Menu\"","gMenuTable": "Test\tmenu_Test mTarget\tstack \"Global_Asana_Team_Tree_Menu\"\tGlobal | Asana | Team | Tree | Menu\t\t\t\t\tTest"},"Global | Governance | Menu": {"mController": "stack \"Global_Governance_Menu\"","gMenuTable": "Workspaces\tmenu_Workspaces mTarget\tstack \"Global_Governance_Menu\"\tGlobal | Governance | Menu\t\t\t\t\tWorkspaces\n-\nDisplay\tmenu_Display subMenuPath, mTarget\tstack \"Global_Governance_Menu\"\tGlobal | Governance | Menu\t\tfixed\tsubmenu_Fixed[menu_Display]\tdisplay_What\tDisplay\n-\nAsana Api Help\tmenu_AsanaApiHelp mTarget\tstack \"Global_Governance_Menu\"\tGlobal | Governance | Menu\t\t\t\t\tAsana Api Help"},"Global | Organisation | Tree | Line | Menu": {"mController": "stack \"Global | Organisation | Tree | Line | Menu\"","gMenuTable": "Add Person\tmenu_AddPerson mTarget\tstack \"Global | Organisation | Tree | Line | Menu\"\tGlobal | Organisation | Tree | Line | Menu\t\t\t\t\tAdd Person\nTest\tmenu_Test subMenuPath, mTarget\tstack \"Global | Organisation | Tree | Line | Menu\"\tGlobal | Organisation | Tree | Line | Menu\t\tcustom external\tabcs\tabc\tTest\n-\nDev\t\tstack \"Global | Organisation | Tree | Line | Menu\"\tGlobal | Organisation | Tree | Line | Menu\t\tsubmenu\tDev | Menu\tstack \"Global | Organisation | Tree | Line | Menu\"\tDev"},"Global | Asana | Template | Tree | Line | Menu": {"mController": "stack \"Global_Asana_Template_Tree_Line_Menu\"","gMenuTable": "Clean Template Tasks\tmenu_CleanTemplateTasks mTarget\tstack \"Global_Asana_Template_Tree_Line_Menu\"\tGlobal | Asana | Template | Tree | Line | Menu\t\t\t\t\tClean Template Tasks"},"Global | Governance | Person | Menu": {"mController": "stack \"Global_Governance_Person_Menu\"","gMenuTable": "All My Tasks\tmenu_AllMyTasks mTarget\tstack \"Global_Governance_Person_Menu\"\tGlobal | Governance | Person | Menu\t\t\t\t\tAll My Tasks\nMy Tasks\tmenu_MyTasks subMenuPath, mTarget\tstack \"Global_Governance_Person_Menu\"\tGlobal | Governance | Person | Menu\t\tcustom external\tworkspace_Names\tworkspace_Name\tMy Tasks\nUpdate My Workspaces\tmenu_UpdateMyWorkspaces mTarget\tstack \"Global_Governance_Person_Menu\"\tGlobal | Governance | Person | Menu\t\t\t\t\tUpdate My Workspaces\nPerson Tasks\tmenu_PersonTasks mTarget\tstack \"Global_Governance_Person_Menu\"\tGlobal | Governance | Person | Menu\t\t\t\t\tPerson Tasks\nDisplay Data\tmenu_DisplayData mTarget\tstack \"Global_Governance_Person_Menu\"\tGlobal | Governance | Person | Menu\t\t\t\t\tDisplay Data\n-\nPerson Type\tmenu_PersonType subMenuPath, mTarget\tstack \"Global_Governance_Person_Menu\"\tGlobal | Governance | Person | Menu\t\tcustom external\tsome_Types\tsome_Type\tPerson Type\n-\nBurn Image\tmenu_BurnImage mTarget\tstack \"Global_Governance_Person_Menu\"\tGlobal | Governance | Person | Menu\tdisabled_BurnImage\t\t\t\tBurn Image\nRestore Image File\tmenu_RestoreImageFile mTarget\tstack \"Global_Governance_Person_Menu\"\tGlobal | Governance | Person | Menu\tdisabled_RestoreImageFile\t\t\t\tRestore Image File\nSize Image\tmenu_SizeImage subMenuPath, mTarget\tstack \"Global_Governance_Person_Menu\"\tGlobal | Governance | Person | Menu\t\tcustom external\tsome_Sizes\tsome_Size\tSize Image\n-\nChoose Image\tmenu_ChooseImage subMenuPath, mTarget\tstack \"Global_Governance_Person_Menu\"\tGlobal | Governance | Person | Menu\t\tfixed\tsubmenu_Fixed[menu_ChooseImage]\tchoose_How\tChoose Image\n-\nShow Rounded\tmenu_ShowRounded subMenuPath, mTarget\tstack \"Global_Governance_Person_Menu\"\tGlobal | Governance | Person | Menu\t\tboolean\tsubmenu_Boolean\tshow_Rounded\tShow Rounded\nShow Image\tmenu_ShowImage subMenuPath, mTarget\tstack \"Global_Governance_Person_Menu\"\tGlobal | Governance | Person | Menu\t\tboolean\tsubmenu_Boolean\tshow_Image\tShow Image\nShow Image Border\tmenu_ShowImageBorder subMenuPath, mTarget\tstack \"Global_Governance_Person_Menu\"\tGlobal | Governance | Person | Menu\t\tboolean\tsubmenu_Boolean\tshow_ImageBorder\tShow Image Border\n-\nResize Graphic\tmenu_ResizeGraphic subMenuPath, mTarget\tstack \"Global_Governance_Person_Menu\"\tGlobal | Governance | Person | Menu\t\tboolean\tsubmenu_Boolean\tresize_Graphic\tResize Graphic\nResize Quality\tmenu_ResizeQuality subMenuPath, mTarget\tstack \"Global_Governance_Person_Menu\"\tGlobal | Governance | Person | Menu\tdisabled_ResizeQuality\tcustom external\tsome_Qualities\tsome_Quality\tResize Quality\nConstrain Graphic\tmenu_ConstrainGraphic subMenuPath, mTarget\tstack \"Global_Governance_Person_Menu\"\tGlobal | Governance | Person | Menu\t\tboolean\tsubmenu_Boolean\tconstrain_Graphic\tConstrain Graphic\n-\nImage\t\tstack \"Global_Governance_Person_Menu\"\tGlobal | Governance | Person | Menu\t\tsubmenu\tGlobal | Image | Menu\tstack \"Global_Governance_Person_Menu\"\tImage\n-\nDev\t\tstack \"Global_Governance_Person_Menu\"\tGlobal | Governance | Person | Menu\t\tsubmenu\tDev | Menu\tstack \"Global_Governance_Person_Menu\"\tDev"},"Global | Asana | Workspace | Tree | Menu": {"mController": "stack \"Global_Asana_Workspace_Tree_Menu\"","gMenuTable": "New Project\tmenu_NewProject subMenuPath, mTarget\tstack \"Global_Asana_Workspace_Tree_Menu\"\tGlobal | Asana | Workspace | Tree | Menu\t\tcustom submenu\ttemplate_Names\ttemplate_Name\tNew Project\nWorkspace Users\tmenu_WorkspaceUsers mTarget\tstack \"Global_Asana_Workspace_Tree_Menu\"\tGlobal | Asana | Workspace | Tree | Menu\t\t\t\t\tWorkspace Users\n-\nNew Team Meeting\tmenu_NewTeamMeeting subMenuPath, mTarget\tstack \"Global_Asana_Workspace_Tree_Menu\"\tGlobal | Asana | Workspace | Tree | Menu\tdisabled_NewTeamMeeting\tcustom submenu\tteam_Names\tteam_Name\tNew Team Meeting\nNew Org Gist\tmenu_NewOrgGist subMenuPath, mTarget\tstack \"Global_Asana_Workspace_Tree_Menu\"\tGlobal | Asana | Workspace | Tree | Menu\t\tcustom submenu\tteam_Names\tteam_Name\tNew Org Gist\nTeams\tmenu_Teams mTarget\tstack \"Global_Asana_Workspace_Tree_Menu\"\tGlobal | Asana | Workspace | Tree | Menu\tdisabled_Teams\t\t\t\tTeams"},"Global | Organisation | Tree | Menu": {"mController": "stack \"Global | Organisation | Tree | Menu\"","gMenuTable": "People In Circle\tmenu_PeopleInCircle mTarget\tstack \"Global | Organisation | Tree | Menu\"\tGlobal | Organisation | Tree | Menu\t\t\t\t\tPeople In Circle\nDisplay Circle\tmenu_DisplayCircle mTarget\tstack \"Global | Organisation | Tree | Menu\"\tGlobal | Organisation | Tree | Menu\t\t\t\t\tDisplay Circle\n-\nFetch People\tmenu_FetchPeople mTarget\tstack \"Global | Organisation | Tree | Menu\"\tGlobal | Organisation | Tree | Menu\t\t\t\t\tFetch People\nFetch Circles\tmenu_FetchCircles mTarget\tstack \"Global | Organisation | Tree | Menu\"\tGlobal | Organisation | Tree | Menu\t\t\t\t\tFetch Circles\n-\nDev\t\tstack \"Global | Organisation | Tree | Menu\"\tGlobal | Organisation | Tree | Menu\t\tsubmenu\tDev | Menu\tstack \"Global | Organisation | Tree | Menu\"\tDev"},"Global | Asana | Team | Tree | Line | Menu": {"mController": "stack \"Global_Asana_Team_Tree_Line_Menu\"","gMenuTable": "Display Team Info\tmenu_DisplayTeamInfo mTarget\tstack \"Global_Asana_Team_Tree_Line_Menu\"\tGlobal | Asana | Team | Tree | Line | Menu\t\t\t\t\tDisplay Team Info\nCreate Project\tmenu_CreateProject mTarget\tstack \"Global_Asana_Team_Tree_Line_Menu\"\tGlobal | Asana | Team | Tree | Line | Menu\t\t\t\t\tCreate Project\nCreate Meeting\tmenu_CreateMeeting subMenuPath, mTarget\tstack \"Global_Asana_Team_Tree_Line_Menu\"\tGlobal | Asana | Team | Tree | Line | Menu\t\tcustom submenu\tsome_Names\tsome_Name\tCreate Meeting\n-\nTeam Members\tmenu_TeamMembers mTarget\tstack \"Global_Asana_Team_Tree_Line_Menu\"\tGlobal | Asana | Team | Tree | Line | Menu\t\t\t\t\tTeam Members"},"Global | Asana | Template | Tree | Menu": {"mController": "stack \"Global_Asana_Template_Tree_Menu\"","gMenuTable": "Test\tmenu_Test mTarget\tstack \"Global_Asana_Template_Tree_Menu\"\tGlobal | Asana | Template | Tree | Menu\t\t\t\t\tTest"},"Global | Starling | Menu": {"mController": "stack \"Global_Starling_Menu\"","gMenuTable": "Test Payment\tmenu_TestPayment mTarget\tstack \"Global_Starling_Menu\"\tGlobal | Starling | Menu\t\t\t\t\tTest Payment\n-\nDisplay Balance\tmenu_DisplayBalance mTarget\tstack \"Global_Starling_Menu\"\tGlobal | Starling | Menu\t\t\t\t\tDisplay Balance\nDisplay Tranactions\tmenu_DisplayTranactions mTarget\tstack \"Global_Starling_Menu\"\tGlobal | Starling | Menu\t\t\t\t\tDisplay Tranactions\n-\nDisplay Addresses\tmenu_DisplayAddresses mTarget\tstack \"Global_Starling_Menu\"\tGlobal | Starling | Menu\t\t\t\t\tDisplay Addresses\nDisplay Contacts\tmenu_DisplayContacts mTarget\tstack \"Global_Starling_Menu\"\tGlobal | Starling | Menu\t\t\t\t\tDisplay Contacts"},"Global | Governance | Project | Menu": {"mController": "stack \"Global_Governance_Project_Menu\"","gMenuTable": "Test\tmenu_Test mTarget\tstack \"Global_Governance_Project_Menu\"\tGlobal | Governance | Project | Menu\t\t\t\t\tTest"},"Global | Asana | Project | Tree | Menu": {"mController": "stack \"Global_Asana_Project_Tree_Menu\"","gMenuTable": "Project Info\tmenu_ProjectInfo mTarget\tstack \"Global_Asana_Project_Tree_Menu\"\tGlobal | Asana | Project | Tree | Menu\t\t\t\t\tProject Info\nProject Task Data\tmenu_ProjectTaskData subMenuPath, mTarget\tstack \"Global_Asana_Project_Tree_Menu\"\tGlobal | Asana | Project | Tree | Menu\t\tcustom submenu\tsome_Names\tsome_Name\tProject Task Data\n-\nSave Asana Project\tmenu_SaveAsanaProject mTarget\tstack \"Global_Asana_Project_Tree_Menu\"\tGlobal | Asana | Project | Tree | Menu\t\t\t\t\tSave Asana Project\nRefresh Project\tmenu_RefreshProject mTarget\tstack \"Global_Asana_Project_Tree_Menu\"\tGlobal | Asana | Project | Tree | Menu\t\t\t\t\tRefresh Project\n-\nCreate Meeting\tmenu_CreateMeeting mTarget\tstack \"Global_Asana_Project_Tree_Menu\"\tGlobal | Asana | Project | Tree | Menu\t\t\t\t\tCreate Meeting"},"Global | Governance | Account | Menu": {"mController": "stack \"Global_Governance_Account_Menu\"","gMenuTable": "Filter For Business\tmenu_FilterForBusiness mTarget\tstack \"Global_Governance_Account_Menu\"\tGlobal | Governance | Account | Menu\t\t\t\t\tFilter For Business\nDisplay Categorized\tmenu_DisplayCategorized subMenuPath, mTarget\tstack \"Global_Governance_Account_Menu\"\tGlobal | Governance | Account | Menu\t\tcustom submenu\taccount_Names\taccount_Name\tDisplay Categorized\nSave Categorized\tmenu_SaveCategorized mTarget\tstack \"Global_Governance_Account_Menu\"\tGlobal | Governance | Account | Menu\t\t\t\t\tSave Categorized\n-\nDisplay Month\tmenu_DisplayMonth subMenuPath, mTarget\tstack \"Global_Governance_Account_Menu\"\tGlobal | Governance | Account | Menu\t\tcustom submenu\tsome_Months\tsome_Month\tDisplay Month\nImport Barclays\tmenu_ImportBarclays mTarget\tstack \"Global_Governance_Account_Menu\"\tGlobal | Governance | Account | Menu\t\t\t\t\tImport Barclays\n-\nDisplay Graph\tmenu_DisplayGraph mTarget\tstack \"Global_Governance_Account_Menu\"\tGlobal | Governance | Account | Menu\t\t\t\t\tDisplay Graph\nDisplay Cat Month\tmenu_DisplayCatMonth mTarget\tstack \"Global_Governance_Account_Menu\"\tGlobal | Governance | Account | Menu\t\t\t\t\tDisplay Cat Month\nDisplay Cat Totals\tmenu_DisplayCatTotals mTarget\tstack \"Global_Governance_Account_Menu\"\tGlobal | Governance | Account | Menu\t\t\t\t\tDisplay Cat Totals\n-\nGenerate Random Data\tmenu_GenerateRandomData mTarget\tstack \"Global_Governance_Account_Menu\"\tGlobal | Governance | Account | Menu\t\t\t\t\tGenerate Random Data\n-\nShow Graph\tmenu_ShowGraph subMenuPath, mTarget\tstack \"Global_Governance_Account_Menu\"\tGlobal | Governance | Account | Menu\t\tboolean\tsubmenu_Boolean\tshow_Graph\tShow Graph\nDev\t\tstack \"Global_Governance_Account_Menu\"\tGlobal | Governance | Account | Menu\t\tsubmenu\tDev | Menu\tstack \"Global_Governance_Account_Menu\"\tDev"},"Global | Asana | Tree | Line | Menu": {"mController": "stack \"Global_Asana_Tree_Line_Menu\"","gMenuTable": "Teams\tmenu_Teams mTarget\tstack \"Global_Asana_Tree_Line_Menu\"\tGlobal | Asana | Tree | Line | Menu\tdisabled_Teams\t\t\t\tTeams\n-\nWorkspace Members\tmenu_WorkspaceMembers mTarget\tstack \"Global_Asana_Tree_Line_Menu\"\tGlobal | Asana | Tree | Line | Menu\t\t\t\t\tWorkspace Members\nWorkspace Projects\tmenu_WorkspaceProjects mTarget\tstack \"Global_Asana_Tree_Line_Menu\"\tGlobal | Asana | Tree | Line | Menu\t\t\t\t\tWorkspace Projects"}}}