<button name="sizes" id="1021">
<traversalOn>false</traversalOn>
<ink>srcCopy</ink>
<threeD>true</threeD>
<hiliteBorder>true</hiliteBorder>
<blendLevel>0</blendLevel>
<rect>230,122,306,140</rect>
<mnemonic>0</mnemonic>
<armFill>false</armFill>
<visitedIcon>0</visitedIcon>
<showName>true</showName>
<showIcon>false</showIcon>
<colors>urldecode( "0%2C0%2C0%0D%0A%0D%0A%0D%0A%0D%0A%0D%0A%0D%0A%0D%0A" )</colors>
<hilited>false</hilited>
<sharedHilite>true</sharedHilite>
<shadow>false</shadow>
<textAlign>center</textAlign>
<armed>false</armed>
<menuMouseButton>1</menuMouseButton>
<id>1021</id>
<altId>0</altId>
<labelWidth>0</labelWidth>
<armedIcon>0</armedIcon>
<textStyle>plain</textStyle>
<lockLoc>false</lockLoc>
<visited>false</visited>
<showHilite>false</showHilite>
<label>12</label>
<autoHilite>false</autoHilite>
<style>menu</style>
<disabledIcon>0</disabledIcon>
<armBorder>false</armBorder>
<name>button "sizes"</name>
<icon>0</icon>
<layer>2</layer>
<visible>true</visible>
<cantSelect>false</cantSelect>
<borderWidth>2</borderWidth>
<menuLines>15</menuLines>
<margins>4,3,4,4</margins>
<opaque>true</opaque>
<text>urldecode( "8%0D%0A9%0D%0A10%0D%0A11%0D%0A12%0D%0A13%0D%0A14%0D%0A15%0D%0A16%0D%0A17%0D%0A18%0D%0A19%0D%0A20%0D%0A21%0D%0A22%0D%0A23%0D%0A24%0D%0A25%0D%0A26%0D%0A27%0D%0A28%0D%0A29%0D%0A30%0D%0A31%0D%0A32%0D%0A33%0D%0A34%0D%0A35%0D%0A36%0D%0A37%0D%0A38%0D%0A39%0D%0A40%0D%0A41%0D%0A42%0D%0A43%0D%0A44%0D%0A45%0D%0A46%0D%0A47%0D%0A48%0D%0A49%0D%0A50%0D%0A51%0D%0A52%0D%0A53%0D%0A54%0D%0A55%0D%0A56%0D%0A57%0D%0A58%0D%0A59%0D%0A60%0D%0A61%0D%0A62%0D%0A63%0D%0A64%0D%0A65%0D%0A66%0D%0A67%0D%0A68%0D%0A69%0D%0A70%0D%0A71%0D%0A72" )</text>
<shadowOffset>4</shadowOffset>
<default>false</default>
<hiliteFill>true</hiliteFill>
<showBorder>true</showBorder>
<textSize>10</textSize>
<hiliteIcon>0</hiliteIcon>
<disabled>false</disabled>
<autoArm>false</autoArm>
<menuMode>option</menuMode>
<family>0</family>
<textFont>Verdana</textFont>
<hoverIcon>0</hoverIcon>
<showFocusBorder>true</showFocusBorder>
<menuHistory>5</menuHistory>
<custompropertyset name= "cGlx2TimeStamp">
<checksum>urldecode( "%92%B4%0D*%A6mX%BE%5D%94R%9A%26K%09_" )</checksum>
</custompropertyset>
<script>urldecode( "--%3E+all+handlers%0D%0A%0D%0Aon+menuPick++pChosen%2CpPrevChosen%0D%0A++++put+the+mainstack+of+this+stack+into+theParentStack++++++++%0D%0A++++set+the+cFontSize+of+stack+theParentStack+to+pChosen++%0D%0A++++glx2SavePrefs%0D%0A++++updateEveryTab%0D%0Aend+menuPick%0D%0A" )</script>
</button>
