<image name="local" id="104620">
<traversalOn>false</traversalOn>
<palindromeFrames>false</palindromeFrames>
<ink>srcCopy</ink>
<threeD>true</threeD>
<blendLevel>0</blendLevel>
<rect>472,330,485,342</rect>
<angle>0</angle>
<yHot>1</yHot>
<id>104620</id>
<altId>0</altId>
<frameCount>0</frameCount>
<constantMask>false</constantMask>
<lockLoc>false</lockLoc>
<repeatCount>0</repeatCount>
<size>788</size>
<name>image "local"</name>
<hotSpot>1,1</hotSpot>
<alwaysBuffer>true</alwaysBuffer>
<layer>16</layer>
<dontDither>false</dontDither>
<visible>false</visible>
<cantSelect>false</cantSelect>
<borderWidth>2</borderWidth>
<opaque>false</opaque>
<currentFrame>1</currentFrame>
<showBorder>false</showBorder>
<disabled>false</disabled>
<xHot>1</xHot>
<showFocusBorder>true</showFocusBorder>
<custompropertyset name= "cGlx2TimeStamp">
</custompropertyset>
<imagedata>urldecode( "%00%94%DC%FF%00%94%DC%FF%00%94%DC%FF%00%7B%BC%F7%00o%AF%EA%00e%A8%E6%00z%B0%E2%00-%8A%D9%00%14z%D7%00%00p%E3%00%94%DC%FF%00%94%DC%FF%00%94%DC%FF%00%94%DC%FF%00%AF%EF%FF%00%A4%DA%FF%00%C4%DE%FA%00%95%C3%F0%00%D4%E2%EE%00%DB%E3%EC%00%8D%B8%E1%00%AF%C5%DB%00%17t%D7%00%00b%DD%00%94%DC%FF%00%94%DC%FF%00%8C%C8%FF%00%AF%E2%FD%00%F0%F3%F9%00%A4%CC%F3%00%9C%C9%F0%00%AA%CC%ED%00%92%BD%E7%00L%9A%DD%00%B0%C7%DC%00e%97%CC%00%22j%CD%00%06R%BC%00%94%DC%FF%00%7F%BD%F6%00%E2%E8%F1%00%E9%EE%EE%00%C1%DA%F1%00%FD%F7%F0%00%D8%E3%EE%00%B5%CD%E4%00I%97%DC%00%99%BA%D9%00%5C%92%CB%00%1Fi%BD%00%08M%B4%00%94%DC%FF%00f%AC%EB%00%AD%CC%EB%00%94%C2%EC%00%CB%DC%EC%00%F2%ED%EA%00%EE%EA%E7%00%C2%D1%E2%00%98%BC%DC%00%DE%DD%DA%00z%9D%CB%00%91%A9%C6%00.%5C%B0%00%94%DC%FF%00%7B%B0%E3%00%DE%E0%E3%00%90%BD%E6%00%8B%BA%E5%00m%AB%E3%00%8D%B8%DF%00q%A8%DB%00%BF%CB%D8%00%D1%D6%D7%00%8C%A4%C7%00%BD%C4%C9%00Pr%B0%00%94%DC%FF%00t%AB%DD%00%E6%E1%DC%00%9F%BF%DE%00%E5%E2%DD%00%C4%D1%DC%00%C0%CE%D9%00%2B%88%D6%00Q%91%D0%00e%96%CB%00Fx%BD%00%A4%AF%C3%00Mm%AC%00%94%DC%FF%00%3D%8F%D8%00%A6%BF%D7%00w%AB%D9%00%CB%D1%D7%00%D0%D1%D4%00%CB%D1%D4%00y%A5%D1%00%D2%CF%CC%00%C0%C6%CB%00W%7C%B9%00Jq%B2%00%16%40%A0%00%94%DC%FF%00%00%7B%DC%00%2F%89%D3%00b%A0%D3%00o%A1%D1%00%86%A8%CD%00%5E%91%CB%00%8B%A6%C8%00%C0%C4%C8%00%B2%B9%C4%00%92%A3%BD%00%9D%A5%B6%00%1A3%9C%00%94%DC%FF%00%00%7D%E9%007%84%D7%00w%A0%C8%00%86%A4%C8%00%93%AC%C7%00%24o%C2%00f%8A%BD%00x%90%BC%00%3Fe%B0%00p%87%B1%008T%AD%00%00%19%9A%00%94%DC%FF%00%94%DC%FF%00%00n%E4%00%0Fb%CD%00%83%99%BB%00%A6%AB%BB%00r%8C%B7%00%B4%B8%BE%00Ns%B1%00%3Ea%A7%00%1AB%A6%00%00%28%B0%00%94%DC%FF%00%94%DC%FF%00%94%DC%FF%00%94%DC%FF%00%00%5C%D3%00%12R%B6%00%12G%AC%00Eh%AC%007%5C%A9%00%14%3B%9E%00%17%3B%A3%00%00-%AD%00%94%DC%FF%00%94%DC%FF%00%94%DC%FF" )</imagedata>
</image>
