<button name="add bookmark" id="621706">
<traversalOn>false</traversalOn>
<ink>srcCopy</ink>
<threeD>false</threeD>
<hiliteBorder>false</hiliteBorder>
<blendLevel>0</blendLevel>
<rect>28,53,50,73</rect>
<mnemonic>0</mnemonic>
<armFill>false</armFill>
<visitedIcon>0</visitedIcon>
<showName>false</showName>
<showIcon>true</showIcon>
<hilited>false</hilited>
<sharedHilite>false</sharedHilite>
<shadow>false</shadow>
<textAlign>center</textAlign>
<armed>false</armed>
<menuMouseButton>1</menuMouseButton>
<id>621706</id>
<altId>0</altId>
<labelWidth>0</labelWidth>
<armedIcon>623534</armedIcon>
<lockLoc>false</lockLoc>
<visited>false</visited>
<showHilite>false</showHilite>
<autoHilite>false</autoHilite>
<style>rectangle</style>
<disabledIcon>0</disabledIcon>
<armBorder>true</armBorder>
<name>button "add bookmark"</name>
<icon>623540</icon>
<layer>55</layer>
<visible>true</visible>
<cantSelect>false</cantSelect>
<borderWidth>2</borderWidth>
<menuLines>5</menuLines>
<margins>4</margins>
<opaque>false</opaque>
<shadowOffset>4</shadowOffset>
<default>false</default>
<hiliteFill>true</hiliteFill>
<showBorder>false</showBorder>
<hiliteIcon>623534</hiliteIcon>
<disabled>false</disabled>
<autoArm>false</autoArm>
<family>0</family>
<hoverIcon>623534</hoverIcon>
<showFocusBorder>true</showFocusBorder>
<menuHistory>1</menuHistory>
<custompropertyset name= "cGlx2TimeStamp">
<checksum>urldecode( "%88%0D%0A%25%84%1BM%D30%E0%E2Y%40%D3L%A2%40" )</checksum>
</custompropertyset>
<script>urldecode( "--%3E+all+handlers%0D%0A%0D%0Aon+mouseUp+pMouseBtnNo%0D%0A++++addToBookmarks%0D%0Aend+mouseUp%0D%0A%0D%0Aon+mouseEnter%0D%0A++++glx2SetStatus+%22Click+to+add+this+PAGE+as+a+BOOKMARK%22%0D%0Aend+mouseEnter%0D%0A" )</script>
</button>
