<button name="Edit Home" id="693531">
<traversalOn>false</traversalOn>
<ink>srcCopy</ink>
<threeD>false</threeD>
<hiliteBorder>false</hiliteBorder>
<blendLevel>0</blendLevel>
<rect>7,55,89,72</rect>
<mnemonic>0</mnemonic>
<armFill>false</armFill>
<visitedIcon>0</visitedIcon>
<showName>false</showName>
<showIcon>true</showIcon>
<hilited>false</hilited>
<sharedHilite>false</sharedHilite>
<shadow>false</shadow>
<textAlign>center</textAlign>
<armed>false</armed>
<menuMouseButton>1</menuMouseButton>
<id>693531</id>
<altId>0</altId>
<labelWidth>0</labelWidth>
<armedIcon>693543</armedIcon>
<lockLoc>false</lockLoc>
<visited>false</visited>
<showHilite>false</showHilite>
<autoHilite>false</autoHilite>
<style>transparent</style>
<disabledIcon>0</disabledIcon>
<armBorder>true</armBorder>
<name>button "Edit Home"</name>
<icon>693542</icon>
<layer>58</layer>
<visible>false</visible>
<cantSelect>false</cantSelect>
<borderWidth>0</borderWidth>
<menuLines>5</menuLines>
<margins>4</margins>
<opaque>false</opaque>
<shadowOffset>4</shadowOffset>
<default>false</default>
<hiliteFill>true</hiliteFill>
<showBorder>false</showBorder>
<hiliteIcon>693541</hiliteIcon>
<disabled>false</disabled>
<autoArm>false</autoArm>
<family>0</family>
<hoverIcon>693543</hoverIcon>
<showFocusBorder>true</showFocusBorder>
<menuHistory>1</menuHistory>
<custompropertyset name= "cGlx2TimeStamp">
<checksum>urldecode( "D%1B%1D%CE%8C%AF*%BD%7E%E4%E1%81%10%91%AD%C7" )</checksum>
</custompropertyset>
<script>urldecode( "--%3E+all+handlers%0D%0A%0D%0Aon+mouseDown+pMouseBtnNum%0D%0A++++simMouseDown%0D%0Aend+mouseDown%0D%0A%0D%0Aon+simMouseDown%0D%0A++++lock+screen%0D%0A++++set+the+hilited+of+me+to+not%28the+hilited+of+me%29%0D%0A++++set+the+visible+of+grp+%22add+homies%22+to+the+hilited+of+me%0D%0A++++disable+btn+%22remove+homey%22+%0D%0A++++put+the+number+of+grps+in+grp+%22homies%22+into+theNoGrps%0D%0A++++repeat+with+theGrpNo+%3D+2+to+theNoGrps%0D%0A++++++++try%0D%0A++++++++++++send+%22glx2RefreshHomey%22+to+grp+theGrpNo+of+grp+%22homies%22%0D%0A++++++++catch+e%0D%0A++++++++end+try%0D%0A++++end+repeat%0D%0A++++setTheStatusMsg%0D%0A++++unlock+screen%0D%0Aend+simMouseDown%0D%0A%0D%0Aon+mouseEnter%0D%0A++++setTheStatusMsg%0D%0Aend+mouseEnter%0D%0A%0D%0Aon+setTheStatusMsg%0D%0A++++if+the+hilited+of+me+is+true+then%0D%0A++++++++glx2SetStatus+%22Click+to+STOP+EDITING+your+GLX2+Home+-+or+just+hit+the+ENTER+key%22%0D%0A++++else%0D%0A++++++++glx2SetStatus+%22Click+to+START+EDITING+your+GLX2+Home+-%CAor+just+hit+the+ENTER+key%22%0D%0A++++end+if%0D%0Aend+setTheStatusMsg%0D%0A%0D%0Aon+mouseLeave%0D%0A++++glx2SetStatus+%0D%0Aend+mouseLeave%0D%0A" )</script>
</button>
