<group name="colors" id="1019">
<traversalOn>true</traversalOn>
<ink>srcCopy</ink>
<dontSearch>false</dontSearch>
<threeD>false</threeD>
<scrollbarWidth>20</scrollbarWidth>
<blendLevel>0</blendLevel>
<rect>-2,64,376,108</rect>
<showName>false</showName>
<colors>urldecode( "%0D%0A243%2C243%2C243%0D%0A%0D%0A172%2C172%2C172%0D%0A%0D%0A%0D%0A%0D%0A" )</colors>
<hScroll>0</hScroll>
<backgroundBehavior>false</backgroundBehavior>
<cantDelete>false</cantDelete>
<vScrollbar>false</vScrollbar>
<tabGroupBehavior>false</tabGroupBehavior>
<hScrollbar>false</hScrollbar>
<id>1019</id>
<altId>0</altId>
<radioBehavior>true</radioBehavior>
<lockLoc>true</lockLoc>
<name>group "colors"</name>
<layer>6</layer>
<visible>true</visible>
<cantSelect>false</cantSelect>
<borderWidth>1</borderWidth>
<margins>4</margins>
<opaque>true</opaque>
<showBorder>true</showBorder>
<disabled>false</disabled>
<vScroll>0</vScroll>
<hilitedButton>0</hilitedButton>
<custompropertyset name= "cGlx2TimeStamp">
</custompropertyset>
</group>
