<image name="tile chalkboard" id="106376">
<traversalOn>false</traversalOn>
<palindromeFrames>false</palindromeFrames>
<ink>srcCopy</ink>
<threeD>true</threeD>
<blendLevel>0</blendLevel>
<rect>409,378,437,406</rect>
<angle>0</angle>
<yHot>1</yHot>
<id>106376</id>
<altId>0</altId>
<frameCount>0</frameCount>
<constantMask>false</constantMask>
<lockLoc>true</lockLoc>
<repeatCount>0</repeatCount>
<size>133</size>
<name>image "tile chalkboard"</name>
<hotSpot>1,1</hotSpot>
<alwaysBuffer>true</alwaysBuffer>
<layer>19</layer>
<dontDither>false</dontDither>
<visible>false</visible>
<cantSelect>false</cantSelect>
<borderWidth>2</borderWidth>
<opaque>true</opaque>
<currentFrame>1</currentFrame>
<showBorder>false</showBorder>
<disabled>false</disabled>
<xHot>1</xHot>
<showFocusBorder>true</showFocusBorder>
<custompropertyset name= "cGlx2TimeStamp">
</custompropertyset>
<imagedata>urldecode( "%00%5B%5B%5B%00%5B%5B%5B%00%5B%5B%5B%00%5B%5B%5B%00%5B%5B%5B%00%5B%5B%5B%00%5B%5B%5B%00%5B%5B%5B%00%5B%5B%5B%00%5B%5B%5B%00%5B%5B%5B%00%5B%5B%5B%00%5B%5B%5B%00%5B%5B%5B%00%5B%5B%5B%00%5B%5B%5B%00%5B%5B%5B%00%5B%5B%5B%00%5B%5B%5B%00%5B%5B%5B%00%5B%5B%5B%00%5B%5B%5B%00%5B%5B%5B%00%5B%5B%5B%00%5B%5B%5B%00%5B%5B%5B%00%5B%5B%5B%00%5B%5B%5B%00%5B%5B%5B%00%5B%5B%5B%00%5B%5B%5B%00%5B%5B%5B%00%5B%5B%5B%00%5B%5B%5B%00%5B%5B%5B%00%5B%5B%5B%00%5B%5B%5B%00%5B%5B%5B%00%5B%5B%5B%00%5B%5B%5B%00%5B%5B%5B%00%5B%5B%5B%00%5B%5B%5B%00%5B%5B%5B%00%5B%5B%5B%00%5B%5B%5B%00%5B%5B%5B%00%5B%5B%5B%00%5B%5B%5B%00%5B%5B%5B%00%5B%5B%5B%00%5B%5B%5B%00%5B%5B%5B%00%5B%5B%5B%00%5B%5B%5B%00%5B%5B%5B%00%5B%5B%5B%00%5B%5B%5B%00%5B%5B%5B%00%5B%5B%5B%00%5B%5B%5B%00%5B%5B%5B%00%5B%5B%5B%00%5B%5B%5B%00%5B%5B%5B%00%5B%5B%5B%00%5B%5B%5B%00%5B%5B%5B%00%5B%5B%5B%00%5B%5B%5B%00%5B%5B%5B%00%5B%5B%5B%00%5B%5B%5B%00%5B%5B%5B%00%5B%5B%5B%00%5B%5B%5B%00%5B%5B%5B%00%5B%5B%5B%00%5B%5B%5B%00%5B%5B%5B%00%5B%5B%5B%00%5B%5B%5B%00%5B%5B%5B%00%5B%5B%5B%00%5B%5B%5B%00%5B%5B%5B%00%5B%5B%5B%00%5B%5B%5B%00%5B%5B%5B%00%5B%5B%5B%00%5B%5B%5B%00%5B%5B%5B%00%5B%5B%5B%00%5B%5B%5B%00%5B%5B%5B%00%5B%5B%5B%00%5B%5B%5B%00%5B%5B%5B%00%5B%5B%5B%00%5B%5B%5B%00%5B%5B%5B%00%5B%5B%5B%00%5B%5B%5B%00%5B%5B%5B%00%5B%5B%5B%00%5B%5B%5B%00%5B%5B%5B%00%5B%5B%5B%00%5B%5B%5B%00%5B%5B%5B%00%5B%5B%5B%00%5B%5B%5B%00ddd%00ddd%00ddd%00ddd%00ddd%00ddd%00ddd%00ddd%00ddd%00ddd%00ddd%00ddd%00ddd%00ddd%00ddd%00ddd%00ddd%00ddd%00ddd%00ddd%00ddd%00ddd%00ddd%00ddd%00ddd%00ddd%00ddd%00ddd%00ddd%00ddd%00ddd%00ddd%00ddd%00ddd%00ddd%00ddd%00ddd%00ddd%00ddd%00ddd%00ddd%00ddd%00ddd%00ddd%00ddd%00ddd%00ddd%00ddd%00ddd%00ddd%00ddd%00ddd%00ddd%00ddd%00ddd%00ddd%00ddd%00ddd%00ddd%00ddd%00ddd%00ddd%00ddd%00ddd%00ddd%00ddd%00ddd%00ddd%00ddd%00ddd%00ddd%00ddd%00ddd%00ddd%00ddd%00ddd%00ddd%00ddd%00ddd%00ddd%00ddd%00ddd%00ddd%00ddd%00ddd%00ddd%00ddd%00ddd%00ddd%00ddd%00ddd%00ddd%00ddd%00ddd%00ddd%00ddd%00ddd%00ddd%00ddd%00ddd%00ddd%00ddd%00ddd%00ddd%00ddd%00ddd%00ddd%00ddd%00ddd%00ddd%00ddd%00ddd%00ddd%00ddd%00ddd%00ddd%00ddd%00ddd%00ddd%00ddd%00ddd%00ddd%00ddd%00ddd%00ddd%00ddd%00ddd%00ddd%00ddd%00ddd%00ddd%00ddd%00ddd%00ddd%00ddd%00ddd%00ddd%00ddd%00ddd%00ddd%00ddd%00ddd%00ddd%00ddd%00ddd%00ddd%00ddd%00ddd%00ddd%00ddd%00ddd%00ddd%00ddd%00ddd%00ddd%00ddd%00ddd%00ddd%00ddd%00ddd%00ddd%00ddd%00ddd%00ddd%00ddd%00ddd%00ddd%00ddd%00ddd%00ddd%00ddd%00ddd%00ddd%00ddd%00ddd%00ddd%00ddd%00ddd%00ddd%00ddd%00ddd%00ddd%00ddd%00ddd%00ddd%00ddd%00ddd%00ddd%00ddd%00ddd%00ddd%00ddd%00ddd%00ddd%00ddd%00ddd%00ddd%00ddd%00ddd%00ddd%00ddd%00ddd%00ddd%00ddd%00ddd%00ddd%00ddd%00ddd%00ddd%00ddd%00ddd%00ddd%00ddd%00ddd%00ddd%00ddd%00ddd%00ddd%00ddd%00ddd%00ddd%00ddd%00ddd%00ddd%00ddd%00ddd%00ddd%00ddd%00ddd%00ddd%00ddd%00ddd%00ddd%00ddd%00ddd%00ddd%00ddd%00ddd%00ddd%00ddd%00ddd%00ddd%00ddd%00ddd%00ddd%00ddd%00ddd%00ddd%00ddd%00ddd%00ddd%00ddd%00ddd%00ddd%00ddd%00ddd%00ddd%00ddd%00ddd%00ddd%00ddd%00ddd%00ddd%00ddd%00ddd%00ddd%00ddd%00ddd%00ddd%00ddd%00ddd%00ddd%00ddd%00ddd%00ddd%00ddd%00ddd%00ddd%00ddd%00ddd%00ddd%00ddd%00ddd%00ddd%00ddd%00ddd%00ddd%00ddd%00ddd%00ddd%00ddd%00ddd%00ddd%00ddd%00ddd%00ddd%00ddd%00ddd%00ddd%00ddd%00ddd%00ddd%00ddd%00ddd%00ddd%00ddd%00ddd%00ddd%00ddd%00ddd%00ddd%00ddd%00ddd%00ddd%00ddd%00ddd%00ddd%00ddd%00ddd%00ddd%00ddd%00ddd%00ddd%00ddd%00ddd%00ddd%00ddd%00ddd%00ddd%00ddd%00ddd%00ddd%00ddd%00ddd%00ddd%00ddd%00ddd%00ddd%00ddd%00ddd%00ddd%00ddd%00ddd%00ddd%00ddd%00ddd%00ddd%00ddd%00ddd%00ddd%00ddd%00ddd%00ddd%00ddd%00ddd%00ddd%00ddd%00ddd%00ddd%00ddd%00ddd%00ddd%00ddd%00ddd%00ddd%00ddd%00ddd%00ddd%00ddd%00ddd%00ddd%00ddd%00ddd%00ddd%00ddd%00ddd%00ddd%00ddd%00ddd%00ddd%00ddd%00ddd%00ddd%00ddd%00ddd%00ddd%00ddd%00ddd%00ddd%00ddd%00ddd%00ddd%00%5B%5B%5B%00%5B%5B%5B%00%5B%5B%5B%00%5B%5B%5B%00%5B%5B%5B%00%5B%5B%5B%00%5B%5B%5B%00%5B%5B%5B%00%5B%5B%5B%00%5B%5B%5B%00%5B%5B%5B%00%5B%5B%5B%00%5B%5B%5B%00%5B%5B%5B%00%5B%5B%5B%00%5B%5B%5B%00%5B%5B%5B%00%5B%5B%5B%00%5B%5B%5B%00%5B%5B%5B%00%5B%5B%5B%00%5B%5B%5B%00%5B%5B%5B%00%5B%5B%5B%00%5B%5B%5B%00%5B%5B%5B%00%5B%5B%5B%00%5B%5B%5B%00%5B%5B%5B%00%5B%5B%5B%00%5B%5B%5B%00%5B%5B%5B%00%5B%5B%5B%00%5B%5B%5B%00%5B%5B%5B%00%5B%5B%5B%00%5B%5B%5B%00%5B%5B%5B%00%5B%5B%5B%00%5B%5B%5B%00%5B%5B%5B%00%5B%5B%5B%00%5B%5B%5B%00%5B%5B%5B%00%5B%5B%5B%00%5B%5B%5B%00%5B%5B%5B%00%5B%5B%5B%00%5B%5B%5B%00%5B%5B%5B%00%5B%5B%5B%00%5B%5B%5B%00%5B%5B%5B%00%5B%5B%5B%00%5B%5B%5B%00%5B%5B%5B%00%5B%5B%5B%00%5B%5B%5B%00%5B%5B%5B%00%5B%5B%5B%00%5B%5B%5B%00%5B%5B%5B%00%5B%5B%5B%00%5B%5B%5B%00%5B%5B%5B%00%5B%5B%5B%00%5B%5B%5B%00%5B%5B%5B%00%5B%5B%5B%00%5B%5B%5B%00%5B%5B%5B%00%5B%5B%5B%00%5B%5B%5B%00%5B%5B%5B%00%5B%5B%5B%00%5B%5B%5B%00%5B%5B%5B%00%5B%5B%5B%00%5B%5B%5B%00%5B%5B%5B%00%5B%5B%5B%00%5B%5B%5B%00%5B%5B%5B%00%5B%5B%5B%00%5B%5B%5B%00%5B%5B%5B%00%5B%5B%5B%00%5B%5B%5B%00%5B%5B%5B%00%5B%5B%5B%00%5B%5B%5B%00%5B%5B%5B%00%5B%5B%5B%00%5B%5B%5B%00%5B%5B%5B%00%5B%5B%5B%00%5B%5B%5B%00%5B%5B%5B%00%5B%5B%5B%00%5B%5B%5B%00%5B%5B%5B%00%5B%5B%5B%00%5B%5B%5B%00%5B%5B%5B%00%5B%5B%5B%00%5B%5B%5B%00%5B%5B%5B%00%5B%5B%5B%00%5B%5B%5B%00%5B%5B%5B%00%5B%5B%5B%00%5B%5B%5B%00%5B%5B%5B%00%5B%5B%5B%00%5B%5B%5B%00%5B%5B%5B%00%5B%5B%5B%00%5B%5B%5B%00%5B%5B%5B%00%5B%5B%5B%00%5B%5B%5B%00%5B%5B%5B%00%5B%5B%5B%00%5B%5B%5B%00%5B%5B%5B%00%5B%5B%5B%00%5B%5B%5B%00%5B%5B%5B%00%5B%5B%5B%00%5B%5B%5B%00%5B%5B%5B%00%5B%5B%5B%00%5B%5B%5B%00%5B%5B%5B%00%5B%5B%5B%00%5B%5B%5B%00%5B%5B%5B%00%5B%5B%5B%00%5B%5B%5B%00%5B%5B%5B%00%5B%5B%5B%00%5B%5B%5B%00%5B%5B%5B%00%5B%5B%5B%00%5B%5B%5B%00%5B%5B%5B%00%5B%5B%5B%00%5B%5B%5B%00%5B%5B%5B%00%5B%5B%5B%00%5B%5B%5B%00%5B%5B%5B%00%5B%5B%5B%00%5B%5B%5B%00%5B%5B%5B%00%5B%5B%5B%00%5B%5B%5B%00%5B%5B%5B%00%5B%5B%5B%00%5B%5B%5B%00%5B%5B%5B%00%5B%5B%5B%00%5B%5B%5B%00%5B%5B%5B%00%5B%5B%5B%00%5B%5B%5B%00%5B%5B%5B%00%5B%5B%5B%00%5B%5B%5B%00%5B%5B%5B%00%5B%5B%5B%00%5B%5B%5B%00%5B%5B%5B%00%5B%5B%5B%00%5B%5B%5B%00%5B%5B%5B%00%5B%5B%5B%00%5B%5B%5B%00%5B%5B%5B%00%5B%5B%5B%00%5B%5B%5B%00%5B%5B%5B%00%5B%5B%5B%00%5B%5B%5B%00%5B%5B%5B%00%5B%5B%5B%00%5B%5B%5B%00%5B%5B%5B%00%5B%5B%5B%00%5B%5B%5B%00%5B%5B%5B%00%5B%5B%5B%00%5B%5B%5B%00%5B%5B%5B%00%5B%5B%5B%00%5B%5B%5B%00%5B%5B%5B%00%5B%5B%5B%00%5B%5B%5B%00%5B%5B%5B%00%5B%5B%5B%00%5B%5B%5B%00%5B%5B%5B%00%5B%5B%5B%00%5B%5B%5B%00%5B%5B%5B%00%5B%5B%5B%00%5B%5B%5B%00%5B%5B%5B%00%5B%5B%5B%00%5B%5B%5B%00%5B%5B%5B%00%5B%5B%5B%00%5B%5B%5B%00%5B%5B%5B%00%5B%5B%5B%00%5B%5B%5B%00%5B%5B%5B%00%5B%5B%5B%00%5B%5B%5B%00%5B%5B%5B%00%5B%5B%5B%00%5B%5B%5B%00%5B%5B%5B%00%5B%5B%5B%00%5B%5B%5B%00%5B%5B%5B%00%5B%5B%5B%00%5B%5B%5B%00%5B%5B%5B%00%5B%5B%5B%00%5B%5B%5B%00%5B%5B%5B%00%5B%5B%5B%00%5B%5B%5B%00%5B%5B%5B%00%5B%5B%5B%00%5B%5B%5B%00%5B%5B%5B%00%5B%5B%5B%00%5B%5B%5B%00%5B%5B%5B%00%5B%5B%5B%00%5B%5B%5B%00%5B%5B%5B%00%5B%5B%5B%00%5B%5B%5B%00%5B%5B%5B%00%5B%5B%5B%00%5B%5B%5B%00%5B%5B%5B%00%5B%5B%5B%00%5B%5B%5B%00%5B%5B%5B%00%5B%5B%5B%00%5B%5B%5B%00%5B%5B%5B%00%5B%5B%5B%00%5B%5B%5B%00%5B%5B%5B%00%5B%5B%5B%00%5B%5B%5B%00%5B%5B%5B%00%5B%5B%5B%00%5B%5B%5B%00%5B%5B%5B%00%5B%5B%5B%00%5B%5B%5B%00%5B%5B%5B%00%5B%5B%5B%00%5B%5B%5B%00%5B%5B%5B%00%5B%5B%5B%00%5B%5B%5B%00%5B%5B%5B%00%5B%5B%5B%00%5B%5B%5B%00%5B%5B%5B%00%5B%5B%5B%00%5B%5B%5B" )</imagedata>
</image>
