<button name="handler menu" id="286223">
<traversalOn>true</traversalOn>
<ink>srcCopy</ink>
<threeD>true</threeD>
<hiliteBorder>true</hiliteBorder>
<blendLevel>0</blendLevel>
<rect>363,341,465,363</rect>
<mnemonic>0</mnemonic>
<armFill>false</armFill>
<visitedIcon>0</visitedIcon>
<showName>true</showName>
<showIcon>false</showIcon>
<hilited>false</hilited>
<sharedHilite>true</sharedHilite>
<shadow>false</shadow>
<textAlign>center</textAlign>
<armed>false</armed>
<menuMouseButton>1</menuMouseButton>
<id>286223</id>
<altId>0</altId>
<labelWidth>0</labelWidth>
<armedIcon>0</armedIcon>
<lockLoc>false</lockLoc>
<visited>false</visited>
<showHilite>false</showHilite>
<autoHilite>true</autoHilite>
<style>menu</style>
<disabledIcon>0</disabledIcon>
<armBorder>true</armBorder>
<name>button "handler menu"</name>
<icon>0</icon>
<layer>47</layer>
<visible>false</visible>
<cantSelect>false</cantSelect>
<borderWidth>2</borderWidth>
<menuLines>5</menuLines>
<margins>4</margins>
<opaque>true</opaque>
<text>urldecode( "activateTheTab%0D%0AaddCrumb%0D%0AadjustTheTabs%0D%0AclearCrumbs%0D%0AcolorizeLine%0D%0AcolorizeScript%28%29%0D%0AcommandkeyDown%0D%0AcommentCode%0D%0AcompleteFromDocs%0D%0AcompleteStatement%0D%0AcreateHandlerList%0D%0AcreateNewFolder%0D%0AcreateNewHandler%0D%0AcreateNotesInScripts%28%29%0D%0AdefaultColors%0D%0AdeleteCrumb%0D%0AdoArrowKey%0D%0AdoColorizeLine%0D%0AdoColorizeScript%0D%0AdoEditPane%0D%0AdoEnter%0D%0AdoFormatFaux%0D%0AdoHandlerMenu%0D%0AdoResizeStack%0D%0AdoSelectHandlerName%0D%0AformatAllOpenScripts%0D%0AformatCompletedStatement%0D%0AgetClipboard4Comments%28%29%0D%0AgetCommentColor%28%29%0D%0AgetDefaultScript%28%29%0D%0AgetHandler%28%29%0D%0AgetHandlerNames4Scriptor%28%29%0D%0AgetNextAvailableCdNo%28%29%0D%0AgetNextAvailableTabNo%28%29%0D%0Aglx2CloseAllTabs%0D%0Aglx2CloseAllTabsBut1%0D%0Aglx2CloseTab%0D%0Aglx2CollapseTabs%0D%0Aglx2GetAbbrNames%28%29%0D%0Aglx2GetActiveCdNo%28%29%0D%0Aglx2GetActiveTabNo%28%29%0D%0Aglx2GetImmediateParentStackName%28%29%0D%0Aglx2GetNoActiveTabs%28%29%0D%0Aglx2GetParentStackName%28%29%0D%0Aglx2GetPathHandlers%28%29%0D%0Aglx2GetScript%28%29%0D%0Aglx2GetStackName%28%29%0D%0Aglx2IsThisModifierSetActive%28%29%0D%0Aglx2IsThisModifierSetActive%28%29%0D%0Aglx2SelectHandlerInScript%0D%0Aglx2SetCleanFlag%0D%0Aglx2SetDirtyFlag%0D%0Aglx2SetScroll%0D%0Aglx2SetTitle%0D%0Aglx2SetUpHandlerLinkColors%0D%0AglxLog2File%0D%0AglxRevertScript%0D%0AhideFoldingScripts%0D%0AhideHandlerLinks%0D%0AinitScriptColors%0D%0AputIntoScript%0D%0ArevSetupHTMLColors%0D%0AsetAllCode%0D%0AsetAllFonts%0D%0AsetAllShowLines%0D%0AsetBackgroundColor%0D%0AsetCmdColor%0D%0AsetCommentColor%0D%0AsetContrColor%0D%0AsetFcnColor%0D%0AsetHandlers4Folder%0D%0AsetHiliteColor%0D%0AsetLinkColor%0D%0AsetLinkHiliteColor%0D%0AsetLinkVisitedColor%0D%0AsetMsgColor%0D%0AsetOpColor%0D%0AsetPropColor%0D%0AsetTabBackColor%0D%0AsetTabStops%0D%0AsetTabTextColors%0D%0AsetTextColor%0D%0AshowFoldingScripts%0D%0AshowHandlerLinks%0D%0AtagControlStructures%0D%0AtoggleMotif%0D%0AtrimComments%28%29%0D%0AtrimCrumbs%0D%0AunCommentCode%0D%0AunfoldScript" )</text>
<shadowOffset>4</shadowOffset>
<default>false</default>
<hiliteFill>true</hiliteFill>
<showBorder>true</showBorder>
<hiliteIcon>0</hiliteIcon>
<disabled>false</disabled>
<autoArm>false</autoArm>
<menuMode>popup</menuMode>
<family>0</family>
<hoverIcon>0</hoverIcon>
<showFocusBorder>true</showFocusBorder>
<menuHistory>1</menuHistory>
<custompropertyset name= "cGlx2TimeStamp">
</custompropertyset>
<script>urldecode( "--%3E+all+handlers%0D%0A%0D%0AON+menuPick+pChosen%0D%0A++++%0D%0A++++put+pChosen+into+theHandlerName%0D%0A++++send+%22doEditPane+theHandlerName%22+to+me+in+10+millisecs%0D%0A++++exit+menuPick%0D%0A++++%0D%0A++++put+the+cTargetObject+of+me+into+theTarget%0D%0A++++--put+theTarget%0D%0A++++put+the+cActivePane+of+this+cd+into+theActivePane%0D%0A++++IF+theActivePane+is+not+empty+AND+there+is+a+theActivePane+THEN%0D%0A++++++++put+word+5+to+-1+of+theActivePane+into+theActiveGrp%0D%0A++++++++put+the+long+id+of+fld+1+of+theActiveGrp+into+theActiveFld%0D%0A++++END+IF%0D%0A++++SWITCH+pChosen%0D%0A++++++++CASE+%22Folders%7CNew...%22%0D%0A++++++++++++send+%22createNewFolder+theTarget%22+to+me+in+10+millisecs%0D%0A++++++++++++break%0D%0A++++++++CASE+%22Folders%7CFold+All%22%0D%0A++++++++++++send+%22closeAllFolders%22+to+me+in+10+millisecs%0D%0A++++++++++++break%0D%0A++++++++CASE+%22Folders%7CUn-fold+All%22%0D%0A++++++++++++send+%22openAllFolders%22+to+me+in+10+millisecs%0D%0A++++++++++++break%0D%0A++++++++CASE+%22Handlers%7CNew...%22%0D%0A++++++++++++send+%22createNewHandler+theTarget%22+to+me+in+10+millisecs%0D%0A++++++++++++break%0D%0A++++++++CASE+%22Handlers%7CFold+All%22%0D%0A++++++++++++send+%22closeAllHandlers+theTarget%22+to+me+in+10+millisecs%0D%0A++++++++++++break%0D%0A++++++++CASE+%22Handlers%7CUn-fold+All%22%0D%0A++++++++++++send+%22openAllHandlers+theTarget%22+to+me+in+10+millisecs%0D%0A++++++++++++break%0D%0A++++++++CASE+%22Notes%7CNew...%22%0D%0A++++++++++++send+%22createNewNote+theTarget%22+to+me+in+10+millisecs%0D%0A++++++++++++break%0D%0A++++++++CASE+%22Notes%7CFold+All%22%0D%0A++++++++++++send+%22closeAllNotes+theTarget%22+to+me+in+10+millisecs%0D%0A++++++++++++break%0D%0A++++++++CASE+%22Notes%7CUn-fold+All%22%0D%0A++++++++++++send+%22openAllNotes+theTarget%22+to+me+in+10+millisecs%0D%0A++++++++++++break%0D%0A++++++++CASE+%22Structures%7CNew...%22%0D%0A++++++++++++send+%22createNewStructure+theActiveFld%22+to+theActiveFld+in+10+millisecs%0D%0A++++++++++++break%0D%0A++++++++CASE+%22Structures%7CFold+All%22%0D%0A++++++++++++send+%22doCollapseAll+theActiveFld%22+to+theActiveFld+in+10+millisecs%0D%0A++++++++++++break%0D%0A++++++++CASE+%22Structures%7CUn-fold+All%22%0D%0A++++++++++++send+%22doExpandAll+theActiveFld%22+to+theActiveFld+in+10+millisecs%0D%0A++++++++++++break%0D%0A++++++++DEFAULT%0D%0A++++++++++++set+the+itemdel+to+%22%7C%22+%0D%0A++++++++++++put+item+2+of+pChosen+into+theHandlerName%0D%0A++++++++++++set+the+itemdel+to+comma%0D%0A++++++++++++send+%22doEditPane+theHandlerName%22+to+me+in+10+millisecs%0D%0A++++END+SWITCH%0D%0AEND+menuPick%0D%0A" )</script>
</button>
