<button name="Use External Status Bar" id="1149">
<traversalOn>false</traversalOn>
<ink>srcCopy</ink>
<threeD>true</threeD>
<hiliteBorder>false</hiliteBorder>
<blendLevel>0</blendLevel>
<rect>167,49,308,70</rect>
<mnemonic>0</mnemonic>
<armFill>false</armFill>
<visitedIcon>0</visitedIcon>
<showName>true</showName>
<showIcon>false</showIcon>
<hilited>true</hilited>
<sharedHilite>true</sharedHilite>
<shadow>false</shadow>
<textAlign>left</textAlign>
<armed>false</armed>
<menuMouseButton>1</menuMouseButton>
<id>1149</id>
<altId>0</altId>
<labelWidth>0</labelWidth>
<armedIcon>0</armedIcon>
<lockLoc>false</lockLoc>
<visited>false</visited>
<showHilite>false</showHilite>
<label>Use GLX2 Status Bar</label>
<autoHilite>true</autoHilite>
<style>checkbox</style>
<disabledIcon>0</disabledIcon>
<armBorder>true</armBorder>
<name>button "Use External Status Bar"</name>
<icon>0</icon>
<layer>80</layer>
<visible>true</visible>
<cantSelect>false</cantSelect>
<borderWidth>2</borderWidth>
<menuLines>5</menuLines>
<margins>3,4,4,4</margins>
<opaque>false</opaque>
<shadowOffset>4</shadowOffset>
<default>false</default>
<hiliteFill>true</hiliteFill>
<showBorder>false</showBorder>
<hiliteIcon>0</hiliteIcon>
<disabled>false</disabled>
<autoArm>false</autoArm>
<family>0</family>
<hoverIcon>0</hoverIcon>
<showFocusBorder>true</showFocusBorder>
<menuHistory>1</menuHistory>
<custompropertyset name= "cGlx2TimeStamp">
<checksum>urldecode( "%D5O%87%3D7%FA%2C%3B%A7%F2%00g%5E%1E%837" )</checksum>
</custompropertyset>
<script>urldecode( "--%3E+all+handlers%0D%0A%0D%0Aon+mouseUp+pMouseBtnNo%0D%0A++++put+%22revGLX2+code%22+into+theParentStack++++++++%0D%0A++++set+the+cExternalStatusBar+of+stack+theParentStack+to+the+hilited+of+me+%0D%0A++++set+the+hilited+of+btn+%22use+external+status+bar%22+of+stack+%22revGLX2+code+docs%22+to+the+hilited+of+me%0D%0A++++set+the+hilited+of+btn+%22use+external+status+bar%22+of+cd+%22general%22+of+stack+%22revPreferencesGUI%22+to+the+hilited+of+me%0D%0A++++send+%22announceGLX2%22+to+stack+theParentStack%0D%0A++++send+%22glx2SavePrefs%22+to+stack+theParentStack%0D%0Aend+mouseUp%0D%0A" )</script>
</button>
