<image name="delete.png" id="1073">
<traversalOn>false</traversalOn>
<palindromeFrames>false</palindromeFrames>
<ink>srcCopy</ink>
<threeD>true</threeD>
<blendLevel>22</blendLevel>
<rect>288,318,304,334</rect>
<angle>0</angle>
<yHot>1</yHot>
<id>1073</id>
<altId>0</altId>
<frameCount>0</frameCount>
<constantMask>false</constantMask>
<lockLoc>false</lockLoc>
<repeatCount>0</repeatCount>
<size>829</size>
<name>image "delete.png"</name>
<hotSpot>1,1</hotSpot>
<toolTip>Remove current selection from clairvoyance exclusion list</toolTip>
<alwaysBuffer>true</alwaysBuffer>
<layer>32</layer>
<dontDither>false</dontDither>
<visible>false</visible>
<cantSelect>false</cantSelect>
<borderWidth>2</borderWidth>
<opaque>false</opaque>
<currentFrame>1</currentFrame>
<showBorder>false</showBorder>
<disabled>false</disabled>
<xHot>1</xHot>
<showFocusBorder>true</showFocusBorder>
<custompropertyset name= "cGlx2TimeStamp">
</custompropertyset>
<imagedata>urldecode( "%00%ED%22%00%00%ED%22%00%00%ED%22%00%00%ED%22%00%00%ED%22%00%00%ED%22%00%00%ED%22%00%00%ED%22%00%00%ED%22%00%00%ED%22%00%00%ED%22%00%00%ED%22%00%00%ED%22%00%00%ED%22%00%00%ED%22%00%00%ED%22%00%00%ED%22%00%00%ED%22%00%00%ED%22%00%00%ED%22%00%00%ED%22%00%00%E8%1D%00%00%E7%28%01%00%EA8%14%00%E65%12%00%DC%21%00%00%D5%1A%00%00%D6%12%00%00%ED%22%00%00%ED%22%00%00%ED%22%00%00%ED%22%00%00%ED%22%00%00%ED%22%00%00%ED%22%00%00%FF%27%00%00%F1%3B%14%00%FA%88f%00%FF%A9%88%00%FF%8Fj%00%FFzO%00%FFm%3E%00%F6L+%00%D9%22%05%00%E2%18%00%00%ED%22%00%00%ED%22%00%00%ED%22%00%00%ED%22%00%00%ED%22%00%00%FF%26%00%00%F3P%2B%00%FF%B3%96%00%FF%95o%00%FAf9%00%FFj9%00%FF%60%2F%00%FES%21%00%FF%3C%08%00%FF%40%0C%00%DB+%01%00%DF%13%00%00%ED%22%00%00%ED%22%00%00%ED%22%00%00%FF%1D%00%00%EE%3E%16%00%FF%B6%97%00%F9uL%00%D8l%5B%00%E1kT%00%FFe3%00%FF_-%00%FCE%17%00%FA%D1%C7%00%FFsL%00%FF5%01%00%C6%15%00%00%CF%00%00%00%ED%22%00%00%ED%22%00%00%E2%1E%00%00%FA%8Ah%00%FF%96p%00%F7X%29%00%DE%BE%BA%00%E7%F3%F5%00%F7C%15%00%FDA%0E%00%FB%EC%E7%00%FF%FF%FF%00%FEX%29%00%FF5%00%00%DA%21%00%00%B1%0C%00%00%ED%22%00%00%ED%22%00%00%E3%2B%08%00%FF%A2%83%00%FFl%3D%00%FFl%3C%00%E9mR%00%E9%FB%FF%00%F3%BF%B2%00%F9%DA%D4%00%FF%FF%FF%00%FF%8Fm%00%FF3%00%00%FF2%00%00%E2%23%00%00%B0%0D%0A%00%00%ED%22%00%00%ED%22%00%00%E59%17%00%FF%89d%00%FF_.%00%FFd3%00%FC9%06%00%ED%DC%DA%00%F3%F9%FB%00%FB%FF%FF%00%FE%C0%AD%00%FF3%00%00%FF6%02%00%FA0%00%00%DA+%00%00%AF%0B%00%00%ED%22%00%00%ED%22%00%00%E16%16%00%FFvK%00%FFU%22%00%FEA%0D%00%F0z%5C%00%EB%ED%EF%00%F3%F6%F6%00%FB%FF%FF%00%FE%DA%CD%00%FFJ%17%00%FC*%00%00%F3%2C%00%00%CB%19%00%00%AC%09%00%00%ED%22%00%00%ED%22%00%00%D7%24%07%00%FFj%3D%00%FE%3C%08%00%E2%A3%97%00%E1%F1%F4%00%EA%F3%F6%00%F3%E8%E4%00%F8%FF%FF%00%FF%FF%FF%00%FF%F7%F3%00%FDmD%00%E7%22%00%00%BE%12%00%00%A2%05%00%00%ED%22%00%00%ED%22%00%00%C9%15%00%00%F8N%25%00%FF4%00%00%DC%CD%CA%00%DE%EF%F5%00%EF%C0%B1%00%FF%3D%06%00%FA%C4%B1%00%FB%FF%FF%00%FF%FF%FF%00%FD%87a%00%CA%12%00%00%B2%0C%00%00%99%00%00%00%ED%22%00%00%ED%22%00%00%CC%0D%0A%00%00%D2%22%07%00%FF5%00%00%E8%A9%97%00%F4%88h%00%FF4%00%00%FF-%00%00%FA3%00%00%FD%B1%95%00%FBpE%00%D4%19%00%00%B6%0D%00%00%A0%03%00%00%A7%00%00%00%ED%22%00%00%ED%22%00%00%ED%22%00%00%DB%10%00%00%D5%1C%00%00%FF%2F%00%00%FB*%00%00%F8-%00%00%F2%2B%00%00%EE%29%00%00%E5%1F%00%00%CA%12%00%00%B5%0D%00%00%A3%05%00%00%AF%00%00%00%ED%22%00%00%ED%22%00%00%ED%22%00%00%ED%22%00%00%ED%22%00%00%CF%0D%00%00%BF%12%00%00%D8+%00%00%E0%23%00%00%D9+%00%00%CC%19%00%00%BD%11%00%00%B0%0B%00%00%A0%03%00%00%B0%00%00%00%ED%22%00%00%ED%22%00%00%ED%22%00%00%ED%22%00%00%ED%22%00%00%ED%22%00%00%ED%22%00%00%BB%00%00%00%A7%08%00%00%A7%05%00%00%A8%08%00%00%A5%06%00%00%9C%02%00%00%97%00%00%00%96%00%00%00%ED%22%00%00%ED%22%00%00%ED%22%00%00%ED%22%00%00%ED%22%00%00%ED%22%00%00%ED%22%00%00%ED%22%00%00%ED%22%00%00%ED%22%00%00%ED%22%00%00%ED%22%00%00%ED%22%00%00%ED%22%00%00%ED%22%00%00%ED%22%00%00%ED%22%00%00%ED%22%00%00%ED%22%00%00%ED%22%00" )</imagedata>
</image>
