<button name="cancel space" id="739226">
<traversalOn>false</traversalOn>
<ink>srcCopy</ink>
<threeD>true</threeD>
<hiliteBorder>true</hiliteBorder>
<blendLevel>0</blendLevel>
<rect>37,559,88,577</rect>
<mnemonic>0</mnemonic>
<armFill>false</armFill>
<visitedIcon>0</visitedIcon>
<showName>true</showName>
<showIcon>false</showIcon>
<colors>urldecode( "0%2C0%2C0%0D%0A%0D%0A%0D%0A%0D%0A%0D%0A%0D%0A%0D%0A" )</colors>
<hilited>false</hilited>
<sharedHilite>true</sharedHilite>
<shadow>false</shadow>
<textAlign>center</textAlign>
<armed>false</armed>
<menuMouseButton>1</menuMouseButton>
<id>739226</id>
<altId>0</altId>
<labelWidth>0</labelWidth>
<armedIcon>0</armedIcon>
<textStyle>plain</textStyle>
<lockLoc>false</lockLoc>
<visited>false</visited>
<showHilite>false</showHilite>
<label>Cancel</label>
<autoHilite>true</autoHilite>
<style>standard</style>
<disabledIcon>0</disabledIcon>
<armBorder>true</armBorder>
<name>button "cancel space"</name>
<icon>0</icon>
<layer>179</layer>
<visible>true</visible>
<cantSelect>false</cantSelect>
<borderWidth>2</borderWidth>
<menuLines>5</menuLines>
<margins>4,5,4,4</margins>
<opaque>true</opaque>
<shadowOffset>4</shadowOffset>
<default>false</default>
<hiliteFill>true</hiliteFill>
<showBorder>true</showBorder>
<textSize>11</textSize>
<hiliteIcon>0</hiliteIcon>
<disabled>false</disabled>
<autoArm>false</autoArm>
<family>0</family>
<textFont>arial</textFont>
<hoverIcon>0</hoverIcon>
<showFocusBorder>true</showFocusBorder>
<menuHistory>1</menuHistory>
<custompropertyset name= "cGlx2TimeStamp">
<checksum>urldecode( "%3F%F4%FF%81%80%3A%DEP%29%BD%2C%A0D%A5%B1%DC" )</checksum>
</custompropertyset>
<script>urldecode( "--%3E+all+handlers%0D%0A%0D%0Aon+mouseUp+pMouseBtnNo%0D%0A++++lock+screen%0D%0A++++set+the+margins+of+grp+%22work+spaces+homey%22+to+4%0D%0A++++hide+grc+%22spaces+mask%22%0D%0A++++hide+grp+%22spaces+dlog%22%0D%0A++++unlock+screen%0D%0Aend+mouseUp%0D%0A%0D%0Aon+mouseEnter%0D%0A++++glx2SetStatus+%22Click+here+to+cancel+this+operation%22%0D%0Aend+mouseEnter%0D%0A%0D%0Aon+mouseLeave%0D%0A++++glx2SetStatus+%0D%0Aend+mouseLeave%0D%0A" )</script>
</button>
