<image name="object tree.png" id="741659">
<traversalOn>false</traversalOn>
<palindromeFrames>false</palindromeFrames>
<ink>srcCopy</ink>
<threeD>true</threeD>
<blendLevel>0</blendLevel>
<rect>19,456,187,477</rect>
<angle>0</angle>
<yHot>1</yHot>
<id>741659</id>
<altId>0</altId>
<frameCount>0</frameCount>
<constantMask>false</constantMask>
<lockLoc>false</lockLoc>
<repeatCount>0</repeatCount>
<size>8721</size>
<name>image "object tree.png"</name>
<hotSpot>1,1</hotSpot>
<alwaysBuffer>true</alwaysBuffer>
<layer>180</layer>
<dontDither>false</dontDither>
<visible>false</visible>
<cantSelect>false</cantSelect>
<borderWidth>1</borderWidth>
<opaque>true</opaque>
<currentFrame>1</currentFrame>
<showBorder>true</showBorder>
<disabled>false</disabled>
<xHot>1</xHot>
<showFocusBorder>true</showFocusBorder>
<custompropertyset name= "cGlx2TimeStamp">
<checksum>urldecode( "%F0e%E1Q%EC%89%0B%AAk%1A7%2F%16xTA" )</checksum>
</custompropertyset>
<imagedata>urldecode( "%FFjml%FFlon%FFjli%FFkmj%FFmol%FFkmj%FFkml%FFlon%FFknp%FFimo%FFimp%FFkor%FFloq%FFjmo%FFklm%FFmon%FFnpo%FFmol%FFfih%FFnqp%FFloo%FFill%FFknm%FFilk%FFknm%FFjml%FFjjn%FFiim%FFigm%FFljp%FFmjo%FFhgi%FFhgi%FFiii%FFiii%FFmmm%FFkkk%FFiii%FFhhh%FFhhh%FFiii%FFggg%FFlll%FFjjj%FFhhh%FFkkk%FFiii%FFjjj%FFkkk%FFjjj%FFiii%FFiii%FFiii%FFiii%FFiii%FFjjj%FFjjj%FFiii%FFhhh%FFhhh%FFjjj%FFjjj%FFfff%FFjjj%FFeee%FFmmm%FFggg%FFfff%FFooo%FFhhh%FFjjj%FFhhh%FFiii%FFiii%FFiii%FFiii%FFiii%FFiii%FFiii%FFihj%FFjgl%FFjgm%FFjgo%FFhhm%FFiii%FFhje%FFhkd%FFhkd%FFkjk%FFjik%FFkhl%FFlij%FFifc%FFlje%FFkkc%FFije%FFill%FFfhl%FFkhn%FFlgn%FFokm%FFjgd%FFifc%FFqmj%FFjdd%FFqjm%FFjfh%FFrqr%FFikh%FFkmj%FFkjk%FFihi%FFkjk%FFkkk%FFkkk%FFlll%FFmmm%FFnnn%FFooo%FFooo%FFooo%FFnnn%FFqqq%FFnnn%FFmmm%FFqqq%FFooo%FFppp%FFppp%FFppp%FFppp%FFppp%FFppp%FFppp%FFppp%FFppp%FFooo%FFooo%FFppp%FFppp%FFppp%FFppp%FFooo%FFooo%FFppp%FFuuu%FFrrr%FFmmm%FFnnn%FFppp%FFooo%FFqqq%FFnnn%FFuuu%FFnnn%FFooo%FFppp%FFmmm%FFqqq%FFoop%FFons%FFnmo%FFnoi%FFnoi%FFmmm%FFllp%FFlms%FFmmn%FFfik%FFknn%FFmno%FFnpo%FFnpo%FFmmm%FFlll%FFmon%FFopr%FFloo%FFjmm%FFknn%FFmno%FFlnm%FFnnl%FFppn%FFnoj%FFpql%FFlnk%FFjlk%FFqrs%FFmpq%FFknn%FFmpq%FFgjj%FFlmn%FFnop%FFmmn%FFkjl%FFihj%FFlij%FFmlm%FFhhh%FFlll%FFiii%FFggg%FFeee%FFddd%FFqqq%FFhhh%FFlll%FFhhh%FFfff%FFggg%FFkkk%FFiii%FFggg%FFnnn%FFiii%FFjjj%FFjjj%FFjjj%FFkkk%FFkkk%FFjjj%FFjjj%FFlll%FFjjj%FFooo%FFfff%FFiii%FFfff%FFqqq%FFeee%FFooo%FFbbb%FFnnn%FFkkk%FFjjj%FFjjj%FFfff%FFkkk%FFiii%FFiii%FFjjj%FFiii%FFiii%FFiii%FFiii%FFjij%FFlij%FFjgk%FFigm%FFhhm%FFhij%FFhjg%FFhkd%FFhkd%FFfef%FFihj%FFjgk%FFqno%FFmjg%FFmkf%FFjje%FFjkf%FFjml%FFjkl%FFmjn%FFjfh%FFpll%FFpmj%FFmmi%FFjgd%FFqmo%FFmik%FFmjk%FFfff%FFbeb%FFkok%FFkki%FFkki%FFlll%FFmmm%FFmmm%FFnnn%FFooo%FFooo%FFppp%FFppp%FFooo%FFppp%FFsss%FFooo%FFooo%FFooo%FFjjj%FFqqq%FFppp%FFppp%FFppp%FFppp%FFppp%FFppp%FFppp%FFppp%FFooo%FFooo%FFooo%FFooo%FFooo%FFooo%FFooo%FFooo%FFooo%FFkkk%FFmmm%FFrrr%FFsss%FFppp%FFooo%FFnnn%FFsss%FFjjj%FFsss%FFqqq%FFooo%FFsss%FFlll%FFppr%FFons%FFonq%FFopj%FFopj%FFooo%FFnnr%FFnns%FFppr%FFnow%FFopv%FFmmr%FFkko%FFnnr%FFonq%FFmlm%FFmlm%FFlkl%FFkki%FFmmk%FFppl%FFsqm%FFqoi%FFqnf%FFqnf%FFomf%FFmkf%FFvuq%FFoom%FFkkk%FFhij%FFops%FFlmp%FFqrv%FFijm%FFjkl%FFmon%FFklg%FFlmg%FFooh%FFhh%60%FFjjh%FFkkk%FFhhh%FFjjj%FFsss%FFiii%FFjjj%FFkkk%FFhhh%FFkkk%FFnnn%FFooo%FFlll%FFjjj%FFlll%FFhhh%FFiii%FFiii%FFjjj%FFjjj%FFjjj%FFjjj%FFjjj%FFkkk%FFhhh%FFkkk%FFggg%FFmmm%FFiii%FFfff%FFiii%FFlll%FFiii%FFjjj%FFiii%FFlll%FFbbb%FFkkk%FFlll%FFjjj%FFiii%FFjjj%FFjjj%FFjjj%FFiii%FFiii%FFjjj%FFjkf%FFkk%60%FFika%FFiij%FFhim%FFhim%FFhji%FFhje%FFhkd%FFihi%FFmln%FFfch%FFjgk%FFkhe%FFmkf%FFmkf%FFhhc%FFilf%FFdf%5E%FFkid%FFrnj%FFfd_%FFggb%FFopk%FFije%FFono%FFkjl%FFnnn%FFmpo%FFkpl%FFjpi%FFfhc%FFnoj%FFnnl%FFooo%FFooo%FFppp%FFppp%FFqqq%FFppp%FFppp%FFrrr%FFnnn%FFkkk%FFsss%FFnnn%FFlll%FFwww%FFooo%FFppp%FFppp%FFppp%FFppp%FFppp%FFppp%FFppp%FFppp%FFppp%FFppp%FFppp%FFooo%FFooo%FFppp%FFppp%FFppp%FFsss%FFppp%FFqqq%FFrrr%FFmmm%FFnnn%FFrrr%FFppp%FFkkk%FFvvv%FFlll%FFmmm%FFlll%FFvvv%FFmmm%FFqqq%FFpor%FFpop%FFpql%FFpqk%FFoqn%FFoqp%FFopr%FFprq%FFhio%FFmnt%FFoou%FFlko%FFlim%FFnkl%FFokk%FFvqo%FFoif%FFoif%FFqlf%FFuoh%FFvog%FFtnd%FFsk%60%FFskb%FFvog%FFxrk%FFsni%FFoli%FFurq%FFono%FFppr%FFlmn%FFijm%FFhij%FFkml%FFlni%FFhic%FFjkc%FFnne%FFlld%FFiig%FFiii%FFmmm%FFfff%FFggg%FFiii%FFfff%FFkkk%FFiii%FFkkk%FFfff%FFfff%FFhhh%FFjjj%FFmmm%FFhhh%FFkkk%FFjjj%FFjjj%FFiii%FFhhh%FFiii%FFjjj%FFkkk%FFkkk%FFlll%FFiii%FFhhh%FFkkk%FFnnn%FFlll%FFhhh%FFjjj%FFiii%FFnnn%FFhhh%FFqqq%FFiii%FFeee%FFkkk%FFjjj%FFjjj%FFjjj%FFjjj%FFjjj%FFjjj%FFjjj%FFjkf%FFik_%FFhka%FFhij%FFhio%FFhim%FFhij%FFhje%FFijd%FFmmi%FFllj%FFgdd%FFlih%FFomh%FFge%60%FFlif%FFpmj%FFmmf%FFonc%FFrmd%FFgaX%FFurh%FFkia%FFnne%FFlmf%FFgda%FFtqn%FFhhf%FFhjg%FFkpl%FFnso%FFnpm%FFmmk%FFooo%FFppp%FFppp%FFqqq%FFrrr%FFrrr%FFqqq%FFqqq%FFttt%FFrrr%FFsss%FFooo%FFrrr%FFttt%FFlll%FFrrr%FFqqq%FFqqq%FFqqq%FFqqq%FFqqq%FFqqq%FFqqq%FFqqq%FFqqq%FFqqq%FFqqq%FFqqq%FFqqq%FFqqq%FFqqq%FFqqq%FFnnn%FFppp%FFrrr%FFrrr%FFppp%FFppp%FFrrr%FFqqq%FFvvv%FFjjj%FFsss%FFvvv%FFrrr%FFooo%FFppp%FFppp%FFqpq%FFqpq%FFqqo%FFpql%FFoqn%FFoqn%FFoqp%FFoqp%FFnmn%FFmlm%FFqnm%FFoli%FFuom%FFvok%FFphb%FFsib%FFzog%FFynf%FFzoe%FF%7Cpf%FF%7Dpd%FF%7Cnc%FF%7Cnb%FF%7Eqe%FFzog%FFyng%FFtkf%FF%7Bsm%FFxrm%FFomh%FFvuq%FFnoj%FFlnk%FFoql%FFkmh%FFfib%FFklf%FFlmg%FFiid%FFiie%FFkki%FFeee%FFhhh%FFooo%FFjjj%FFooo%FFnnn%FFjjj%FFjjj%FFqqq%FFlll%FFjjj%FFnnn%FFiii%FFfff%FFmmm%FFkkk%FFkkk%FFjjj%FFjjj%FFjjj%FFjjj%FFkkk%FFkkk%FFkkk%FFjjj%FFkkk%FFlll%FFaaa%FFkkk%FFggg%FFmmm%FFkkk%FFhhh%FFggg%FFjjj%FFiii%FFggg%FFooo%FFjjj%FFjjj%FFjjj%FFkkk%FFjjj%FFjjj%FFjjj%FFjjj%FFikh%FFhlf%FFhlh%FFgjn%FFfiq%FFhim%FFhji%FFijd%FFika%FFkkc%FFhf_%FFmjb%FF%7Cxp%FF%7Ezr%FFjgc%FFsnn%FF%81%7B%7B%FF%85%7E%7C%FFsic%FFzld%FF%8F%82z%FF%89%80v%FFvpb%FFto%60%FF%8A%86z%FF%88%82w%FFvog%FFqnf%FFlje%FFppn%FFggh%FFnmq%FFpos%FFonq%FFppp%FFqqq%FFrrr%FFrrr%FFrrr%FFrrr%FFrrr%FFmmm%FFrrr%FFsss%FFrrr%FFrrr%FFqqq%FFqqq%FFqqq%FFrrr%FFrrr%FFrrr%FFrrr%FFrrr%FFrrr%FFrrr%FFrrr%FFqqq%FFrrr%FFrrr%FFrrr%FFrrr%FFrrr%FFrrr%FFqqq%FFttt%FFuuu%FFqqq%FFrrr%FFuuu%FFrrr%FFooo%FFttt%FFqqq%FFrrr%FFnnn%FFsss%FFooo%FFooo%FFuuu%FFuuu%FFrqs%FFrqs%FFrrs%FFprq%FFprq%FFprq%FFprq%FFprq%FFtup%FFnoi%FFpni%FFqmh%FFztm%FF%81%7Br%FF%82yp%FF%8B%81x%FF%8B%7Ft%FF%8E%81t%FF%93%86y%FF%98%89%7D%FF%99%8A%7E%FF%96%87%7B%FF%97%86%7B%FF%97%88%7C%FF%95%86%7F%FF%96%88%82%FF%96%89%81%FF%92%87%80%FF%88%81y%FFrmd%FFrpj%FFlld%FFmnh%FFhkd%FFloh%FFmoj%FFije%FFllj%FFono%FFihi%FFhhh%FFppp%FFiii%FFkkk%FFkkk%FFddd%FFggg%FFjjj%FFkkk%FFddd%FFiii%FFhhh%FFeee%FFmmm%FFmmm%FFddd%FFiii%FFiii%FFjjj%FFkkk%FFkkk%FFkkk%FFjjj%FFiii%FFddd%FFlll%FFlll%FFiii%FFooo%FFooo%FFfff%FFlll%FFmmm%FFmmm%FFjjj%FFiii%FFmmm%FFjjj%FFggg%FFjjj%FFjjj%FFjjj%FFjjj%FFjjj%FFjjj%FFjjj%FFjjj%FFikj%FFill%FFill%FFiln%FFijk%FFjjh%FFjkf%FFkkc%FFkkb%FFpnf%FFmkc%FFpmc%FF%7Bvl%FF%7Cyo%FF%85%81y%FF%88%82%81%FF%8B%83%82%FF%90%86%83%FF%8F%82%7C%FF%95%86%7F%FF%8F%80v%FF%8D%81v%FF%92%88z%FF%89%80r%FF%8D%84v%FF%8F%85w%FF%8D%82w%FF%A2%9B%93%FFif%60%FFsrp%FFqqs%FFrqv%FFrqv%FFqps%FFqqq%FFrrr%FFsss%FFsss%FFsss%FFsss%FFsss%FFvvv%FFttt%FFppp%FFqqq%FFsss%FFttt%FFvvv%FFsss%FFsss%FFsss%FFsss%FFsss%FFsss%FFsss%FFsss%FFsss%FFrrr%FFrrr%FFsss%FFsss%FFsss%FFsss%FFrrr%FFrrr%FFnnn%FFuuu%FFuuu%FFppp%FFqqq%FFsss%FFrrr%FFsss%FFppp%FFvvv%FFttt%FFsss%FFsss%FFuuu%FFqqq%FFsss%FFsrs%FFssu%FFrsu%FFrsu%FFrsu%FFrsu%FFrss%FFsss%FFhlf%FFhlf%FFtuo%FFrrk%FFsqi%FF%82%7Cs%FF%98%90%87%FF%B8%AF%A5%FF%D2%C7%BC%FF%D6%CA%BF%FF%DD%CE%C4%FF%E1%D2%C8%FF%E1%D1%C8%FF%DE%CF%C6%FF%DE%CD%C5%FF%E0%CF%C6%FF%E6%D5%CC%FF%E0%CF%C6%FF%D1%C3%B8%FF%A4%98%8B%FF%9B%91%84%FFwod%FFmh%5E%FFxum%FFmng%FFjkf%FFlni%FFoqn%FFkml%FFfgj%FFefj%FFhhm%FFllm%FFccc%FFmmm%FFhhh%FFooo%FFjjj%FFiii%FFjjj%FFooo%FFbbb%FFmmm%FFmmm%FFhhh%FFkkk%FFhhh%FFlll%FFlll%FFkkk%FFiii%FFjjj%FFkkk%FFkkk%FFjjj%FFhhh%FFnnn%FFjjj%FFiii%FFkkk%FFjjj%FFeee%FFqqq%FFeee%FFmmm%FFfff%FFmmm%FFhhh%FFkkk%FFhhh%FFmmm%FFiii%FFjjj%FFjjj%FFjjj%FFjjj%FFjjj%FFjjj%FFjjj%FFjjk%FFjkn%FFjkl%FFklf%FFjk%60%FFkk%5D%FFkk%5D%FFlk%60%FFljc%FFifc%FFmjf%FFqld%FF%83%7Es%FF%88%83x%FF%BD%B8%AF%FF%C5%BF%BA%FF%C6%C1%BD%FF%CF%C8%C1%FF%D4%CB%C4%FF%D5%C9%C0%FF%9D%90%84%FF%DE%D3%CA%FF%DB%D1%C7%FF%D7%CD%C3%FF%DB%D1%C7%FF%DD%D1%C6%FF%9F%92%87%FF%AD%A3%9A%FF%7Cvo%FFmmi%FFnpo%FFuuu%FFkkk%FFsss%FFsss%FFttt%FFttt%FFttt%FFttt%FFttt%FFttt%FFvvv%FFppp%FFrrr%FFttt%FFvvv%FFttt%FFooo%FFvvv%FFttt%FFttt%FFttt%FFttt%FFttt%FFttt%FFttt%FFttt%FFttt%FFttt%FFsss%FFsss%FFsss%FFsss%FFttt%FFttt%FFyyy%FFqqq%FFrrr%FFuuu%FFrrr%FFttt%FFvvv%FFooo%FFsss%FFsss%FFrrr%FFooo%FFyyy%FFttt%FFprq%FFtvu%FFssq%FFssq%FFrsu%FFrsu%FFrsv%FFrsv%FFttv%FFutr%FFosm%FFimf%FFpqk%FFooh%FFurh%FF%85%7Fu%FF%9D%92%88%FF%BE%B2%A6%FF%9A%8B%7D%FF%9D%8A%7C%FF%9F%8A%7B%FF%9F%8Az%FF%9D%86y%FF%99%83v%FF%9D%88%7B%FF%A1%8C%80%FF%AA%94%87%FF%A8%92%83%FF%E2%D0%C2%FF%C4%B5%A5%FF%99%8D%7E%FFqh%5B%FF%7Bsk%FFkid%FFllh%FF%C4%C4%C2%FF%F4%F5%F3%FF%F4%F5%F4%FF%D5%D6%D7%FF%8C%8D%90%FFijp%FF%94%94%9A%FF%F7%F7%F8%FFwww%FFjjj%FFhhh%FFooo%FFkkk%FFjjj%FFmmm%FFggg%FFmmm%FFppp%FFeee%FFiii%FFkkk%FF%97%97%97%FF%F7%F7%F7%FFsss%FFppp%FFkkk%FFiii%FFjjj%FFkkk%FFkkk%FFjjj%FFggg%FFkkk%FF%8D%8D%8D%FF%EE%EF%EE%FF%89%89%89%FFooo%FFhhh%FFlll%FF%93%93%93%FF%FD%FD%FD%FFttt%FFhhh%FFjjj%FFkkk%FFlll%FFhhh%FFiii%FFjjj%FFjjj%FFjjj%FFjjj%FFiii%FFjjj%FFjjk%FFiim%FFjjj%FFlk%60%FFmlW%FFmkL%FFmkJ%FFlkP%FFmjZ%FFkh%60%FFnkg%FFqlf%FF%8B%86%7E%FF%82%7Do%FF%C1%BA%AF%FF%C9%C2%BB%FF%DA%D3%CE%FF%DE%D7%D1%FF%DD%D4%CC%FF%DA%CF%C4%FF%90%80s%FF%AD%9E%93%FF%B8%A9%A0%FF%BC%AE%A5%FF%C0%AF%A6%FF%BF%AC%A2%FF%A3%90%85%FF%98%8A%80%FFpf%5E%FFsqm%FFtsr%FF%A4%A5%A2%FF%FF%FF%FE%FFvvv%FFuuu%FFuuu%FFuuu%FFuuu%FFuuu%FFuuu%FFuuu%FFsss%FFttt%FF%7B%7B%7B%FF%B7%B7%B7%FF%8D%8D%8D%FFrrr%FF%BB%BB%BB%FF%87%87%87%FFuuu%FFuuu%FFuuu%FFuuu%FFuuu%FFuuu%FFuuu%FFuuu%FFvvv%FFuuu%FFttt%FFsss%FFsss%FFttt%FFuuu%FFvvv%FF%BA%BA%BA%FF%84%84%84%FFnnn%FF%7B%7B%7B%FFuuu%FFppp%FFvvv%FFvvv%FF%A7%A7%A7%FF%FE%FE%FE%FFttt%FFwww%FFuuu%FFrrr%FFsut%FFsut%FFtsr%FFssq%FFrss%FFrsu%FFqrv%FFrqv%FFsso%FFssq%FFnnl%FFklg%FFomh%FFrni%FFvog%FFk%60U%FF%A5%98%8B%FF%8Bxe%FFu%5CH%FFrV%3E%FF%BF%A6%90%FF%DC%C4%AF%FF%A7%8Bu%FF%85hO%FF%D6%BE%AC%FF%81dO%FF%D4%BC%A9%FF%93xb%FF%B7%A1%8D%FF%E5%D4%C3%FF%8E%7Fm%FFxja%FFohf%FFmik%FF%8F%8D%93%FF%F5%F5%F8%FF%A5%A6%A7%FF%86%87%86%FF%E1%E2%E2%FF%CD%CE%CE%FFffj%FFxx%7C%FF%9B%9B%9D%FFnnn%FFjjj%FFjjj%FFfff%FFkkk%FFhhh%FFjjj%FFlll%FFhhh%FFhhh%FFnnn%FFggg%FFggg%FF%97%97%97%FF%F7%F7%F7%FFyyy%FFeee%FFkkk%FFiii%FFlll%FFkkk%FFggg%FFqqq%FFiii%FFfff%FF%8F%8F%8F%FF%F7%F8%F7%FF%88%88%88%FFiii%FFmmm%FFlll%FF%7B%7B%7B%FF%A0%A0%A0%FFmmm%FFkkk%FFkkk%FFhhh%FFkkk%FFggg%FFmmm%FFhhh%FFjjj%FFkkk%FFjjj%FFggg%FFkkk%FFggg%FFnko%FFheb%FFlgY%FFnjK%FFsp%3D%FF%90%8EW%FF%C8%C6%97%FF%9E%9Bt%FFmiW%FFpkc%FFje_%FF%82%7Cu%FFb%5BM%FF%B4%AB%9F%FF%C1%B7%B2%FF%D5%CB%C7%FF%D9%D1%CB%FF%E3%DA%D2%FF%E9%DB%D1%FFpZN%FF%F1%E0%D8%FF%F3%E1%D9%FF%F2%E0%D8%FF%F5%E1%D9%FF%F4%DD%D1%FF%93xj%FF%93%7Ft%FFykb%FFxrm%FFvuq%FF%A7%A7%A4%FF%FE%FF%FD%FF%7B%7B%7B%FFrrr%FFttt%FFvvv%FFrrr%FFuuu%FFooo%FFyyy%FFvvv%FFwww%FF%93%93%93%FF%FF%FF%FF%FF%8A%8A%8A%FF%93%93%93%FF%FE%FE%FE%FF%8F%8F%8F%FFqqq%FFyyy%FFooo%FFrrr%FFuuu%FFuuu%FFrrr%FFrrr%FFsss%FFooo%FFyyy%FFttt%FFvvv%FFwww%FFooo%FF%95%95%95%FF%FB%FC%FB%FF%94%94%94%FFttt%FFooo%FFttt%FFttt%FFttt%FFppp%FF%A5%A5%A5%FF%FF%FF%FF%FFxyy%FFsut%FFqsr%FFrss%FFqsr%FFz%7B%7B%FFstv%FFpqs%FFy%7By%FFqsr%FFvvz%FFuuu%FFssq%FFssq%FFppn%FFpml%FFtpn%FFtmi%FFxmf%FFWH%3A%FF%9F%8C%7E%FFkQ%3C%FFwX%3F%FF%D4%B8%A0%FF%AD%8Dr%FF%8DjK%FF%DA%BD%A5%FF%9B%7B%5E%FF%EC%D0%BB%FF%FA%E4%D0%FF%A3%85m%FF%93u%5D%FF%93y%60%FF%FA%E8%D4%FFucO%FFvh%5D%FFvml%FFojq%FF%8A%89%91%FF%F5%F5%FA%FF%C1%C2%C5%FF%8F%90%8F%FF%82%83%81%FF%85%86%83%FFmmm%FF%91%91%91%FF%E9%E9%E9%FFyyy%FF%95%95%95%FF%E3%E3%E3%FF%C1%C1%C1%FF%EE%EE%EE%FF%DC%DD%DD%FFuuu%FFkkk%FF%BE%BE%BE%FF%E6%E7%E6%FF%BB%BB%BB%FF%E0%E0%E0%FF%A8%A8%A8%FF%95%95%95%FF%F4%F4%F4%FFvvv%FFsss%FF%B4%B5%B5%FF%E6%E7%E6%FF%D3%D3%D3%FF%85%85%85%FFiii%FFggg%FFiii%FFjjj%FF%90%90%90%FF%F4%F4%F4%FF%90%90%90%FFjjj%FFkkk%FFjjj%FF%8F%8F%8F%FF%E9%E9%E9%FF%7B%7B%7B%FF%90%90%90%FF%E7%E7%E7%FF%C3%C3%C3%FF%EE%EF%EE%FF%DB%DB%DB%FFsss%FFqqq%FF%B8%B8%B8%FF%E4%E4%E4%FF%CC%CC%CC%FF%8E%8E%8E%FFfff%FFmmk%FFoli%FFkgZ%FFqmK%FF%9E%9Bj%FF%D2%D0%93%FF%E9%E8%AA%FF%C5%C4%8B%FF%89%86X%FFnjT%FFsng%FFojd%FF%3E5.%FFLA2%FF%B8%AF%A2%FF%CD%C1%BB%FF%DC%D0%CC%FF%EE%E2%DD%FF%F1%E5%DB%FF%ED%DD%D0%FF%8Cud%FF%AE%97%8A%FF%AF%96%8A%FF%B6%9A%90%FF%B3%96%88%FF%BB%9C%8A%FF%87fQ%FF%B3%9B%8B%FF%7Fma%FF%7Cql%FFuro%FF%A3%A3%A2%FF%FF%FF%FE%FF%C7%C7%C7%FF%EE%EE%EE%FF%CD%CD%CD%FF%81%81%81%FF%9B%9B%9B%FF%F3%F3%F3%FF%83%83%83%FFooo%FF%ED%ED%ED%FF%A8%A8%A8%FF%E5%E5%E5%FF%FD%FD%FD%FF%F1%F1%F1%FF%E3%E3%E3%FF%FF%FF%FF%FF%F3%F3%F3%FF%80%80%80%FF%B5%B5%B5%FF%F9%F9%F9%FF%E4%E4%E4%FF%B8%B8%B8%FFyyy%FF%9D%9D%9D%FF%EE%EF%EE%FF%CE%CE%CE%FF%F7%F8%F7%FF%E2%E2%E2%FF%81%81%81%FFwww%FFqqq%FFyyy%FF%E2%E2%E2%FF%FD%FD%FD%FF%EA%EB%EA%FF%8C%8C%8C%FF%D7%D8%D7%FF%F6%F6%F6%FF%F1%F1%F1%FF%B5%B5%B5%FFwww%FF%A8%A8%A8%FF%FD%FD%FD%FF%C6%C7%C7%FF%F1%F2%F1%FF%CA%CC%CB%FF%7F%80%80%FF%80%81%81%FF%D9%DA%D9%FF%EF%F0%F1%FF%E5%E6%E6%FF%9F%A0%9C%FFqsn%FF%7C%7C%7C%FFvup%FFssq%FFssq%FFmjk%FFolk%FFuqo%FFslg%FFxlf%FFK9%29%FF%A7%94%84%FFw%5BF%FF%7CZ%3F%FF%DA%BC%A2%FF%B0%8Cp%FF%9BuU%FF%DC%BC%A2%FF%A0%7E_%FF%F8%DF%C8%FF%C5%A7%8E%FF%EB%CE%B8%FF%8FmT%FF%A2%86n%FF%FB%EC%D8%FF%7FkW%FFufY%FFqfe%FFqko%FFlkr%FF%A6%A6%AB%FF%E6%E7%E6%FF%F5%F8%F4%FF%E8%EA%E5%FF%A7%A9%A4%FFjjh%FF%94%92%93%FF%F6%F6%F6%FFttt%FF%95%95%95%FF%F5%F5%F5%FF%A3%A3%A3%FF%7D%7D%7D%FF%FA%FA%FA%FF%A4%A4%A4%FF%8E%8E%8E%FF%F1%F1%F1%FF%8A%8A%8A%FF%8C%8C%8C%FF%F8%F9%F8%FF%B3%B4%B4%FF%92%92%92%FF%F9%F9%F9%FF%7E%7E%7E%FF%90%90%90%FF%EE%EE%EE%FF%80%80%80%FF%AE%AE%AE%FF%DC%DD%DD%FFlll%FFggg%FFjjj%FFhhh%FF%8C%8C%8C%FF%F7%F7%F7%FF%8F%8F%8F%FFfff%FFjjj%FFppp%FF%9C%9C%9C%FF%F5%F5%F5%FF%7C%7C%7C%FF%91%91%91%FF%F7%F7%F7%FF%A2%A2%A2%FFwww%FF%F9%F9%F9%FF%A7%A7%A7%FF%97%97%97%FF%EB%EC%EB%FF%81%81%81%FF%B1%B2%B2%FF%D2%D2%D2%FFlll%FFjjf%FFif%5B%FFtoR%FF%B4%B3z%FF%E5%E4%9E%FF%BF%BEi%FF%83%840%FFhg%28%FFvsL%FFmiX%FFojd%FFlf_%FF9%2F%26%FFOC4%FF%B6%AA%A0%FF%D5%C6%C0%FF%E6%D6%D0%FF%F3%E2%DA%FF%F8%E8%DB%FF%FB%EB%DA%FF%8AnU%FF%8Fp%5B%FF%92r%5B%FF%96s%5E%FF%95pY%FF%9AqU%FF%95pS%FF%B4%96%82%FF%83j%5B%FF%7Frn%FF%7Buv%FF%AB%A9%A9%FF%FE%FE%FF%FF%AF%B0%B0%FF%8B%8B%8B%FF%F9%F9%F9%FF%AB%AB%AB%FF%A8%A8%A8%FF%FF%FF%FF%FFyyy%FF%7C%7C%7C%FF%FA%FB%FA%FF%AE%AE%AE%FF%A1%A1%A1%FF%FF%FF%FF%FF%9C%9C%9C%FF%A5%A5%A5%FF%FB%FC%FB%FF%9A%9A%9A%FF%A8%A8%A8%FF%FF%FF%FF%FF%9F%9F%9F%FF%9E%9E%9E%FF%FA%FB%FA%FF%A7%A7%A7%FF%97%97%97%FF%FF%FF%FF%FF%AC%AC%AC%FF%7F%7F%7F%FF%FF%FF%FF%FF%AF%AF%AF%FFooo%FFwww%FFppp%FF%A1%A1%A1%FF%FF%FF%FF%FF%99%99%99%FF%8C%8C%8C%FF%BA%BA%BA%FFyyy%FF%CD%CD%CD%FF%ED%ED%ED%FFttt%FF%A0%A1%A1%FF%FE%FF%FE%FF%AD%AF%AE%FF%86%87%86%FF%FC%FE%FD%FF%AB%AD%AC%FF%B7%B9%B8%FF%EE%EF%EF%FF%9A%9C%9B%FF%A9%AA%A6%FF%99%9A%91%FFvyl%FFlmf%FFssg%FFssq%FFsss%FFoop%FFooo%FFqnm%FFqmi%FF%7Crk%FFN%3E1%FF%9B%89x%FF%8Dt%5E%FF%83dH%FF%8BiH%FF%D2%B0%93%FF%E2%C1%A5%FF%AB%89h%FF%95rQ%FF%E9%CD%B2%FF%96tV%FF%C0%A0%86%FF%BA%9B%7E%FF%CF%B5%98%FF%EC%D6%BD%FF%85qV%FFvhU%FFqgb%FFtnp%FF%82%81%86%FF%98%99%9C%FFhlh%FF%81%85%7F%FF%C5%C7%C1%FF%F7%F7%F3%FFsrp%FF%95%93%94%FF%F7%F7%F7%FFyyy%FF%97%97%97%FF%F6%F6%F6%FF%7B%7B%7B%FFggg%FF%EC%EC%EC%FF%AF%AF%AF%FF%B5%B5%B5%FF%EB%EC%EB%FFmmm%FFlll%FF%EC%EC%EC%FF%AE%AE%AE%FF%98%98%98%FF%F6%F6%F6%FFsss%FF%C7%C7%C7%FF%EE%EE%EE%FF%D9%DA%D9%FF%DE%DE%DE%FF%E8%E8%E8%FFkkk%FFrrr%FFlll%FFmmm%FF%8E%8E%8E%FF%F7%F7%F7%FF%85%85%85%FFlll%FFppp%FFiii%FF%96%96%96%FF%F9%F9%F9%FFsss%FF%97%97%97%FF%F6%F6%F6%FF%7D%7D%7D%FFkkk%FF%EC%EC%EC%FF%AA%AA%AA%FF%BE%BE%BE%FF%EE%EE%EE%FF%D8%D9%D8%FF%E3%E3%E3%FF%E7%E7%E7%FFrrr%FFhhd%FFmj_%FFrnN%FF%88%87M%FF%BC%BBu%FF%E2%E2%98%FF%D0%CF%8A%FF%A9%A7t%FFxtR%FFkfW%FFojb%FFmg%5E%FFbXK%FFQB%2B%FF%C6%B7%A5%FF%D0%BE%AE%FF%EB%D7%C7%FF%F4%E1%CF%FF%FB%EC%D8%FF%FA%E5%CB%FF%93uS%FF%E2%C6%AB%FF%E3%C5%AC%FF%DD%BE%A5%FF%E8%C7%AE%FF%E8%C6%A8%FF%94oJ%FF%90qU%FF%89q%5E%FFwib%FF%7Buv%FF%A5%A4%A5%FF%FE%FE%FF%FF%83%83%83%FFwww%FF%DF%DF%DF%FF%D0%D0%D0%FF%A2%A2%A2%FF%FF%FF%FF%FF%7E%7E%7E%FFqqq%FF%FF%FF%FF%FF%B4%B5%B5%FF%94%94%94%FF%FF%FF%FF%FF%82%82%82%FF%96%96%96%FF%FF%FF%FF%FF%87%87%87%FF%C0%C0%C0%FF%F2%F2%F2%FFqqq%FFwww%FF%D8%D9%D8%FF%CF%CF%CF%FF%A8%A8%A8%FF%FD%FD%FD%FF%82%82%82%FFwww%FF%F7%F8%F7%FF%B6%B6%B6%FFrrr%FFwww%FFvvv%FF%97%97%97%FF%FD%FD%FD%FF%89%89%89%FF%8A%8A%8A%FF%DA%DA%DA%FF%EA%EB%EA%FF%E6%E7%E6%FF%FA%FB%FA%FFrrr%FF%A9%AA%A9%FF%FF%FF%FF%FF%83%84%83%FFoqp%FF%DF%E1%E0%FF%CC%CD%CD%FF%80%81%81%FF%DD%DE%DE%FF%FA%FB%FC%FF%F1%F2%F0%FF%BE%BF%B8%FFpsi%FF%7B%7Bt%FFxym%FFsss%FFsss%FFiop%FFlrs%FFors%FFnpm%FFrni%FFMC7%FF%85we%FF%B4%A2%8C%FF%8DsV%FF%8EqM%FF%9B%7BU%FF%9F%7FX%FF%9E%81%5B%FF%9C%81%5B%FF%98%7D%5C%FF%9E%81_%FF%9C%7CV%FF%AB%8Cf%FF%FA%E6%C3%FF%CE%B7%93%FF%8D%7BW%FFugM%FF%7Bqd%FFmgd%FF%94%92%93%FF%FB%FC%FD%FF%A0%A4%9F%FF%86%89%81%FF%C2%C4%BE%FF%F2%F3%EF%FFrqs%FF%9B%99%9C%FF%F6%F6%F7%FFwww%FF%96%96%96%FF%F3%F3%F3%FFyyy%FFlll%FF%E9%EA%E9%FF%AA%AA%AA%FF%94%94%94%FF%F2%F2%F2%FF%9F%9F%9F%FF%A3%A3%A3%FF%F8%F9%F8%FF%B6%B6%B6%FF%94%94%94%FF%F6%F6%F6%FFyyy%FF%A6%A6%A6%FF%ED%ED%ED%FFsss%FF%96%96%96%FF%AA%AA%AA%FFccc%FFkkk%FFiii%FFiii%FF%8F%8F%8F%FF%F6%F6%F6%FF%A3%A3%A3%FF%88%88%88%FF%86%86%86%FF%81%81%81%FF%97%97%97%FF%F3%F3%F3%FFvvv%FF%91%91%91%FF%FA%FA%FA%FFqqq%FFjjj%FF%F2%F2%F2%FF%AE%AE%AE%FF%A3%A3%A3%FF%F0%F0%F0%FFyyy%FF%90%90%90%FF%A9%A9%A9%FFjjj%FFkki%FFolf%FFidV%FFqmT%FFokD%FF%7ByB%FF%A5%A4n%FF%D1%CF%A3%FF%9F%9E%7B%FFon%5B%FFnk%60%FFjcV%FFaV%3E%FFYH%22%FFmY%2B%FF%89pF%FF%8DtK%FF%95%7CR%FF%9A%80S%FF%9A%7EJ%FF%9F%81N%FF%E9%CE%A8%FF%E9%CE%AC%FF%EB%CF%B0%FF%EB%CF%AF%FF%EF%D3%AF%FF%A3%84%5C%FF%90vT%FF%86s%5C%FF%7Evm%FFvuq%FF%A8%AB%A7%FF%FC%FF%FC%FF%B2%B3%B3%FF%8C%8C%8C%FF%F6%F6%F6%FF%AD%AD%AD%FF%9F%9F%9F%FF%F8%F9%F8%FF%95%95%95%FF%98%98%98%FF%FA%FB%FA%FF%AD%AD%AD%FF%99%99%99%FF%FB%FC%FB%FF%9C%9C%9C%FF%98%98%98%FF%FE%FE%FE%FF%98%98%98%FF%AC%AC%AC%FF%FE%FE%FE%FF%9F%9F%9F%FF%8E%8E%8E%FF%FE%FE%FE%FF%A4%A4%A4%FF%9D%9D%9D%FF%FD%FD%FD%FF%81%81%81%FF%7B%7B%7B%FF%EE%EE%EE%FF%B5%B5%B5%FFwww%FFqqq%FFrrr%FF%8C%8C%8C%FF%FE%FE%FE%FF%9F%9F%9F%FF%C0%C0%C0%FF%EA%EB%EA%FFqqq%FF%C4%C4%C4%FF%F0%F0%F0%FFttt%FF%A6%A7%A7%FF%FE%FF%FE%FF%B1%B2%B2%FF%88%8A%89%FF%F7%F8%F7%FF%AB%AD%AC%FF%A7%A8%A8%FF%B8%B9%BA%FF%80%81%85%FF%C2%C3%C7%FF%F8%F9%FA%FFnop%FFz%7B%7E%FFrrs%FFssq%FFssq%FFcjk%FFjpp%FFosr%FFnqj%FFkj_%FFPH4%FFpbI%FF%B8%A7%8B%FF%E3%CD%AD%FF%F9%E0%BD%FF%FA%E7%C0%FF%FC%EE%C7%FF%FB%E7%BE%FF%FB%ED%C5%FF%FC%F1%CB%FF%FB%EA%C3%FF%FB%EB%C1%FF%FB%EB%C0%FF%FA%E3%B5%FF%A7%90%5E%FF%97%86%5C%FF%7BnM%FFldS%FFqmh%FFqqq%FF%B7%B8%B9%FF%E5%E8%E5%FF%F5%F8%F3%FF%F0%F0%EC%FF%9B%9B%99%FFons%FF%8E%8D%91%FF%F6%F6%F7%FF%7C%7C%7C%FF%94%94%94%FF%F3%F3%F3%FFttt%FFmmm%FF%F0%F0%F0%FF%AB%AB%AB%FFttt%FF%C4%C4%C4%FF%EB%EC%EB%FF%CA%CA%CA%FF%EC%EC%EC%FF%AC%AC%AC%FF%93%93%93%FF%F9%F9%F9%FFvvv%FFqqq%FF%D2%D2%D2%FF%F5%F5%F5%FF%EA%EB%EA%FF%A5%A5%A5%FFmmm%FFjjj%FFnnn%FFiii%FF%8F%8F%8F%FF%F3%F3%F3%FF%FA%FA%FA%FF%F5%F5%F5%FF%EF%F0%EF%FF%E3%E3%E3%FF%96%96%96%FF%F3%F3%F3%FF%7C%7C%7C%FF%9D%9D%9D%FF%F3%F3%F3%FFvvv%FFeee%FF%EE%EF%EE%FF%AA%AA%AA%FFrrr%FF%D3%D3%D3%FF%F0%F0%F0%FF%EC%EC%EC%FF%A9%A9%A9%FFhhh%FFllj%FFgda%FFnlg%FFlic%FFjhZ%FFpoT%FFkjF%FFonH%FFonP%FFll%5C%FFmj_%FFtm%5E%FFTG%29%FFbO%22%FF%B3%9Fs%FF%D0%BA%8C%FF%98%7CG%FF%A3%86O%FF%F6%DC%A8%FF%F6%DC%A3%FF%AF%91S%FF%EB%D1%9F%FF%EA%D0%A4%FF%EF%D7%AE%FF%EB%D3%AA%FF%E9%CF%A2%FF%AB%91b%FF%C4%B0%8E%FF%83sY%FFvpd%FFwxs%FF%A9%AE%A8%FF%F3%F6%F4%FF%D9%DB%DA%FF%FA%FB%FA%FF%D2%D2%D2%FF%7F%7F%7F%FF%7E%7E%7E%FF%E8%E8%E8%FF%FC%FC%FC%FF%D9%DA%D9%FF%F7%F7%F7%FF%B0%B1%B1%FF%7C%7C%7C%FF%FA%FB%FA%FF%F9%F9%F9%FF%8F%8F%8F%FF%F3%F3%F3%FF%FE%FE%FE%FF%81%81%81%FF%C5%C5%C5%FF%FA%FA%FA%FF%F6%F6%F6%FF%C4%C4%C4%FFuuu%FF%A2%A2%A2%FF%FF%FF%FF%FF%7D%7D%7D%FFttt%FF%F8%F9%F8%FF%B1%B2%B2%FFttt%FFttt%FFyyy%FF%84%84%84%FF%F3%F3%F3%FF%F9%F9%F9%FF%A6%A6%A6%FF%F6%F6%F6%FF%F4%F4%F4%FF%DB%DC%DC%FF%FB%FC%FB%FF%84%84%84%FF%A5%A7%A6%FF%F5%F7%F6%FF%DB%DC%DC%FF%FB%FC%FB%FF%D4%D6%D5%FF%7C%7D%7D%FF%87%88%87%FF%E5%E6%E7%FF%F7%F8%FB%FF%EC%ED%F1%FF%AF%B0%B3%FFyy%7D%FFopu%FFstx%FFssq%FFsss%FFoqn%FFmni%FFrql%FFspe%FFun%5E%FF%5DP4%FF%60L%26%FF%88qC%FF%98%7CE%FF%A7%88M%FF%B2%91S%FF%B3%93Q%FF%B1%93P%FF%B2%96S%FF%AC%93P%FF%AF%95R%FF%B3%96S%FF%B3%96S%FF%AD%94Q%FF%AB%96X%FF%9E%8E%5C%FF%7BnI%FFtm%5C%FFkhd%FFggk%FFklp%FFqsu%FFimi%FFnoj%FFllj%FFjim%FFljp%FFllm%FFccc%FFnnn%FFppp%FFiii%FFjjj%FFhhh%FFhhh%FF%86%86%86%FF%BB%BB%BB%FF%86%86%86%FFyyy%FF%ED%ED%ED%FF%A5%A5%A5%FFiii%FFhhh%FFlll%FFjjj%FFkkk%FFppp%FFnnn%FFkkk%FFlll%FFeee%FFlll%FFkkk%FFfff%FFlll%FFkkk%FFkkk%FFqqq%FFeee%FFjjj%FFnnn%FFhhh%FFfff%FFkkk%FFggg%FFooo%FFhhh%FFfff%FFlll%FFppp%FFooo%FFppp%FFeee%FFqqq%FFggg%FFlkl%FFgge%FFoli%FFomf%FFih%5D%FFmma%FFood%FFii%60%FFhhd%FFuql%FFmgY%FFUG*%FFvd%3C%FF%83k%3A%FF%97yG%FF%A5%84N%FF%B1%8ER%FF%B4%92O%FF%B7%95M%FF%B7%96O%FF%B5%97T%FF%B7%9B_%FF%B2%97%5D%FF%B5%9Cd%FF%B8%9Dc%FF%B0%98a%FF%C5%B2%8B%FF%7CmO%FF%7Ewk%FFppn%FFpss%FFv%7B%7B%FFwxw%FFyyy%FFttt%FFuuu%FFttt%FFppp%FFyyy%FF%7D%7D%7D%FFttt%FFrrr%FFttt%FF%7D%7D%7D%FF%7D%7D%7D%FFsss%FF%7F%7F%7F%FFwww%FF%7D%7D%7D%FFvvv%FFuuu%FFrrr%FFsss%FFyyy%FFppp%FFsss%FFvvv%FFrrr%FFwww%FFqqq%FFvvv%FFrrr%FFttt%FFrrr%FFyyy%FFyyy%FFttt%FFvvv%FF%7B%7B%7B%FFrrr%FFxyy%FFmon%FFtvu%FFwxw%FFsut%FFtvu%FFtvu%FFwxw%FFtvu%FFtvu%FF%7C%7D%7B%FFoql%FFrvp%FFsvq%FFosm%FFvvr%FFsss%FFsss%FFmmk%FFllh%FFvtn%FFqnc%FFrkZ%FF%60T%3B%FFufE%FF%83pI%FF%95%7EN%FF%A6%8EY%FF%AC%91%5B%FF%B5%9Bb%FF%B6%9Ec%FF%AC%95Y%FF%B0%9Aa%FF%B2%9Cc%FF%AD%96Z%FF%B3%9Cc%FF%B2%9Ef%FF%B2%A2o%FF%A0%93k%FFvnM%FFok%5C%FFkhe%FFllp%FFccj%FFjkn%FFmon%FFgif%FFjjh%FFhgk%FFkjn%FFkkl%FFnnn%FFggg%FFlll%FFhhh%FFggg%FFooo%FFjjj%FFrrr%FF%D3%D3%D3%FF%EC%EC%EC%FF%F3%F3%F3%FF%DB%DB%DB%FFlll%FFmmm%FFjjj%FFhhh%FFkkk%FFkkk%FFjjj%FFlll%FFddd%FFnnn%FFkkk%FFlll%FFjjj%FFmmm%FFlll%FFiii%FFfff%FFmmm%FFggg%FFjjj%FFiii%FFooo%FFiii%FFlll%FFiii%FFkkk%FFiii%FFmmm%FFhhh%FFkkk%FFmmm%FFfff%FFmmm%FFhhh%FFkkk%FFiij%FFkkl%FFlkl%FFhhf%FFjjh%FFhhf%FFllm%FFjjk%FFmln%FFkhe%FFtod%FFlbP%FF%81rW%FF%8DzX%FF%95%7DY%FF%C9%AF%88%FF%CE%B2%84%FF%BB%9Eh%FF%B6%98%5D%FF%D7%BC%83%FF%CF%B6%82%FF%B6%9Fm%FF%B7%A1s%FF%CE%BB%8E%FF%D0%BB%8D%FF%B1%9Eq%FF%A6%96s%FF%80u%5D%FFysi%FFvus%FFtuw%FFsvv%FFqqs%FFyyy%FFvvv%FFvvv%FFwww%FFuuu%FFvvv%FFttt%FFrrr%FFvvv%FFvvv%FFrrr%FFrrr%FFwww%FFnnn%FFvvv%FFsss%FFooo%FFttt%FFwww%FFrrr%FFppp%FFuuu%FFuuu%FFsss%FFuuu%FFuuu%FFvvv%FFrrr%FFvvv%FFvvv%FFppp%FFttt%FFyyy%FFrrr%FFuuu%FFsss%FFttt%FFsut%FFtvu%FFrss%FFrss%FFwxw%FFtvu%FFvwv%FFoqp%FFtvu%FFsur%FFrso%FFxzt%FFork%FFsvo%FForj%FFuvo%FFsun%FFqsm%FFnpo%FFnpm%FFnoj%FFppk%FFsqi%FFkh%5D%FFqm%5E%FFrmY%FFslU%FFvnT%FFvmT%FFwnR%FFvjO%FFwlQ%FFshO%FFxmT%FFshO%FFwlT%FF%7BpX%FFzp%5C%FFuo%5E%FFml%60%FFjkf%FFjjh%FFlkm%FFkjl%FFjik%FFiii%FFikh%FFikh%FFjij%FFjij%FFjjj%FFkkk%FFjjj%FFiii%FFiii%FFjjj%FFkkk%FFjjj%FFjjj%FFkkk%FFmmm%FFlll%FFkkk%FFjjj%FFjjj%FFkkk%FFjjh%FFkki%FFjjh%FFiig%FFjjh%FFkki%FFkki%FFjjh%FFjjj%FFkkk%FFkkk%FFjjj%FFjjj%FFkkk%FFkkk%FFkkk%FFjjj%FFkkk%FFkkk%FFjjj%FFiii%FFiii%FFjjj%FFjjj%FFjjj%FFkkk%FFjjj%FFiii%FFjij%FFkjk%FFkjk%FFjij%FFiij%FFjjk%FFkkl%FFkkk%FFlll%FFmmm%FFooo%FFppp%FFnmn%FFiig%FFmkf%FFnkc%FFsmc%FFsk%60%FFyoc%FFzn%5C%FF%7BlV%FF%7ClT%FF%7EnT%FF%7EoT%FF%7CoW%FF%7Fr%5B%FF%7Fs%5D%FF%7CqY%FF%7Cs%5D%FF%7Ds%60%FF%7Cuf%FF%7Bvk%FFxuo%FFusp%FFttt%FFttt%FFttt%FFttt%FFttt%FFttt%FFttt%FFttt%FFuuu%FFuuu%FFuuu%FFuuu%FFuuu%FFuuu%FFttt%FFttt%FFttt%FFttt%FFuuu%FFttt%FFttt%FFttt%FFttt%FFttt%FFttt%FFttt%FFttt%FFttt%FFttt%FFttt%FFttt%FFttt%FFttt%FFttt%FFttt%FFttt%FFrss%FFsut%FFtvu%FFtvu%FFtvu%FFsut%FFrss%FFrss%FFttt%FFttt%FFttt%FFttt%FFsss%FFsss%FFsss%FFsss%FFssq%FFssq%FFsso%FFsso%FFsso%FFssq%FFlon%FFknm%FFmon%FFnpm%FFpql%FFhic%FFnoi%FFlmf%FFlmf%FFnpf%FFlld%FFnng%FFnlf%FFpnh%FFkhb%FFolf%FFkhb%FFnkf%FFrli%FFrnj%FFmmi%FFjli%FFhkj%FFjlk%FFlkl%FFmjk%FFihi%FFiii%FFikh%FFikh%FFjjh%FFjjh%FFjjj%FFkkk%FFjjj%FFiii%FFiii%FFjjj%FFkkk%FFjjj%FFjjj%FFkkk%FFlll%FFkkk%FFjjj%FFiii%FFjjj%FFjjj%FFkki%FFkki%FFjjh%FFiig%FFiig%FFjjh%FFjjh%FFiig%FFiii%FFjjj%FFjjj%FFiii%FFiii%FFjjj%FFjjj%FFjjj%FFjjj%FFkkk%FFkkk%FFjjj%FFiii%FFiii%FFjjj%FFjjj%FFjjj%FFjjj%FFjjj%FFjjj%FFjij%FFkjk%FFkjk%FFjij%FFjjk%FFjjn%FFmmn%FFnno%FFooo%FFooo%FFoom%FFppn%FFsrp%FFmmk%FFoom%FFnnl%FFoom%FFllj%FFoom%FFoli%FFrmh%FFtmg%FFunh%FFunh%FFunh%FFwql%FFxrm%FFtpk%FFvrm%FFvtp%FFxuq%FFvuq%FFusp%FFutr%FFutr%FFutr%FFttt%FFttt%FFttt%FFttt%FFttt%FFttt%FFttt%FFuuu%FFttt%FFttt%FFttt%FFttt%FFttt%FFsss%FFsss%FFsss%FFttt%FFttt%FFttt%FFttt%FFttt%FFttt%FFttt%FFttt%FFttt%FFttt%FFttt%FFttt%FFttt%FFttt%FFttt%FFttt%FFttt%FFttt%FFrss%FFsut%FFtvu%FFtvu%FFsut%FFsut%FFrss%FFrss%FFttt%FFttt%FFttt%FFttt%FFsss%FFsss%FFsrv%FFsru%FFsru%FFsrs%FFssq%FFssq%FFssq%FFssq%FFmno%FFlnm%FFnnn%FFoom%FFppn%FFjkf%FFopj%FFmnh%FFjmf%FFlog%FFijd%FFlmg%FFmmh%FFqoj%FFlie%FFmjf%FFlic%FFmjd%FFpjg%FFnkg%FFkkg%FFjli%FFilk%FFjml%FFkjl%FFkhl%FFihi%FFiii%FFhji%FFikj%FFjjh%FFjjh%FFjjj%FFkkk%FFkkk%FFjjj%FFjjj%FFkkk%FFkkk%FFjjj%FFjjj%FFkkk%FFkkk%FFkkk%FFjjj%FFiii%FFjjj%FFkkk%FFkki%FFkki%FFjjh%FFiig%FFiig%FFjjh%FFjjh%FFiig%FFiii%FFjjj%FFjjj%FFjjj%FFjjj%FFkkk%FFkkk%FFkkk%FFlll%FFmmm%FFlll%FFkkk%FFjjj%FFjjj%FFkkk%FFjjj%FFiii%FFjjj%FFjjj%FFjjj%FFjij%FFkjk%FFkjk%FFjij%FFjjk%FFkkl%FFmmn%FFoop%FFooo%FFnnn%FFnnl%FFnnl%FFrrp%FFnnl%FFppn%FFnnl%FFnnl%FFkki%FFmmk%FFlif%FFqkh%FFrmh%FFsni%FFsni%FFsni%FFtpm%FFuqn%FFtrn%FFtrn%FFsso%FFsso%FFtsr%FFtsr%FFttt%FFttt%FFuuu%FFttt%FFsss%FFttt%FFttt%FFttt%FFttt%FFttt%FFttt%FFttt%FFttt%FFsss%FFsss%FFsss%FFsss%FFsss%FFsss%FFttt%FFttt%FFttt%FFttt%FFttt%FFttt%FFttt%FFttt%FFttt%FFttt%FFttt%FFttt%FFttt%FFttt%FFttt%FFttt%FFttt%FFttt%FFsut%FFsut%FFsut%FFsut%FFsut%FFrss%FFrss%FFrss%FFsss%FFsss%FFsss%FFsss%FFsss%FFsss%FFsrv%FFssu%FFssu%FFsss%FFssq%FFssq%FFssq%FFssq%FFnop%FFjkl%FFoop%FFooo%FFnnn%FFkki%FFpql%FFmnh%FFikf%FFmoj%FFije%FFlmh%FFllh%FFmmk%FFlih%FFlif%FFmkf%FFmkd%FFnkg%FFnkh%FFllj%FFjnj%FFinl%FFjml%FFjik%FFjgk%FFihi%FFiii%FFhji%FFikj%FFjjh%FFjjh%FFjjj%FFkkk%FFkkk%FFjjj%FFjjj%FFkkk%FFkkk%FFjjj%FFjjj%FFkkk%FFkkk%FFjjj%FFjjj%FFjjj%FFjjj%FFkkk%FFjjh%FFkki%FFjjh%FFiig%FFiig%FFjjh%FFjjh%FFiig%FFkkk%FFlll%FFlll%FFkkk%FFkkk%FFlll%FFlll%FFkkk%FFlll%FFlll%FFlll%FFkkk%FFjjj%FFkkk%FFkkk%FFkkk%FFiii%FFjjj%FFkkk%FFkkk%FFjij%FFkjk%FFkjk%FFjij%FFiij%FFkkl%FFllm%FFnnn%FFnnn%FFmmm%FFllj%FFkki%FFoom%FFllj%FFoom%FFmmk%FFnnl%FFkki%FFmmk%FFjjh%FFmjg%FFqmj%FFrnk%FFqnk%FFrol%FFspm%FFurq%FFwvt%FFsrp%FFssq%FFssq%FFsss%FFttt%FFttt%FFttt%FFuuu%FFttt%FFttt%FFttt%FFttt%FFttt%FFttt%FFttt%FFttt%FFttt%FFttt%FFttt%FFttt%FFttt%FFttt%FFttt%FFttt%FFttt%FFttt%FFttt%FFttt%FFttt%FFttt%FFuuu%FFuuu%FFttt%FFttt%FFttt%FFttt%FFttt%FFttt%FFttt%FFttt%FFttt%FFttt%FFsut%FFsut%FFrss%FFrss%FFrss%FFrss%FFrss%FFrss%FFsss%FFsss%FFsss%FFsss%FFsss%FFssu%FFsrv%FFsrv%FFssu%FFsss%FFsss%FFssq%FFssq%FFsss%FFmnq%FFhij%FFoop%FFnnn%FFkkk%FFjjh%FFnnl%FFklg%FFhjg%FFnpm%FFikh%FFlnk%FFkki%FFkjk%FFjij%FFiig%FFkkg%FFkkf%FFnkh%FFmmi%FFlnk%FFjnj%FFhmk%FFhkk%FFihj%FFjgk%FFihj%FFjjk%FFikj%FFikj%FFjjh%FFjjh%FFjjj%FFkkk%FFkkk%FFjjj%FFjjj%FFkkk%FFkkk%FFjjj%FFjjj%FFjjj%FFjjj%FFjjj%FFjjj%FFjjj%FFjjj%FFkkk%FFjjh%FFjjh%FFiig%FFiig%FFiig%FFjjh%FFkki%FFjjh%FFkkk%FFlll%FFkkk%FFjjj%FFjjj%FFkkk%FFjjj%FFiii%FFiii%FFjjj%FFjjj%FFiii%FFiii%FFkkk%FFkkk%FFjjj%FFiii%FFkkk%FFlll%FFkkk%FFjij%FFjij%FFjij%FFihi%FFjjk%FFjkl%FFlnm%FFlnm%FFmmm%FFllj%FFllj%FFllj%FFmmk%FFkki%FFoom%FFnnl%FFooo%FFlll%FFooo%FFlkl%FFkjk%FFpml%FFpml%FFnnl%FFqpq%FFrrr%FFsss%FFyyy%FFttt%FFsut%FFrss%FFrsu%FFstv%FFstv%FFtuw%FFtuw%FFttt%FFttt%FFuuu%FFuuu%FFuuu%FFuuu%FFttt%FFttt%FFttt%FFttt%FFttt%FFttt%FFuuu%FFuuu%FFuuu%FFuuu%FFttt%FFttt%FFttt%FFttt%FFttt%FFttt%FFuuu%FFuuu%FFttt%FFttt%FFttt%FFttt%FFttt%FFttt%FFttt%FFttt%FFttv%FFttv%FFstv%FFstv%FFrsu%FFrsu%FFrsu%FFrsu%FFrsu%FFrsu%FFrsu%FFqrs%FFrrs%FFssu%FFssu%FFssu%FFsrv%FFsrv%FFssu%FFsss%FFsss%FFsss%FFsss%FFsss" )</imagedata>
<script>urldecode( "--%3E+all+handlers%0D%0A%0D%0Aon+mouseDown+pMouseBtnNum%0D%0A++++selectme%0D%0A++++pass+mouseDown%0D%0Aend+mouseDown%0D%0A%0D%0Aon+mouseEnter%0D%0A++++simMouseEnter%0D%0Aend+mouseEnter%0D%0A%0D%0Aon+simMouseEnter%0D%0A++++if+the+hilited+of+btn+%22edit+home%22+is+true+then%0D%0A++++++++if+the+showborder+of+the+owner+of+me+is+false+then%0D%0A++++++++++++glx2SetStatus+%22Click+to+SELECT+this+this+Widget+%95+click+and+drag+to+MOVE+this+Widget+%95+double-click+to+STOP+EDITING+all+Widgets%22%0D%0A++++++++else%0D%0A++++++++++++glx2SetStatus+%22Click+and+drag+to+MOVE+this+Widget+%95+double-click+to+STOP+EDITING+all+Widgets%22%0D%0A++++++++end+if%0D%0A++++else%0D%0A++++++++glx2SetStatus+%22Click+and+drag+to+MOVE+this+Widget+%95+double-click+to+START+EDITING+all+Widgets%22%0D%0A++++end+if%0D%0Aend+simMouseEnter%0D%0A%0D%0Aon+mouseDoubleUp+pMouseBtnNum%0D%0A++++lock+screen%0D%0A++++send+%22simMouseDown%22+to+btn+%22edit+home%22%0D%0A++++if+the+hilited+of+btn+%22edit+home%22+is+true+then%0D%0A++++++++set+the+showborder+of+the+owner+of+me+to+true%0D%0A++++++++enable+btn+%22remove+homey%22%0D%0A++++end+if%0D%0A++++send+%22simMouseEnter%22+to+me+--+in+10+millisecs%0D%0A++++unlock+screen%0D%0Aend+mouseDoubleUp%0D%0A%0D%0Aon+mouseLeave%0D%0A++++glx2SetStatus+%0D%0Aend+mouseLeave%0D%0A%0D%0Aon+mouseUp+pMouseBtnNum%0D%0A++++lock+screen%0D%0A++++send+%22resizeTreeImage%22+to+fld+%22work+spaces%22+of+the+owner+of+me%0D%0A++++put+true+into+resizeOnly%0D%0A++++send+%22glx2RefreshHomey+resizeOnly%22+to+the+owner+of+me%0D%0A++++unlock+screen%0D%0Aend+mouseUp%0D%0A" )</script>
</image>
