<button name="Search Mode" id="280032">
<traversalOn>false</traversalOn>
<ink>srcCopy</ink>
<threeD>true</threeD>
<hiliteBorder>false</hiliteBorder>
<blendLevel>0</blendLevel>
<rect>9,51,27,75</rect>
<mnemonic>0</mnemonic>
<armFill>false</armFill>
<visitedIcon>0</visitedIcon>
<showName>false</showName>
<showIcon>true</showIcon>
<hilited>false</hilited>
<sharedHilite>false</sharedHilite>
<shadow>false</shadow>
<textAlign>center</textAlign>
<armed>false</armed>
<menuMouseButton>1</menuMouseButton>
<id>280032</id>
<altId>0</altId>
<labelWidth>0</labelWidth>
<armedIcon>146934</armedIcon>
<lockLoc>false</lockLoc>
<visited>false</visited>
<showHilite>false</showHilite>
<autoHilite>true</autoHilite>
<style>transparent</style>
<disabledIcon>693486</disabledIcon>
<armBorder>false</armBorder>
<name>button "Search Mode"</name>
<icon>146921</icon>
<layer>37</layer>
<visible>true</visible>
<cantSelect>false</cantSelect>
<borderWidth>2</borderWidth>
<menuLines>5</menuLines>
<margins>4</margins>
<opaque>false</opaque>
<shadowOffset>4</shadowOffset>
<default>false</default>
<hiliteFill>true</hiliteFill>
<showBorder>false</showBorder>
<hiliteIcon>146934</hiliteIcon>
<disabled>false</disabled>
<autoArm>false</autoArm>
<family>0</family>
<hoverIcon>146934</hoverIcon>
<showFocusBorder>false</showFocusBorder>
<menuHistory>1</menuHistory>
<custompropertyset name= "cGlx2TimeStamp">
<checksum>urldecode( "%00%F8%ABF%B2%D8%C3%02%CB%FF%BCzo%07%B0%B0" )</checksum>
<xml_num_1281515814>working</xml_num_1281515814>
<xml_num_1281518198>start</xml_num_1281518198>
<xml_num_1281515770>working</xml_num_1281515770>
<xml_num_1281515817>start</xml_num_1281515817>
<xml_num_1281515935>working</xml_num_1281515935>
<xml_num_1281515818>start</xml_num_1281515818>
<xml_num_1281516549>working</xml_num_1281516549>
<xml_num_1281515659>start</xml_num_1281515659>
<xml_num_1281515779>working</xml_num_1281515779>
<xml_num_1281515827>working</xml_num_1281515827>
<xml_num_1281515785>start</xml_num_1281515785>
<xml_num_1281516757>start</xml_num_1281516757>
<xml_num_1281515786>start</xml_num_1281515786>
<xml_num_1281515800>start</xml_num_1281515800>
<xml_num_1281516251>working</xml_num_1281516251>
<xml_num_1281515801>start</xml_num_1281515801>
<xml_num_1281516104>working</xml_num_1281516104>
<xml_num_1281515796>working</xml_num_1281515796>
<xml_num_1281518203>end</xml_num_1281518203>
</custompropertyset>
<custompropertyset name= "cGlx2General">
<cHscrollScript>0</cHscrollScript>
<cHscrollHandlers>0</cHscrollHandlers>
<cSelectedChunk>char 2009 to 2008</cSelectedChunk>
<cHtmlScript>urldecode( "%1F%8B%08%00%00%00%00%00%00%03%ADXQo%DB6%10%7E%F7%AF8%E8%A1h%93%18%89%8Du%D8%CB%86%21M%E2%04H%DA%A1N%DB%BD%CA%12-%11%A6DA%A4%EDl%FFg%FFs%3CJ%B4HJ%B2%A54D%80D%E4%DDw%DF%DD%91wd%A6%D3%3F%E0%2C%E2%B9%90a.%C5db%FE%84%CD%DD%96%B1%7BB%93T%C2%EF%F0%F1%D7%C9%24a%7C%152H%16%ECe%FE%18%0D%0AyG%F3x2%99*%80%901H%C3%3Cf%A4T%10%97gg%138%83%8Co%05%B9%CD%25%29%D5%97%FA%B9%9C%F0%DC%99TC%10%092%25%10%F3%ED%8A%91%88%D1hCqq%A7%ECH%0E%B3%ABJ%8AfO%8D%1E%C9c%1B%C61%F7H%C2%1D%F1%CD%D5%93%A7%CD%CD%3FV%F6%E8ZKE%B7%2Fj-%0F%D9R%86r%2B%AE%C3%12%F8%1ATt%A2%0D%04%25%D9-%1E%FF%9EC%C4c%12%00%15+%CB-A%B5%5CC%E0HT%9C%96DV%DA%A0%A7%91%BBBW%A3q%A3%A2g%DCp%7Dm%3C%F1%E6%D5%60%3CB%DA%CF%9C%B3gZ%D8SO%22%D1%9Ffn%03%22*I%CD%AC%D8J+Y%21%FF%01%E5%3Aw%F5M%7C%A4%9A%93%B4%40w3%FCr%A5%9C%18-S%BE%AF%17%C5%B8%F0%D4%08%3B*%A8J%06%EA%26e%01%C1%AA%E4%7BA%CA%1E%A5%23%8Ak%B5%1D%8Fh%19%DF%83%FF%E0%13%26%1E%DD%BA%7F%B8%B9%D5X%8B%2F%97w%0F%9Fo%E0%AF0G%BA%AD%C0%98A%98+%27Q%97%F7_%7E%8CC%D5%BBb%D2k%E4%F5%0E%D7%9A%05%0B%E5%9A%97%19%0D%0A%07Y%18q%11t%CB%F7%06%09%CF%FAI%3Fz%23t%80%3D%7B5%AC%1B%A2%5EKo%E1%B0%CE%DF%DB%3B%3C%12%B6%C3ao%9B4%9F%D6%9FoY%C0%10%A6%E6%87%02U%D5h%85%D1%2F%28%A6%FAt%06%A7%B7%C2h%84%16%EE%9E%971%CCq%7D%3AC%D9%86N%DB%94%1B%1D%B7%F8%1E%24%1DB%C3%CA%9D%1F%DCmn%97T%5Cuk%B3%D3%90%9Ex%BB%1F%E9%B9%A6%FEW%9F%B6%D2%0D%DF%E7%BE%12%CEA%A1%CD%5C%CB%FC%F36%D3%5C%A6S%95%B6%B0h%C0%B4%AA%03%F6%AD%A8%A0%E0OW%1B%27%8A%A5j%3D%DF%AB%B2%82%91%22f%9A%A8%EE%A8%FB%FB%1D%25%2Cv%88%7C%2B%1C%1A%17%D0%02%C1%29%1F%00%9A.%FE*%80%83%83%CA%1D%BFU%1E%F3%B0%DB%C1%1E%FF%7E%8A%21%BAX%F7%DF%7B%1A%13%5CX%94%C5%05%C8O%E96%DF%A8%DF%CD%7D%CA%96%FD%AA%40%D4%E22*9c%F6%C2u%D5%07%1Fn%EC%C9%1F4%96%A9%12%B7p%3A%9B%BC%FE%CE%88%10aBD%B5%DF%0F%CD%DF%BE%D8U%C7%C8c%86BG%FA%8DV%B1%5Ctt%A2*%2C%24%D6%5E%A3%EA%9A%C5%10%60%91Q%85%87%97%8A%8F%81%D0%12Zy%CD%23uFU%02%B4%AC6%E3qFh%A1Ct%14%B2%8A%224%BAX%C1%2C%AA%DDe%0E%0D4%96%2B%28%F7%92k%24S%05e%C5%C2A%40%8A%A5r%1D%09%D2%2C%81%40%F2%02V%89%A1%86yn%15%1E%23%9F%94Q%23%DF%92F%27%AAp*%FA9%97%7D%85X%96n%01%C5%11s%08%84NI%00%EF%DE%D9A7%23%0D%0Ae%94%82%5B%A5%F1%B4%D9hv%AB%B1%0B%A8%EF%B7%E3G%87%DF%28O%25%C9TI%C7b%8Ekpn%EF%BFJI%8B%FCr%10yE%D8%ECf%E0v%C4%3CT%5B%1A%1B%F0%F8%DBjk%DB%C1%3C8%91%92%A6%C3%14%87%8Dk%1EJ%A8%8D%A4%D5%F2%8AK%C93%DF%A5%E9%EC%24%96%CFf%28%5Eo_n4%C7q%3D%FFm%08%DC%28%BA%16d%DF%FE%FBY%D6%A7%80F%F1%ED%DExmd%5D%1CJ%22%E8%BF%DD%98%5D%96%07%40%95%FA%FC%8C%02t%EB%AB9UN%08%5B%C7%D8H%F7%87%FC%7Cf%9D%E2%B9%7B%8A%FD%13%EC%D9r%0BF%3F%BB%AE%DA%7F%8A%A1%17%80%D1%2C%5D%9B%1DL%DB%E9Y%C9%5CU%DF%82Q90%2B%D0%01w%B4%ED5M%CF%D6l%FD%AB%A0%AF%17%AECu%9A%DC%AAe%CC%0Ej%E4n%1B7%C1wzg%15e%BF%B1%A3%A1%94%EF%FBziB%9A%EB%CF%FB%0Fu%82%DD%0B%91%F1%E80%EBVb%B5%A5T%FAv%F5%EA%82%C8%F7%8D%E4EP%DFl%82%0F%27%FF%C90%F8%21%D9%18%5Bb%04-c%A2%0Edp%11%04%8E%DA%A0%F7%DC%21w%AD%3B%A8q%F8X%121%03%D8%EC%BE7W%B9%CE%96W%EF%CE%CE%1B_7%A3%FA%15%E4%DC1%CD%C9%DB%E3-%B5%BF%BD%EAl%EA%9B%AC%A3%95V7%80%E3j%D65uh%864%7E%A5w%3E%9F%B5q%2C%D7b%FEU%17%D3%A5%26P%DF%B6%7D%9BC%CE%90%82%AC%F3%8E%92%CF%E4E%B6%1E%0C%3A%E8%EA%B9Is%98%5D%5DAF%19%A3%82D%C2%E7%D4%FF%DC%B4%9FB%8E%AD%C3s%A8%F7%A1%E3Q%EB%7C%CC%E0%9E%F3%17%8E%EC%B9%8E%27%07t%5E%ED%FB2l%85%0FmB%94%86%25%CC%9A%B7%FF%08%84%AE%CDY%87T%07%D0q%FF%7F%9A%12%DA_%02%17%00%00" )</cHtmlScript>
<cHandlersListWidth>156</cHandlersListWidth>
<cConstants>kFullHeight</cConstants>
<cHtmlHandlers>urldecode( "%1F%8B%08%00%00%00%00%00%00%03%B3%29%B0%B3I%B2%B3%29.%05%12%99%B9%E9%0D%0A%C5E%C9%B6J%26%06%96%96%E6%26Jv6%FA+q%05%AD%E4%FC%BC%E2%92%C4%BC%92b%1B%7D%A02%FD%02%3B.%1Bl%DA%8C%8D%8D%0D%8D-%E1%DA%12sr%142%12%F3RrR%8BP4%AA%29%5BZ%A3%E9454%B341%86%EB%CC%CD%2F-Nu%C9%2F%CF%23Q%8Bk%5EIj%11%89z%7CR%13%CBRI%D4%E3%9BO%B2%96%D0%02%E25%14%A7%E6%A4%26%97%B8e%E6%A5%84%A4V%94%90%A0%2F3%D7%97%8C%60%80i%838%11%00%0FIe%02%11%02%00%00" )</cHtmlHandlers>
<cDirtyFlag>false</cDirtyFlag>
<cFolders>urldecode( "*constants%0D%0Aall+handlers" )</cFolders>
<cHandlers>urldecode( "mouseDown%0D%0AmouseEnter%0D%0AmouseLeave%0D%0AmouseMove%0D%0AmouseUp%0D%0AselectFindText%0D%0AsimMouseEnter%0D%0AsimMouseUp" )</cHandlers>
<cVscrollScript>1300</cVscrollScript>
<cVscrollHandlers>0</cVscrollHandlers>
<cHilitedLine>3</cHilitedLine>
<cGlobals>gGlx2LastFind</cGlobals>
</custompropertyset>
<script>urldecode( "--%3E+*constants%0D%0A%0D%0Aconstant+kFullHeight+%3D+56%0D%0A%0D%0Aglobal+gGlx2LastFind%0D%0A%0D%0A--%3E+all+handlers%0D%0A%0D%0A%2F**%0D%0A+*+mouseEnter%0D%0A+*%0D%0A+*%2F%0D%0Aon+mouseEnter%0D%0A++++set+the+doubleclickinterval+to+10%0D%0A++++simMouseEnter%0D%0Aend+mouseEnter%0D%0A%0D%0A%2F**%0D%0A+*+mouseLeave%0D%0A+*%0D%0A+*%2F%0D%0Aon+mouseLeave%0D%0A++++set+the+doubleclickinterval+to+250%0D%0A++++if+the+cExternalStatusBar+of+stack+%22revGLX2+code%22+is+true+then%0D%0A++++++++glx2SetStatus+%0D%0A++++end+if++++%0D%0Aend+mouseLeave%0D%0A%0D%0A%2F**%0D%0A+*+simMouseEnter%0D%0A+*%0D%0A+*%2F%0D%0Aon+simMouseEnter%0D%0A++++local+tToolTip%0D%0A++++local+tMsg%0D%0A++++%0D%0A++++lock+screen%0D%0A++++put+empty+into+tToolTip%0D%0A++++set+the+tooltip+of+me+to+tToolTip%0D%0A++++%0D%0A++++if+the+cShowToolTips+of+stack+%22revGLX2+code%22+is+true+then%0D%0A++++++++if+the+visible+of+grp+%22browser%22+is+true+then%0D%0A++++++++++++if+the+visible+of+grp+%22find%22+is+true+then%0D%0A++++++++++++++++put+%22%A5+Click+to+HIDE+the+GO%2FFIND+Pane%22+into+tToolTip%0D%0A++++++++++++else%0D%0A++++++++++++++++put+%22%A5+Click+to+SHOW+the+GO%2FFIND+Pane%22+into+tToolTip%0D%0A++++++++++++end+if%0D%0A++++++++else%0D%0A++++++++++++if+the+visible+of+grp+%22find%22+is+true+then%0D%0A++++++++++++++++if+the+platform+is+%22macos%22+then%0D%0A++++++++++++++++++++put+%22%A5+Click+to+HIDE+Find+Pane%22+into+tToolTip%0D%0A++++++++++++++++else%0D%0A++++++++++++++++++++put+%22*+Click+to+HIDE+Find+Pane%22+into+tToolTip%0D%0A++++++++++++++++end+if%0D%0A++++++++++++else%0D%0A++++++++++++++++if+the+platform+is+%22macos%22+then%0D%0A++++++++++++++++++++put+%22%A5+Click+to+SHOW+Find+Pane%22+into+tToolTip%0D%0A++++++++++++++++else%0D%0A++++++++++++++++++++put+%22*+Click+to+SHOW+Find+Pane%22+into+tToolTip%0D%0A++++++++++++++++end+if%0D%0A++++++++++++end+if%0D%0A++++++++end+if%0D%0A++++end+if%0D%0A++++%0D%0A++++if+the+cExternalStatusBar+of+stack+%22revGLX2+code%22+is+true+then%0D%0A++++++++if+tToolTip+is+empty+then%0D%0A++++++++++++put+empty+into+tMsg%0D%0A++++++++else%0D%0A++++++++++++set+the+tooltip+of+me+to+empty%0D%0A++++++++++++put+word+2+to+-1+of+tToolTip+into+tMsg%0D%0A++++++++end+if%0D%0A++++++++glx2SetStatus+tMsg%0D%0A++++else%0D%0A++++++++set+the+tooltip+of+me+to+tToolTip%0D%0A++++end+if%0D%0A++++%0D%0A++++unlock+screen%0D%0Aend+simMouseEnter%0D%0A%0D%0A%2F**%0D%0A+*+mouseMove%0D%0A+*%0D%0A+*%2F%0D%0Aon+mouseMove%0D%0A%0D%0Aend+mouseMove%0D%0A%0D%0A%2F**%0D%0A+*+mouseDown%0D%0A+*%0D%0A+*%2F%0D%0Aon+mouseDown+pMouseBtnNum%0D%0A++++--+trap%0D%0Aend+mouseDown%0D%0A%0D%0A%2F**%0D%0A+*+mouseUp%0D%0A+*%0D%0A+*+%40pMouseBtnNum%0D%0A+*+%40ppSaveVisibleState%0D%0A+*+%40ppSelectFindField%0D%0A+*%2F%0D%0Aon+mouseUp+pMouseBtnNum%2C+pSaveVisibleState%2C+pSelectFindField%0D%0A++++simMouseUp+pMouseBtnNum%2C+pSaveVisibleState%2C+pSelectFindField%0D%0Aend+mouseUp%0D%0A%0D%0A%2F**%0D%0A+*+simMouseUp%0D%0A+*%0D%0A+*+%40pMouseBtnNum%0D%0A+*+%40pSaveVisibleState%0D%0A+*+%40pSelectFindField%0D%0A+*%2F%0D%0Aon+simMouseUp+pMouseBtnNum%2C+pSaveVisibleState%2C+pSelectFindField%0D%0A++++local+tHideFindGrp%2C+tChunk%2C+tFullHeight%0D%0A++++local+tRect%2C+tScroll%0D%0A++++local+tBrowserID%0D%0A++++local+tWidth%2C+tHeight%0D%0A++++%0D%0A++++lock+screen%0D%0A++++lock+messages%0D%0A+++++%0D%0A++++put+kFullHeight+into+tFullHeight%0D%0A++++put+the+visible+of+grp+%22find%22+into+tHideFindGrp%0D%0A++++put+the+cSelectedChunk+of+fld+%22code+storage%22+into+tChunk%0D%0A++++focus+on+fld+%22find%22%0D%0A+++++%0D%0A++++put+the+scroll+of+fld+%22code+storage%22+into+tScroll++++++%0D%0A++++if+tHideFindGrp+is+true+then%0D%0A++++++++put+fld+%22find%22+into+gGlx2LastFind%0D%0A++++++++hide+grp+%22find%22%0D%0A++++++++put+the+rect+of+img+%22top+bg%22+into+tRect%0D%0A++++++++set+the+rect+of+grc+%22top+bg%22+to+tRect%0D%0A++++++++if+tChunk+is+not+empty+then%0D%0A++++++++++++try%0D%0A++++++++++++++++do+%22select%22+%26%26+tChunk%0D%0A++++++++++++catch+e%0D%0A++++++++++++end+try%0D%0A++++++++end+if%0D%0A++++else%0D%0A++++++++put+the+rect+of+grc+%22top+bg%22+into+tRect%0D%0A++++++++put+item+2+of+tRect+%2B+tFullHeight+into+item+4+of+tRect%0D%0A++++++++set+the+rect+of+grc+%22top+bg%22+to+tRect%0D%0A++++end+if%0D%0A+++++%0D%0A++++if+the+cEnablePanes+of+stack+%22revGLX2+code%22+is+true+then%0D%0A++++++++if+fld+%22code+storage+2%22+is+not+empty+then%0D%0A++++++++++++set+the+top+of+fld+%22handlers+2%22+to+the+bottom+of+grc+%22top+bg%22-1%0D%0A++++++++++++set+the+top+of+fld+%22code+storage+2%22+to+the+bottom+of+grc+%22top+bg%22-1%0D%0A++++++++else%0D%0A++++++++++++set+the+bottom+of+fld+%22handlers+2%22+to+the+bottom+of+grc+%22top+bg%22%2B8%0D%0A++++++++++++set+the+bottom+of+fld+%22code+storage+2%22+to+the+bottom+of+grc+%22top+bg%22%2B8%0D%0A++++++++end+if%0D%0A++++else%0D%0A++++++++set+the+bottom+of+fld+%22handlers+2%22+to+the+bottom+of+grc+%22top+bg%22%0D%0A++++++++set+the+bottom+of+fld+%22code+storage+2%22+to+the+bottom+of+grc+%22top+bg%22%0D%0A++++end+if%0D%0A+++++%0D%0A++++set+the+bottom+of+img+%22resize+2%22+to+the+bottom+of+fld+%22code+storage+2%22%0D%0A++++set+the+bottom+of+img+%22resize+right+2%22+to+the+bottom+of+fld+%22code+storage+2%22%0D%0A+++++%0D%0A++++put+the+rect+of+fld+%22handlers%22+into+tRect%0D%0A++++put+the+bottom+of+fld+%22handlers+2%22%2B1+into+item+2+of+tRect%0D%0A++++set+the+rect+of+fld+%22handlers%22+to+tRect%0D%0A+++++%0D%0A++++put+the+rect+of+fld+%22code+storage%22+into+tRect%0D%0A++++put+the+bottom+of+fld+%22code+storage+2%22%2B1+into+item+2+of+tRect%0D%0A++++set+the+rect+of+fld+%22code+storage%22+to+tRect%0D%0A+++++%0D%0A++++set+the+bottom+of+btn+%22split%22+to+the+bottom+of+fld+%22code+storage+2%22+%0D%0A+++++%0D%0A++++set+the+scroll+of+fld+%22code+storage%22+to+tScroll%0D%0A+++++%0D%0A++++simMouseEnter%0D%0A++++%0D%0A++++if+tHideFindGrp+is+false+then%0D%0A++++++++set+the+cSelectedChunk+of+fld+%22code+storage%22+to+tChunk%0D%0A++++++++put+gGlx2LastFind+into+fld+%22find%22%0D%0A++++++++show+grp+%22find%22%0D%0A++++++++put+getBrowserID%28%29+into+tBrowserID%0D%0A++++++++if+tBrowserID+is+not+empty+and+revBrowserGet%28tBrowserID%2C%22visible%22%29+is+true+then%0D%0A++++++++++++if+the+platform+is+%22macos%22+then%0D%0A++++++++++++++++revBrowserSet+tBrowserID%2C%22selected%22%2C%22%22%0D%0A++++++++++++end+if%0D%0A++++++++end+if%0D%0A++++end+if%0D%0A+++++%0D%0A++++if+pSaveVisibleState+is+not+false+then%0D%0A++++++++set+the+cFindPaneVisible+of+stack+%22revGLX2+code%22+to+the+visible+of+grp+%22find%22%0D%0A++++end+if%0D%0A+++++%0D%0A++++unlock+messages%0D%0A++++put+the+width+of+stack+%22revGLX2+code%22+into+tWidth%0D%0A++++put+the+height+of+stack+%22revGLX2+code%22+into+tHeight%0D%0A++++if+the+platform+is+%22macos%22+then%0D%0A++++++++put+tHeight%2B21+into+tHeight%0D%0A++++end+if%0D%0A++++doResizeStack+tWidth%2CtHeight%0D%0A++++if+tHideFindGrp+is+false+then%0D%0A++++++++send+%22selectFindText+pSelectFindField%22+to+me+in+100+millisecs%0D%0A++++end+if%0D%0A++++unlock+screen%0D%0Aend+simMouseUp%0D%0A%0D%0A%2F**%0D%0A+*+selectFindText%0D%0A+*%0D%0A+*+%40ppSelectFindField%0D%0A+*%2F%0D%0Aon+selectFindText+ppSelectFindField%0D%0A++++if+ppSelectFindField+is+not+false+then%0D%0A++++++++lock+messages%0D%0A++++++++focus+on+fld+%22find%22+of+stack+%22revGLX2+code%22%0D%0A++++++++select+char+1+to+-1+of+fld+%22find%22+of+stack+%22revGLX2+code%22%0D%0A++++++++unlock+messages%0D%0A++++end+if%0D%0Aend+selectFindText%0D%0A" )</script>
</button>
