<card name="card id 1002" id="1002">
<ink>srcCopy</ink>
<mark>false</mark>
<dontSearch>false</dontSearch>
<threeD>true</threeD>
<blendLevel>0</blendLevel>
<rect>0,0,463,225</rect>
<colors>urldecode( "3%2C3%2C3%0D%0A234%2C234%2C234%0D%0A%0D%0A%0D%0A%0D%0A%0D%0A%0D%0A" )</colors>
<cantDelete>false</cantDelete>
<id>1002</id>
<altId>0</altId>
<name>card "card id 1002"</name>
<layer>1</layer>
<borderWidth>2</borderWidth>
<showBorder>false</showBorder>
<custompropertyset name= "cGlx2General">
<cHscrollScript>0</cHscrollScript>
<cHscrollHandlers>0</cHscrollHandlers>
<cSelectedChunk>char 19 to 31</cSelectedChunk>
<cHtmlScript>urldecode( "%1F%8B%08%00%00%00%00%00%00%03%D3%D5%B5SH%CC%C9Q%C8H%CCK%C9I-*%E6%E2%CA%CFS%C8K-%F7%80%F0%B9%14%80%80%2B5%2F%05I%0C%00s%9AF%5D3%00%00%00" )</cHtmlScript>
<cHandlersListWidth>129</cHandlersListWidth>
<cHtmlHandlers>urldecode( "%1F%8B%08%00%00%00%00%00%00%03%B3%29%B0%B3I%B2%B3%29.%05%12%99%B9%E9%0D%0A%C5E%C9%B6J%C6%C6%C6%86%C6%96Jv6%FA+q%85%C4%9C%1C%85%8C%C4%BC%94%9C%D4%A2b%1B%7D%A0B%FD%02%3B.%9B%02%3B5eKk4%9D%A6%86f%96%26%C6p%9Dy%A9%E5%1E%10%8D+%3D%00%3E%1A%0C%FDl%00%00%00" )</cHtmlHandlers>
<cDirtyFlag>false</cDirtyFlag>
<cFolders>all handlers</cFolders>
<cHandlers>newHandler</cHandlers>
<cVscrollScript>0</cVscrollScript>
<cVscrollHandlers>0</cVscrollHandlers>
<cHilitedLine>2</cHilitedLine>
</custompropertyset>
<custompropertyset name= "cGlx2TimeStamp">
<xml_num_1218221339>end</xml_num_1218221339>
<xml_num_1218221206>start</xml_num_1218221206>
<xml_num_1218221349>start</xml_num_1218221349>
<checksum>urldecode( "%D4%1D%8C%D9%8F%00%B2%04%E9%80%09%98%EC%F8B%7E" )</checksum>
<xml_num_1218221352>end</xml_num_1218221352>
<xml_num_1218221335>start</xml_num_1218221335>
</custompropertyset>
</card>
