<button name="go back" id="621707">
<traversalOn>false</traversalOn>
<ink>srcCopy</ink>
<threeD>false</threeD>
<hiliteBorder>false</hiliteBorder>
<blendLevel>0</blendLevel>
<rect>49,53,71,73</rect>
<mnemonic>0</mnemonic>
<armFill>false</armFill>
<visitedIcon>0</visitedIcon>
<showName>false</showName>
<showIcon>true</showIcon>
<hilited>false</hilited>
<sharedHilite>false</sharedHilite>
<shadow>false</shadow>
<textAlign>center</textAlign>
<armed>false</armed>
<menuMouseButton>1</menuMouseButton>
<id>621707</id>
<altId>0</altId>
<labelWidth>0</labelWidth>
<armedIcon>621698</armedIcon>
<lockLoc>false</lockLoc>
<visited>false</visited>
<showHilite>false</showHilite>
<autoHilite>false</autoHilite>
<style>rectangle</style>
<disabledIcon>0</disabledIcon>
<armBorder>true</armBorder>
<name>button "go back"</name>
<icon>623541</icon>
<layer>56</layer>
<visible>true</visible>
<cantSelect>false</cantSelect>
<borderWidth>2</borderWidth>
<menuLines>5</menuLines>
<margins>4</margins>
<opaque>false</opaque>
<shadowOffset>4</shadowOffset>
<default>false</default>
<hiliteFill>true</hiliteFill>
<showBorder>false</showBorder>
<hiliteIcon>621698</hiliteIcon>
<disabled>false</disabled>
<autoArm>false</autoArm>
<family>0</family>
<hoverIcon>621698</hoverIcon>
<showFocusBorder>true</showFocusBorder>
<menuHistory>1</menuHistory>
<custompropertyset name= "cGlx2TimeStamp">
<checksum>urldecode( "%89%16%9A%BD%B9%1C%99%11w%DD%CB%1A%FD4%9D%FF" )</checksum>
</custompropertyset>
<script>urldecode( "--%3E+all+handlers%0D%0A%0D%0Aon+mouseUp+pMouseBtnNo%0D%0A++++glx2GoBack%0D%0Aend+mouseUp%0D%0A%0D%0Aon+mouseEnter%0D%0A++++set+the+doubleclickinterval+to+10%0D%0A++++glx2SetStatus+%22Click+to+GO+BACK+to+previous+page+in+history%22%0D%0Aend+mouseEnter%0D%0A%0D%0Aon+mouseLeave%0D%0A++++set+the+doubleclickinterval+to+250%0D%0Aend+mouseLeave%0D%0A" )</script>
</button>
