<group name="spaces dlog" id="739223">
<traversalOn>true</traversalOn>
<ink>srcCopy</ink>
<dontSearch>false</dontSearch>
<threeD>false</threeD>
<scrollbarWidth>20</scrollbarWidth>
<blendLevel>0</blendLevel>
<rect>22,519,158,581</rect>
<showName>false</showName>
<colors>urldecode( "%0D%0A90%2C90%2C90%0D%0A%0D%0A255%2C255%2C255%0D%0A%0D%0A%0D%0A%0D%0A" )</colors>
<hScroll>0</hScroll>
<backgroundBehavior>false</backgroundBehavior>
<cantDelete>false</cantDelete>
<vScrollbar>false</vScrollbar>
<tabGroupBehavior>false</tabGroupBehavior>
<hScrollbar>false</hScrollbar>
<id>739223</id>
<altId>0</altId>
<radioBehavior>false</radioBehavior>
<lockLoc>false</lockLoc>
<name>group "spaces dlog"</name>
<layer>176</layer>
<visible>false</visible>
<cantSelect>false</cantSelect>
<borderWidth>1</borderWidth>
<margins>4</margins>
<opaque>true</opaque>
<showBorder>false</showBorder>
<disabled>false</disabled>
<vScroll>0</vScroll>
<hilitedButton>0</hilitedButton>
<custompropertyset name= "cGlx2TimeStamp">
<checksum>urldecode( "Oy%B0X%F8%8BI%81%3E%FDCXSjC%B2" )</checksum>
</custompropertyset>
<script>urldecode( "--%3E+all+handlers%0D%0A%0D%0Aon+mousemove%0D%0A++++%0D%0Aend+mousemove%0D%0A%0D%0Aon+mouseEnter%0D%0A++++%0D%0Aend+mouseEnter%0D%0A%0D%0Aon+mouseLeave%0D%0A++++%0D%0Aend+mouseLeave%0D%0A" )</script>
</group>
