<image name="gray-add.png" id="1109">
<traversalOn>false</traversalOn>
<palindromeFrames>false</palindromeFrames>
<ink>srcCopy</ink>
<threeD>true</threeD>
<blendLevel>0</blendLevel>
<rect>262,297,278,313</rect>
<angle>0</angle>
<yHot>1</yHot>
<id>1109</id>
<altId>0</altId>
<frameCount>0</frameCount>
<constantMask>false</constantMask>
<lockLoc>false</lockLoc>
<repeatCount>0</repeatCount>
<size>765</size>
<name>image "gray-add.png"</name>
<hotSpot>1,1</hotSpot>
<alwaysBuffer>true</alwaysBuffer>
<layer>44</layer>
<dontDither>false</dontDither>
<visible>false</visible>
<cantSelect>false</cantSelect>
<borderWidth>2</borderWidth>
<opaque>false</opaque>
<currentFrame>1</currentFrame>
<showBorder>false</showBorder>
<disabled>false</disabled>
<xHot>1</xHot>
<showFocusBorder>true</showFocusBorder>
<custompropertyset name= "cGlx2TimeStamp">
</custompropertyset>
<imagedata>urldecode( "%00%7D%7D%7D%00%7D%7D%7D%00%7D%7D%7D%00%7D%7D%7D%00%7D%7D%7D%00%7D%7D%7D%00%7D%7D%7D%00%7D%7D%7D%00%7D%7D%7D%00%7D%7D%7D%00%7D%7D%7D%00%7D%7D%7D%00%7D%7D%7D%00%7D%7D%7D%00%7D%7D%7D%00%7D%7D%7D%00%7D%7D%7D%00%7D%7D%7D%00%7D%7D%7D%00%7D%7D%7D%00%7D%7D%7D%00ppp%00%7F%7F%7F%00%89%89%89%00%85%85%85%00zzz%00iii%00zzz%00%7D%7D%7D%00%7D%7D%7D%00%7D%7D%7D%00%7D%7D%7D%00%7D%7D%7D%00%7D%7D%7D%00%7D%7D%7D%00%8A%8A%8A%00%8E%8E%8E%00%C5%C5%C5%00%CD%CD%CD%00%BB%BB%BB%00%AD%AD%AD%00%A7%A7%A7%00%99%99%99%00yyy%00zzz%00%7D%7D%7D%00%7D%7D%7D%00%7D%7D%7D%00%7D%7D%7D%00%7D%7D%7D%00%89%89%89%00%9F%9F%9F%00%D7%D7%D7%00%BD%BD%BD%00%82%82%82%00%87%87%87%00%87%87%87%00%B4%B4%B4%00%98%98%98%00%96%96%96%00%7B%7B%7B%00www%00%7D%7D%7D%00%7D%7D%7D%00%7D%7D%7D%00%7E%7E%7E%00%8D%8D%8D%00%D7%D7%D7%00%B7%B7%B7%00%B2%B2%B2%00%87%87%87%00%F0%F0%F0%00%EA%EA%EA%00%E8%E8%E8%00%96%96%96%00%91%91%91%00%90%90%90%00nnn%00mmm%00%7D%7D%7D%00%7D%7D%7D%00ppp%00%C1%C1%C1%00%BD%BD%BD%00%B1%B1%B1%00%B0%B0%B0%00%87%87%87%00%E9%E9%E9%00%E5%E5%E5%00%E8%E8%E8%00%94%94%94%00%8D%8D%8D%00%8B%8B%8B%00zzz%00%5D%5D%5D%00%7D%7D%7D%00%7D%7D%7D%00%7B%7B%7B%00%CA%CA%CA%00%87%87%87%00%87%87%87%00%87%87%87%00%B0%B0%B0%00%EB%EB%EB%00%EC%EC%EC%00%B4%B4%B4%00%87%87%87%00%87%87%87%00%B4%B4%B4%00%7C%7C%7C%00%5D%5D%5D%00%7D%7D%7D%00%7D%7D%7D%00%83%83%83%00%B7%B7%B7%00%87%87%87%00%F0%F0%F0%00%EA%EA%EA%00%EA%EA%EA%00%E9%E9%E9%00%EC%EC%EC%00%F3%F3%F3%00%F9%F9%F9%00%F7%F7%F7%00%E8%E8%E8%00yyy%00%5C%5C%5C%00%7D%7D%7D%00%7D%7D%7D%00%7F%7F%7F%00%AC%AC%AC%00%87%87%87%00%EC%EC%EC%00%E5%E5%E5%00%EB%EB%EB%00%EE%EE%EE%00%F2%F2%F2%00%F9%F9%F9%00%FA%FA%FA%00%F7%F7%F7%00%E8%E8%E8%00ooo%00%5C%5C%5C%00%7D%7D%7D%00%7D%7D%7D%00uuu%00%A5%A5%A5%00%B3%B3%B3%00%E8%E8%E8%00%E8%E8%E8%00%B4%B4%B4%00%F4%F4%F4%00%F8%F8%F8%00%E8%E8%E8%00%E8%E8%E8%00%E8%E8%E8%00%E8%E8%E8%00bbb%00XXX%00%7D%7D%7D%00%7D%7D%7D%00eee%00%97%97%97%00%90%90%90%00%91%91%91%00%90%90%90%00%87%87%87%00%FA%FA%FA%00%FC%FC%FC%00%E8%E8%E8%00%83%83%83%00%83%83%83%00ttt%00%5B%5B%5B%00VVV%00%7D%7D%7D%00%7D%7D%7D%00rrr%00vvv%00%8F%8F%8F%00%8B%8B%8B%00%8B%8B%8B%00%87%87%87%00%F9%F9%F9%00%F8%F8%F8%00%E8%E8%E8%00%82%82%82%00zzz%00%5B%5B%5B%00XXX%00%5C%5C%5C%00%7D%7D%7D%00%7D%7D%7D%00%7D%7D%7D%00vvv%00www%00%8B%8B%8B%00%86%86%86%00%B4%B4%B4%00%E8%E8%E8%00%E7%E7%E7%00%E8%E8%E8%00ttt%00%5B%5B%5B%00ZZZ%00fff%00%7D%7D%7D%00%7D%7D%7D%00%7D%7D%7D%00%7D%7D%7D%00%7D%7D%7D%00sss%00jjj%00zzz%00%7C%7C%7C%00yyy%00qqq%00ddd%00YYY%00WWW%00hhh%00%7D%7D%7D%00%7D%7D%7D%00%7D%7D%7D%00%7D%7D%7D%00%7D%7D%7D%00%7D%7D%7D%00%7D%7D%7D%00ddd%00ZZZ%00ZZZ%00ZZZ%00XXX%00TTT%00VVV%00%60%60%60%00%7D%7D%7D%00%7D%7D%7D%00%7D%7D%7D%00%7D%7D%7D%00%7D%7D%7D%00%7D%7D%7D%00%7D%7D%7D%00%7D%7D%7D%00%7D%7D%7D%00%7D%7D%7D%00%7D%7D%7D%00%7D%7D%7D%00%7D%7D%7D%00%7D%7D%7D%00%7D%7D%7D%00%7D%7D%7D%00%7D%7D%7D%00%7D%7D%7D%00%7D%7D%7D%00%7D%7D%7D" )</imagedata>
</image>
