<button name="Add WS" id="739220">
<traversalOn>false</traversalOn>
<ink>srcCopy</ink>
<threeD>false</threeD>
<hiliteBorder>false</hiliteBorder>
<blendLevel>0</blendLevel>
<rect>179,436,193,450</rect>
<mnemonic>0</mnemonic>
<armFill>false</armFill>
<visitedIcon>0</visitedIcon>
<showName>false</showName>
<showIcon>true</showIcon>
<hilited>false</hilited>
<sharedHilite>false</sharedHilite>
<shadow>false</shadow>
<textAlign>center</textAlign>
<armed>false</armed>
<menuMouseButton>1</menuMouseButton>
<id>739220</id>
<altId>0</altId>
<labelWidth>0</labelWidth>
<armedIcon>0</armedIcon>
<lockLoc>false</lockLoc>
<visited>false</visited>
<showHilite>false</showHilite>
<autoHilite>false</autoHilite>
<style>transparent</style>
<disabledIcon>0</disabledIcon>
<armBorder>true</armBorder>
<name>button "Add WS"</name>
<icon>700258</icon>
<layer>173</layer>
<visible>false</visible>
<cantSelect>false</cantSelect>
<borderWidth>0</borderWidth>
<menuLines>5</menuLines>
<margins>4</margins>
<opaque>false</opaque>
<shadowOffset>4</shadowOffset>
<default>false</default>
<hiliteFill>true</hiliteFill>
<showBorder>false</showBorder>
<hiliteIcon>0</hiliteIcon>
<disabled>false</disabled>
<autoArm>false</autoArm>
<family>0</family>
<hoverIcon>700254</hoverIcon>
<showFocusBorder>true</showFocusBorder>
<menuHistory>1</menuHistory>
<custompropertyset name= "cGlx2TimeStamp">
<checksum>urldecode( "to%D1Wv4%E5%60%90%7B%A9%83%DE%B8%A0%FE" )</checksum>
</custompropertyset>
<script>urldecode( "--%3E+all+handlers%0D%0A%0D%0Aon+mouseDown+pMouseBtnNum%0D%0A++--++selectme%0D%0Aend+mouseDown%0D%0A%0D%0Aon+mouseUp+pMouseBtnNo%0D%0A++++lock+screen%0D%0A++++if+the+hilited+of+btn+%22edit+home%22+is+false+then%0D%0A++++++++send+%22simMouseDown%22+to+btn+%22edit+home%22%0D%0A++++++++set+the+showborder+of+the+owner+of+me+to+true%0D%0A++++end+if%0D%0A++++send+%22menupick+new+Mainstack%22+to+btn+%22file%22+of+grp+%22GLX2+menubar%22%0D%0A++++unlock+screen%0D%0A++++exit+mouseUp%0D%0A++++put+1+into+pMouseBtnNo%0D%0A++++set+the+wholematches+to+true%0D%0A++++put+lineoffset%28%22+++%22+%26+theNewSpace%2Cfld+%22work+spaces%22%29+into+theLineNo%0D%0A++++set+the+wholematches+to+false%0D%0A++++if+theLineNo+is+not+zero+then%0D%0A++++++++put+true+into+simDoubleClick%0D%0A++++++++send+%22mouseDoubleUp+pMouseBtnNum%2CtheLineNo%2CsimDoubleClick%22+to+fld+%22work+spaces%22%0D%0A++++++++focus+on+fld+%22edit+space%22%0D%0A++++end+if%0D%0A++++unlock+screen%0D%0Aend+mouseUp%0D%0A%0D%0Aon+mouseEnter%0D%0A++++glx2SetStatus+%22Click+to+ADD+a+new+Work+Space+to+this+Widget%22%0D%0Aend+mouseEnter%0D%0A" )</script>
</button>
