<stack name="Prop Palette Importer" id="1018">
<windowManagerPlace>false</windowManagerPlace>
<blendLevel>0</blendLevel>
<rect>439,364,902,589</rect>
<maxWidth>65535</maxWidth>
<cantAbort>false</cantAbort>
<decorations>title,menu,minimize,maximize,close</decorations>
<iconic>false</iconic>
<shadow>true</shadow>
<cantDelete>false</cantDelete>
<id>1018</id>
<altId>0</altId>
<hcAddressing>false</hcAddressing>
<startUpIconic>false</startUpIconic>
<windowShape>0</windowShape>
<cantModify>false</cantModify>
<maxHeight>65535</maxHeight>
<style>toplevel</style>
<destroyWindow>true</destroyWindow>
<liveresizing>false</liveresizing>
<scroll>0</scroll>
<passkey>true</passkey>
<resizable>false</resizable>
<name>stack "Prop Palette Importer"</name>
<icon>0</icon>
<formatForPrinting>false</formatForPrinting>
<alwaysBuffer>true</alwaysBuffer>
<visible>true</visible>
<metal>false</metal>
<minWidth>32</minWidth>
<destroyStack>true</destroyStack>
<minHeight>32</minHeight>
<dynamicPaths>false</dynamicPaths>
<custompropertyset name= "cGlx2TimeStamp">
<checksum>urldecode( "%D4%1D%8C%D9%8F%00%B2%04%E9%80%09%98%EC%F8B%7E" )</checksum>
</custompropertyset>
<mainstack>revGLX2 Code</mainstack>
</stack>
