<field name="clairvoyance exclusions" id="1066">
<traversalOn>true</traversalOn>
<ink>srcCopy</ink>
<firstIndent>0</firstIndent>
<dontSearch>false</dontSearch>
<toggleHilites>false</toggleHilites>
<threeD>true</threeD>
<scrollbarWidth>16</scrollbarWidth>
<blendLevel>0</blendLevel>
<rect>25,289,135,365</rect>
<multipleHilites>false</multipleHilites>
<colors>urldecode( "%0D%0A243%2C243%2C243%0D%0A%0D%0A%0D%0A%0D%0A%0D%0A%0D%0A" )</colors>
<shadow>false</shadow>
<hScroll>0</hScroll>
<textAlign>left</textAlign>
<vScrollbar>true</vScrollbar>
<hScrollbar>false</hScrollbar>
<id>1066</id>
<altId>0</altId>
<autoTab>false</autoTab>
<hGrid>false</hGrid>
<lockLoc>false</lockLoc>
<dontWrap>true</dontWrap>
<autoHilite>true</autoHilite>
<style>scrolling</style>
<showLines>false</showLines>
<sharedText>true</sharedText>
<noncontiguousHilites>false</noncontiguousHilites>
<lockText>true</lockText>
<scroll>0</scroll>
<name>field "clairvoyance exclusions"</name>
<vGrid>false</vGrid>
<listBehavior>true</listBehavior>
<layer>35</layer>
<visible>true</visible>
<cantSelect>false</cantSelect>
<borderWidth>2</borderWidth>
<margins>8</margins>
<htmlText>urldecode( "%3Cp%3Echar%3C%2Fp%3E%0D%0A%3Cp%3Einto%3C%2Fp%3E%0D%0A%3Cp%3Eitem%3C%2Fp%3E%0D%0A%3Cp%3Eline%3C%2Fp%3E%0D%0A%3Cp%3Elock%3C%2Fp%3E%0D%0A%3Cp%3Enext%3C%2Fp%3E%0D%0A%3Cp%3Escreen%3C%2Fp%3E%0D%0A%3Cp%3Ethe%3C%2Fp%3E%0D%0A%3Cp%3Ethis%3C%2Fp%3E%0D%0A%3Cp%3Eunlock%3C%2Fp%3E%0D%0A%3Cp%3Eword%3C%2Fp%3E" )</htmlText>
<threeDHilite>false</threeDHilite>
<opaque>true</opaque>
<shadowOffset>4</shadowOffset>
<showBorder>true</showBorder>
<disabled>false</disabled>
<fixedLineHeight>true</fixedLineHeight>
<vScroll>0</vScroll>
<showFocusBorder>true</showFocusBorder>
<custompropertyset name= "cGlx2TimeStamp">
</custompropertyset>
<custompropertyset name= "cREVTable">
</custompropertyset>
<script>urldecode( "--%3E+all+handlers%0D%0A%0D%0Aon+mouseDoubleUp%0D%0A++++send+%22mouseUp%22+to+img+%22edit.png%22%0D%0Aend+mouseDoubleUp%0D%0A%0D%0Aon+mouseUp%0D%0A++++set+the+cHilitedLine+of+me+to+the+hilitedline+of+me%0D%0Aend+mouseUp%0D%0A" )</script>
</field>
