<button name="Columnar Comments" id="1046">
<traversalOn>true</traversalOn>
<ink>srcCopy</ink>
<threeD>true</threeD>
<hiliteBorder>false</hiliteBorder>
<blendLevel>0</blendLevel>
<rect>20,51,155,72</rect>
<mnemonic>0</mnemonic>
<armFill>false</armFill>
<visitedIcon>0</visitedIcon>
<showName>true</showName>
<showIcon>false</showIcon>
<hilited>false</hilited>
<sharedHilite>true</sharedHilite>
<shadow>false</shadow>
<textAlign>left</textAlign>
<armed>false</armed>
<menuMouseButton>1</menuMouseButton>
<id>1046</id>
<altId>0</altId>
<labelWidth>0</labelWidth>
<armedIcon>0</armedIcon>
<lockLoc>false</lockLoc>
<visited>false</visited>
<showHilite>false</showHilite>
<autoHilite>true</autoHilite>
<style>checkbox</style>
<disabledIcon>0</disabledIcon>
<armBorder>true</armBorder>
<name>button "Columnar Comments"</name>
<icon>0</icon>
<layer>15</layer>
<visible>true</visible>
<cantSelect>false</cantSelect>
<borderWidth>2</borderWidth>
<menuLines>5</menuLines>
<margins>3,4,4,4</margins>
<opaque>false</opaque>
<shadowOffset>4</shadowOffset>
<default>false</default>
<hiliteFill>true</hiliteFill>
<showBorder>false</showBorder>
<hiliteIcon>0</hiliteIcon>
<disabled>false</disabled>
<autoArm>false</autoArm>
<family>0</family>
<hoverIcon>0</hoverIcon>
<showFocusBorder>true</showFocusBorder>
<menuHistory>1</menuHistory>
<custompropertyset name= "cGlx2TimeStamp">
<checksum>urldecode( "%97%CC%D1%26E%92%80oK%3E%D05%F4%A3v%21" )</checksum>
</custompropertyset>
<script>urldecode( "--%3E+all+handlers%0D%0A%0D%0Aon+mouseUp+pMouseBtnNo%0D%0A++++put+the+mainstack+of+this+stack+into+theParentStack++++++++%0D%0A++++set+the+cColumnarComments+of+stack+theParentStack+to+the+hilited+of+me%0D%0A++++glx2SavePrefs%0D%0A++++set+the+defaultstack+to+theParentStack%0D%0A++++lock+screen%0D%0A++++if+the+hilited+of+me+is+true+then%0D%0A++++++++set+the+vgrid+of+fld+%22code+storage%22+of+stack+%22revGLX2+code%22+to+true%0D%0A++++++++set+the+vgrid+of+fld+%22temp+storage%22+of+stack+%22revGLX2+code%22+to+true%0D%0A++++++++set+the+text+of+fld+%22temp+storage%22+of+stack+%22revGLX2+code%22+to+the+text+of+fld+%22code+storage%22+of+stack+%22revGLX2+code%22%0D%0A++++++++replace+tab+with+return+%26+tab+in+fld+%22temp+storage%22+of+stack+%22revGLX2+code%22%0D%0A++++++++filter+fld+%22temp+storage%22+of+stack+%22revGLX2+code%22+without+tab+%26+%22*%22%0D%0A++++++++put+the+formattedwidth+of+line+1+to+-1+of+fld+%22temp+storage%22+of+stack+%22revGLX2+code%22+%2B+20+into+theProposedStop%0D%0A++++++++if+theProposedStop+%3C+400+then%0D%0A++++++++++++put+400+into+theProposedStop%0D%0A++++++++end+if%0D%0A++++++++put+theProposedStop+into+item+1+of+theTabStops%0D%0A++++++++put+4000+into+item+2+of+theTabStops%0D%0A++++++++set+the+tabstops+of+fld+%22code+storage%22+of+stack+%22revGLX2+code%22+to+theTabStops%0D%0A++++++++set+the+vgrid+of+fld+%22code+storage+2%22+of+stack+%22revGLX2+code%22+to+true%0D%0A++++++++set+the+vgrid+of+fld+%22temp+storage%22+of+stack+%22revGLX2+code%22+to+true%0D%0A++++++++set+the+text+of+fld+%22temp+storage%22+of+stack+%22revGLX2+code%22+to+the+text+of+fld+%22code+storage+2%22+of+stack+%22revGLX2+code%22%0D%0A++++++++replace+tab+with+return+%26+tab+in+fld+%22temp+storage%22+of+stack+%22revGLX2+code%22%0D%0A++++++++filter+fld+%22temp+storage%22+of+stack+%22revGLX2+code%22+without+tab+%26+%22*%22%0D%0A++++++++put+the+formattedwidth+of+line+1+to+-1+of+fld+%22temp+storage%22+of+stack+%22revGLX2+code%22+%2B+20+into+theProposedStop%0D%0A++++++++if+theProposedStop+%3C+400+then%0D%0A++++++++++++put+400+into+theProposedStop%0D%0A++++++++end+if%0D%0A++++++++put+theProposedStop+into+item+1+of+theTabStops%0D%0A++++++++put+4000+into+item+2+of+theTabStops%0D%0A++++++++set+the+tabstops+of+fld+%22code+storage+2%22+of+stack+%22revGLX2+code%22+to+theTabStops%0D%0A++++++++set+the+defaultstack+to+%22revGLX2+code+docs%22%0D%0A++++else%0D%0A++++++++set+the+vgrid+of+fld+%22code+storage%22+of+stack+%22revGLX2+code%22+to+false%0D%0A++++++++set+the+vgrid+of+fld+%22code+storage+2%22+of+stack+%22revGLX2+code%22+to+false%0D%0A++++++++set+the+tabstops+of+fld+%22code+storage%22+of+stack+%22revGLX2+code%22+to+empty%0D%0A++++++++set+the+tabstops+of+fld+%22code+storage+2%22+of+stack+%22revGLX2+code%22+to+empty%0D%0A++++end+if%0D%0A++++unlock+screen%0D%0Aend+mouseUp%0D%0A" )</script>
</button>
