<image name="resize 2" id="358466">
<traversalOn>false</traversalOn>
<palindromeFrames>false</palindromeFrames>
<ink>srcCopy</ink>
<threeD>true</threeD>
<blendLevel>0</blendLevel>
<rect>319,96,335,112</rect>
<angle>0</angle>
<yHot>1</yHot>
<id>358466</id>
<altId>0</altId>
<frameCount>0</frameCount>
<constantMask>false</constantMask>
<lockLoc>false</lockLoc>
<repeatCount>0</repeatCount>
<size>1020</size>
<name>image "resize 2"</name>
<hotSpot>1,1</hotSpot>
<alwaysBuffer>false</alwaysBuffer>
<layer>24</layer>
<dontDither>false</dontDither>
<visible>false</visible>
<cantSelect>false</cantSelect>
<borderWidth>2</borderWidth>
<opaque>true</opaque>
<currentFrame>1</currentFrame>
<showBorder>false</showBorder>
<disabled>false</disabled>
<xHot>1</xHot>
<showFocusBorder>true</showFocusBorder>
<custompropertyset name= "cGlx2TimeStamp">
<checksum>urldecode( "%92m%B0EQ28%AF%19%92%1DA%09%E6%BD%8D" )</checksum>
</custompropertyset>
<imagedata>urldecode( "%00%B8%B8%B8%00%C0%C0%C0%00%C8%C8%C8%00%D3%D3%D3%00%DB%DB%DB%00%E4%E4%E4%00%EB%EB%EB%00%F1%F1%F1%00%F6%F6%F6%00%FA%FA%FA%00%FB%FB%FB%00%FC%FC%FC%00%F9%F9%F9%00%F4%F4%F4%00%EF%EF%EF%00%DB%DB%DB%00%B8%B8%B8%00%C0%C0%C0%00%C8%C8%C8%00%D3%D3%D3%00%DB%DB%DB%00%E4%E4%E4%00%EB%EB%EB%00%F1%F1%F1%00%F6%F6%F6%00%FA%FA%FA%00%FB%FB%FB%00%FC%FC%FC%00%F9%F9%F9%00%F4%F4%F4%00%EF%EF%EF%00%DB%DB%DB%00%B8%B8%B8%00%C0%C0%C0%00%C8%C8%C8%00%D3%D3%D3%00%DB%DB%DB%00%E4%E4%E4%00%EB%EB%EB%00%F1%F1%F1%00%F6%F6%F6%00%FA%FA%FA%00%FB%FB%FB%00%FC%FC%FC%00%F9%F9%F9%00%F4%F4%F4%00%EF%EF%EF%00%DB%DB%DB%00%B8%B8%B8%00%C0%C0%C0%00%C8%C8%C8%00%D3%D3%D3%00%DB%DB%DB%00%E4%E4%E4%00%EB%EB%EB%00%F1%F1%F1%00%F6%F6%F6%00%FA%FA%FA%00%FB%FB%FB%00%FC%FC%FC%00%F9%F9%F9%00%F4%F4%F4%00%EF%EF%EF%00%DB%DB%DB%00%B8%B8%B8%00%C0%C0%C0%00%C8%C8%C8%00%D3%D3%D3%00%DB%DB%DB%00%E4%E4%E4%00%EB%EB%EB%00%F1%F1%F1%00%F6%F6%F6%00%FA%FA%FA%00%FB%FB%FB%00%FC%FC%FC%00%F9%F9%F9%00%F4%F4%F4%00%EF%EF%EF%00%DB%DB%DB%00%B8%B8%B8%00%C0%C0%C0%00%C8%C8%C8%00%D3%D3%D3%00%DB%DB%DB%00%E4%E4%E4%00KKK%00%F1%F1%F1%00%F6%F6%F6%00KKK%00%FB%FB%FB%00%FC%FC%FC%00%F9%F9%F9%00%F4%F4%F4%00%EF%EF%EF%00%DB%DB%DB%00%B8%B8%B8%00%C0%C0%C0%00%C8%C8%C8%00%D3%D3%D3%00%DB%DB%DB%00%E4%E4%E4%00%EB%EB%EB%00%F1%F1%F1%00%F6%F6%F6%00%FA%FA%FA%00%FB%FB%FB%00%FC%FC%FC%00%F9%F9%F9%00%F4%F4%F4%00%EF%EF%EF%00%DB%DB%DB%00%B8%B8%B8%00%C0%C0%C0%00%C8%C8%C8%00%D3%D3%D3%00%DB%DB%DB%00%E4%E4%E4%00%EB%EB%EB%00%F1%F1%F1%00%F6%F6%F6%00%FA%FA%FA%00%FB%FB%FB%00%FC%FC%FC%00%F9%F9%F9%00%F4%F4%F4%00%EF%EF%EF%00%DB%DB%DB%00%B8%B8%B8%00%C0%C0%C0%00%C8%C8%C8%00%D3%D3%D3%00%DB%DB%DB%00%E4%E4%E4%00%EB%EB%EB%00%F1%F1%F1%00%F6%F6%F6%00%FA%FA%FA%00%FB%FB%FB%00%FC%FC%FC%00%F9%F9%F9%00%F4%F4%F4%00%EF%EF%EF%00%DB%DB%DB%00%B8%B8%B8%00%C0%C0%C0%00%C8%C8%C8%00%D3%D3%D3%00%DB%DB%DB%00%E4%E4%E4%00KKK%00%F1%F1%F1%00%F6%F6%F6%00KKK%00%FB%FB%FB%00%FC%FC%FC%00%F9%F9%F9%00%F4%F4%F4%00%EF%EF%EF%00%DB%DB%DB%00%B8%B8%B8%00%C0%C0%C0%00%C8%C8%C8%00%D3%D3%D3%00%DB%DB%DB%00%E4%E4%E4%00%EB%EB%EB%00%F1%F1%F1%00%F6%F6%F6%00%FA%FA%FA%00%FB%FB%FB%00%FC%FC%FC%00%F9%F9%F9%00%F4%F4%F4%00%EF%EF%EF%00%DB%DB%DB%00%B8%B8%B8%00%C0%C0%C0%00%C8%C8%C8%00%D3%D3%D3%00%DB%DB%DB%00%E4%E4%E4%00%EB%EB%EB%00%F1%F1%F1%00%F6%F6%F6%00%FA%FA%FA%00%FB%FB%FB%00%FC%FC%FC%00%F9%F9%F9%00%F4%F4%F4%00%EF%EF%EF%00%DB%DB%DB%00%B8%B8%B8%00%C0%C0%C0%00%C8%C8%C8%00%D3%D3%D3%00%DB%DB%DB%00%E4%E4%E4%00%EB%EB%EB%00%F1%F1%F1%00%F6%F6%F6%00%FA%FA%FA%00%FB%FB%FB%00%FC%FC%FC%00%F9%F9%F9%00%F4%F4%F4%00%EF%EF%EF%00%DB%DB%DB%00%B8%B8%B8%00%C0%C0%C0%00%C8%C8%C8%00%D3%D3%D3%00%DB%DB%DB%00%E4%E4%E4%00%EB%EB%EB%00%F1%F1%F1%00%F6%F6%F6%00%FA%FA%FA%00%FB%FB%FB%00%FC%FC%FC%00%F9%F9%F9%00%F4%F4%F4%00%EF%EF%EF%00%DB%DB%DB%00%B8%B8%B8%00%C0%C0%C0%00%C8%C8%C8%00%D3%D3%D3%00%DB%DB%DB%00%E4%E4%E4%00%EB%EB%EB%00%F1%F1%F1%00%F6%F6%F6%00%FA%FA%FA%00%FB%FB%FB%00%FC%FC%FC%00%F9%F9%F9%00%F4%F4%F4%00%EF%EF%EF%00%DB%DB%DB%00%B8%B8%B8%00%C0%C0%C0%00%C8%C8%C8%00%D3%D3%D3%00%DB%DB%DB%00%E4%E4%E4%00%EB%EB%EB%00%F1%F1%F1%00%F6%F6%F6%00%FA%FA%FA%00%FB%FB%FB%00%FC%FC%FC%00%F9%F9%F9%00%F4%F4%F4%00%EF%EF%EF%00%DB%DB%DB" )</imagedata>
<script>urldecode( "--%3E+variables+%26+constants%0D%0A%0D%0Alocal+sResizing%2CsDiffH%2CsDiffV%0D%0A%0D%0A--%3E+mouse%0D%0A%0D%0Aon+mouseEnter%0D%0A+++++set+the+defaultcursor+to+the+id+of+img+%22left-right.png%22+of+cd+%22images%22%0D%0Aend+mouseEnter%0D%0A%0D%0Aon+mouseLeave%0D%0A++++set+the+defaultcursor+to+arrow%0D%0Aend+mouseLeave%0D%0A%0D%0Aon+mouseUp%0D%0A++++stopResizing%0D%0Aend+mouseUp%0D%0A%0D%0Aon+mouseRelease%0D%0A++++stopResizing%0D%0A++++set+the+defaultcursor+to+arrow%0D%0Aend+mouseRelease%0D%0A%0D%0Aon+mouseDown%0D%0A++++put+the+right+of+me+-+the+mouseh+into+sDiffH%0D%0A++++put+the+bottom+of+me+-+the+mousev+into+sDiffV%0D%0A++++put+true+into+sResizing%0D%0Aend+mouseDown%0D%0A%0D%0Aon+mouseMove+theH%2CtheV%0D%0A++++if+sResizing+is+true+then%0D%0A++++++++set+the+defaultcursor+to+the+id+of+img+%22left-right.png%22+of+cd+%22images%22%0D%0A++++++++doResize+theH%2CtheV%0D%0A++++end+if%0D%0Aend+mouseMove%0D%0A%0D%0A--%3E+sizing%0D%0A%0D%0Aon+stopResizing%0D%0A++++put+empty+into+sDiffH%0D%0A++++put+empty+into+sDiffV%0D%0A++++put+false+into+sResizing++++%0D%0A++++glx2SaveDevResources%0D%0Aend+stopResizing%0D%0A%0D%0Aon+doResize+theH%2CtheV%0D%0A++++%0D%0A++++if+sDiffH+is+empty+then%0D%0A++++++++if+theV+is+empty+then%0D%0A++++++++++++put+0+into+sDiffH%0D%0A++++++++++++put+0+into+sDiffV%0D%0A++++++++else%0D%0A++++++++++++put+the+right+of+me+-+the+mouseh+into+sDiffH%0D%0A++++++++++++put+the+bottom+of+me+-+the+mousev+into+sDiffV%0D%0A++++++++end+if%0D%0A++++end+if%0D%0A++++%0D%0A++++if+theH+%3E+the+width+of+this+stack+-+85+then%0D%0A++++++++put+the+width+of+this+stack+-+85+into+theH%0D%0A++++end+if%0D%0A++++%0D%0A++++if+theH+%3C+85+then%0D%0A++++++++put+85+into+theH%0D%0A++++end+if%0D%0A++++%0D%0A++++lock+screen%0D%0A++++%0D%0A++++put+the+bottom+of+me+into+item+2+of+theBottomRight%0D%0A++++put+theH%2BsDiffH%2B1+into+item+1+of+theBottomRight%0D%0A++++set+the+bottomright+of+me+to+theBottomRight%0D%0A++++%0D%0A++++put+the+rect+of+fld+%22handlers%22+into+theRect%0D%0A++++put+the+right+of+me%2B0+into+item+3+of+theRect%0D%0A++++set+the+rect+of+fld+%22handlers%22+to+theRect%0D%0A++++%0D%0A++++set+the+bottomright+of+img+%22resize%22+to+the+bottomright+of+fld+%22handlers%22%0D%0A++++%0D%0A++++put+the+rect+of+fld+%22handlers+2%22+into+theRect%0D%0A++++put+the+right+of+me%2B1+into+item+3+of+theRect%0D%0A++++set+the+rect+of+fld+%22handlers+2%22+to+theRect%0D%0A++++%0D%0A++++if+the+cHandlerList+of+this+cd+is+true+then%0D%0A+++++++++%0D%0A++++++++put+the+rect+of+fld+%22code+storage%22+into+theRect%0D%0A++++++++put+the+right+of+me-1+into+item+1+of+theRect%0D%0A++++++++set+the+rect+of+fld+%22code+storage%22+to+theRect%0D%0A++++++++%0D%0A++++++++put+the+rect+of+fld+%22code+storage+2%22+into+theRect%0D%0A++++++++put+the+right+of+me-1+into+item+1+of+theRect%0D%0A++++++++set+the+rect+of+fld+%22code+storage+2%22+to+theRect%0D%0A++++++++%0D%0A++++end+if%0D%0A%0D%0A++++put+the+rect+of+fld+%22code+storage%22+into+theRect%0D%0A++++set+the+rect+of+img+%22browser%22+to+theRect%0D%0A++++put+the+top+of+fld+%22code+storage%22+%2B+1+into+item+2+of+theRect%0D%0A++++put+getBrowserID%28%29+into+theBrowserID%0D%0A++++if+theBrowserID+is+not+empty+then+--and+revBrowserGet%28theBrowserID%2C%22visible%22%29+is+true+then%0D%0A++++++++if+the+platform+is+%22macos%22+then%0D%0A++++++++++++subtract+21+from+item+2+of+theRect%0D%0A++++++++++++subtract+20+from+item+4+of+theRect%0D%0A++++++++end+if%0D%0A++++++++revBrowserSet+theBrowserID%2C+%22rect%22%2C+theRect%0D%0A++++end+if%0D%0A++++%0D%0A++++set+the+right+of+me+to+the+right+of+fld+%22handlers+2%22%0D%0A%0D%0A++++unlock+screen%0D%0A++++%0D%0Aend+doResize%0D%0A" )</script>
</image>
