<button name="Window" id="255662">
<traversalOn>false</traversalOn>
<ink>srcCopy</ink>
<threeD>true</threeD>
<hiliteBorder>true</hiliteBorder>
<blendLevel>0</blendLevel>
<rect>310,1,360,20</rect>
<mnemonic>0</mnemonic>
<armFill>false</armFill>
<visitedIcon>0</visitedIcon>
<showName>true</showName>
<showIcon>false</showIcon>
<hilited>false</hilited>
<sharedHilite>true</sharedHilite>
<shadow>false</shadow>
<textAlign>center</textAlign>
<armed>false</armed>
<menuMouseButton>1</menuMouseButton>
<id>255662</id>
<altId>0</altId>
<labelWidth>0</labelWidth>
<armedIcon>0</armedIcon>
<lockLoc>true</lockLoc>
<visited>false</visited>
<showHilite>false</showHilite>
<label>Window</label>
<autoHilite>true</autoHilite>
<style>menu</style>
<disabledIcon>0</disabledIcon>
<armBorder>true</armBorder>
<name>button "Window"</name>
<icon>0</icon>
<layer>97</layer>
<visible>true</visible>
<cantSelect>false</cantSelect>
<borderWidth>2</borderWidth>
<menuLines>5</menuLines>
<margins>4</margins>
<opaque>true</opaque>
<text>urldecode( "%28No+Windows+Open" )</text>
<shadowOffset>4</shadowOffset>
<default>false</default>
<hiliteFill>true</hiliteFill>
<showBorder>false</showBorder>
<hiliteIcon>0</hiliteIcon>
<disabled>false</disabled>
<autoArm>false</autoArm>
<menuMode>pulldown</menuMode>
<family>0</family>
<hoverIcon>0</hoverIcon>
<showFocusBorder>true</showFocusBorder>
<menuHistory>1</menuHistory>
<custompropertyset name= "cGlx2TimeStamp">
<checksum>urldecode( "a8%8B%2B%7B%8D%CF%0E%D4F%21%89V%80%E7%C1" )</checksum>
</custompropertyset>
<script>urldecode( "ON+menuPick+pWhich%0D%0A++++--convert+script+editor+title+to+stack+name%0D%0A++++IF+word+1+to+2+of+pWhich+is+%22Script+Editor%22+THEN%0D%0A++++++++put+the+openstacks+into+tOpenStacks%0D%0A++++++++filter+tOpenStacks+with+%22revScriptEditor*%22%0D%0A++++++++REPEAT+for+each+line+l+in+tOpenStacks%0D%0A++++++++++++IF+the+title+of+stack+l+is+pWhich+THEN%0D%0A++++++++++++++++put+l+into+pWhich%0D%0A++++++++++++++++exit+REPEAT%0D%0A++++++++++++END+IF%0D%0A++++++++END+REPEAT%0D%0A++++END+IF%0D%0A++++--convert+docs+title+to+stack+name%0D%0A++++IF+word+1+to+2+of+pWhich+is+%22Revolution+Documentation%22+OR+pWhich+is+%22Getting+started+with+Revolution%22+THEN%0D%0A++++++++put+the+openstacks+into+tOpenStacks%0D%0A++++++++filter+tOpenStacks+with+%22revDocs*%22%0D%0A++++++++REPEAT+for+each+line+l+in+tOpenStacks%0D%0A++++++++++++IF+the+title+of+stack+l+is+pWhich+THEN%0D%0A++++++++++++++++put+l+into+pWhich%0D%0A++++++++++++++++exit+REPEAT%0D%0A++++++++++++END+IF%0D%0A++++++++END+REPEAT%0D%0A++++END+IF%0D%0A+++++%0D%0A++++IF+pWhich+is+%22Send+Window+to+back%22+THEN%0D%0A++++++++--+put+line+1+to+-3+of+me+into+tWindows%0D%0A++++++++lock+messages%0D%0A++++++++put+the+windows+into+tWindowsList%0D%0A++++++++REPEAT+for+each+line+l+in+tWindowsList%0D%0A++++++++++++IF+the+mode+of+stack+l+is+among+the+items+of+%221%2C2%22+THEN+put+l+%26+cr+after+tWindows%0D%0A++++++++++++ELSE+IF+the+mode+of+stack+l+is+%223%22+THEN+put+l+%26+cr+after+tWindows2%0D%0A++++++++END+REPEAT%0D%0A++++++++IF+char+-1+of+tWindows2+is+cr+THEN+delete+char+-1+of+tWindows2%0D%0A++++++++IF+char+-1+of+tWindows+is+cr+THEN+delete+char+-1+of+tWindows%0D%0A++++++++put+char+3+to+-1+of+line+%28lineOffset%28%22%21c%22%2Cthe+text+of+me%29%29+of+the+text+of+me+into+tCurrentStackName%0D%0A++++++++delete+line+lineOffset%28tCurrentStackName%2CtWindows%29+of+tWindows%0D%0A+++++++++%0D%0A++++++++IF+the+num+of+lines+in+tWindows2+is+not+0+%0D%0A++++++++THEN+put+tWindows2+%26+cr+%26+tWindows+into+tWindows%0D%0A+++++++++%0D%0A++++++++REPEAT+for+each+line+l+in+tWindows%0D%0A++++++++++++IF+the+visible+of+stack+l+is+false+THEN%0D%0A++++++++++++++++next+REPEAT%0D%0A++++++++++++END+IF%0D%0A++++++++++++IF+the+mode+of+stack+l+is+1+OR+the+mode+of+stack+l+is+2+THEN+toplevel+l%0D%0A++++++++++++ELSE+IF+the+mode+of+stack+l+is+3+THEN+modeless+l%0D%0A++++++++++++show+stack+l%0D%0A++++++++END+REPEAT%0D%0A++++++++unlock+messages%0D%0A++++++++exit+menuPick%0D%0A++++END+IF%0D%0A++++go+stack+pWhich%0D%0A++++show+stack+pWhich%0D%0AEND+menuPick%0D%0A" )</script>
</button>
