<group name="opening instruction" id="270989">
<traversalOn>true</traversalOn>
<ink>srcCopy</ink>
<dontSearch>false</dontSearch>
<threeD>true</threeD>
<scrollbarWidth>20</scrollbarWidth>
<blendLevel>0</blendLevel>
<rect>257,349,649,429</rect>
<showName>false</showName>
<hScroll>0</hScroll>
<backgroundBehavior>true</backgroundBehavior>
<cantDelete>false</cantDelete>
<vScrollbar>false</vScrollbar>
<tabGroupBehavior>false</tabGroupBehavior>
<hScrollbar>false</hScrollbar>
<id>270989</id>
<altId>0</altId>
<radioBehavior>true</radioBehavior>
<lockLoc>false</lockLoc>
<name>group "opening instruction"</name>
<layer>114</layer>
<visible>false</visible>
<cantSelect>false</cantSelect>
<borderWidth>2</borderWidth>
<margins>4,8,4,4</margins>
<opaque>false</opaque>
<showBorder>true</showBorder>
<disabled>false</disabled>
<vScroll>0</vScroll>
<hilitedButton>0</hilitedButton>
<custompropertyset name= "cGlx2TimeStamp">
<checksum>urldecode( "%D4%1D%8C%D9%8F%00%B2%04%E9%80%09%98%EC%F8B%7E" )</checksum>
</custompropertyset>
</group>
