<card name="card id 1002" id="1002">
<ink>srcCopy</ink>
<mark>false</mark>
<dontSearch>false</dontSearch>
<threeD>true</threeD>
<blendLevel>0</blendLevel>
<rect>0,0,390,259</rect>
<colors>urldecode( "%0D%0A232%2C232%2C232%0D%0A%0D%0A%0D%0A%0D%0A%0D%0A%0D%0A" )</colors>
<cantDelete>false</cantDelete>
<id>1002</id>
<altId>0</altId>
<name>card id 1002</name>
<layer>1</layer>
<borderWidth>2</borderWidth>
<showBorder>false</showBorder>
<custompropertyset name= "cGlx2General">
<cHscrollScript>0</cHscrollScript>
<cHscrollHandlers>0</cHscrollHandlers>
<cHtmlScript>urldecode( "%1F%8B%08%00%00%00%00%00%00%03%95%CD%BB%0D%800%0C%04%D0%3ESX%E9Y%81%05%A8%19%C08%27Q%04%27JL%C1%F6%10%C4%A7D%5C%7B%F7t%5D%D7%13%C7H3k%88%28%D5%B9%A4%045%94%01%9B%A3%23%15%1A%C8%2Fi%AD%18%B3%27K4%99%92g%11d%F3%AE%B5%CF%BE%E1%02%5B%8B%FE%D0%2F8%BF%ABp%C6%07%17VA%BC%CEo%B0%03%19%60%84P%CB%00%00%00" )</cHtmlScript>
<cSelectedChunk>char 171 to 170</cSelectedChunk>
<cHandlersListWidth>88</cHandlersListWidth>
<cDirtyFlag>false</cDirtyFlag>
<cHtmlHandlers>urldecode( "%1F%8B%08%00%00%00%00%00%00%03%B3%29%B0%B3I%B2%B3%29.%05%12%99%B9%E9%0D%0A%C5E%C9%B6J%C6%C6%C6%86%C6%E6Jv6%FA+q%85%C4%9C%1C%85%8C%C4%BC%94%9C%D4%A2b%1B%7D%A0B%FD%02%3B%00%08%FE%8428%00%00%00" )</cHtmlHandlers>
<cFolders>all handlers</cFolders>
<cHandlers>urldecode( "enterKey%0D%0AescapeKey%0D%0AreturnKey" )</cHandlers>
<cVscrollScript>0</cVscrollScript>
<cVscrollHandlers>0</cVscrollHandlers>
</custompropertyset>
<custompropertyset name= "cGlx2TimeStamp">
<checksum>urldecode( "I%89b%F5%FFU%16%5B%D4%ED%CD%1C%F6%0E%D9%A6" )</checksum>
<xml_num_1226736557>start</xml_num_1226736557>
<xml_num_1226736560>end</xml_num_1226736560>
<xml_num_1226737371>start</xml_num_1226737371>
</custompropertyset>
<custompropertyset name= "cREVGeometryCacheIDs">
<xml_num_1226757002821>1060</xml_num_1226757002821>
<xml_num_1226757877367>1055</xml_num_1226757877367>
<xml_num_1226757152680>1063</xml_num_1226757152680>
<xml_num_1226757625233>1021</xml_num_1226757625233>
<xml_num_1226757816493>1054</xml_num_1226757816493>
<xml_num_1226757849523>1069</xml_num_1226757849523>
<xml_num_1226756751408>1057</xml_num_1226756751408>
<xml_num_1226757849524>1070</xml_num_1226757849524>
<xml_num_1226757965984>1056</xml_num_1226757965984>
<xml_num_1226757849525>1071</xml_num_1226757849525>
<xml_num_1226757025298>1061</xml_num_1226757025298>
<xml_num_1226757849526>1072</xml_num_1226757849526>
<xml_num_1226757104411>1058</xml_num_1226757104411>
<xml_num_1226757849527>1073</xml_num_1226757849527>
<xml_num_1226757627454>1034</xml_num_1226757627454>
<xml_num_1226757849530>1076</xml_num_1226757849530>
<xml_num_1226757849529>1075</xml_num_1226757849529>
<xml_num_1226757849531>1077</xml_num_1226757849531>
<xml_num_1226757377643>1068</xml_num_1226757377643>
<xml_num_1226757849532>1078</xml_num_1226757849532>
<xml_num_1226757577067>1064</xml_num_1226757577067>
<xml_num_1226757849534>1080</xml_num_1226757849534>
<xml_num_1226757577068>1065</xml_num_1226757577068>
<xml_num_1226757849535>1083</xml_num_1226757849535>
<xml_num_1226756922994>1059</xml_num_1226756922994>
<xml_num_1226757577069>1066</xml_num_1226757577069>
<xml_num_1226757849536>1084</xml_num_1226757849536>
<xml_num_1226757849537>1085</xml_num_1226757849537>
<xml_num_1226757668550>1082</xml_num_1226757668550>
<xml_num_1226757668549>1081</xml_num_1226757668549>
</custompropertyset>
<custompropertyset name= "cREVGeometrycache">
<total>30</total>
</custompropertyset>
<script>urldecode( "--%3E+all+handlers%0D%0A%0D%0Aon+enterKey%0D%0A++++send+%22mouseUp%22+to+btn+%22accept%22%0D%0Aend+enterKey%0D%0A%0D%0Aon+returnKey%0D%0A++++send+%22mouseUp%22+to+btn+%22accept%22%0D%0Aend+returnKey%0D%0A%0D%0Aon+escapeKey%0D%0A++++send+%22mouseUp%22+to+btn+%22cancel%22%0D%0Aend+escapeKey%0D%0A" )</script>
</card>
