<scrollbar name="slider" id="335946">
<traversalOn>true</traversalOn>
<lineInc>0</lineInc>
<ink>srcCopy</ink>
<threeD>true</threeD>
<blendLevel>0</blendLevel>
<showValue>false</showValue>
<rect>444,224,462,268</rect>
<orientation>vertical</orientation>
<id>335946</id>
<altId>0</altId>
<pageInc>0</pageInc>
<startValue>1</startValue>
<thumbPosition>1</thumbPosition>
<lockLoc>false</lockLoc>
<style>scale</style>
<name>scrollbar "slider"</name>
<endValue>130</endValue>
<layer>128</layer>
<visible>false</visible>
<cantSelect>false</cantSelect>
<borderWidth>2</borderWidth>
<opaque>true</opaque>
<showBorder>true</showBorder>
<disabled>false</disabled>
<thumbSize>0</thumbSize>
<showFocusBorder>true</showFocusBorder>
<custompropertyset name= "cGlx2TimeStamp">
<checksum>urldecode( "%25%3C%0D%0A%E3%EA%1F%80%07%ED%3D%BA%04Y%27C%B1" )</checksum>
</custompropertyset>
<script>urldecode( "--%3E+all+handlers%0D%0A%0D%0Aon+scrollbarDrag%0D%0A++++put+the+thumbposition+of+me+into+theScroll%0D%0A++++set+the+scroll+of+fld+%22peek%22+to+theScroll%0D%0Aend+scrollbarDrag%0D%0A" )</script>
</scrollbar>
