{"stackFileArray": {"lib_Bootstrap": "libraries/lib_Bootstrap.livecodescript","Global_Bootstrap_Menu": "controllers/Global_Bootstrap_Menu.livecodescript"},"Global Menus": {"Global | Bootstrap | Menu": {"mController": "stack \"/Users/BabyBlue/Desktop/git-repos/lcw_Bootstrap/controllers/Global_Bootstrap_Menu.livecodescript\"","gMenuTable": "Watch Templates\tmenu_WatchTemplates subMenuPath, mTarget\tstack \"Global_Bootstrap_Menu\"\tGlobal | Bootstrap | Menu\t\tboolean\tsubmenu_Boolean\twatch_Templates\tWatch Templates\n-\nSave Template\tmenu_SaveTemplate mTarget\tstack \"Global_Bootstrap_Menu\"\tGlobal | Bootstrap | Menu\tdisabled_SaveTemplate\t\t\t\tSave Template\n-\nEdit Template\tmenu_EditTemplate subMenuPath, mTarget\tstack \"Global_Bootstrap_Menu\"\tGlobal | Bootstrap | Menu\t\tcustom submenu\tbootstrap_Templates\tbootstrap_Template\tEdit Template\nEdit In Atom\tmenu_EditInAtom subMenuPath, mTarget\tstack \"Global_Bootstrap_Menu\"\tGlobal | Bootstrap | Menu\t\tcustom submenu\tbootstrap_Templates\tbootstrap_Template\tEdit In Atom\nDisplay Html\tmenu_DisplayHtml subMenuPath, mTarget\tstack \"Global_Bootstrap_Menu\"\tGlobal | Bootstrap | Menu\t\tcustom submenu\tbootstrap_Templates\tbootstrap_Template\tDisplay Html\n-\nDownload Bootstrap\tmenu_DownloadBootstrap subMenuPath, mTarget\tstack \"Global_Bootstrap_Menu\"\tGlobal | Bootstrap | Menu\t\tfixed\tsubmenu_Fixed[menu_DownloadBootstrap]\tinstall_How\tDownload Bootstrap\n-\nBootstrap Documentation\tmenu_BootstrapDocumentation mTarget\tstack \"Global_Bootstrap_Menu\"\tGlobal | Bootstrap | Menu\t\t\t\t\tBootstrap Documentation\nReveal Project Folder\tmenu_RevealProjectFolder mTarget\tstack \"Global_Bootstrap_Menu\"\tGlobal | Bootstrap | Menu\t\t\t\t\tReveal Project Folder"}}}