<group name="work spaces homey" id="698424">
<traversalOn>true</traversalOn>
<ink>srcCopy</ink>
<dontSearch>false</dontSearch>
<threeD>true</threeD>
<scrollbarWidth>20</scrollbarWidth>
<blendLevel>0</blendLevel>
<rect>206,88,406,185</rect>
<showName>false</showName>
<colors>urldecode( "255%2C255%2C255%0D%0A%0D%0A%0D%0A%0D%0A%0D%0A%0D%0A%0D%0A" )</colors>
<hScroll>0</hScroll>
<backgroundBehavior>false</backgroundBehavior>
<cantDelete>false</cantDelete>
<vScrollbar>false</vScrollbar>
<tabGroupBehavior>false</tabGroupBehavior>
<hScrollbar>false</hScrollbar>
<id>698424</id>
<altId>0</altId>
<radioBehavior>false</radioBehavior>
<textStyle>plain</textStyle>
<lockLoc>true</lockLoc>
<name>group "work spaces homey"</name>
<layer>135</layer>
<visible>true</visible>
<cantSelect>false</cantSelect>
<borderWidth>2</borderWidth>
<margins>4</margins>
<opaque>false</opaque>
<showBorder>false</showBorder>
<textSize>10</textSize>
<disabled>false</disabled>
<textFont>arial</textFont>
<vScroll>0</vScroll>
<hilitedButton>0</hilitedButton>
<custompropertyset name= "cGlx2TimeStamp">
<checksum>urldecode( "%22o%3Cz%FDe%1B%9F%82PB%06%2C%180%14" )</checksum>
</custompropertyset>
<script>urldecode( "--%3E+all+handlers%0D%0A%0D%0Aon+glx2EscapeKey%0D%0A++++if+the+visible+of+grp+%22spaces+dlog%22+of+me+is+true+then%0D%0A++++++++send+%22mouseUp%22+to+btn+%22cancel+space%22+of+grp+%22spaces+dlog%22+of+me%0D%0A++++end+if%0D%0Aend+glx2EscapeKey%0D%0A%0D%0Aon+glx2EnterKey%0D%0A++++if+the+visible+of+grp+%22spaces+dlog%22+is+true+then%0D%0A++++++++send+%22mouseUp%22+to+btn+%22delete+space%22+of+grp+%22spaces+dlog%22+of+me%0D%0A++++++++return+%22exit%22%0D%0A++++end+if%0D%0Aend+glx2EnterKey%0D%0A%0D%0Aon+mouseMove%0D%0A++++if+the+mouseloc+is+not+within+the+rect+of+img+%22i.png%22+of+grp+%22work+spaces+homey%22+then%0D%0A++++++++set+the+forecolor+of+grc+1+of+grp+%22info%22+of+grp+%22work+spaces+homey%22+to+the+backcolor+of+grc+1+of+grp+%22info%22+of+grp+%22work+spaces+homey%22%0D%0A++++end+if%0D%0Aend+mouseMove%0D%0A%0D%0Aon+mouseDown%0D%0A++++if+the+hilited+of+btn+%22edit+home%22+is+true+then%0D%0A++++++++selectme%0D%0A++++end+if%0D%0Aend+mouseDown%0D%0A%0D%0Aon+selectme%0D%0A++++if+the+visible+of+grp+%22spaces+dlog%22+is+true+and+the+mouseloc+is+within+the+rect+of+grp+%22spaces+dlog%22+then%0D%0A++++++++exit+selectme%0D%0A++++end+if%0D%0A++++lock+screen%0D%0A++++if+the+hilited+of+btn+%22edit+home%22+is+true+then%0D%0A++++++++if+the+enabled+of+btn+%22remove+homey%22+is+false+then%0D%0A++++++++++++enable+btn+%22remove+homey%22%0D%0A++++++++end+if%0D%0A++++++++if+the+showborder+of+me+is+false+then%0D%0A++++++++++++set+the+showborder+of+grp+%22news+widget%22+to+false%0D%0A++++++++++++set+the+showborder+of+grp+%22object+tree%22+to+false%0D%0A++++++++++++set+the+showborder+of+me+to+true%0D%0A++++++++end+if%0D%0A++++end+if%0D%0A++++grab+me%0D%0A++++set+the+cWidgetTopLeftWorkSpaces+of+this+stack+to+the+topleft+of+me%0D%0A++++send+%22simMouseEnter%22+to+the+target%0D%0A++++unlock+screen%0D%0Aend+selectme%0D%0A%0D%0Aon+glx2RefreshHomey%0D%0A++++lock+screen%0D%0A++++put+the+filename+of+stack+%22revGLX2+code%22+into+theSpacesFolder%0D%0A++++set+the+itemdel+to+%22%2F%22%0D%0A++++put+%22GLX2+Work+Spaces%22+into+item+-1+of+theSpacesFolder%0D%0A++++set+the+itemdelimiter+to+comma%0D%0A++++put+the+folder+into+theDefFolder%0D%0A++++set+the+folder+to+theSpacesFolder%0D%0A++++put+the+files+into+theFiles%0D%0A++++set+the+folder+to+theDefFolder%0D%0A++++filter+theFiles+without+%22.*%22%0D%0A++++filter+theFiles+with+%22*.glx%22%0D%0A++++replace+%22.glx%22+with+%22%22+in+theFiles%0D%0A++++filter+theFiles+without+%22GLX2+Last+Session%22%0D%0A++++if+the+hilited+of+btn+%22edit+home%22+is+false+then%0D%0A++++++++put+the+cWorkSpaceFilePath+of+this+stack+into+theWorkSpace%0D%0A++++++++set+the+itemdel+to+%22%2F%22%0D%0A++++++++put+item+-1+of+theWorkSpace+into+theWorkSpace%0D%0A++++++++replace+%22.glx%22+with+%22%22+in+theWorkSpace%0D%0A++++++++set+the+itemdelimiter+to+comma%0D%0A++++++++set+wholematches+to+true%0D%0A++++++++put+lineoffset%28theWorkspace%2CtheFiles%29+into+theLineNo%0D%0A++++++++if+theLineNo+is+not+zero+then%0D%0A++++++++++++put+%22%3E+%22+before+line+theLineNo+of+theFiles%0D%0A++++++++end+if%0D%0A++++end+if%0D%0A++++put+theFiles+into+fld+%22work+spaces%22%0D%0A++++if+the+hilited+of+btn+%22edit+home%22+is+true+then%0D%0A++++++++glx2EditHomey%0D%0A++++else%0D%0A++++++++glx2DisplayHomey%0D%0A++++end+if%0D%0A++++put+the+rect+of+fld+%22work+spaces%22+into+theRect%0D%0A++++put+item+1+of+theRect+%2B+the+formattedwidth+of+char+1+to+-1+of+fld+%22work+spaces%22+of+grp+%22work+spaces+homey%22+of+grp+%22homies%22%2B6+into+item+3+of+theRect%0D%0A++++put+item+2+of+theRect+%2B+%28the+formattedheight+of+char+1+to+-1+of+fld+%22work+spaces%22%29%2B3+into+item+4+of+theRect%0D%0A++++if+item+3+of+theRect+%3C+%28the+right+of+img+%22spaces.jpg%22+of+me+%2B+6%29+then%0D%0A++++++++put+the+right+of+img+%22spaces.jpg%22+of+me+%2B+6+into+item+3+of+theRect%0D%0A++++end+if%0D%0A++++set+the+rect+of+fld+%22work+spaces%22+to+theRect%0D%0A++++set+the+rect+of+grc+%22spaces+mask%22+to+the+rect+of+me%0D%0A++++if+the+text+of+fld+%22work+spaces%22+is+empty+then%0D%0A++++++++hide+grp+%22info%22%0D%0A++++++++show+btn+%22add+ws%22%0D%0A++++end+if%0D%0A++++unlock+screen%0D%0Aend+glx2RefreshHomey%0D%0A%0D%0Aon+glx2EditHomey%0D%0A++++lock+screen%0D%0A++++put+the+number+of+lines+in+fld+%22work+spaces%22+into+theNoLines%0D%0A++++set+the+textsize+of+char+1+to+-1+of+fld+%22work+spaces%22+to+empty%0D%0A++++set+the+textcolor+of+char+1+to+-1+of+fld+%22work+spaces%22+to+empty%0D%0A++++set+the+textcolor+of+fld+%22work+spaces%22+to+white%0D%0A++++repeat+with+theLineNo+%3D+1+to+theNoLines%0D%0A++++++++put+word+1+to+-1+of+line+theLineNo+of+fld+%22work+spaces%22+into+line+theLineNo+of+fld+%22work+spaces%22%0D%0A++++++++put+%22+++%22+before+line+theLineNo+of+fld+%22work+spaces%22%0D%0A++++++++set+the+imagesource+of+char+1+of+line+theLineNo+of+fld+%22work+spaces%22+to+the+id+of+img+%22minus+small+5%22+of+cd+%22images%22%0D%0A++++++++set+the+textshift+of+char+1+of+line+theLineNo+of+fld+%22work+spaces%22+to+1%0D%0A++++++++set+the+textstyle+of+word+1+to+-1+of+line+theLineNo+of+fld+%22work+spaces%22+to+%22bold%22%0D%0A++++end+repeat%0D%0A++++hide+grp+%22info%22+of+me%0D%0A++++show+btn+%22add+ws%22%0D%0A++++unlock+screen%0D%0Aend+glx2EditHomey%0D%0A%0D%0Aon+glx2DisplayHomey%0D%0A++++lock+screen%0D%0A++++hide+grp+%22spaces+dlog%22%0D%0A++++hide+grc+%22spaces+mask%22%0D%0A++++put+the+number+of+lines+in+fld+%22work+spaces%22+into+theNoLines%0D%0A++++set+the+textstyle+of+fld+%22work+spaces%22+to+bold%0D%0A++++set+the+textstyle+of+char+1+to+-1+of+fld+%22work+spaces%22+to+empty%0D%0A++++set+the+textsize+of+char+1+to+-1+of+fld+%22work+spaces%22+to+empty%0D%0A++++set+the+textcolor+of+char+1+to+-1+of+fld+%22work+spaces%22+to+empty%0D%0A++++set+the+textcolor+of+fld+%22work+spaces%22+to+white%0D%0A++++repeat+with+theLineNo+%3D+1+to+theNoLines%0D%0A++++++++put+word+1+to+-1+of+line+theLineNo+of+fld+%22work+spaces%22+into+line+theLineNo+of+fld+%22work+spaces%22%0D%0A++++++++set+the+textstyle+of+word+1+to+-1+of+line+theLineNo+of+fld+%22work+spaces%22+to+bold%0D%0A++++end+repeat%0D%0A++++set+the+showborder+of+me+to+false%0D%0A++++show+grp+%22info%22+of+me%0D%0A++++hide+btn+%22add+ws%22%0D%0A++++unlock+screen%0D%0Aend+glx2DisplayHomey%0D%0A" )</script>
</group>
