<button name="Use GLX2" id="1144">
<traversalOn>false</traversalOn>
<ink>srcCopy</ink>
<threeD>true</threeD>
<hiliteBorder>false</hiliteBorder>
<blendLevel>0</blendLevel>
<rect>19,27,157,50</rect>
<mnemonic>0</mnemonic>
<armFill>false</armFill>
<visitedIcon>0</visitedIcon>
<showName>true</showName>
<showIcon>false</showIcon>
<hilited>true</hilited>
<sharedHilite>true</sharedHilite>
<shadow>false</shadow>
<textAlign>left</textAlign>
<armed>false</armed>
<menuMouseButton>1</menuMouseButton>
<id>1144</id>
<altId>0</altId>
<labelWidth>0</labelWidth>
<armedIcon>0</armedIcon>
<lockLoc>false</lockLoc>
<visited>false</visited>
<showHilite>false</showHilite>
<label>Use GLX2 Script Editor</label>
<autoHilite>true</autoHilite>
<style>checkbox</style>
<disabledIcon>0</disabledIcon>
<armBorder>true</armBorder>
<name>button "Use GLX2"</name>
<icon>0</icon>
<toolTip>NOTE: Clicking closes the GLX2 Script Edtior!</toolTip>
<layer>77</layer>
<visible>true</visible>
<cantSelect>false</cantSelect>
<borderWidth>2</borderWidth>
<menuLines>5</menuLines>
<margins>3,4,4,4</margins>
<opaque>false</opaque>
<shadowOffset>4</shadowOffset>
<default>false</default>
<hiliteFill>true</hiliteFill>
<showBorder>false</showBorder>
<hiliteIcon>0</hiliteIcon>
<disabled>false</disabled>
<autoArm>false</autoArm>
<family>0</family>
<hoverIcon>0</hoverIcon>
<showFocusBorder>true</showFocusBorder>
<menuHistory>1</menuHistory>
<custompropertyset name= "cGlx2TimeStamp">
<checksum>urldecode( "k%D5w%0C%AD%C8I%F6%D5%BDPnHC%F9*" )</checksum>
</custompropertyset>
<script>urldecode( "--%3E++*History%0D%0A%0D%0A%2F*%0D%0A24+February+2009+mdw%0D%0A++added+portable+references+for+%22revmenubar%22+and+%22revpreferencesGUI%22%0D%0A*%2F%0D%0A%0D%0A--%3E+declare%0D%0A%0D%0Aglobal+gGlx2IsOn%0D%0A%0D%0A--%3E+all+handlers%0D%0A%0D%0Aon+mouseEnter%0D%0A++++simMouseEnter%0D%0Aend+mouseEnter%0D%0A%0D%0Aon+simMouseEnter%0D%0A++++if+the+hilited+of+me+is+true+then%0D%0A++++++++set+the+tooltip+of+me+to+%22NOTE%3A+Clicking+closes+the+GLX2+Script+Edtior%21%22%0D%0A++++else%0D%0A++++++++set+the+tooltip+of+me+to+empty%0D%0A++++end+if%0D%0Aend+simMouseEnter%0D%0A%0D%0Aon+mouseUp+pMouseBtnNum%0D%0A++++local+tPreferencesGUI%0D%0A++++%0D%0A++++put+glx2GetIDEStackName%28%22revPreferencesGUI%22%29+into+tPreferencesGUI%0D%0A++++setUseGLX2%0D%0A++++--+if+%22revGLX2+code+docs%22+is+among+the+lines+of+the+openstacks+then%0D%0A++++send+%22glx2SavePrefs%22+to+stack+%22revGLX2+code%22%0D%0A++++--+end+if%0D%0A++++try%0D%0A++++++++set+the+hilited+of+btn+%22use+GLX2%22+of+stack+%22revGLX2+code+docs%22+to+the+hilted+of+me%0D%0A++++++++if+there+is+a+button+%22use+GLX2%22+of+card+1+of+stack+tPreferencesGUI+then%0D%0A++++++++++++set+the+hilited+of+btn+%22use+GLX2%22+of+cd+1+of+stack+tPreferencesGUI+to+the+hilted+of+me%0D%0A++++++++else%0D%0A++++++++end+if%0D%0A++++catch+e%0D%0A++++end+try%0D%0A++++simMouseEnter%0D%0Aend+mouseUp%0D%0A%0D%0Aon+setUseGLX2%0D%0A++++--+-----%0D%0A++++--+local+tNoTabs%0D%0A++++--+local+tParentStack%0D%0A++++--+local+tRegCodeValidation%0D%0A++++--+local+tShiftKey%0D%0A++++--+local+tStackObjectID%0D%0A++++--+local+tMenuBar%2C+tPreferencesGUI%0D%0A++++--+-----%0D%0A++++put+glx2GetIDEStackName%28%22revmenubar%22%29+into+tMenuBar%0D%0A++++put+glx2GetIDEStackName%28%22revPreferencesGUI%22%29+into+tPreferencesGUI%0D%0A++++lock+screen%0D%0A++++put+%22revGLX2+code%22+into+tParentStack++++++++%0D%0A++++put+the+shiftkey+into+tShiftKey%0D%0A++++put+the+hilited+of+me+into+gGlx2IsOn%0D%0A++++set+the+hilited+of+btn+%22use+GLX2%22+of+stack+%22revGLX2+code+docs%22+to+gGlx2IsOn%0D%0A++++if+there+is+a+btn+%22use+GLX2%22+of+cd+1+of+stack+tPreferencesGUI+then%0D%0A++++++++set+the+hilited+of+btn+%22use+GLX2%22+of+cd+1+of+stack+tPreferencesGUI+to+gGlx2IsOn%0D%0A++++end+if%0D%0A++++--++++if+gGlx2IsOn+is+true+then%0D%0A++++--++++++++--+validate+the+reg+code%0D%0A++++--++++++++put+the+long+id+of+stack+%22revGLX2+registration%22+into+tStackObjectID%0D%0A++++--++++++++send+%22validateRegCode%22+to+stack+%22revGLX2+registration%22+%0D%0A++++--++++++++put+word+1+of+the+result+into+tRegCodeValidation%0D%0A++++--++++++++if+tRegCodeValidation+is+%22cancel%22+then%0D%0A++++--++++++++++++put+false+into+gGlx2IsOn%0D%0A++++--++++++++else%0D%0A++++--++++++++++++put+tRegCodeValidation+into+gGlx2IsOn%0D%0A++++--++++++++end+if%0D%0A++++--++++end+if%0D%0A++++set+the+hilited+of+me+to+gGlx2IsOn%0D%0A++++set+the+cUseGLX2+of+stack+tParentStack+to+the+hilited+of+me+%0D%0A++++set+the+cUseGLX2Debugger+of+stack+tParentStack+to+the+hilited+of+me%0D%0A++++insert+script+of+btn+%22GLX2+Frontscript%22+of+cd+1+of+stack+%22revGLX2+code%22+into+front%0D%0A++++insert+script+of+btn+%22GLX2+Backscript%22+of+cd+1+of+stack+%22revGLX2+code%22+into+back%0D%0A++++insert+script+of+grp+%22GLX2+Default+Control+Structures%22+of+stack+%22revGLX2+Defaults%22+into+back+%0D%0A++++if+the+hilited+of+me+is+false+then%0D%0A++++++++set+the+backcolor+of+stack+%22revGLX2+Status%22+to+0%2C0%2C128+--38%2C59%2C156+--+54%2C40%2C27+--+%0D%0A++++++++set+the+defaultstack+to+tParentStack%0D%0A++++++++if+tShiftKey+is+%22up%22++then%0D%0A++++++++++++put+glx2GetNoActiveTabs%28%29+into+tNoTabs%0D%0A++++++++++++if+tNoTabs+%3E+1+then%0D%0A++++++++++++++++send+%22glx2CloseAllTabs%22+to+stack+tParentStack%0D%0A++++++++++++end+if%0D%0A++++++++++++if+tNoTabs+is+not+zero+then%0D%0A++++++++++++++++close+stack+tParentStack%0D%0A++++++++++++++++close+stack+%22PowerExecutionError%22%0D%0A++++++++++++end+if%0D%0A++++++++end+if%0D%0A++++++++try%0D%0A++++++++++++set+the+tooltip+of+btn+%22Edit+Script%22+of+stack+tMenubar+to+%22Show+Rev+Script+Editor%22%0D%0A++++++++catch+e%0D%0A++++++++end+try%0D%0A++++else%0D%0A++++++++if+the+cMotif+of+stack+tParentStack+is+%22chalkboard%22+then%0D%0A++++++++++++set+the+backcolor+of+stack+%22revGLX2+Status%22+to+36%2C36%2C36%0D%0A++++++++++++set+the+blendlevel+of+stack+%22revGLX2+Status%22+to+12%0D%0A++++++++else%0D%0A++++++++++++set+the+backcolor+of+stack+%22revGLX2+Status%22+to+90%2C90%2C90%0D%0A++++++++++++set+the+blendlevel+of+stack+%22revGLX2+Status%22+to+7%0D%0A++++++++end+if%0D%0A++++++++try%0D%0A++++++++++++set+the+tooltip+of+btn+%22Edit+Script%22+of+stack+tMenubar+to+%22Show+GLX2+Script+Editor%22%0D%0A++++++++catch+e%0D%0A++++++++end+try%0D%0A++++end+if%0D%0A++++setScriptEditIcon%0D%0A++++send+%22announceGLX2%22+to+stack+tParentStack%0D%0A++++--++++if+there+is+a+stack+%22revGalaxy+inspector%22+then++++%0D%0A++++--++++++++send+%22setMenubarGLX2%22+%26%26+%28the+hilited+of+me%29+to+stack+tParentStack%0D%0A++++--++++++++if+the+hilited+of+me+is+true+then++++++%0D%0A++++--++++++++++++set+the+cGlxScriptEditor+of+stack+%22revGalaxy+inspector%22+to+tParentStack%0D%0A++++--++++++++else%0D%0A++++--++++++++++++set+the+cGlxScriptEditor+of+stack+%22revGalaxy+inspector%22+to+%22revGalaxy+code%22%0D%0A++++--++++++++end+if%0D%0A++++--++++end+if%0D%0A++++unlock+cursor%0D%0A++++set+the+defaultcursor+to+arrow%0D%0A++++unlock+screen%0D%0Aend+setUseGLX2%0D%0A%0D%0Afunction+glx2GetNoActiveTabs%0D%0A++++-----%0D%0A++++local+tNoTabs%2C+tTabNo%0D%0A++++-----%0D%0A++++return+glx2GetNoOpenTabs%28%29%0D%0A++++put+the+number+of+flds+in+grp+%22tabs%22+of+stack+%22revGLX2+code%22+into+tNoTabs%0D%0A++++repeat+with+tTabNo+%3D+1+to+tNoTabs%0D%0A++++++++if+the+visible+of+fld+tTabNo+of+grp+%22tabs%22+of+stack+%22revGLX2+code%22+is+false+then%0D%0A++++++++++++return+%28tTabNo-1%29%0D%0A++++++++end+if%0D%0A++++end+repeat%0D%0A++++return+tNoTabs%0D%0Aend+glx2GetNoActiveTabs%0D%0A+%0D%0A---%7C---%0D%0A+%0D%0Afunction+glx2GetNoOpenTabs%0D%0A++++-----%0D%0A++++local+tNoOpenTabs%2C+tNoTabs%2C+tTabNo%0D%0A++++-----%0D%0A++++put+0+into+tNoOpenTabs%0D%0A++++put+the+number+of+flds+in+grp+%22tabs%22+of+stack+%22revGLX2+code%22+into+tNoTabs%0D%0A++++repeat+with+tTabNo+%3D+1+to+tNoTabs%0D%0A++++++++if+the+visible+of+fld+tTabNo+of+grp+%22tabs%22+of+stack+%22revGLX2+code%22+is+true+then%0D%0A++++++++++++add+1+to+tNoOpenTabs%0D%0A++++++++end+if%0D%0A++++end+repeat%0D%0A++++return+tNoOpenTabs%0D%0Aend+glx2GetNoOpenTabs%0D%0A%0D%0Afunction+glx2GetIDEStackName+pRevIDEStackName%0D%0A++++local+tStackName%0D%0A++++%0D%0A++++if+there+is+a+stack+pRevIDEStackName+then%0D%0A++++++++--+we%27re+running+with+the+rev+IDE%0D%0A++++++++--+just+return+the+rev+stack+name%0D%0A++++++++put+pRevIDEStackName+into+tStackName%0D%0A++++else+if+there+is+a+stack+%22MetaCard+Menu+Bar%22+then%0D%0A++++++++--+we%27re+running+in+the+MetaCard+IDE%0D%0A++++++++switch+pRevIDEStackName%0D%0A++++++++++++case+%22revMenubar%22%0D%0A++++++++++++++++put+%22MetaCard+Menu+Bar%22+into+tStackName%0D%0A++++++++++++++++break%0D%0A++++++++++++case+%22revTools%22%0D%0A++++++++++++++++put+%22Tools%22+into+tStackName%0D%0A++++++++++++++++break%0D%0A++++++++++++case+%22revPreferences%22%0D%0A++++++++++++++++put+%22Preferences%22+into+tStackName%0D%0A++++++++++++++++break%0D%0A++++++++++++case+%22revPreferencesGUI%22%0D%0A++++++++++++++++put+%22Preferences%22+into+tStackName%0D%0A++++++++++++++++break%0D%0A++++++++++++case+%22revSearch%22%0D%0A++++++++++++++++break%0D%0A++++++++++++case+%22revPropertyPalette%22%0D%0A++++++++++++++++break%0D%0A++++++++++++default%0D%0A++++++++end+switch%0D%0A++++else%0D%0A++++++++--+we%27re+not+in+Kansas+any+more%0D%0A++++end+if%0D%0A++++return+tStackName%0D%0Aend+glx2GetIDEStackName%0D%0A" )</script>
</button>
