<button name="set section" id="1015">
<traversalOn>false</traversalOn>
<ink>srcCopy</ink>
<threeD>true</threeD>
<hiliteBorder>true</hiliteBorder>
<blendLevel>0</blendLevel>
<rect>366,14,448,37</rect>
<mnemonic>0</mnemonic>
<armFill>false</armFill>
<visitedIcon>0</visitedIcon>
<showName>true</showName>
<showIcon>false</showIcon>
<hilited>false</hilited>
<sharedHilite>true</sharedHilite>
<shadow>false</shadow>
<textAlign>center</textAlign>
<armed>false</armed>
<menuMouseButton>1</menuMouseButton>
<id>1015</id>
<altId>0</altId>
<labelWidth>0</labelWidth>
<armedIcon>0</armedIcon>
<lockLoc>false</lockLoc>
<visited>false</visited>
<showHilite>false</showHilite>
<autoHilite>true</autoHilite>
<style>standard</style>
<disabledIcon>0</disabledIcon>
<armBorder>true</armBorder>
<name>button "set section"</name>
<icon>0</icon>
<layer>3</layer>
<visible>true</visible>
<cantSelect>false</cantSelect>
<borderWidth>2</borderWidth>
<menuLines>5</menuLines>
<margins>4</margins>
<opaque>true</opaque>
<shadowOffset>4</shadowOffset>
<default>false</default>
<hiliteFill>true</hiliteFill>
<showBorder>true</showBorder>
<hiliteIcon>0</hiliteIcon>
<disabled>false</disabled>
<autoArm>false</autoArm>
<family>0</family>
<hoverIcon>0</hoverIcon>
<showFocusBorder>true</showFocusBorder>
<menuHistory>1</menuHistory>
<custompropertyset name= "cGlx2TimeStamp">
<checksum>urldecode( "MzG%2B%0F%A7i%E5L%EB%E0%AAf%0B%FD%3C" )</checksum>
</custompropertyset>
<script>urldecode( "--%3E+all+handlers%0D%0A%0D%0Aon+mouseUp+pMouseBtnNo%0D%0A++++set+the+defaultstack+to+%22revGLX2+vab%22%0D%0A++++put+the+width+of+this+stack+into+theWidth%0D%0A++++put+the+height+of+this+stack+into+theHeight%0D%0A++++put+the+left+of+grp+%22revbutton%22+into+theLeft%0D%0A++++put+the+rect+of+btn+%22section%22+of+grp+%22revbutton%22+into+theSectionRect%0D%0A++++put+the+cPaneNames+of+grp+%22control+properties%22+of+stack+%22revGLX2+vab%22+into+theGrpNames%0D%0A++++repeat+for+each+line+theGrpName+in+theGrpNames%0D%0A++++++++--+set+the+lockloc+of+grp+theGrpName+to+true%0D%0A++++++++--+set+the+left+of+grp+theGrpName+to+theLeft%0D%0A++++++++--+put+the+rect+of+grp+theGrpName+into+theRect%0D%0A++++++++--+put+theHeight-16+into+item+4+of+theRect%0D%0A++++++++--+put+theWidth+%2B+1+into+item+3+of+theRect%0D%0A++++++++--+set+the+rect+of+grp+theGrpName+to+theRect%0D%0A++++++++try%0D%0A++++++++++++set+the+script+of+btn+%22section%22+of+grp+theGrpName+to+empty%0D%0A++++++++catch+e%0D%0A++++++++end+try%0D%0A++++end+repeat%0D%0Aend+mouseUp%0D%0A" )</script>
</button>
