<stack name="GLX2 Web Source" id="1012">
<windowManagerPlace>false</windowManagerPlace>
<blendLevel>0</blendLevel>
<rect>216,214,921,703</rect>
<maxWidth>65535</maxWidth>
<cantAbort>false</cantAbort>
<decorations>title,menu,minimize,maximize,close</decorations>
<iconic>false</iconic>
<shadow>true</shadow>
<cantDelete>false</cantDelete>
<id>1012</id>
<altId>0</altId>
<hcAddressing>false</hcAddressing>
<startUpIconic>false</startUpIconic>
<windowShape>0</windowShape>
<title>Page Source: "Crumb Bar | GLX2 | Jerry Daniels"</title>
<textStyle>plain</textStyle>
<cantModify>false</cantModify>
<maxHeight>65535</maxHeight>
<style>modeless</style>
<destroyWindow>true</destroyWindow>
<liveresizing>true</liveresizing>
<scroll>0</scroll>
<passkey>true</passkey>
<resizable>true</resizable>
<name>stack "GLX2 Web Source"</name>
<icon>0</icon>
<formatForPrinting>false</formatForPrinting>
<alwaysBuffer>true</alwaysBuffer>
<visible>true</visible>
<metal>false</metal>
<minWidth>431</minWidth>
<textSize>12</textSize>
<destroyStack>true</destroyStack>
<textFont>Arial</textFont>
<minHeight>374</minHeight>
<dynamicPaths>false</dynamicPaths>
<custompropertyset name= "cGlx2TimeStamp">
<checksum>urldecode( "xo%16%88%05D%D3%AB%A5%5E%3F%96%AB%9F%BF%F6" )</checksum>
</custompropertyset>
<custompropertyset name= "cREVGeometryCache">
<stackID>1012</stackID>
</custompropertyset>
<mainstack>revGLX2 Code</mainstack>
<script>urldecode( "--%3E+utils%0D%0A%0D%0Aon+doFind%0D%0A++++%0D%0A++++put+%22html%22+into+theFldName%0D%0A++++%0D%0A++++focus+on+fld+theFldName%0D%0A++++if+the+shiftkey+is+down+then%0D%0A++++++++put+not%28the+cCaseSensitive+of+stack+%22revGLX2+code%22%29+into+theCaseSensitive%0D%0A++++else%0D%0A++++++++put+the+cCaseSensitive+of+stack+%22revGLX2+code%22+into+theCaseSensitive%0D%0A++++end+if%0D%0A++++if+the+optionkey+is+down+then%0D%0A++++++++put+not%28the+cWholeWord+of+stack+%22revGLX2+code%22%29+into+theWholeWords%0D%0A++++else%0D%0A++++++++put+the+cWholeWord+of+stack+%22revGLX2+code%22+into+theWholeWords%0D%0A++++end+if%0D%0A++++set+the+casesensitive+to+theCaseSensitive+%0D%0A++++--+set+the+wholematches+to+the+cWholeWord+of+stack+%22revGLX2+code%22+%0D%0A++++put+fld+%22find%22+into+theFindString%0D%0A++++put+the+cSelectedChunk+of+fld+theFldName+into+theSelectedChunk%0D%0A++++put+the+length+of+theFindString+-+1+into+theAddedChars%0D%0A++++%0D%0A++++if+theWholeWords+is+true+then%0D%0A++++++++set+the+wholematches+to+true%0D%0A++++++++put+word+4+of+theSelectedChunk+into+theChars2Skip%0D%0A++++++++put+the+number+of+words+in+char+1+to+theChars2Skip+of+fld+theFldName+into+theWords2Skip%0D%0A++++++++put+wordoffset%28theFindString%2Cfld+theFldName%2CtheWords2Skip%29+into+theWordNo%0D%0A++++++++set+the+wholematches+to+the+cWholeWord+of+stack+%22revGLX2+code%22+%0D%0A++++++++if+theWordNo+is+not+zero+then%0D%0A++++++++++++add+theWords2Skip+to+theWordNo%0D%0A++++++++++++select+word+theWordNo+of+fld+theFldName%0D%0A++++++++++++set+the+cSelectedChunk+of+fld+theFldName+to+the+selectedchunk%0D%0A++++++++++++put+the+number+of+lines+in+word+1+to+theWordNo+of+fld+theFldName+into+theLineNo%0D%0A++++++++++++put+theFldName+into+theFldName%0D%0A++++++++++++put+false+into+setAtTop%0D%0A++++++++++++glx2SetScroll+theFldName%2CtheLineNo%2CsetAtTop%0D%0A++++++++++++return+true%0D%0A++++++++else%0D%0A++++++++++++set+the+wholematches+to+true%0D%0A++++++++++++add+1+to+theWords2Skip%0D%0A++++++++++++put+wordoffset%28theFindString%2Cfld+theFldName%2CtheWords2Skip%29+into+theWordNo%0D%0A++++++++++++set+the+wholematches+to+the+cWholeWord+of+stack+%22revGLX2+code%22+%0D%0A++++++++++++if+theWordNo+is+not+zero+then%0D%0A++++++++++++++++add+theWords2Skip+to+theWordNo%0D%0A++++++++++++++++select+word+theWordNo+of+fld+theFldName%0D%0A++++++++++++++++set+the+cSelectedChunk+of+fld+theFldName+to+the+selectedchunk%0D%0A++++++++++++++++put+the+number+of+lines+in+word+1+to+theWordNo+of+fld+theFldName+into+theLineNo%0D%0A++++++++++++++++put+false+into+setAtTop%0D%0A++++++++++++++++glx2SetScroll+theFldName%2CtheLineNo%2CsetAtTop%0D%0A++++++++++++++++return+true%0D%0A++++++++++++else%0D%0A++++++++++++++++beep%0D%0A++++++++++++end+if%0D%0A++++++++end+if%0D%0A++++else%0D%0A++++++++put+word+4+of+theSelectedChunk+into+theChars2Skip%0D%0A++++++++add+1+to+theWords2Skip%0D%0A++++++++put+offset%28theFindString%2Cfld+theFldName%2CtheChars2Skip%29+into+theOffset%0D%0A++++++++if+theOffset+is+not+zero+then%0D%0A++++++++++++add+theChars2Skip+to+theOffset%0D%0A++++++++++++select+char+theOffset+to+%28theOffset%2BtheAddedChars%29+of+fld+theFldName%0D%0A++++++++++++set+the+cSelectedChunk+of+fld+theFldName+to+the+selectedchunk%0D%0A++++++++++++put+the+number+of+lines+in+char+1+to+theOffset+of+fld+theFldName+into+theLineNo%0D%0A++++++++++++put+false+into+setAtTop%0D%0A++++++++++++glx2SetScroll+theFldName%2CtheLineNo%2CsetAtTop%0D%0A++++++++++++return+true%0D%0A++++++++else%0D%0A++++++++++++put+offset%28theFindString%2Cfld+theFldName%29+into+theOffset%0D%0A++++++++++++if+theOffset+is+not+zero+then%0D%0A++++++++++++++++select+char+theOffset+to+theOffset+%2B+%28the+length+of+theFindString+-+1%29+of+fld+theFldName%0D%0A++++++++++++++++set+the+cSelectedChunk+of+fld+theFldName+to+the+selectedchunk%0D%0A++++++++++++++++put+the+number+of+lines+in+char+1+to+theOffset+of+fld+theFldName+into+theLineNo%0D%0A++++++++++++++++put+false+into+setAtTop%0D%0A++++++++++++++++glx2SetScroll+theFldName%2CtheLineNo%2CsetAtTop%0D%0A++++++++++++++++return+true%0D%0A++++++++++++else%0D%0A++++++++++++++++beep%0D%0A++++++++++++end+if%0D%0A++++++++end+if%0D%0A++++end+if%0D%0A++++set+the+cSelectedChunk+of+fld+theFldName+to+the+selectedchunk+%0D%0A++++return+false%0D%0Aend+doFind%0D%0A" )</script>
</stack>
