<field name="work spaces" id="739215">
<tabStops>200</tabStops>
<traversalOn>true</traversalOn>
<ink>srcCopy</ink>
<firstIndent>0</firstIndent>
<dontSearch>false</dontSearch>
<toggleHilites>false</toggleHilites>
<threeD>true</threeD>
<scrollbarWidth>12</scrollbarWidth>
<blendLevel>0</blendLevel>
<textHeight>14</textHeight>
<rect>13,479,199,1000</rect>
<multipleHilites>false</multipleHilites>
<colors>urldecode( "white%0D%0A236%2C236%2C236%0D%0A0%2C128%2C255%0D%0A%0D%0A%0D%0A%0D%0A%0D%0A" )</colors>
<shadow>false</shadow>
<hScroll>0</hScroll>
<textAlign>left</textAlign>
<vScrollbar>true</vScrollbar>
<hScrollbar>false</hScrollbar>
<id>739215</id>
<altId>0</altId>
<autoTab>false</autoTab>
<textStyle>bold</textStyle>
<hGrid>false</hGrid>
<lockLoc>false</lockLoc>
<dontWrap>true</dontWrap>
<autoHilite>false</autoHilite>
<style>scrolling</style>
<showLines>false</showLines>
<sharedText>false</sharedText>
<noncontiguousHilites>false</noncontiguousHilites>
<lockText>true</lockText>
<scroll>0</scroll>
<name>field "work spaces"</name>
<vGrid>false</vGrid>
<listBehavior>true</listBehavior>
<layer>168</layer>
<visible>false</visible>
<cantSelect>false</cantSelect>
<borderWidth>1</borderWidth>
<margins>9,6,4,4</margins>
<htmlText>urldecode( "%3Cp%3E%3Csub%3E%3Cimg+src%3D%22599762%22%3E%3C%2Fsub%3E+Answer+Dialog%26%239%3Bstack+%26quot%3B%2FApplications%2FRevolution+Enterprise%2F2.8.1-gm-3%2FToolset%2Frevanswerdialog.rev%26quot%3B%3C%2Fp%3E%0D%0A%3Cp%3E%3Csub%3E%3Cimg+src%3D%22599762%22%3E%3C%2Fsub%3E+Ask+Dialog%26%239%3Bstack+%26quot%3B%2FApplications%2FRevolution+Enterprise%2F2.8.1-gm-3%2FToolset%2Frevaskdialog.rev%26quot%3B%3C%2Fp%3E%0D%0A%3Cp%3E%3Csub%3E%3Cimg+src%3D%22599762%22%3E%3C%2Fsub%3E+Home%26%239%3Bstack+%26quot%3B%2FApplications%2FRevolution+Enterprise%2F2.8.1-gm-3%2FToolset%2Fhome.rev%26quot%3B%3C%2Fp%3E%0D%0A%3Cp%3E++++%3Csub%3E%3Cimg+src%3D%22599762%22%3E%3C%2Fsub%3E+revFileAssociations%26%239%3Bstack+%26quot%3BrevFileAssociations%26quot%3B+of+stack+%26quot%3B%2FApplications%2FRevolution+Enterprise%2F2.8.1-gm-3%2FToolset%2Fhome.rev%26quot%3B%3C%2Fp%3E%0D%0A%3Cp%3E%3Csub%3E%3Cimg+src%3D%22599762%22%3E%3C%2Fsub%3E+Message+Box%26%239%3Bstack+%26quot%3B%2FApplications%2FRevolution+Enterprise%2F2.8.1-gm-3%2FToolset%2Frevmessagebox.rev%26quot%3B%3C%2Fp%3E%0D%0A%3Cp%3E%3Csub%3E%3Cimg+src%3D%22599762%22%3E%3C%2Fsub%3E+revAnimation%26%239%3Bstack+%26quot%3B%2FApplications%2FRevolution+Enterprise%2F2.8.1-gm-3%2FToolset%2FUnsupported%2Frevanimation.rev%26quot%3B%3C%2Fp%3E%0D%0A%3Cp%3E++++%3Csub%3E%3Cimg+src%3D%22599762%22%3E%3C%2Fsub%3E+revAnimationProperties%26%239%3Bstack+%26quot%3BrevAnimationProperties%26quot%3B+of+stack+%26quot%3B%2FApplications%2FRevolution+Enterprise%2F2.8.1-gm-3%2FToolset%2FUnsupported%2Frevanimation.rev%26quot%3B%3C%2Fp%3E%0D%0A%3Cp%3E++++%3Csub%3E%3Cimg+src%3D%22599762%22%3E%3C%2Fsub%3E+revPlaybackOptions%26%239%3Bstack+%26quot%3BrevPlaybackOptions%26quot%3B+of+stack+%26quot%3B%2FApplications%2FRevolution+Enterprise%2F2.8.1-gm-3%2FToolset%2FUnsupported%2Frevanimation.rev%26quot%3B%3C%2Fp%3E%0D%0A%3Cp%3E%3Csub%3E%3Cimg+src%3D%22599762%22%3E%3C%2Fsub%3E+revApplicationOverview%26%239%3Bstack+%26quot%3B%2FApplications%2FRevolution+Enterprise%2F2.8.1-gm-3%2FToolset%2Frevapplicationoverview.rev%26quot%3B%3C%2Fp%3E%0D%0A%3Cp%3E%3Csub%3E%3Cimg+src%3D%22599762%22%3E%3C%2Fsub%3E+revDBQuerySetup%26%239%3Bstack+%26quot%3B%2FApplications%2FRevolution+Enterprise%2F2.8.1-gm-3%2FToolset%2Frevdbquerysetup.rev%26quot%3B%3C%2Fp%3E%0D%0A%3Cp%3E%3Csub%3E%3Cimg+src%3D%22599762%22%3E%3C%2Fsub%3E+revDocClump_30%26%239%3Bstack+%26quot%3B%2FApplications%2FRevolution+Enterprise%2F2.8.1-gm-3%2FDocumentation%2Fpackaged_xml%2Fdictionary%2FrevDocClump_30.rev%26quot%3B%3C%2Fp%3E%0D%0A%3Cp%3E%3Csub%3E%3Cimg+src%3D%22599762%22%3E%3C%2Fsub%3E+revDocs%26%239%3Bstack+%26quot%3B%2FApplications%2FRevolution+Enterprise%2F2.8.1-gm-3%2FToolset%2Frevdocumentation.rev%26quot%3B%3C%2Fp%3E%0D%0A%3Cp%3E++++%3Csub%3E%3Cimg+src%3D%22599762%22%3E%3C%2Fsub%3E+Documentation+Library%26%239%3Bstack+%26quot%3BDocumentation+Library%26quot%3B+of+stack+%26quot%3B%2FApplications%2FRevolution+Enterprise%2F2.8.1-gm-3%2FToolset%2Frevdocumentation.rev%26quot%3B%3C%2Fp%3E%0D%0A%3Cp%3E++++%3Csub%3E%3Cimg+src%3D%22599762%22%3E%3C%2Fsub%3E+quickLinks%26%239%3Bstack+%26quot%3BquickLinks%26quot%3B+of+stack+%26quot%3B%2FApplications%2FRevolution+Enterprise%2F2.8.1-gm-3%2FToolset%2Frevdocumentation.rev%26quot%3B%3C%2Fp%3E%0D%0A%3Cp%3E%3Csub%3E%3Cimg+src%3D%22599762%22%3E%3C%2Fsub%3E+revErrorDisplay%26%239%3Bstack+%26quot%3B%2FApplications%2FRevolution+Enterprise%2F2.8.1-gm-3%2FToolset%2Freverrordisplay.rev%26quot%3B%3C%2Fp%3E%0D%0A%3Cp%3E%3Csub%3E%3Cimg+src%3D%22599762%22%3E%3C%2Fsub%3E+revGeneralIcons%26%239%3Bstack+%26quot%3B%2FApplications%2FRevolution+Enterprise%2F2.8.1-gm-3%2FToolset%2Frevgeneralicons.rev%26quot%3B%3C%2Fp%3E%0D%0A%3Cp%3E%3Csub%3E%3Cimg+src%3D%22599762%22%3E%3C%2Fsub%3E+revGeneralPatterns%26%239%3Bstack+%26quot%3B%2FApplications%2FRevolution+Enterprise%2F2.8.1-gm-3%2FToolset%2Frevgeneralpatterns.rev%26quot%3B%3C%2Fp%3E%0D%0A%3Cp%3E%3Csub%3E%3Cimg+src%3D%22599762%22%3E%3C%2Fsub%3E+revGLX2+Code%26%239%3Bstack+%26quot%3B%2FUsers%2FjerryDaniels%2FDocuments%2Fmy+revolution+enterprise%2Fplugins%2FGLX2+Code.rev%26quot%3B%3C%2Fp%3E%0D%0A%3Cp%3E++++%3Csub%3E%3Cimg+src%3D%22599762%22%3E%3C%2Fsub%3E+GLX2+Web+Source%26%239%3Bstack+%26quot%3BGLX2+Web+Source%26quot%3B+of+stack+%26quot%3B%2FUsers%2FjerryDaniels%2FDocuments%2Fmy+revolution+enterprise%2Fplugins%2FGLX2+Code.rev%26quot%3B%3C%2Fp%3E%0D%0A%3Cp%3E++++%3Csub%3E%3Cimg+src%3D%22599762%22%3E%3C%2Fsub%3E+revGLX2+about%26%239%3Bstack+%26quot%3BrevGLX2+about%26quot%3B+of+stack+%26quot%3B%2FUsers%2FjerryDaniels%2FDocuments%2Fmy+revolution+enterprise%2Fplugins%2FGLX2+Code.rev%26quot%3B%3C%2Fp%3E%0D%0A%3Cp%3E++++%3Csub%3E%3Cimg+src%3D%22599762%22%3E%3C%2Fsub%3E+revGLX2+array+editor%26%239%3Bstack+%26quot%3BrevGLX2+array+editor%26quot%3B+of+stack+%26quot%3B%2FUsers%2FjerryDaniels%2FDocuments%2Fmy+revolution+enterprise%2Fplugins%2FGLX2+Code.rev%26quot%3B%3C%2Fp%3E%0D%0A%3Cp%3E++++%3Csub%3E%3Cimg+src%3D%22599762%22%3E%3C%2Fsub%3E+revGLX2+Code+Docs%26%239%3Bstack+%26quot%3BrevGLX2+Code+Docs%26quot%3B+of+stack+%26quot%3B%2FUsers%2FjerryDaniels%2FDocuments%2Fmy+revolution+enterprise%2Fplugins%2FGLX2+Code.rev%26quot%3B%3C%2Fp%3E%0D%0A%3Cp%3E++++%3Csub%3E%3Cimg+src%3D%22599762%22%3E%3C%2Fsub%3E+revGLX2+Code+Snapshot%26%239%3Bstack+%26quot%3BrevGLX2+Code+Snapshot%26quot%3B+of+stack+%26quot%3B%2FUsers%2FjerryDaniels%2FDocuments%2Fmy+revolution+enterprise%2Fplugins%2FGLX2+Code.rev%26quot%3B%3C%2Fp%3E%0D%0A%3Cp%3E++++%3Csub%3E%3Cimg+src%3D%22599762%22%3E%3C%2Fsub%3E+revGLX2+Compatibility%26%239%3Bstack+%26quot%3BrevGLX2+Compatibility%26quot%3B+of+stack+%26quot%3B%2FUsers%2FjerryDaniels%2FDocuments%2Fmy+revolution+enterprise%2Fplugins%2FGLX2+Code.rev%26quot%3B%3C%2Fp%3E%0D%0A%3Cp%3E++++%3Csub%3E%3Cimg+src%3D%22599762%22%3E%3C%2Fsub%3E+revGLX2+Debug%26%239%3Bstack+%26quot%3BrevGLX2+Debug%26quot%3B+of+stack+%26quot%3B%2FUsers%2FjerryDaniels%2FDocuments%2Fmy+revolution+enterprise%2Fplugins%2FGLX2+Code.rev%26quot%3B%3C%2Fp%3E%0D%0A%3Cp%3E++++%3Csub%3E%3Cimg+src%3D%22599762%22%3E%3C%2Fsub%3E+revGLX2+default+handlers+master%26%239%3Bstack+%26quot%3BrevGLX2+default+handlers+master%26quot%3B+of+stack+%26quot%3B%2FUsers%2FjerryDaniels%2FDocuments%2Fmy+revolution+enterprise%2Fplugins%2FGLX2+Code.rev%26quot%3B%3C%2Fp%3E%0D%0A%3Cp%3E++++%3Csub%3E%3Cimg+src%3D%22599762%22%3E%3C%2Fsub%3E+revGLX2+Defaults%26%239%3Bstack+%26quot%3BrevGLX2+Defaults%26quot%3B+of+stack+%26quot%3B%2FUsers%2FjerryDaniels%2FDocuments%2Fmy+revolution+enterprise%2Fplugins%2FGLX2+Code.rev%26quot%3B%3C%2Fp%3E%0D%0A%3Cp%3E++++%3Csub%3E%3Cimg+src%3D%22599762%22%3E%3C%2Fsub%3E+revGLX2+history%26%239%3Bstack+%26quot%3BrevGLX2+history%26quot%3B+of+stack+%26quot%3B%2FUsers%2FjerryDaniels%2FDocuments%2Fmy+revolution+enterprise%2Fplugins%2FGLX2+Code.rev%26quot%3B%3C%2Fp%3E%0D%0A%3Cp%3E++++%3Csub%3E%3Cimg+src%3D%22599762%22%3E%3C%2Fsub%3E+revGLX2+Registration%26%239%3Bstack+%26quot%3BrevGLX2+Registration%26quot%3B+of+stack+%26quot%3B%2FUsers%2FjerryDaniels%2FDocuments%2Fmy+revolution+enterprise%2Fplugins%2FGLX2+Code.rev%26quot%3B%3C%2Fp%3E%0D%0A%3Cp%3E++++%3Csub%3E%3Cimg+src%3D%22599762%22%3E%3C%2Fsub%3E+revGLX2+status%26%239%3Bstack+%26quot%3BrevGLX2+status%26quot%3B+of+stack+%26quot%3B%2FUsers%2FjerryDaniels%2FDocuments%2Fmy+revolution+enterprise%2Fplugins%2FGLX2+Code.rev%26quot%3B%3C%2Fp%3E%0D%0A%3Cp%3E++++%3Csub%3E%3Cimg+src%3D%22599762%22%3E%3C%2Fsub%3E+revGLX2+syntax+chooser%26%239%3Bstack+%26quot%3BrevGLX2+syntax+chooser%26quot%3B+of+stack+%26quot%3B%2FUsers%2FjerryDaniels%2FDocuments%2Fmy+revolution+enterprise%2Fplugins%2FGLX2+Code.rev%26quot%3B%3C%2Fp%3E%0D%0A%3Cp%3E++++%3Csub%3E%3Cimg+src%3D%22599762%22%3E%3C%2Fsub%3E+revGLX2+tab+cloner%26%239%3Bstack+%26quot%3BrevGLX2+tab+cloner%26quot%3B+of+stack+%26quot%3B%2FUsers%2FjerryDaniels%2FDocuments%2Fmy+revolution+enterprise%2Fplugins%2FGLX2+Code.rev%26quot%3B%3C%2Fp%3E%0D%0A%3Cp%3E++++%3Csub%3E%3Cimg+src%3D%22599762%22%3E%3C%2Fsub%3E+revGLX2+uncompiled%26%239%3Bstack+%26quot%3BrevGLX2+uncompiled%26quot%3B+of+stack+%26quot%3B%2FUsers%2FjerryDaniels%2FDocuments%2Fmy+revolution+enterprise%2Fplugins%2FGLX2+Code.rev%26quot%3B%3C%2Fp%3E%0D%0A%3Cp%3E++++%3Csub%3E%3Cimg+src%3D%22599762%22%3E%3C%2Fsub%3E+revGLX2+Updater%26%239%3Bstack+%26quot%3BrevGLX2+Updater%26quot%3B+of+stack+%26quot%3B%2FUsers%2FjerryDaniels%2FDocuments%2Fmy+revolution+enterprise%2Fplugins%2FGLX2+Code.rev%26quot%3B%3C%2Fp%3E%0D%0A%3Cp%3E++++%3Csub%3E%3Cimg+src%3D%22599762%22%3E%3C%2Fsub%3E+revGLX2+VAB%26%239%3Bstack+%26quot%3BrevGLX2+VAB%26quot%3B+of+stack+%26quot%3B%2FUsers%2FjerryDaniels%2FDocuments%2Fmy+revolution+enterprise%2Fplugins%2FGLX2+Code.rev%26quot%3B%3C%2Fp%3E%0D%0A%3Cp%3E++++%3Csub%3E%3Cimg+src%3D%22599762%22%3E%3C%2Fsub%3E+revGLX2+var+editor%26%239%3Bstack+%26quot%3BrevGLX2+var+editor%26quot%3B+of+stack+%26quot%3B%2FUsers%2FjerryDaniels%2FDocuments%2Fmy+revolution+enterprise%2Fplugins%2FGLX2+Code.rev%26quot%3B%3C%2Fp%3E%0D%0A%3Cp%3E++++%3Csub%3E%3Cimg+src%3D%22599762%22%3E%3C%2Fsub%3E+revGLX2+work+spaces%26%239%3Bstack+%26quot%3BrevGLX2+work+spaces%26quot%3B+of+stack+%26quot%3B%2FUsers%2FjerryDaniels%2FDocuments%2Fmy+revolution+enterprise%2Fplugins%2FGLX2+Code.rev%26quot%3B%3C%2Fp%3E%0D%0A%3Cp%3E%3Csub%3E%3Cimg+src%3D%22599762%22%3E%3C%2Fsub%3E+revGLX2+Default+Handlers%26%239%3Bstack+%26quot%3B%2FUsers%2FjerryDaniels%2FDocuments%2Fmy+revolution+enterprise%2Fplugins%2FGLX2+Default+Handlers.rev%26quot%3B%3C%2Fp%3E%0D%0A%3Cp%3E%3Csub%3E%3Cimg+src%3D%22599762%22%3E%3C%2Fsub%3E+revIconChooser%26%239%3Bstack+%26quot%3B%2FApplications%2FRevolution+Enterprise%2F2.8.1-gm-3%2FToolset%2Freviconchooser.rev%26quot%3B%3C%2Fp%3E%0D%0A%3Cp%3E%3Csub%3E%3Cimg+src%3D%22599762%22%3E%3C%2Fsub%3E+revIcons%26%239%3Bstack+%26quot%3B%2FApplications%2FRevolution+Enterprise%2F2.8.1-gm-3%2FToolset%2Frevicons.rev%26quot%3B%3C%2Fp%3E%0D%0A%3Cp%3E++++%3Csub%3E%3Cimg+src%3D%22599762%22%3E%3C%2Fsub%3E+Magnify%26%239%3Bstack+%26quot%3BMagnify%26quot%3B+of+stack+%26quot%3B%2FApplications%2FRevolution+Enterprise%2F2.8.1-gm-3%2FToolset%2Frevicons.rev%26quot%3B%3C%2Fp%3E%0D%0A%3Cp%3E++++%3Csub%3E%3Cimg+src%3D%22599762%22%3E%3C%2Fsub%3E+revCompatibilityBrushes1%26%239%3Bstack+%26quot%3BrevCompatibilityBrushes1%26quot%3B+of+stack+%26quot%3B%2FApplications%2FRevolution+Enterprise%2F2.8.1-gm-3%2FToolset%2Frevicons.rev%26quot%3B%3C%2Fp%3E%0D%0A%3Cp%3E++++%3Csub%3E%3Cimg+src%3D%22599762%22%3E%3C%2Fsub%3E+revCompatibilityIcons1%26%239%3Bstack+%26quot%3BrevCompatibilityIcons1%26quot%3B+of+stack+%26quot%3B%2FApplications%2FRevolution+Enterprise%2F2.8.1-gm-3%2FToolset%2Frevicons.rev%26quot%3B%3C%2Fp%3E%0D%0A%3Cp%3E++++%3Csub%3E%3Cimg+src%3D%22599762%22%3E%3C%2Fsub%3E+revCompatibilityPatterns1%26%239%3Bstack+%26quot%3BrevCompatibilityPatterns1%26quot%3B+of+stack+%26quot%3B%2FApplications%2FRevolution+Enterprise%2F2.8.1-gm-3%2FToolset%2Frevicons.rev%26quot%3B%3C%2Fp%3E%0D%0A%3Cp%3E++++%3Csub%3E%3Cimg+src%3D%22599762%22%3E%3C%2Fsub%3E+revCompatibilityPatterns2%26%239%3Bstack+%26quot%3BrevCompatibilityPatterns2%26quot%3B+of+stack+%26quot%3B%2FApplications%2FRevolution+Enterprise%2F2.8.1-gm-3%2FToolset%2Frevicons.rev%26quot%3B%3C%2Fp%3E%0D%0A%3Cp%3E++++%3Csub%3E%3Cimg+src%3D%22599762%22%3E%3C%2Fsub%3E+revCustomCursors%26%239%3Bstack+%26quot%3BrevCustomCursors%26quot%3B+of+stack+%26quot%3B%2FApplications%2FRevolution+Enterprise%2F2.8.1-gm-3%2FToolset%2Frevicons.rev%26quot%3B%3C%2Fp%3E%0D%0A%3Cp%3E++++%3Csub%3E%3Cimg+src%3D%22599762%22%3E%3C%2Fsub%3E+revDocsImages%26%239%3Bstack+%26quot%3BrevDocsImages%26quot%3B+of+stack+%26quot%3B%2FApplications%2FRevolution+Enterprise%2F2.8.1-gm-3%2FToolset%2Frevicons.rev%26quot%3B%3C%2Fp%3E%0D%0A%3Cp%3E++++%3Csub%3E%3Cimg+src%3D%22599762%22%3E%3C%2Fsub%3E+revprotectedicons%26%239%3Bstack+%26quot%3Brevprotectedicons%26quot%3B+of+stack+%26quot%3B%2FApplications%2FRevolution+Enterprise%2F2.8.1-gm-3%2FToolset%2Frevicons.rev%26quot%3B%3C%2Fp%3E%0D%0A%3Cp%3E%3Csub%3E%3Cimg+src%3D%22599762%22%3E%3C%2Fsub%3E+revLibrary%26%239%3Bstack+%26quot%3B%2FApplications%2FRevolution+Enterprise%2F2.8.1-gm-3%2FToolset%2Frevlibrary.rev%26quot%3B%3C%2Fp%3E%0D%0A%3Cp%3E++++%3Csub%3E%3Cimg+src%3D%22599762%22%3E%3C%2Fsub%3E+file+selector%26%239%3Bstack+%26quot%3Bfile+selector%26quot%3B+of+stack+%26quot%3B%2FApplications%2FRevolution+Enterprise%2F2.8.1-gm-3%2FToolset%2Frevlibrary.rev%26quot%3B%3C%2Fp%3E%0D%0A%3Cp%3E++++%3Csub%3E%3Cimg+src%3D%22599762%22%3E%3C%2Fsub%3E+revAddLibraryStack%26%239%3Bstack+%26quot%3BrevAddLibraryStack%26quot%3B+of+stack+%26quot%3B%2FApplications%2FRevolution+Enterprise%2F2.8.1-gm-3%2FToolset%2Frevlibrary.rev%26quot%3B%3C%2Fp%3E%0D%0A%3Cp%3E++++%3Csub%3E%3Cimg+src%3D%22599762%22%3E%3C%2Fsub%3E+revProfileOptions%26%239%3Bstack+%26quot%3BrevProfileOptions%26quot%3B+of+stack+%26quot%3B%2FApplications%2FRevolution+Enterprise%2F2.8.1-gm-3%2FToolset%2Frevlibrary.rev%26quot%3B%3C%2Fp%3E%0D%0A%3Cp%3E++++%3Csub%3E%3Cimg+src%3D%22599762%22%3E%3C%2Fsub%3E+revSaving%26%239%3Bstack+%26quot%3BrevSaving%26quot%3B+of+stack+%26quot%3B%2FApplications%2FRevolution+Enterprise%2F2.8.1-gm-3%2FToolset%2Frevlibrary.rev%26quot%3B%3C%2Fp%3E%0D%0A%3Cp%3E%3Csub%3E%3Cimg+src%3D%22599762%22%3E%3C%2Fsub%3E+revMacCursors%26%239%3Bstack+%26quot%3B%2FApplications%2FRevolution+Enterprise%2F2.8.1-gm-3%2FToolset%2Frevmaccursors.rev%26quot%3B%3C%2Fp%3E%0D%0A%3Cp%3E%3Csub%3E%3Cimg+src%3D%22599762%22%3E%3C%2Fsub%3E+revMenubar%26%239%3Bstack+%26quot%3B%2FApplications%2FRevolution+Enterprise%2F2.8.1-gm-3%2FToolset%2Frevmenubar.rev%26quot%3B%3C%2Fp%3E%0D%0A%3Cp%3E++++%3Csub%3E%3Cimg+src%3D%22599762%22%3E%3C%2Fsub%3E+revHelpPopup%26%239%3Bstack+%26quot%3BrevHelpPopup%26quot%3B+of+stack+%26quot%3B%2FApplications%2FRevolution+Enterprise%2F2.8.1-gm-3%2FToolset%2Frevmenubar.rev%26quot%3B%3C%2Fp%3E%0D%0A%3Cp%3E++++%3Csub%3E%3Cimg+src%3D%22599762%22%3E%3C%2Fsub%3E+revRestore%26%239%3Bstack+%26quot%3BrevRestore%26quot%3B+of+stack+%26quot%3B%2FApplications%2FRevolution+Enterprise%2F2.8.1-gm-3%2FToolset%2Frevmenubar.rev%26quot%3B%3C%2Fp%3E%0D%0A%3Cp%3E++++%3Csub%3E%3Cimg+src%3D%22599762%22%3E%3C%2Fsub%3E+revRotate%26%239%3Bstack+%26quot%3BrevRotate%26quot%3B+of+stack+%26quot%3B%2FApplications%2FRevolution+Enterprise%2F2.8.1-gm-3%2FToolset%2Frevmenubar.rev%26quot%3B%3C%2Fp%3E%0D%0A%3Cp%3E%3Csub%3E%3Cimg+src%3D%22599762%22%3E%3C%2Fsub%3E+revOnline%26%239%3Bstack+%26quot%3B%2FApplications%2FRevolution+Enterprise%2F2.8.1-gm-3%2FToolset%2Frevonline.rev%26quot%3B%3C%2Fp%3E%0D%0A%3Cp%3E++++%3Csub%3E%3Cimg+src%3D%22599762%22%3E%3C%2Fsub%3E+revOnlineImages%26%239%3Bstack+%26quot%3BrevOnlineImages%26quot%3B+of+stack+%26quot%3B%2FApplications%2FRevolution+Enterprise%2F2.8.1-gm-3%2FToolset%2Frevonline.rev%26quot%3B%3C%2Fp%3E%0D%0A%3Cp%3E++++%3Csub%3E%3Cimg+src%3D%22599762%22%3E%3C%2Fsub%3E+revOnlinePreferences%26%239%3Bstack+%26quot%3BrevOnlinePreferences%26quot%3B+of+stack+%26quot%3B%2FApplications%2FRevolution+Enterprise%2F2.8.1-gm-3%2FToolset%2Frevonline.rev%26quot%3B%3C%2Fp%3E%0D%0A%3Cp%3E++++%3Csub%3E%3Cimg+src%3D%22599762%22%3E%3C%2Fsub%3E+revOnlineViewerTemplate%26%239%3Bstack+%26quot%3BrevOnlineViewerTemplate%26quot%3B+of+stack+%26quot%3B%2FApplications%2FRevolution+Enterprise%2F2.8.1-gm-3%2FToolset%2Frevonline.rev%26quot%3B%3C%2Fp%3E%0D%0A%3Cp%3E%3Csub%3E%3Cimg+src%3D%22599762%22%3E%3C%2Fsub%3E+revPlugInEditor%26%239%3Bstack+%26quot%3B%2FApplications%2FRevolution+Enterprise%2F2.8.1-gm-3%2FToolset%2Frevplugineditor.rev%26quot%3B%3C%2Fp%3E%0D%0A%3Cp%3E%3Csub%3E%3Cimg+src%3D%22599762%22%3E%3C%2Fsub%3E+revPreferences%26%239%3Bstack+%26quot%3B%2FUsers%2FjerryDaniels%2FLibrary%2FPreferences%2FRuntime+Revolution%2FRevolution+Enterprise%2Frevpreferences.rev%26quot%3B%3C%2Fp%3E%0D%0A%3Cp%3E%3Csub%3E%3Cimg+src%3D%22599762%22%3E%3C%2Fsub%3E+revPreferencesGUI%26%239%3Bstack+%26quot%3B%2FApplications%2FRevolution+Enterprise%2F2.8.1-gm-3%2FToolset%2Frevpreferencesgui.rev%26quot%3B%3C%2Fp%3E%0D%0A%3Cp%3E%3Csub%3E%3Cimg+src%3D%22599762%22%3E%3C%2Fsub%3E+revPropertyPalette+1%26%239%3Bstack+%26quot%3BrevPropertyPalette+1%26quot%3B%3C%2Fp%3E%0D%0A%3Cp%3E%3Csub%3E%3Cimg+src%3D%22599762%22%3E%3C%2Fsub%3E+revPropertyPalette+2%26%239%3Bstack+%26quot%3BrevPropertyPalette+2%26quot%3B%3C%2Fp%3E%0D%0A%3Cp%3E%3Csub%3E%3Cimg+src%3D%22599762%22%3E%3C%2Fsub%3E+revSearch%26%239%3Bstack+%26quot%3B%2FApplications%2FRevolution+Enterprise%2F2.8.1-gm-3%2FToolset%2Frevsearch.rev%26quot%3B%3C%2Fp%3E%0D%0A%3Cp%3E++++%3Csub%3E%3Cimg+src%3D%22599762%22%3E%3C%2Fsub%3E+revObjectProperties%26%239%3Bstack+%26quot%3BrevObjectProperties%26quot%3B+of+stack+%26quot%3B%2FApplications%2FRevolution+Enterprise%2F2.8.1-gm-3%2FToolset%2Frevsearch.rev%26quot%3B%3C%2Fp%3E%0D%0A%3Cp%3E%3Csub%3E%3Cimg+src%3D%22599762%22%3E%3C%2Fsub%3E+revTemplatePalette%26%239%3Bstack+%26quot%3B%2FApplications%2FRevolution+Enterprise%2F2.8.1-gm-3%2FToolset%2Frevpalette.rev%26quot%3B%3C%2Fp%3E%0D%0A%3Cp%3E++++%3Csub%3E%3Cimg+src%3D%22599762%22%3E%3C%2Fsub%3E+revAddProperty%26%239%3Bstack+%26quot%3BrevAddProperty%26quot%3B+of+stack+%26quot%3B%2FApplications%2FRevolution+Enterprise%2F2.8.1-gm-3%2FToolset%2Frevpalette.rev%26quot%3B%3C%2Fp%3E%0D%0A%3Cp%3E++++%3Csub%3E%3Cimg+src%3D%22599762%22%3E%3C%2Fsub%3E+revChangeCase%26%239%3Bstack+%26quot%3BrevChangeCase%26quot%3B+of+stack+%26quot%3B%2FApplications%2FRevolution+Enterprise%2F2.8.1-gm-3%2FToolset%2Frevpalette.rev%26quot%3B%3C%2Fp%3E%0D%0A%3Cp%3E++++%3Csub%3E%3Cimg+src%3D%22599762%22%3E%3C%2Fsub%3E+revConnectionDetails%26%239%3Bstack+%26quot%3BrevConnectionDetails%26quot%3B+of+stack+%26quot%3B%2FApplications%2FRevolution+Enterprise%2F2.8.1-gm-3%2FToolset%2Frevpalette.rev%26quot%3B%3C%2Fp%3E%0D%0A%3Cp%3E++++%3Csub%3E%3Cimg+src%3D%22599762%22%3E%3C%2Fsub%3E+revCopyProfileProperty%26%239%3Bstack+%26quot%3BrevCopyProfileProperty%26quot%3B+of+stack+%26quot%3B%2FApplications%2FRevolution+Enterprise%2F2.8.1-gm-3%2FToolset%2Frevpalette.rev%26quot%3B%3C%2Fp%3E%0D%0A%3Cp%3E++++%3Csub%3E%3Cimg+src%3D%22599762%22%3E%3C%2Fsub%3E+revObjectSelector%26%239%3Bstack+%26quot%3BrevObjectSelector%26quot%3B+of+stack+%26quot%3B%2FApplications%2FRevolution+Enterprise%2F2.8.1-gm-3%2FToolset%2Frevpalette.rev%26quot%3B%3C%2Fp%3E%0D%0A%3Cp%3E++++%3Csub%3E%3Cimg+src%3D%22599762%22%3E%3C%2Fsub%3E+revTitleBarSelector%26%239%3Bstack+%26quot%3BrevTitleBarSelector%26quot%3B+of+stack+%26quot%3B%2FApplications%2FRevolution+Enterprise%2F2.8.1-gm-3%2FToolset%2Frevpalette.rev%26quot%3B%3C%2Fp%3E%0D%0A%3Cp%3E%3Csub%3E%3Cimg+src%3D%22599762%22%3E%3C%2Fsub%3E+revTemplateScriptEditor%26%239%3Bstack+%26quot%3B%2FApplications%2FRevolution+Enterprise%2F2.8.1-gm-3%2FToolset%2Frevscripteditor.rev%26quot%3B%3C%2Fp%3E%0D%0A%3Cp%3E++++%3Csub%3E%3Cimg+src%3D%22599762%22%3E%3C%2Fsub%3E+revEditDictionary%26%239%3Bstack+%26quot%3BrevEditDictionary%26quot%3B+of+stack+%26quot%3B%2FApplications%2FRevolution+Enterprise%2F2.8.1-gm-3%2FToolset%2Frevscripteditor.rev%26quot%3B%3C%2Fp%3E%0D%0A%3Cp%3E++++%3Csub%3E%3Cimg+src%3D%22599762%22%3E%3C%2Fsub%3E+revScriptFont%26%239%3Bstack+%26quot%3BrevScriptFont%26quot%3B+of+stack+%26quot%3B%2FApplications%2FRevolution+Enterprise%2F2.8.1-gm-3%2FToolset%2Frevscripteditor.rev%26quot%3B%3C%2Fp%3E%0D%0A%3Cp%3E%3Csub%3E%3Cimg+src%3D%22599762%22%3E%3C%2Fsub%3E+revTools%26%239%3Bstack+%26quot%3B%2FApplications%2FRevolution+Enterprise%2F2.8.1-gm-3%2FToolset%2Frevtools.rev%26quot%3B%3C%2Fp%3E%0D%0A%3Cp%3E++++%3Csub%3E%3Cimg+src%3D%22599762%22%3E%3C%2Fsub%3E+revBrushpopup%26%239%3Bstack+%26quot%3BrevBrushpopup%26quot%3B+of+stack+%26quot%3B%2FApplications%2FRevolution+Enterprise%2F2.8.1-gm-3%2FToolset%2Frevtools.rev%26quot%3B%3C%2Fp%3E%0D%0A%3Cp%3E++++%3Csub%3E%3Cimg+src%3D%22599762%22%3E%3C%2Fsub%3E+revColorPopup%26%239%3Bstack+%26quot%3BrevColorPopup%26quot%3B+of+stack+%26quot%3B%2FApplications%2FRevolution+Enterprise%2F2.8.1-gm-3%2FToolset%2Frevtools.rev%26quot%3B%3C%2Fp%3E%0D%0A%3Cp%3E++++%3Csub%3E%3Cimg+src%3D%22599762%22%3E%3C%2Fsub%3E+revColorPopup%26%239%3Bstack+%26quot%3BrevColorPopup%26quot%3B+of+stack+%26quot%3B%2FApplications%2FRevolution+Enterprise%2F2.8.1-gm-3%2FToolset%2Frevtools.rev%26quot%3B%3C%2Fp%3E%0D%0A%3Cp%3E++++%3Csub%3E%3Cimg+src%3D%22599762%22%3E%3C%2Fsub%3E+revLineSizePopup%26%239%3Bstack+%26quot%3BrevLineSizePopup%26quot%3B+of+stack+%26quot%3B%2FApplications%2FRevolution+Enterprise%2F2.8.1-gm-3%2FToolset%2Frevtools.rev%26quot%3B%3C%2Fp%3E%0D%0A%3Cp%3E++++%3Csub%3E%3Cimg+src%3D%22599762%22%3E%3C%2Fsub%3E+revRoundRadius%26%239%3Bstack+%26quot%3BrevRoundRadius%26quot%3B+of+stack+%26quot%3B%2FApplications%2FRevolution+Enterprise%2F2.8.1-gm-3%2FToolset%2Frevtools.rev%26quot%3B%3C%2Fp%3E%0D%0A%3Cp%3E%3Csub%3E%3Cimg+src%3D%22599762%22%3E%3C%2Fsub%3E+revVariableWatcher%26%239%3Bstack+%26quot%3B%2FApplications%2FRevolution+Enterprise%2F2.8.1-gm-3%2FToolset%2Frevvariablewatcher.rev%26quot%3B%3C%2Fp%3E" )</htmlText>
<threeDHilite>false</threeDHilite>
<opaque>false</opaque>
<shadowOffset>4</shadowOffset>
<showBorder>false</showBorder>
<textSize>11</textSize>
<disabled>false</disabled>
<fixedLineHeight>true</fixedLineHeight>
<textFont>arial</textFont>
<vScroll>0</vScroll>
<showFocusBorder>false</showFocusBorder>
<custompropertyset name= "cGlx2TimeStamp">
<checksum>urldecode( "%29V%D4%B6ix40aY%A0QF%FD%5D%F7" )</checksum>
</custompropertyset>
<custompropertyset name= "cREVTable">
<currentvscroll>94</currentvscroll>
<currenthscroll>0</currenthscroll>
<currentxmouseloc>135</currentxmouseloc>
<viewablerows>48</viewablerows>
<currentymouseloc>205</currentymouseloc>
<scrollbarwidth>12</scrollbarwidth>
<cellyspacing>14</cellyspacing>
<rightfieldloc>184</rightfieldloc>
<viewablecolumns>1</viewablecolumns>
<numbertabstops>1</numbertabstops>
<topfieldloc>134</topfieldloc>
<leftfieldloc>14</leftfieldloc>
<cellxspacing>200</cellxspacing>
<currentview>urldecode( "%3Cp%3E%3Csub%3E%3Cimg+src%3D%22599762%22%3E%3C%2Fsub%3E+revGLX2+Code%3C%2Fp%3E%0D%0A%3Cp%3E%3Csub%3E%3Cimg+src%3D%22599762%22%3E%3C%2Fsub%3E+revGLX2+Default+Handlers%3C%2Fp%3E%0D%0A%3Cp%3E%3Csub%3E%3Cimg+src%3D%22599762%22%3E%3C%2Fsub%3E+revGLX2+status%3C%2Fp%3E%0D%0A%3Cp%3E%3Csub%3E%3Cimg+src%3D%22599762%22%3E%3C%2Fsub%3E+revMenubar%3C%2Fp%3E%0D%0A%3Cp%3E%3Csub%3E%3Cimg+src%3D%22599762%22%3E%3C%2Fsub%3E+revPropertyPalette+1%3C%2Fp%3E" )</currentview>
<bottomfieldloc>698</bottomfieldloc>
</custompropertyset>
<script>urldecode( "--%3E+all+handlers%0D%0A%0D%0Aon+mouseDoubleUp+pMouseBtnNum%2CtheLineNo%2CsimDoubleClick%0D%0A++++lock+screen%0D%0A++++send+%22mouseUp+1%22+to+btn+%22card+controls%22+in+10+millisecs%0D%0A++++--set+the+hilitedline+of+fld+%22card+controls%22+to+1%0D%0A++++unlock+screen%0D%0A++++exit+mouseDoubleUp%0D%0A++++--exit+mouseDoubleUp%0D%0A++++--+if+the+hilited+of+btn+%22edit+home%22+is+true+and+%28the+mousechar+is+not+empty+or+simDoubleClick+is+true%29+then%0D%0A++++--+lock+screen%0D%0A++++--+if+theLineNo+is+empty+then%0D%0A++++--+put+word+2+of+the+mouseline+into+theLineNo%0D%0A++++--+end+if%0D%0A++++--+put+word+1+to+-1+of+line+theLineNo+of+me+into+theSpace%0D%0A++++--+put+theSpace+into+fld+%22edit+space%22+%0D%0A++++--+set+the+cLineNo+of+fld+%22edit+space%22+to+theLineNo%0D%0A++++--+select+word+1+to+-1+of+line+theLineNo+of+me%0D%0A++++--+put+the+selectedloc+into+theLoc%0D%0A++++--+subtract+the+leftmargin+of+fld+%22edit+space%22+from+item+1+of+theLoc%0D%0A++++--+subtract+1+from+item+1+of+theLoc%0D%0A++++--+subtract+the+topmargin+of+fld+%22edit+space%22+from+item+2+of+theLoc%0D%0A++++--+add+2+to+item+2+of+theLoc%0D%0A++++--+set+the+topleft+of+fld+%22edit+space%22+to+theLoc%0D%0A++++--+put+the+rect+of+fld+%22edit+space%22+into+theRect%0D%0A++++--+put+the+right+of+the+owner+of+me+-+10+into+item+3+of+theRect%0D%0A++++--+put+the+topmargin+of+fld+%22edit+space%22+%2B+the+bottommargin+of+fld+%22edit+space%22+%2B+%5C%0D%0A++++++++++++--+the+top+of+fld+%22edit+space%22+%2B+%28the+textheight+of+fld+%22edit+space%22%29+into+item+4+of+theRect%0D%0A++++--+set+the+rect+of+fld+%22edit+space%22+to+theRect%0D%0A++++--+set+the+textfont+of+fld+%22edit+space%22+to+the+textfont+of+me%0D%0A++++--+set+the+textsize+of+fld+%22edit+space%22+to+the+textsize+of+me%0D%0A++++--+set+the+backcolor+of+fld+%22edit+space%22+to+the+backcolor+of+grc+%22glx2+home+bg%22%0D%0A++++--+set+the+margins+of+the+owner+of+me+to+0%0D%0A++++--+set+the+rect+of+grc+%22spaces+mask%22+to+the+rect+of+the+owner+of+me%0D%0A++++--+show+grc+%22spaces+mask%22%0D%0A++++--+show+fld+%22edit+space%22%0D%0A++++--+set+the+locktext+of+fld+%22edit+space%22+to+false%0D%0A++++--+focus+on+fld+%22edit+space%22+%0D%0A++++--+select+char+1+to+-1+of+fld+%22edit+space%22%0D%0A++++--+unlock+screen%0D%0A++++--+else%0D%0A++++--+send+%22simMouseDown%22+to+btn+%22edit+home%22+of+this+stack+--+test%0D%0A++++--+if+the+hilited+of+btn+%22edit+home%22+is+true+then%0D%0A++++if+theLineNo+is+empty+then%0D%0A++++++++put+word+2+of+the+mouseline+into+theLineNo%0D%0A++++end+if%0D%0A++++put+word+1+to+-1+of+line+theLineNo+of+me+into+theStackName%0D%0A++++put+the+long+id+of+stack+theStackName+into+theObjectID%0D%0A++++if+the+platform+is+%22macos%22+then%0D%0A++++++++set+the+cursor+to+419407%0D%0A++++else%0D%0A++++++++set+the+cursor+to+419409%0D%0A++++end+if%0D%0A++++lock+cursor%0D%0A++++if+the+shiftkey+is+down+then%0D%0A++++++++glx2EditProps+theObjectID%0D%0A++++else%0D%0A++++++++set+the+cGoBackHome+of+this+stack+to+true%0D%0A++++++++edit+the+script+of+theObjectID%0D%0A++++end+if%0D%0A++++set+the+defaultcursor+to+arrow%0D%0A++++set+the+cursor+to+arrow%0D%0A++++unlock+cursor%0D%0A++++--+end+if%0D%0A++++--+end+if%0D%0A++++simMouseMove%0D%0Aend+mouseDoubleUp%0D%0A%0D%0A---%7C---%0D%0A%0D%0Aon+mouseUp+pMouseBtnNum%0D%0A++++%0D%0A++++if+the+hilited+of+btn+%22edit+home%22+is+false+then%0D%0A++++++++put+the+scroll+of+me+into+theScroll%0D%0A++++++++lock+screen%0D%0A++++++++put+word+2+of+the+mouseline+into+theLineNo%0D%0A++++++++set+the+cLine+of+me+to+line+theLineNo+of+me%0D%0A++++++++set+the+cHilitedLine+of+me+to+theLineNo+%0D%0A++++++++try%0D%0A++++++++++++snapWindow+theLineNo%0D%0A++++++++catch+e%0D%0A++++++++++++put+glxParseError%28e%29+%26+cr+to+stdout%0D%0A++++++++end+try%0D%0A++++++++--set+the+scroll+of+me+to+theScroll%0D%0A++++++++set+the+defaultstack+to+%22revGLX2+code%22%0D%0A++++++++set+the+hilitedline+of+fld+%22card+controls%22+to+1%0D%0A++++++++set+the+chilitedLIne+of+fld+%22card+controls%22+to+1%0D%0A++++++++focus+on+me%0D%0A++++++++unlock+screen%0D%0A++++end+if%0D%0A++++exit+mouseUp%0D%0A++++%0D%0A++++if+the+hilited+of+btn+%22edit+home%22+is+false+then%0D%0A++++++++put+the+scroll+of+me+into+theScroll%0D%0A++++++++lock+screen%0D%0A++++++++put+word+2+of+the+mouseline+into+theLineNo%0D%0A++++++++set+the+cLine+of+me+to+line+theLineNo+of+me%0D%0A++++++++set+the+cHilitedLine+of+me+to+theLineNo+%0D%0A++++++++try%0D%0A++++++++++++snapWindow+theLineNo%0D%0A++++++++catch+e%0D%0A++++++++++++put+glxParseError%28e%29+%26+cr+to+stdout%0D%0A++++++++end+try%0D%0A++++++++set+the+scroll+of+me+to+theScroll%0D%0A++++++++lock+messages%0D%0A++++++++select+empty%0D%0A++++++++unlock+messages%0D%0A++++++++set+the+defaultstack+to+%22revGLX2+code%22%0D%0A++++++++focus+on+me%0D%0A++++++++unlock+screen%0D%0A++++end+if%0D%0A++++%0D%0A++++exit+mouseUp%0D%0A++++%0D%0A++++if+the+mousecharchunk+is+not+empty+then%0D%0A++++++++switch+the+imagesource+of+the+mousecharchunk%0D%0A++++++++++++case+the+id+of+img+%22minus+small+3%22+of+cd+%22images%22%0D%0A++++++++++++++++if+the+hilited+of+btn+%22edit+home%22+is+true+then%0D%0A++++++++++++++++++++--+DELETE+WORK+SPACE%3A%0D%0A++++++++++++++++++++put+word+2+of+the+mouseline+into+theLineNo%0D%0A++++++++++++++++++++put+word+1+to+-1+of+line+theLineNo+of+me+into+theSpace%0D%0A++++++++++++++++++++if+the+optionkey+is+down+then%0D%0A++++++++++++++++++++++++put+%22Delete%22+into+theAnswer%0D%0A++++++++++++++++++++end+if%0D%0A++++++++++++++++++++if+theAnswer+is+empty+then%0D%0A++++++++++++++++++++++++--+setGLX2AppIcons%0D%0A++++++++++++++++++++++++--+answer+%22Really+delete+work+space%22+%26%26+quote+%26+theSpace+%26+quote+%26+%22%3F%22+with+%22Cancel%22+or+%22Delete%22+as+sheet%0D%0A++++++++++++++++++++++++--+put+it+into+theAnswer%0D%0A++++++++++++++++++++++++--+setREVAppIcons%0D%0A++++++++++++++++++++++++lock+screen%0D%0A++++++++++++++++++++++++set+the+textsize+of+fld+%22question%22+of+grp+%22spaces+dlog%22+of+the+owner+of+me+to+the+textsize+of+me%0D%0A++++++++++++++++++++++++set+the+width+of+fld+%22question%22+of+grp+%22spaces+dlog%22+of+the+owner+of+me+to+the+width+of+me-10%0D%0A++++++++++++++++++++++++set+the+loc+of+grp+%22spaces+dlog%22+of+the+owner+of+me+to+the+loc+of+the+owner+of+me%0D%0A++++++++++++++++++++++++set+the+right+of+btn+%22cancel+space%22+to+item+1+of+the+loc+of+the+owner+of+me+-+2%0D%0A++++++++++++++++++++++++set+the+left+of+btn+%22delete+space%22+to+item+1+of+the+loc+of+the+owner+of+me+%2B+2%0D%0A++++++++++++++++++++++++set+the+showborder+of+grp+%22spaces+dlog%22+of+the+owner+of+me+to+true%0D%0A++++++++++++++++++++++++put+%22Delete+Space%3A%22+into+line+1+of+fld+%22question%22+of+grp+%22spaces+dlog%22%0D%0A++++++++++++++++++++++++put+theSpace+into+line+2+of+fld+%22question%22+of+grp+%22spaces+dlog%22%0D%0A++++++++++++++++++++++++set+the+textcolor+of+line+2+of+fld+%22question%22+of+grp+%22spaces+dlog%22+to+yellow%0D%0A++++++++++++++++++++++++set+the+backcolor+of+grp+%22spaces+dlog%22+to+90%2C90%2C90%0D%0A++++++++++++++++++++++++set+the+rect+of+grc+%22spaces+mask%22+to+the+rect+of+the+owner+of+me%0D%0A++++++++++++++++++++++++set+the+margins+of+the+owner+of+me+to+0%0D%0A++++++++++++++++++++++++show+grc+%22spaces+mask%22%0D%0A++++++++++++++++++++++++show+grp+%22spaces+dlog%22%0D%0A++++++++++++++++++++++++simMouseMove%0D%0A++++++++++++++++++++++++unlock+screen%0D%0A++++++++++++++++++++++++exit+to+top%0D%0A++++++++++++++++++++end+if%0D%0A++++++++++++++++++++if+theAnswer+is+%22Delete%22+then%0D%0A++++++++++++++++++++++++lock+screen%0D%0A++++++++++++++++++++++++put+the+filename+of+stack+%22revGLX2+code%22+into+theFilePath%0D%0A++++++++++++++++++++++++set+the+itemdel+to+%22%2F%22%0D%0A++++++++++++++++++++++++put+%22GLX2+Work+Spaces%2F%22+%26+theSpace+%26+%22.glx%22+into+item+-1+of+theFilePath%0D%0A++++++++++++++++++++++++if+the+cWorkSpaceFilePath+of+this+stack+is+theFilePath+then%0D%0A++++++++++++++++++++++++++++set+the+cWorkSpaceFilePath+of+this+stack+to+empty%0D%0A++++++++++++++++++++++++++++glx2SetTitle%0D%0A++++++++++++++++++++++++end+if%0D%0A++++++++++++++++++++++++set+the+itemdel+to+comma%0D%0A++++++++++++++++++++++++delete+file+theFilePath%0D%0A++++++++++++++++++++++++glx2RefreshHomey%0D%0A++++++++++++++++++++++++unlock+screen%0D%0A++++++++++++++++++++end+if%0D%0A++++++++++++++++end+if%0D%0A++++++++++++++++break%0D%0A++++++++++++default%0D%0A++++++++++++++++if+the+hilited+of+btn+%22edit+home%22+is+false+then%0D%0A++++++++++++++++++++put+word+2+of+the+mouseline+into+theLineNo%0D%0A++++++++++++++++++++set+the+cLine+of+me+to+line+theLineNo+of+me%0D%0A++++++++++++++++++++switch+the+imagesource+of+the+mousecharchunk%0D%0A++++++++++++++++++++++++case+the+id+of+img+%22stack.png%22+of+cd+%22images%22%0D%0A++++++++++++++++++++++++++++break%0D%0A++++++++++++++++++++++++default%0D%0A++++++++++++++++++++++++++++--++snapWindow+theLineNo%0D%0A++++++++++++++++++++++++++++send+%22snapWindow+theLineNo%22+to+me%0D%0A++++++++++++++++++++end+switch%0D%0A++++++++++++++++end+if%0D%0A++++++++end+switch%0D%0A++++else%0D%0A++++++++if+the+hilited+of+btn+%22edit+home%22+is+false+then%0D%0A++++++++++++put+word+2+of+the+mouseline+into+theLineNo%0D%0A++++++++++++set+the+cLine+of+me+to+line+theLineNo+of+me%0D%0A++++++++++++switch+the+imagesource+of+the+mousecharchunk%0D%0A++++++++++++++++case+the+id+of+img+%22stack.png%22+of+cd+%22images%22%0D%0A++++++++++++++++++++break%0D%0A++++++++++++++++default%0D%0A++++++++++++++++++++--++snapWindow+theLineNo%0D%0A++++++++++++++++++++send+%22snapWindow+theLineNo%22+to+me+%0D%0A++++++++++++end+switch%0D%0A++++++++end+if%0D%0A++++end+if%0D%0A++++--+simMouseMove%0D%0Aend+mouseUp%0D%0A%0D%0A---%7C---%0D%0A%0D%0Aon+snapWindow+theLineNo%2CtheCdObjectID%2CtheStackObjectID%2CnoMouseDownCheck%0D%0A++++%0D%0A++++if+%22snapwindow%22+is+in+the+pendingmessages+or+%28the+mouse+is+down+and+noMouseDownCheck+is+not+true%29+then%0D%0A++++++++exit+snapWindow%0D%0A++++end+if%0D%0A++++if+the+currentcard+of+stack+%22revGLX2+code%22+is+not+%22tab+1%22+or+the+visible+of+the+owner+of+me+is+not+true+then%0D%0A++++++++exit+snapWindow%0D%0A++++end+if%0D%0A++++%0D%0A++++put+the+chilitedline+of+fld+%22card+controls%22+into+theCdControlsHilitedLineNo%0D%0A++++%0D%0A++++if+theStackObjectID+is+not+empty+then%0D%0A++++++++put+true+into+dontrefresh%0D%0A++++end+if%0D%0A++++%0D%0A++++--+if+theLineNo+is+empty+then%0D%0A++++--+put+the+hilitedline+of+me+into+theLineNo%0D%0A++++--+put+true+into+doRefresh%0D%0A++++--+end+if%0D%0A++++%0D%0A++++--+if+word+1+of+theObjectID+is+not+%22stack%22+then%0D%0A++++--+put+glx2GetImmediateParentStackName%28theObjectID%29+into+theStackName%0D%0A++++--+put+the+long+id+of+stack+theStackName+into+theStackObjectID%0D%0A++++--+if+theCdObjectID+is+empty+then%0D%0A++++--+put+theObjectID+into+theCdObjectID%0D%0A++++--+end+if%0D%0A++++--+else%0D%0A++++%0D%0A++++if+theLineNo+is+empty+then%0D%0A++++++++if+theCdObjectID+is+empty+then%0D%0A++++++++++++put+the+cCdObjectID+of+img+%22zzz%22+into+theCdObjectiD%0D%0A++++++++end+if%0D%0A++++++++if+theLineNo+is+empty+then%0D%0A++++++++++++put+the+chilitedline+of+me+into+theLineNo%0D%0A++++++++++++put+true+into+doRefresh%0D%0A++++++++end+if%0D%0A++++end+if%0D%0A++++%0D%0A++++set+the+itemdel+to+tab%0D%0A++++put+item+2+of+line+theLineNo+of+me+into+theObjectID%0D%0A++++set+the+itemdel+to+comma%0D%0A++++put+theObjectID+into+theStackObjectID%0D%0A++++if+theCdObjectID+is+empty+or+there+is+no+theCdObjectID+then%0D%0A++++++++put+the+long+id+of+cd+1+of+theStackObjectID+into+theCdObjectID%0D%0A++++end+if%0D%0A+++++%0D%0A++++lock+cursor%0D%0A++++lock+screen%0D%0A++++lock+messages%0D%0A++++%0D%0A++++set+the+hilitedline+of+me+to+theLineNo%0D%0A++++%0D%0A++++if+theCdObjectID+is+not+in+the+cObjectID+of+grc+%22selector%22+then%0D%0A++++++++hide+grc+%22selector%22%0D%0A++++end+if%0D%0A++++%0D%0A++++try%0D%0A++++++++delete+img+%22zzz%22+of+the+owner+of+me%0D%0A++++catch+e%0D%0A++++end+try%0D%0A++++put+the+paintcompression+into+theCompression%0D%0A++++set+the+paintcompression+to+%22jpg%22%0D%0A++++%0D%0A++++hide+fld+%22preview+title%22%0D%0A++++hide+img+%22drag+left%22%0D%0A++++hide+img+%22drag+middle%22%0D%0A++++hide+img+%22drag+right%22%0D%0A++++hide+btn+%22preview+menu%22%0D%0A++++%0D%0A++++import+snapshot+from+theCdObjectID%0D%0A++++%0D%0A++++put+the+number+of+imgs+into+theImgNo%0D%0A++++put+the+long+id+of+img+theImgNo+into+theImg2Copy%0D%0A++++copy+theImg2Copy+to+the+owner+of+me%0D%0A++++delete+theImg2Copy%0D%0A++++put+the+number+of+imgs+into+theImgNo%0D%0A++++put+the+long+id+of+img+theImgNo+into+theImg2Resize%0D%0A++++set+the+cImgObjectID+of+me+to+theImg2Resize%0D%0A++++set+the+resizequality+of+theImg2Resize+to+%22best%22%0D%0A++++set+the+name+of+theImg2Resize+to+%22zzz%22%0D%0A++++set+the+cObjectID+of+theImg2Resize+to+theStackObjectID%0D%0A++++set+the+cCurrentCard+of+theImg2Resize+to+theCdObjectID%0D%0A++++set+the+cCdObjectID+of+theImg2Resize+to+theCdObjectID%0D%0A++++set+the+cCdNo+of+theImg2Resize+to+the+number+of+theCdObjectID%0D%0A++++%0D%0A++++put+the+relayergroupedcontrols+into+theDefRelayer%0D%0A++++set+the+relayergroupedcontrols+to+true%0D%0A++++set+the+layer+of+theImg2Resize+to+%28the+number+of+controls+on+cd+1+of+stack+%22revGLX2+code%22-1%29%0D%0A++++set+the+relayergroupedcontrols+to+theDefRelayer%0D%0A+++++%0D%0A++++--answer+%22fixxing+to+move+image%22%0D%0A++++--unlock+messages%0D%0A++++--+if+dontrefresh+is+not+true+then%0D%0A++++--put+true+into+resizeOnly%0D%0A++++--+glx2RefreshHomey+--resizeOnly%0D%0A++++--+end+if%0D%0A++++%0D%0A++++--+put+the+rect+of+me+into+theRect%0D%0A++++--+put+item+1+of+theRect+%2B+%28the+formattedwidth+of+char+1+to+-1+of+me%29+%2B+6+into+item+3+of+theRect%0D%0A++++--+put+item+2+of+theRect+%2B+%28the+formattedheight+of+char+1+to+-1+of+me%29+%2B+3+into+item+4+of+theRect%0D%0A++++--+--+if+the+right+of+fld+%22work+spaces%22+of+me+%3C+the+right+of+img+%22object+tree.png%22+of+me+then%0D%0A++++--+--+put+the+right+of+img+%22object+tree.png%22+%2B+12+into+item+3+of+theRect%0D%0A++++--+--+end+if%0D%0A++++--+set+the+rect+of+me+to+theRect%0D%0A++++%0D%0A++++if+the+right+of+me+%3C+the+right+of+grp+%22views%22+%2B+12+then%0D%0A++++++++set+the+left+of+theImg2Resize+to+the+right+of+grp+%22views%22+%2B+16%0D%0A++++else%0D%0A++++++++set+the+left+of+theImg2Resize+to+the+right+of+me+%2B+16%0D%0A++++end+if%0D%0A++++--set+the+top+of+theImg2Resize+to+the+top+of+me+-+48+%2B+17%0D%0A++++set+the+top+of+theImg2Resize+to+the+top+of+grp+%22views%22+%2B+17%0D%0A++++--lock+messages%0D%0A++++set+the+showborder+of+theImg2Resize+to+true%0D%0A++++set+the+threed+of+theImg2Resize+to+false%0D%0A++++set+the+borderwidth+of+theImg2Resize+to+1%0D%0A++++--set+the+blendlevel+of+theImg2Resize+to+22%0D%0A++++resizeTreeImage+theImg2Resize%0D%0A++++set+the+locklocation+of+theImg2Resize+to+true%0D%0A++++--if+doRefresh+is+true+then%0D%0A++++--+glx2RefreshHomey%0D%0A++++--end+if%0D%0A++++set+the+textcolor+of+char+1+to+-1+of+me+to+empty%0D%0A++++--set+the+textcolor+of+word+1+to+-1+of+line+theLineNo+of+me+to+yellow%0D%0A++++set+the+defaultstack+to+%22revGLX2+code%22%0D%0A++++focus+on+me%0D%0A++++set+the+hilitedline+of+me+to+theLineNo%0D%0A++++%0D%0A++++show+fld+%22preview+title%22%0D%0A++++show+img+%22drag+left%22%0D%0A++++show+img+%22drag+middle%22%0D%0A++++show+img+%22drag+right%22%0D%0A++++show+btn+%22preview+menu%22%0D%0A+++++%0D%0A++++set+the+hilitedline+of+fld+%22card+controls%22+to+theCdControlsHilitedLineNo%0D%0A++++%0D%0A++++unlock+cursor%0D%0A++++unlock+messages%0D%0A++++set+the+defaultcursor+to+arrow%0D%0A++++unlock+screen%0D%0A++++%0D%0Aend+snapWindow%0D%0A%0D%0A---%7C---%0D%0A%0D%0Aon+clickAway%0D%0A++++click+at+%220%2C25%22%0D%0Aend+clickAway%0D%0A%0D%0A---%7C---%0D%0A%0D%0Aon+resizeTreeImage+theImg2Resize%0D%0A++++%0D%0A++++if+the+currentcard+of+stack+%22revGLX2+code%22+is+not+%22tab+1%22+or+the+visible+of+the+owner+of+me+is+not+true+then%0D%0A++++++++exit+resizeTreeImage%0D%0A++++end+if%0D%0A++++lock+screen%0D%0A++++lock+messages%0D%0A++++%0D%0A++++put+the+chilitedline+of+fld+%22card+controls%22+into+theCdControlsHilitedLineNo%0D%0A++++%0D%0A++++put+the+right+of+grp+%22views%22+%2B+16+into+item+1+of+thePreviewImgTopLeft%0D%0A++++put+the+top+of+grp+%22views%22+%2B+17+into+item+2+of+thePreviewImgTopLeft%0D%0A++++%0D%0A++++put+the+paintcompression+into+theCompression%0D%0A++++set+the+paintcompression+to+%22jpg%22%0D%0A++++if+theImg2Resize+is+empty+then%0D%0A++++++++put+the+cImgObjectID+of+me+into+theImg2Resize%0D%0A++++++++if+theImg2Resize+is+empty+or+there+is+no+theImg2Resize+then%0D%0A++++++++++++unlock+screen%0D%0A++++++++++++unlock+messages%0D%0A++++++++++++exit+resizeTreeImage%0D%0A++++++++end+if%0D%0A++++++++put+the+topleft+of+theImg2Resize+into+theTopLeft%0D%0A++++++++set+the+width+of+theImg2Resize+to+the+formattedwidth+of+theImg2Resize%0D%0A++++++++set+the+height+of+theImg2Resize+to+the+formattedheight+of+theImg2Resize%0D%0A++++++++set+the+topleft+of+theImg2Resize+to+theTopLeft%0D%0A++++end+if%0D%0A++++%0D%0A++++set+the+topleft+of+theImg2Resize+to+thePreviewImgTopLeft%0D%0A++++%0D%0A++++hide+fld+%22preview+title%22%0D%0A++++hide+img+%22drag+left%22%0D%0A++++hide+img+%22drag+middle%22%0D%0A++++hide+img+%22drag+right%22%0D%0A++++hide+btn+%22preview+menu%22%0D%0A++++set+the+cWfactor+of+theImg2Resize+to+1%0D%0A++++set+the+cHfactor+of+theImg2Resize+to+1%0D%0A++++put+the+height+of+theImg2Resize+into+h0%0D%0A++++put+the+width+of+theImg2Resize+into+w0%0D%0A++++set+the+resizequality+of+theImg2Resize+to+%22best%22%0D%0A++++if+the+right+of+theImg2Resize+%3E+the+right+of+grc+%22glx2+home+bg%22-16+then%0D%0A++++++++set+the+resizequality+of+theImg2Resize+to+%22good%22%0D%0A++++++++--+h%2Fw+%3D+h1%2Fw1%0D%0A++++++++--+h*w1+%3D+h1*w%0D%0A++++++++--+h+%3D+%28h1*w%29+div+w1%0D%0A++++++++--+determine+h%0D%0A++++++++put+%28the+right+of+grc+%22glx2+home+bg%22+-16%29+-+the+left+of+theImg2Resize+into+w%0D%0A++++++++put+the+height+of+theImg2Resize+into+h1%0D%0A++++++++put+the+width+of+theImg2Resize+into+w1%0D%0A++++++++put+%28h1*w%29+div+w1+into+h%0D%0A++++++++set+the+cHfactor+of+theImg2Resize+to+%28h0%2Fh%29%0D%0A++++++++set+the+cWfactor+of+theImg2Resize+to+%28w0%2Fw%29%0D%0A++++++++put+%28h%2Fh0%29+into+theReduceFactor%0D%0A++++++++put+%28h%2Fh0%29+into+theHeightReduceFactor%0D%0A++++++++put+%28w%2Fw0%29+into+theWidthReduceFactor%0D%0A++++++++put+the+topleft+of+theImg2Resize+into+theTopLeft%0D%0A++++++++set+the+width+of+theImg2Resize+to+w%0D%0A++++++++set+the+height+of+theImg2Resize+to+h%0D%0A++++++++set+the+topleft+of+theImg2Resize+to+theTopLeft%0D%0A++++end+if%0D%0A++++if+the+bottom+of+theImg2Resize+%3E+the+bottom+of+grc+%22glx2+home+bg%22-16+then%0D%0A++++++++set+the+resizequality+of+theImg2Resize+to+%22good%22%0D%0A++++++++--+w%2Fh+%3D+w1%2Fh1%0D%0A++++++++--+w*h1+%3D+w1*h%0D%0A++++++++--+w+%3D+%28w1*h%29+div+h1%0D%0A++++++++--+determine+w%0D%0A++++++++put+%28the+bottom+of+grc+%22glx2+home+bg%22+-16%29+-+the+top+of+theImg2Resize+into+h%0D%0A++++++++put+the+height+of+theImg2Resize+into+h1%0D%0A++++++++put+the+width+of+theImg2Resize+into+w1%0D%0A++++++++put+%28w1*h%29+div+h1+into+w%0D%0A++++++++set+the+cHfactor+of+theImg2Resize+to+%28h0%2Fh%29%0D%0A++++++++set+the+cWfactor+of+theImg2Resize+to+%28w0%2Fw%29%0D%0A++++++++put+%28h%2Fh0%29+into+theReduceFactor%0D%0A++++++++put+%28h%2Fh0%29+into+theHeightReduceFactor%0D%0A++++++++put+%28w%2Fw0%29+into+theWidthReduceFactor%0D%0A++++++++put+the+topleft+of+theImg2Resize+into+theTopLeft%0D%0A++++++++set+the+width+of+theImg2Resize+to+w%0D%0A++++++++set+the+height+of+theImg2Resize+to+h%0D%0A++++++++set+the+topleft+of+theImg2Resize+to+theTopLeft%0D%0A++++end+if%0D%0A++++%0D%0A++++--+drag+bar%0D%0A++++%0D%0A++++set+the+topleft+of+theImg2Resize+to+thePreviewImgTopLeft%0D%0A++++%0D%0A++++--set+the+left+of+btn+%22preview+menu%22+to+the+left+of+theImg2Resize%2B4%0D%0A++++set+the+left+of+btn+%22preview+menu%22+to+the+left+of+theImg2Resize%2B3%0D%0A++++set+the+left+of+img+%22drag+left%22+to+the+left+of+theImg2Resize%0D%0A++++set+the+left+of+img+%22drag+middle%22+to+the+right+of+img+%22drag+left%22%0D%0A++++set+the+right+of+img+%22drag+right%22+to+the+right+of+theImg2Resize%0D%0A++++--+set+the+bottom+of+btn+%22preview+menu%22+to+the+top+of+theImg2Resize%0D%0A++++set+the+bottom+of+btn+%22preview+menu%22+to+the+bottom+of+fld+%22title%22+of+the+owner+of+me-4%0D%0A++++set+the+bottom+of+img+%22drag+left%22+to+the+top+of+theImg2Resize%0D%0A++++set+the+bottom+of+img+%22drag+middle%22+to+the+top+of+theImg2Resize%0D%0A++++set+the+bottom+of+img+%22drag+right%22+to+the+top+of+theImg2Resize%0D%0A++++set+the+lockloc+of+img+%22drag+middle%22+to+true%0D%0A++++put+the+rect+of+img+%22drag+middle%22+into+theRect%0D%0A++++put+the+left+of+img+%22drag+right%22+into+item+3+of+theRect%0D%0A++++set+the+rect+of+img+%22drag+middle%22+to+theRect%0D%0A++++%0D%0A++++set+the+topleft+of+fld+%22preview+title%22+to+the+topleft+of+img+%22drag+left%22%0D%0A++++set+the+top+of+fld+%22preview+title%22+to+the+top+of+fld+%22preview+title%22-1%0D%0A++++set+the+left+of+fld+%22preview+title%22+to+the+left+of+fld+%22preview+title%22-1%0D%0A++++put+the+rect+of+fld+%22preview+title%22+into+theRect%0D%0A++++put+the+right+of+img+%22drag+right%22%2B1+into+item+3+of+theRect%0D%0A++++put+the+bottom+of+img+%22drag+right%22%2B2+into+item+4+of+theRect%0D%0A++++set+the+rect+of+fld+%22preview+title%22+to+theRect%0D%0A++++%0D%0A++++put+the+cObjectID+of+theImg2Resize+into+theStackObjectID%0D%0A++++put+empty+into+fld+%22preview+title%22%0D%0A++++put+the+label+of+theStackObjectID+into+fld+%22preview+title%22%0D%0A++++if+fld+%22preview+title%22+is+empty+then%0D%0A++++++++put+the+short+name+of+theStackObjectID+into+fld+%22preview+title%22%0D%0A++++end+if%0D%0A++++put+the+numberformat+into+theNumFmt%0D%0A++++set+the+numberformat+to+%22%23.0%22%0D%0A++++if+the+resizequality+of+theImg2Resize+is+%22good%22+then%0D%0A++++++++put+%22+%28%22+%26+%28%28theReduceFactor+*+100%29+%2B+0%29+%26+%22%25%29%22+after+fld+%22preview+title%22%0D%0A++++++++if+theReduceFactor+%3C+.75+then%0D%0A++++++++++++set+the+topmargin+of+fld+%22preview+title%22+to+9%0D%0A++++++++++++set+the+textsize+of+fld+%22preview+title%22+to+9%0D%0A++++++++else%0D%0A++++++++++++set+the+topmargin+of+fld+%22preview+title%22+to+8%0D%0A++++++++++++set+the+textsize+of+fld+%22preview+title%22+to+10%0D%0A++++++++end+if%0D%0A++++else%0D%0A++++++++put+%22+%28100.0%25%29%22+after+fld+%22preview+title%22%0D%0A++++++++set+the+topmargin+of+fld+%22preview+title%22+to+8%0D%0A++++++++set+the+textsize+of+fld+%22preview+title%22+to+10%0D%0A++++end+if%0D%0A++++--+if+the+formattedwidth+of+char+1+to+-1+of+fld+%22preview+title%22+%3E+the+width+of+fld+%22preview+title%22+-+35+then%0D%0A++++++++--+set+the+topmargin+of+fld+%22preview+title%22+to+10%0D%0A++++++++--+set+the+textsize+of+fld+%22preview+title%22+to+8%0D%0A++++--+end+if%0D%0A++++set+the+numberformat+to+theNumFmt%0D%0A++++%0D%0A++++if+%22lucida+grande%22+is+among+the+lines+of+the+fontnames+then%0D%0A++++++++put+%22lucida+grande%22+into+theFontName%0D%0A++++else+if+%22helvetica%22+is+among+the+lines+of+the+fontnames+then%0D%0A++++++++put+%22helvetica%22+into+theFontName%0D%0A++++else%0D%0A++++++++put+%22arial%22+into+theFontName%0D%0A++++end+if%0D%0A++++%0D%0A++++set+the+textfont+of+fld+%22preview+title%22+to+theFontName%0D%0A++++setLabelOfPreviewMenu%0D%0A++++%0D%0A++++--+if+the+right+of+btn+%22preview+menu%22+%3E+%28item+1+of+the+loc+of+fld+%22preview+title%22+-+%28the+formattedwidth+of+char+1+to+-1+of+fld+%22preview+title%22+div+2%29%29+then%0D%0A++++++++--+--+if+the+width+of+theImg2Resize+-+%28the+formattedwidth+of+char+1+to+-1+of+fld+%22preview+title%22+%2B+the+width+of+btn+%22preview+menu%22+%2B+10%29+%3C+100+then%0D%0A++++++++--+set+the+textalign+of+fld+%22preview+title%22+to+right%0D%0A++++--+else%0D%0A++++++++set+the+textalign+of+fld+%22preview+title%22+to+center%0D%0A++++--+end+if%0D%0A++++%0D%0A++++--if+the+width+of+theImg2Resize+%3C+the+formattedwidth+of+char+1+to+-1+of+fld+%22preview+title%22+%2B+the+width+of+btn+%22preview+menu%22+%2B+10+then%0D%0A++++if+the+width+of+theImg2Resize+%3C+the+formattedwidth+of+char+1+to+-1+of+fld+%22preview+title%22+%2B+20+then%0D%0A++++++++--+too+small%0D%0A++++++++set+the+resizequality+of+theImg2Resize+to+%22good%22%0D%0A++++++++--+h%2Fw+%3D+h1%2Fw1%0D%0A++++++++--+h*w1+%3D+h1*w%0D%0A++++++++--+h+%3D+%28h1*w%29+div+w1%0D%0A++++++++--+determine+h%0D%0A++++++++--put+the+formattedwidth+of+char+1+to+-1+of+fld+%22preview+title%22+%2B+the+width+of+btn+%22preview+menu%22+%2B+10+into+w%0D%0A++++++++put+the+formattedwidth+of+char+1+to+-1+of+fld+%22preview+title%22+%2B+20+into+w%0D%0A++++++++put+the+height+of+theImg2Resize+into+h1%0D%0A++++++++put+the+width+of+theImg2Resize+into+w1%0D%0A++++++++put+%28h1*w%29+div+w1+into+h%0D%0A++++++++set+the+cHfactor+of+theImg2Resize+to+%28h0%2Fh%29%0D%0A++++++++set+the+cWfactor+of+theImg2Resize+to+%28w0%2Fw%29%0D%0A++++++++put+%28h%2Fh0%29+into+theReduceFactor%0D%0A++++++++put+%28h%2Fh0%29+into+theHeightReduceFactor%0D%0A++++++++put+%28w%2Fw0%29+into+theWidthReduceFactor%0D%0A++++++++put+the+topleft+of+theImg2Resize+into+theTopLeft%0D%0A++++++++set+the+width+of+theImg2Resize+to+w%0D%0A++++++++set+the+height+of+theImg2Resize+to+h%0D%0A++++++++set+the+topleft+of+theImg2Resize+to+theTopLeft%0D%0A++++++++%0D%0A++++++++set+the+topleft+of+theImg2Resize+to+thePreviewImgTopLeft%0D%0A+++++++++%0D%0A++++++++--set+the+left+of+btn+%22preview+menu%22+to+the+left+of+theImg2Resize%2B4%0D%0A++++++++set+the+left+of+btn+%22preview+menu%22+to+the+left+of+theImg2Resize%2B3%0D%0A++++++++set+the+left+of+img+%22drag+left%22+to+the+left+of+theImg2Resize%0D%0A++++++++set+the+left+of+img+%22drag+middle%22+to+the+right+of+img+%22drag+left%22%0D%0A++++++++set+the+right+of+img+%22drag+right%22+to+the+right+of+theImg2Resize%0D%0A++++++++--+set+the+bottom+of+btn+%22preview+menu%22+to+the+top+of+theImg2Resize%0D%0A++++++++set+the+bottom+of+btn+%22preview+menu%22+to+the+bottom+of+fld+%22title%22+of+the+owner+of+me-4%0D%0A++++++++set+the+bottom+of+img+%22drag+left%22+to+the+top+of+theImg2Resize%0D%0A++++++++set+the+bottom+of+img+%22drag+middle%22+to+the+top+of+theImg2Resize%0D%0A++++++++set+the+bottom+of+img+%22drag+right%22+to+the+top+of+theImg2Resize%0D%0A++++++++set+the+lockloc+of+img+%22drag+middle%22+to+true%0D%0A++++++++put+the+rect+of+img+%22drag+middle%22+into+theRect%0D%0A++++++++put+the+left+of+img+%22drag+right%22+into+item+3+of+theRect%0D%0A++++++++set+the+rect+of+img+%22drag+middle%22+to+theRect%0D%0A+++++++++%0D%0A++++++++set+the+topleft+of+fld+%22preview+title%22+to+the+topleft+of+img+%22drag+left%22%0D%0A++++++++set+the+top+of+fld+%22preview+title%22+to+the+top+of+fld+%22preview+title%22-1%0D%0A++++++++set+the+left+of+fld+%22preview+title%22+to+the+left+of+fld+%22preview+title%22-1%0D%0A++++++++put+the+rect+of+fld+%22preview+title%22+into+theRect%0D%0A++++++++put+the+right+of+img+%22drag+right%22%2B1+into+item+3+of+theRect%0D%0A++++++++put+the+bottom+of+img+%22drag+right%22%2B2+into+item+4+of+theRect%0D%0A++++++++set+the+rect+of+fld+%22preview+title%22+to+theRect%0D%0A+++++++++%0D%0A++++++++put+the+cObjectID+of+theImg2Resize+into+theStackObjectID%0D%0A++++++++put+empty+into+fld+%22preview+title%22%0D%0A++++++++put+the+label+of+theStackObjectID+into+fld+%22preview+title%22%0D%0A++++++++if+fld+%22preview+title%22+is+empty+then%0D%0A++++++++++++put+the+short+name+of+theStackObjectID+into+fld+%22preview+title%22%0D%0A++++++++end+if%0D%0A++++++++put+the+numberformat+into+theNumFmt%0D%0A++++++++set+the+numberformat+to+%22%23.0%22%0D%0A++++++++put+%22+%28%22+%26+%28%28theReduceFactor+*+100%29+%2B+0%29+%26+%22%25%29%22+after+fld+%22preview+title%22%0D%0A++++++++set+the+topmargin+of+fld+%22preview+title%22+to+10%0D%0A++++++++set+the+textsize+of+fld+%22preview+title%22+to+8%0D%0A++++++++set+the+numberformat+to+theNumFmt%0D%0A+++++++++%0D%0A++++++++if+%22lucida+grande%22+is+among+the+lines+of+the+fontnames+then%0D%0A++++++++++++put+%22lucida+grande%22+into+theFontName%0D%0A++++++++else+if+%22helvetica%22+is+among+the+lines+of+the+fontnames+then%0D%0A++++++++++++put+%22helvetica%22+into+theFontName%0D%0A++++++++else%0D%0A++++++++++++put+%22arial%22+into+theFontName%0D%0A++++++++end+if%0D%0A+++++++++%0D%0A++++++++set+the+textfont+of+fld+%22preview+title%22+to+theFontName%0D%0A++++++++set+the+textalign+of+fld+%22preview+title%22+to+center%0D%0A++++++++setLabelOfPreviewMenu%0D%0A++++++++%0D%0A++++++++set+the+hilitedline+of+fld+%22card+controls%22+to+theCdControlsHilitedLineNo%0D%0A++++++++%0D%0A++++end+if%0D%0A++++%0D%0A++++if+theReduceFactor+is+empty+then%0D%0A++++++++put+1+into+theReduceFactor%0D%0A++++end+if%0D%0A++++if+theHeightReduceFactor+is+empty+then%0D%0A++++++++put+1+into+theHeightReduceFactor%0D%0A++++end+if%0D%0A++++if+theWidthReduceFactor+is+empty+then%0D%0A++++++++put+1+into+theWidthReduceFactor%0D%0A++++end+if%0D%0A++++%0D%0A++++set+the+cReduceFactor+of+img+%22zzz%22+to+theReduceFactor%0D%0A++++set+the+cHeightReduceFactor+of+img+%22zzz%22+to+theHeightReduceFactor%0D%0A++++set+the+cWidthReduceFactor+of+img+%22zzz%22+to+theWidthReduceFactor%0D%0A++++%0D%0A++++put+the+cObjectID+of+grc+%22selector%22+into+theObjectID%0D%0A++++if+theObjectID+is+not+empty+and+there+is+a+theObjectID+and+the+visible+of+grc+%22selector%22+is+true+then%0D%0A++++++++doWackySelect2+theObjectID%0D%0A++++end+if%0D%0A++++%0D%0A++++show+fld+%22preview+title%22%0D%0A++++show+img+%22drag+left%22%0D%0A++++show+img+%22drag+middle%22%0D%0A++++show+img+%22drag+right%22%0D%0A++++show+btn+%22preview+menu%22%0D%0A++++%0D%0A++++unlock+messages%0D%0A++++unlock+screen%0D%0A++++%0D%0A++++set+the+paintcompression+to+theCompression%0D%0A++++--+send+%22resizeAgainGood%22+to+me+in+10+millisecs+%0D%0A++++%0D%0Aend+resizeTreeImage%0D%0A%0D%0A---%7C---%0D%0A%0D%0Aon+resizeAgainGood%0D%0A++++if+%22resizeAgainGood%22+is+in+the+pendingmessages+then%0D%0A++++++++exit+resizeAgainGood%0D%0A++++end+if%0D%0A++++if+the+resizequality+of+img+%22zzz%22+is+%22best%22+then%0D%0A++++++++--+click+at+0%2C22%0D%0A++++++++--+put+flushevents%28%22mouseDown%22%29+into+theLoo%0D%0A++++++++exit+resizeAgainGood%0D%0A++++end+if%0D%0A++++lock+screen%0D%0A++++lock+messages%0D%0A++++put+the+paintcompression+into+theCompression%0D%0A++++set+the+paintcompression+to+%22jpg%22%0D%0A++++put+the+rect+of+img+%22zzz%22+into+theRect%0D%0A++++add+10+to+item+1+of+theRect%0D%0A++++set+the+rect+of+img+%22zzz%22+to+theRect%0D%0A++++put+the+rect+of+img+%22zzz%22+into+theRect%0D%0A++++subtract+10+from+item+1+of+theRect%0D%0A++++set+the+resizequality+of+img+%22zzz%22+to+%22best%22%0D%0A++++set+the+rect+of+img+%22zzz%22+to+theRect%0D%0A++++set+the+paintcompression+to+theCompression%0D%0A++++--+click+at+0%2C22%0D%0A++++--+put+flushevents%28%22mouseDown%22%29+into+theLoo%0D%0A++++unlock+screen%0D%0A++++unlock+messages%0D%0Aend+resizeAgainGood%0D%0A%0D%0A---%7C---%0D%0A%0D%0Aon+mouseMove+pMouseH%2CpMouseV%0D%0A++++if+the+visible+of+fld+%22edit+space%22+of+the+owner+of+me+is+true+or+the+visible+of+grp+%22spaces+dlog%22+of+the+owner+of+me+is+true+then%0D%0A++++++++glx2SetStatus+%0D%0A++++++++exit+mouseMove%0D%0A++++end+if%0D%0A++++simMouseMove%0D%0A+++--+pass+mouseMove%0D%0Aend+mouseMove%0D%0A%0D%0A---%7C---%0D%0A%0D%0Aon+mouseLeave%0D%0A++++set+the+doubleclickinterval+to+250%0D%0Aend+mouseLeave%0D%0A%0D%0A---%7C---%0D%0A%0D%0Aon+simMouseMove%0D%0A++++if+the+visible+of+fld+%22edit+space%22+of+the+owner+of+me+is+true+or+the+visible+of+grp+%22spaces+dlog%22+of+the+owner+of+me+is+true+then%0D%0A++++++++glx2SetStatus+%0D%0A++++++++exit+simMouseMove%0D%0A++++end+if%0D%0A++++if+the+mousecharchunk+is+not+empty+then%0D%0A++++++++lock+screen%0D%0A++++++++--+glx2RefreshHomey%0D%0A++++++++if+the+hilited+of+btn+%22edit+home%22+is+false+then%0D%0A++++++++++++put+word+2+of+the+mouseline+into+theLineNo%0D%0A++++++++++++if+the+textcolor+of+word+1+of+line+theLineNo+of+me+is+255%2C255%2C0+then%0D%0A++++++++++++++++glx2SetStatus+%22This+is+the+CURRENT+STACK+being+previewed+here+in+the+Home+Tab%22%0D%0A++++++++++++++++set+the+defaultcursor+to+arrow%0D%0A++++++++++++else%0D%0A++++++++++++++++glx2SetStatus+%22Click+to+PREVIEW+this+Stack+here+in+the+Home+Tab%22%0D%0A++++++++++end+if%0D%0A++++++++else%0D%0A++++++++++++if+the+imagesource+of+the+mousecharchunk+is+not+empty+then%0D%0A++++++++++++++++set+the+defaultcursor+to+hand%0D%0A++++++++++++++++if+the+imagesource+of+the+mousecharchunk+is+the+id+of+img+%22plus+small+5%22+of+cd+%22images%22+then%0D%0A++++++++++++++++++++set+the+imagesource+of+the+mousecharchunk+to+the+id+of+img+%22plus+small+2%22+of+cd+%22images%22%0D%0A++++++++++++++++else+if+the+imagesource+of+the+mousecharchunk+is+the+id+of+img+%22minus+small+5%22+of+cd+%22images%22+then%0D%0A++++++++++++++++++++set+the+imagesource+of+the+mousecharchunk+to+the+id+of+img+%22minus+small+3%22+of+cd+%22images%22%0D%0A++++++++++++++++++++glx2SetStatus+%22Click+to+DELETE+a+Stack%22%0D%0A++++++++++++++++end+if%0D%0A++++++++++++else%0D%0A++++++++++++++++glx2SetStatus+%22Double-click+a+Stack+to+EDIT+its+name%22%0D%0A++++++++++++end+if%0D%0A++++++++end+if%0D%0A++++++++unlock+screen%0D%0A++++else%0D%0A++++++++simMouseEnter%0D%0A++++end+if%0D%0Aend+simMouseMove%0D%0A%0D%0A---%7C---%0D%0A%0D%0Aon+simMouseEnter%0D%0A++++if+the+hilited+of+btn+%22edit+home%22+is+true+then%0D%0A++++++++if+the+showborder+of+the+owner+of+me+is+false+then%0D%0A++++++++++++glx2SetStatus+%22Click+to+SELECT+this+this+Widget+%95+click+and+drag+to+MOVE+this+Widget+%95+double-click+to+STOP+EDITING+all+Widgets%22%0D%0A++++++++else%0D%0A++++++++++++glx2SetStatus+%22Click+and+drag+to+MOVE+this+Widget+%95+double-click+to+STOP+EDITING+all+Widgets%22%0D%0A++++++++end+if%0D%0A++++else%0D%0A++++++++glx2SetStatus+%22Click+and+drag+to+MOVE+this+Widget+%95+double-click+to+START+EDITING+all+Widgets%22%0D%0A++++end+if%0D%0A+++--+glx2RefreshHomey%0D%0Aend+simMouseEnter%0D%0A%0D%0A--+on+mouseStillDown+pMouseBtnNum%0D%0A++++--+selectme%0D%0A--+end+mouseStillDown%0D%0A%0D%0Aon+mouseDown+pMouseBtnNum%0D%0A++++--wait+100+millisecs+with+messages%0D%0A++++--+if+pMouseBtnNum+is+3+then%0D%0A++++--+put+word+2+of+the+mouseline+into+theLineNo%0D%0A++++--+put+word+1+to+-1+of+line+theLineNo+of+me+into+theStackName%0D%0A++++--+put+the+long+id+of+stack+theStackName+into+theObjectID%0D%0A++++--+put+the+number+of+cards+of+stack+theStackName+into+theNoCds%0D%0A++++--+if+there+is+an+img+%22zzz%22+and+the+cObjectID+of+img+%22zzz%22+is+theObjectID+then%0D%0A++++--+put+the+cCurrentCard+of+img+%22zzz%22+into+theCurrentCard%0D%0A++++--+if+theCurrentCard+is+empty+then%0D%0A++++--+put+the+currentcard+of+theObjectID+into+theCurrentCard%0D%0A++++--+end+if%0D%0A++++--+else%0D%0A++++--+put+the+currentcard+of+theObjectID+into+theCurrentCard%0D%0A++++--+end+if%0D%0A++++--+repeat+with+theCdNo+%3D+1+to+theNoCds%0D%0A++++--+put+the+name+of+cd+theCdNo+of+stack+theStackName+into+theCdName%0D%0A++++--+put+the+short+name+of+cd+theCdNo+of+stack+theStackName+into+theShortCdName%0D%0A++++--+if+theShortCdName+is+theCurrentCard+then%0D%0A++++--+put+%22%21c%22+%26+glx2GetAbbrNames%28theCdName%29+%26+cr+after+theCdNames%0D%0A++++--+else%0D%0A++++--+put+glx2GetAbbrNames%28theCdName%29+%26+cr+after+theCdNames%0D%0A++++--+end+if%0D%0A++++--+end+repeat%0D%0A++++--+put+word+1+to+-1+of+theCdNames+into+theCdNames%0D%0A++++--+put+%22Go+to+this+Stack%22+%26+cr+%26+%22-%22+%26+cr+%26+%22Edit+Script%22+%26+cr+%26+%22Edit+Properties%22+%26+cr+%26+%22-%22+%26+cr+%26+theCdNames+into+btn+%22tree+menu%22%0D%0A++++--+set+the+cObjectID+of+btn+%22tree+menu%22+to+theObjectID%0D%0A++++--+set+the+cLineNo+of+btn+%22tree+menu%22+to+theLineNo%0D%0A++++--+set+the+cStackName+of+btn+%22tree+menu%22+to+theStackName%0D%0A++++--+popup+btn+%22tree+menu%22%0D%0A++++--+exit+to+top%0D%0A++++--+end+if%0D%0A++++--wait+100+milliseconds+with+messages%0D%0A++++--put+flushevents%28%22mousedown%22%29+into+theLoo%0D%0A++++--+put+word+2+of+the+mouseline+into+theLineNo%0D%0A++++--+put+the+formattedwidth+of+line+theLineNo+of+me+into+theFmtWidth%0D%0A++++--+if+the+mouseh+%3E+the+left+of+me+%2B+theFmtWidth+then%0D%0A++++--+selectme%0D%0A++++--+--pass+mouseDown%0D%0A++++--+end+if%0D%0A++++lock+screen%0D%0A++++if+pMouseBtnNum+is+3+then%0D%0A++++++++send+%22mouseDown%22+to+btn+%22preview+menu%22+in+0+millisecs%0D%0A++++++++send+%22popMenu%22+to+me+in+10+millisecs+%0D%0A++++else%0D%0A++++++++put+word+2+of+the+mouseline+into+theLineNo%0D%0A++++++++set+the+cHilitedLine+of+me+to+theLineNo%0D%0A++++++++set+the+hilitedline+of+me+to+theLineNo%0D%0A++++end+if%0D%0A++++unlock+screen%0D%0Aend+mouseDown%0D%0A%0D%0A---%7C---%0D%0A%0D%0Aon+popMenu%0D%0A++++popup+btn+%22preview+menu%22%0D%0Aend+popMenu%0D%0A%0D%0A---%7C---%0D%0A%0D%0Aon+mouseLeave%0D%0A++++if+the+visible+of+fld+%22edit+space%22+is+false+and+the+visible+of+grp+%22spaces+dlog%22+is+false+then%0D%0A++++++++glx2SetStatus+%0D%0A++++++++set+the+defaultcursor+to+arrow%0D%0A++++++++--+glx2RefreshHomey%0D%0A++++end+if%0D%0Aend+mouseLeave%0D%0A" )</script>
</field>
