<button name="delete" id="1089">
<traversalOn>true</traversalOn>
<ink>srcCopy</ink>
<threeD>true</threeD>
<hiliteBorder>true</hiliteBorder>
<blendLevel>0</blendLevel>
<rect>139,317,162,338</rect>
<mnemonic>0</mnemonic>
<armFill>false</armFill>
<visitedIcon>0</visitedIcon>
<showName>false</showName>
<showIcon>true</showIcon>
<hilited>false</hilited>
<sharedHilite>true</sharedHilite>
<shadow>false</shadow>
<textAlign>center</textAlign>
<armed>false</armed>
<menuMouseButton>1</menuMouseButton>
<id>1089</id>
<altId>0</altId>
<labelWidth>0</labelWidth>
<armedIcon>0</armedIcon>
<lockLoc>false</lockLoc>
<visited>false</visited>
<showHilite>false</showHilite>
<autoHilite>true</autoHilite>
<style>transparent</style>
<disabledIcon>1107</disabledIcon>
<armBorder>true</armBorder>
<name>button "delete"</name>
<icon>1073</icon>
<toolTip>Remove current selection from clairvoyance exclusion list</toolTip>
<layer>37</layer>
<visible>true</visible>
<cantSelect>false</cantSelect>
<borderWidth>1</borderWidth>
<menuLines>5</menuLines>
<margins>4</margins>
<opaque>false</opaque>
<shadowOffset>4</shadowOffset>
<default>false</default>
<hiliteFill>true</hiliteFill>
<showBorder>false</showBorder>
<hiliteIcon>1073</hiliteIcon>
<disabled>false</disabled>
<autoArm>false</autoArm>
<family>0</family>
<hoverIcon>1073</hoverIcon>
<showFocusBorder>true</showFocusBorder>
<menuHistory>1</menuHistory>
<custompropertyset name= "cGlx2TimeStamp">
<checksum>urldecode( "%98%93%3F%04.%9BL%11k%0D%0A%D0%C1%C9Xr%5C" )</checksum>
</custompropertyset>
<script>urldecode( "--%3E+variables+%26+constants%0D%0A%0D%0Aglobal+gGlx2TokenExclusions%0D%0A%0D%0A--%3E+all+handlers%0D%0A%0D%0Aon+mouseUp%0D%0A++++put+the+hilitedline+of+fld+%22clairvoyance+exclusions%22+into+theLineNo%0D%0A++++if+the+optionkey+is+down+then%0D%0A++++++++put+%22remove%22+into+theAnswer%0D%0A++++else%0D%0A++++++++put+line+theLineNo+of+fld+%22clairvoyance+exclusions%22+into+theWord%0D%0A++++++++setGLX2AppIcons%0D%0A++++++++answer+warning+%22Remove%22+%26%26+quote+%26+theWord+%26+quote+%26%26+%5C%0D%0A++++++++++++++++%22from+the+list+of+words+to+be+exluded+from+clairvoyance%3F%22+with+%22Cancel%22+or+%22Remove%22%0D%0A++++++++put+it+into+theAnswer%0D%0A++++++++setREVAppIcons%0D%0A++++end+if%0D%0A++++if+theAnswer+is+%22remove%22+then%0D%0A++++++++lock+screen%0D%0A++++++++delete+line+theLineNo+of+fld+%22clairvoyance+exclusions%22%0D%0A++++++++put+the+short+owner+of+this+stack+into+theParentStack%0D%0A++++++++set+the+cTokenExclusions+of+stack+theParentStack+to+fld+%22clairvoyance+exclusions%22%0D%0A++++++++put+fld+%22clairvoyance+exclusions%22+into+gGlx2TokenExclusions%0D%0A++++++++put+the+number+of+lines+in+fld+%22clairvoyance+exclusions%22+into+theNoLines%0D%0A++++++++if+theLineNo+%3C+theNoLines+then%0D%0A++++++++++++set+the+hilitedline+of+fld+%22clairvoyance+exclusions%22+to+theLineNo%0D%0A++++++++else%0D%0A++++++++++++set+the+hilitedline+of+fld+%22clairvoyance+exclusions%22+to+theNoLines%0D%0A++++++++end+if%0D%0A++++++++glx2SavePrefs%0D%0A++++++++unlock+screen%0D%0A++++end+if%0D%0Aend+mouseUp%0D%0A" )</script>
</button>
