<image name="expanded locals" id="103280">
<traversalOn>false</traversalOn>
<palindromeFrames>false</palindromeFrames>
<ink>srcCopy</ink>
<threeD>true</threeD>
<blendLevel>0</blendLevel>
<rect>180,53,196,69</rect>
<angle>0</angle>
<yHot>1</yHot>
<id>103280</id>
<altId>0</altId>
<frameCount>0</frameCount>
<constantMask>false</constantMask>
<lockLoc>false</lockLoc>
<repeatCount>0</repeatCount>
<size>886</size>
<name>image "expanded locals"</name>
<hotSpot>1,1</hotSpot>
<alwaysBuffer>true</alwaysBuffer>
<layer>12</layer>
<dontDither>false</dontDither>
<visible>false</visible>
<cantSelect>false</cantSelect>
<borderWidth>2</borderWidth>
<opaque>false</opaque>
<currentFrame>1</currentFrame>
<showBorder>false</showBorder>
<disabled>false</disabled>
<xHot>1</xHot>
<showFocusBorder>true</showFocusBorder>
<custompropertyset name= "cGlx2TimeStamp">
</custompropertyset>
<imagedata>urldecode( "%00i%BB%FF%00i%BB%FF%00i%BB%FF%00i%BB%FF%00i%BB%FF%00i%BB%FF%00i%BB%FF%00i%BB%FF%00i%BB%FF%00i%BB%FF%00i%BB%FF%00i%BB%FF%00i%BB%FF%00i%BB%FF%00i%BB%FF%00i%BB%FF%00i%BB%FF%00i%BB%FF%00i%BB%FF%00i%BB%FF%00i%BB%FF%00Q%9E%EA%00M%9A%E4%00%2F%87%DE%00%5B%9C%DB%00%1Ax%D4%00%00c%CC%00%00a%D6%00i%BB%FF%00i%BB%FF%00i%BB%FF%00i%BB%FF%00i%BB%FF%00i%BB%FF%00i%BB%FF%00%9C%E6%FF%00%80%BE%FB%00%F0%F5%F9%00%7B%B2%EA%00%F1%EF%ED%00%F4%EF%E9%00M%93%D9%00%B3%C6%D9%00%0Ei%CB%00%00_%DE%00i%BB%FF%00i%BB%FF%00i%BB%FF%00i%BB%FF%00i%BB%FF%00%9F%E8%FF%00%B8%DD%FF%00%CE%E2%F8%00_%A7%EF%00i%AA%EA%00%96%BF%E7%00%BD%D1%E7%00K%93%D9%00%D4%D9%DB%00%A4%B8%CF%00%00U%BF%00%00R%D1%00i%BB%FF%00i%BB%FF%00i%BB%FF%00z%BA%FF%00%8A%C3%FB%00%FF%F8%EF%00%DB%E7%F1%00%A3%CA%EF%00%FF%FB%EF%00%A8%C9%E9%00%86%B3%DF%00%0D%0Ao%D5%00%2C%7F%D1%00%83%A7%CD%005s%BF%003h%B8%00%00%3C%AA%00i%BB%FF%00i%BB%FF%00Y%A7%ED%00%D1%DC%E9%00%FF%F6%E9%00%7B%B6%EC%00%F4%F0%EB%00%E5%E7%EA%00%D4%DE%E7%00%ED%E8%E2%00W%98%D6%00%B6%C7%D8%00%9B%B3%CC%00%08W%B8%00+Z%AF%00%006%A3%00i%BB%FF%00i%BB%FF%00J%97%E7%00u%AF%E7%00%8E%BA%E6%00m%AC%E8%00%F9%EF%E4%00%CD%D9%E4%00%F0%E8%DF%00%A1%BD%DA%00%87%B0%D5%00%A6%BB%D1%00%E9%DD%CF%00%3Ao%B9%00%E2%D7%C5%00%003%9D%00i%BB%FF%00i%BB%FF%00P%97%DE%00%FF%ED%DB%00%9F%BF%DF%00s%AB%E1%00b%A1%DE%007%8B%DC%00z%AA%D8%00%40%8A%D3%00%E7%E6%E6%00%CD%D9%E4%00%F3%EC%E2%00%AC%C2%E1%00%D3%CD%C1%00%19E%9D%00i%BB%FF%00i%BB%FF%00A%8E%D8%00%F5%E4%D5%00x%A9%D9%00%C5%CF%D8%00%E5%DF%D7%00%B4%C5%D5%00%C2%CB%D2%00%0D%0An%CE%00%B5%D0%EC%00%00%93%00%00%00%91%00%00%00%8D%00%00%EE%DE%C3%00%1AC%98%00i%BB%FF%00i%BB%FF%00%11s%D5%00%F9%E3%CF%00b%9C%D3%00%D2%D1%D2%00%C1%C9%D0%00%B4%C0%CD%00%E6%E5%E4%00%91%B9%E2%00%E7%E4%DF%00%00%8F%00%00%91%F7%5E%00%00%89%00%00%A3%B5%D6%00%8A%9C%CB%00i%BB%FF%00i%BB%FF%00%00h%CF%00%1Fy%CF%00%0Co%CF%00c%9A%CE%00%8B%A8%C9%00%D0%CB%C6%00%B8%CB%E0%00%00%91%00%00%00%8D%00%00%00%8B%00%00%8D%F3Z%00%00%83%00%00%00%81%00%00%00%7D%00%00i%BB%FF%00i%BB%FF%00%00o%E4%00%29w%CA%00%8E%AA%C5%00b%94%C6%00B%7F%C2%00+l%C1%00%8F%B2%E1%00%00%8D%00%00%91%F7%5E%00%8D%F3Z%00%86%ECS%00%7B%E1H%00x%DEE%00%00x%00%00i%BB%FF%00i%BB%FF%00i%BB%FF%00%00a%E0%00%2Co%C0%00V%85%BD%00%B4%B1%B7%00%C7%C0%BA%00%8F%AE%D7%00%00%87%00%00%00%85%00%00%00%81%00%00%7B%E1H%00%00z%00%00%00u%00%00%00p%00%00i%BB%FF%00i%BB%FF%00i%BB%FF%00i%BB%FF%00%00U%D7%00%00I%B3%00%92%99%AE%00Or%AB%00%9A%A9%C7%00%D3%C8%B7%00%AD%BC%D7%00%00%7D%00%00w%DDD%00%00r%00%00i%BB%FF%00i%BB%FF%00i%BB%FF%00i%BB%FF%00i%BB%FF%00i%BB%FF%00i%BB%FF%00%00C%B7%00%006%A4%00%00-%9D%003V%9E%00%074%96%00%83%93%C9%00%00u%00%00%00p%00%00%00m%00%00i%BB%FF%00i%BB%FF%00i%BB%FF%00i%BB%FF%00i%BB%FF%00i%BB%FF%00i%BB%FF%00i%BB%FF%00i%BB%FF%00i%BB%FF%00i%BB%FF%00i%BB%FF%00i%BB%FF%00i%BB%FF%00i%BB%FF%00i%BB%FF%00i%BB%FF%00i%BB%FF%00i%BB%FF" )</imagedata>
</image>
