<button name="import props" id="1008">
<traversalOn>false</traversalOn>
<ink>srcCopy</ink>
<threeD>true</threeD>
<hiliteBorder>true</hiliteBorder>
<blendLevel>0</blendLevel>
<rect>193,14,296,36</rect>
<mnemonic>0</mnemonic>
<armFill>false</armFill>
<visitedIcon>0</visitedIcon>
<showName>true</showName>
<showIcon>false</showIcon>
<hilited>false</hilited>
<sharedHilite>true</sharedHilite>
<shadow>false</shadow>
<textAlign>center</textAlign>
<armed>false</armed>
<menuMouseButton>1</menuMouseButton>
<id>1008</id>
<altId>0</altId>
<labelWidth>0</labelWidth>
<armedIcon>0</armedIcon>
<lockLoc>false</lockLoc>
<visited>false</visited>
<showHilite>false</showHilite>
<autoHilite>true</autoHilite>
<style>standard</style>
<disabledIcon>0</disabledIcon>
<armBorder>true</armBorder>
<name>button "import props"</name>
<icon>0</icon>
<layer>6</layer>
<visible>true</visible>
<cantSelect>false</cantSelect>
<borderWidth>2</borderWidth>
<menuLines>5</menuLines>
<margins>4</margins>
<opaque>true</opaque>
<shadowOffset>4</shadowOffset>
<default>false</default>
<hiliteFill>true</hiliteFill>
<showBorder>true</showBorder>
<hiliteIcon>0</hiliteIcon>
<disabled>false</disabled>
<autoArm>false</autoArm>
<family>0</family>
<hoverIcon>0</hoverIcon>
<showFocusBorder>true</showFocusBorder>
<menuHistory>1</menuHistory>
<custompropertyset name= "cGlx2TimeStamp">
<checksum>urldecode( "%C7%5B%AF%F6%CF%99%0E%9D%C6%DBi%E52i%40E" )</checksum>
</custompropertyset>
<script>urldecode( "--%3E+all+handlers%0D%0A%0D%0Aon+mouseUp+pMouseBtnNo%0D%0A++++set+the+cursor+to+watch%0D%0A++++put+%22control+properties%22+into+theVabMainGrpName%0D%0A++++put+%22revGLX2+vab%22+into+theVabStackName%0D%0A++++put+%22revTemplatePalette%22+into+theRevStackName%0D%0A++++put+the+number+of+cds+in+stack+theRevStackName+into+theNoCards%0D%0A++++repeat+with+theCdNo+%3D+1+to+theNoCards%0D%0A++++++++put+the+short+name+of+cd+theCdNo+of+stack+theRevStackName+into+theCdName%0D%0A++++++++if+word+1+to+2+of+theCdName+is+not+%22card+id%22+then%0D%0A++++++++++++put+theCdName+into+theGrpName%0D%0A++++++++++++try%0D%0A++++++++++++++++put+the+customkeys+of+cd+theCdNo+of+stack+theRevStackName+into+theCustomPropNames%0D%0A++++++++++++++++repeat+for+each+line+theCustomPropName+in+theCustomPropNames%0D%0A++++++++++++++++++++do+%22set+the%22+%26%26+theCustomPropName+%26%26+%22of+grp+theGrpName+of+grp+theVabMainGrpName+of+stack+theVabStackName+to+the%22+%26%26+theCustomPropName+%26%26+%22of+cd+theCdName+of+stack+theRevStackName%22%0D%0A++++++++++++++++end+repeat%0D%0A++++++++++++catch+e%0D%0A++++++++++++++++put+theCdName+%26+cr+after+msg%0D%0A++++++++++++end+try%0D%0A++++++++end+if%0D%0A++++end+repeat%0D%0Aend+mouseUp%0D%0A" )</script>
</button>
