<field name="Temp Storage" id="413757">
<traversalOn>true</traversalOn>
<ink>srcCopy</ink>
<firstIndent>0</firstIndent>
<dontSearch>false</dontSearch>
<toggleHilites>false</toggleHilites>
<threeD>true</threeD>
<scrollbarWidth>16</scrollbarWidth>
<blendLevel>0</blendLevel>
<textHeight>13</textHeight>
<rect>275,100,525,156</rect>
<multipleHilites>false</multipleHilites>
<shadow>false</shadow>
<hScroll>0</hScroll>
<textAlign>left</textAlign>
<vScrollbar>true</vScrollbar>
<hScrollbar>false</hScrollbar>
<id>413757</id>
<altId>0</altId>
<autoTab>false</autoTab>
<textStyle>plain</textStyle>
<hGrid>false</hGrid>
<lockLoc>false</lockLoc>
<dontWrap>true</dontWrap>
<autoHilite>true</autoHilite>
<style>scrolling</style>
<showLines>false</showLines>
<sharedText>false</sharedText>
<noncontiguousHilites>false</noncontiguousHilites>
<lockText>false</lockText>
<scroll>0</scroll>
<name>field "Temp Storage"</name>
<vGrid>true</vGrid>
<listBehavior>false</listBehavior>
<layer>104</layer>
<visible>false</visible>
<cantSelect>false</cantSelect>
<borderWidth>2</borderWidth>
<margins>8</margins>
<htmlText>urldecode( "%3Cp%3E%3C%2Fp%3E" )</htmlText>
<threeDHilite>false</threeDHilite>
<opaque>true</opaque>
<shadowOffset>4</shadowOffset>
<showBorder>true</showBorder>
<textSize>10</textSize>
<disabled>false</disabled>
<fixedLineHeight>true</fixedLineHeight>
<textFont>Verdana</textFont>
<vScroll>0</vScroll>
<showFocusBorder>true</showFocusBorder>
<custompropertyset name= "cGlx2TimeStamp">
<checksum>urldecode( "%1D%15%B4%C7f%D3%D6%89%5E0%1D%0B%CAY%0D%0A%27" )</checksum>
</custompropertyset>
<script>urldecode( "--%3E+all+handlers%0D%0A%0D%0Aon+doExpandAll%0D%0A++++put+the+long+id+of+me+into+theActiveFld%0D%0A++++lock+screen%0D%0A++++put+0+into+theLines2Skip%0D%0A++++repeat%0D%0A++++++++put+the+htmltext+of+me+into+theHtmlHandler%0D%0A++++++++put+lineoffset%28%22%3Ca+name%3D%22%2CtheHtmlHandler%2CtheLines2Skip%29+into+theLineNo%0D%0A++++++++if+theLineNo+is+not+zero+then%0D%0A++++++++++++add+theLines2Skip+to+theLineNo%0D%0A++++++++++++put+theLineNo+into+theLines2Skip%0D%0A++++++++++++put+getHotImgChar%28theLineNo%29+into+theHotCharPos%0D%0A++++++++++++if+theHotCharPos+is+not+zero+then%0D%0A++++++++++++++++add+the+number+of+chars+in+line+1+to+theLineNo-1+of+me+to+theHotCharPos%0D%0A++++++++++++++++add+1+to+theHotCharPos%0D%0A++++++++++++++++doExpand+theHotCharPos%2CtheLineNo%0D%0A++++++++++++end+if%0D%0A++++++++else%0D%0A++++++++++++exit+REPEAT%0D%0A++++++++end+IF%0D%0A++++end+REPEAT%0D%0A++++unlock+screen%0D%0Aend+doExpandAll%0D%0A%0D%0Aon+doExpand+theCharPos%2CtheLineNo%0D%0A++++if+theLineNo+is+empty+then%0D%0A++++++++put+word+2+of+the+clickline+into+theLineNo%0D%0A++++end+IF%0D%0A++++if+the+linktext+of+char+theCharPos+of+me+is+not+empty+then%0D%0A++++++++if+the+cMotif+of+this+stack+is+%22chalkboard%22+then%0D%0A++++++++++++put+the+id+of+img+%22expanded+chalkboard%22+into+theNewImgID%0D%0A++++++++else%0D%0A++++++++++++put+the+id+of+img+%22expanded+alabaster%22+into+theNewImgID%0D%0A++++++++end+IF%0D%0A++++++++set+the+imagesource+of+char+theCharPos+of+me+to+theNewImgID%0D%0A++++++++put+the+linktext+of+char+theCharPos+of+me+into+theHtmlText%0D%0A++++++++put+urldecode%28theHtmlText%29+into+theHtmlText%0D%0A++++++++put+return+after+line+theLineNo+of+me%0D%0A++++++++set+the+htmltext+of+line+theLineNo%2B1+of+me+to+theHtmlText%0D%0A++++++++set+the+linktext+of+char+theCharPos+of+me+to+empty%0D%0A++++end+IF%0D%0Aend+doExpand%0D%0A%0D%0Afunction+getHotImgChar+theLineNo%0D%0A++++put+the+number+of+chars+in+line+theLineNo+of+me+into+theNoChars%0D%0A++++repeat+with+theHotCharPos+%3D+1+to+theNoChars%0D%0A++++++++if+the+imagesource+of+char+theHotCharPos+of+line+theLineNo+of+me+is+not+empty+then%0D%0A++++++++++++return+theHotCharPos%0D%0A++++++++end+IF%0D%0A++++end+REPEAT%0D%0A++++return+zero%0D%0Aend+getHotImgChar%0D%0A%0D%0Afunction+getHotChar+theLineNo%0D%0A++++put+the+number+of+chars+in+line+theLineNo+of+me+into+theNoChars%0D%0A++++repeat+with+theHotCharPos+%3D+1+to+theNoChars%0D%0A++++++++if+the+linktext+of+char+theHotCharPos+of+line+theLineNo+of+me+is+not+empty+then%0D%0A++++++++++++return+theHotCharPos%0D%0A++++++++end+IF%0D%0A++++end+REPEAT%0D%0A++++return+zero%0D%0Aend+getHotChar%0D%0A" )</script>
</field>
