<field name="handlers" id="1181582">
<tabStops>17</tabStops>
<traversalOn>true</traversalOn>
<ink>srcCopy</ink>
<firstIndent>0</firstIndent>
<dontSearch>false</dontSearch>
<toggleHilites>false</toggleHilites>
<threeD>false</threeD>
<scrollbarWidth>16</scrollbarWidth>
<blendLevel>0</blendLevel>
<textHeight>18</textHeight>
<rect>-1,109,230,693</rect>
<multipleHilites>false</multipleHilites>
<colors>urldecode( "%0D%0A36%2C36%2C36%0D%0A%0D%0A%0D%0A%0D%0A%0D%0A%0D%0A" )</colors>
<shadow>false</shadow>
<hScroll>0</hScroll>
<textAlign>left</textAlign>
<vScrollbar>true</vScrollbar>
<hScrollbar>true</hScrollbar>
<id>1181582</id>
<altId>0</altId>
<autoTab>false</autoTab>
<textStyle>plain</textStyle>
<hGrid>false</hGrid>
<lockLoc>false</lockLoc>
<dontWrap>true</dontWrap>
<autoHilite>true</autoHilite>
<style>scrolling</style>
<showLines>false</showLines>
<sharedText>false</sharedText>
<noncontiguousHilites>false</noncontiguousHilites>
<lockText>true</lockText>
<scroll>0</scroll>
<name>field "handlers"</name>
<vGrid>false</vGrid>
<listBehavior>true</listBehavior>
<layer>119</layer>
<visible>true</visible>
<cantSelect>false</cantSelect>
<borderWidth>1</borderWidth>
<margins>8,10,8,8</margins>
<htmlText>urldecode( "%3Cp%3E%3Cb%3E%3Csub%3E%3Cimg+src%3D%22409974%22%3E%3C%2Fsub%3E+*+History%3C%2Fb%3E%3C%2Fp%3E%0D%0A%3Cp%3E%3Cb%3E%3Csub%3E%3Cimg+src%3D%22409974%22%3E%3C%2Fsub%3E+*Declarations*%3C%2Fb%3E%3C%2Fp%3E%0D%0A%3Cp%3E%3Cb%3E%3Csub%3E%3Cimg+src%3D%22333139%22%3E%3C%2Fsub%3E+drag+stuff%3C%2Fb%3E%3C%2Fp%3E%0D%0A%3Cp%3E%26%239%3B%3Csub%3E%3Cimg+src%3D%22516943%22%3E%3C%2Fsub%3E+dragMove%3C%2Fp%3E%0D%0A%3Cp%3E%3Cb%3E%3Csub%3E%3Cimg+src%3D%22333139%22%3E%3C%2Fsub%3E+msgs+-+keys%3C%2Fb%3E%3C%2Fp%3E%0D%0A%3Cp%3E%26%239%3B%3Csub%3E%3Cimg+src%3D%22516943%22%3E%3C%2Fsub%3E+arrowKey%3C%2Fp%3E%0D%0A%3Cp%3E%26%239%3B%3Csub%3E%3Cimg+src%3D%22516943%22%3E%3C%2Fsub%3E+enterInField%3C%2Fp%3E%0D%0A%3Cp%3E%26%239%3B%3Csub%3E%3Cimg+src%3D%22516943%22%3E%3C%2Fsub%3E+enterKey%3C%2Fp%3E%0D%0A%3Cp%3E%26%239%3B%3Csub%3E%3Cimg+src%3D%22516943%22%3E%3C%2Fsub%3E+escapeKey%3C%2Fp%3E%0D%0A%3Cp%3E%3Cb%3E%3Csub%3E%3Cimg+src%3D%22333139%22%3E%3C%2Fsub%3E+msgs+-+other%3C%2Fb%3E%3C%2Fp%3E%0D%0A%3Cp%3E%26%239%3B%3Csub%3E%3Cimg+src%3D%22516943%22%3E%3C%2Fsub%3E+closeCard%3C%2Fp%3E%0D%0A%3Cp%3E%26%239%3B%3Csub%3E%3Cimg+src%3D%22516943%22%3E%3C%2Fsub%3E+closeStack%3C%2Fp%3E%0D%0A%3Cp%3E%26%239%3B%3Csub%3E%3Cimg+src%3D%22516943%22%3E%3C%2Fsub%3E+closeStackRequest%3C%2Fp%3E%0D%0A%3Cp%3E%26%239%3B%3Csub%3E%3Cimg+src%3D%22516943%22%3E%3C%2Fsub%3E+emptyVABafterStartup%3C%2Fp%3E%0D%0A%3Cp%3E%26%239%3B%3Csub%3E%3Cimg+src%3D%22516943%22%3E%3C%2Fsub%3E+glx2ResetSize%3C%2Fp%3E%0D%0A%3Cp%3E%26%239%3B%3Csub%3E%3Cimg+src%3D%22516943%22%3E%3C%2Fsub%3E+hideBrowserLater%3C%2Fp%3E%0D%0A%3Cp%3E%26%239%3B%3Csub%3E%3Cimg+src%3D%22516943%22%3E%3C%2Fsub%3E+mouseEnter%3C%2Fp%3E%0D%0A%3Cp%3E%26%239%3B%3Csub%3E%3Cimg+src%3D%22516943%22%3E%3C%2Fsub%3E+moveStack%3C%2Fp%3E%0D%0A%3Cp%3E%26%239%3B%3Csub%3E%3Cimg+src%3D%22516943%22%3E%3C%2Fsub%3E+preOpenCard%3C%2Fp%3E%0D%0A%3Cp%3E%26%239%3B%3Csub%3E%3Cimg+src%3D%22516943%22%3E%3C%2Fsub%3E+preOpenStack%3C%2Fp%3E%0D%0A%3Cp%3E%26%239%3B%3Csub%3E%3Cimg+src%3D%22516943%22%3E%3C%2Fsub%3E+resizeStack%3C%2Fp%3E%0D%0A%3Cp%3E%26%239%3B%3Csub%3E%3Cimg+src%3D%22516943%22%3E%3C%2Fsub%3E+resume%3C%2Fp%3E%0D%0A%3Cp%3E%26%239%3B%3Csub%3E%3Cimg+src%3D%22516943%22%3E%3C%2Fsub%3E+resumeStack%3C%2Fp%3E%0D%0A%3Cp%3E%26%239%3B%3Csub%3E%3Cimg+src%3D%22516943%22%3E%3C%2Fsub%3E+suspend%3C%2Fp%3E%0D%0A%3Cp%3E%26%239%3B%3Csub%3E%3Cimg+src%3D%22516943%22%3E%3C%2Fsub%3E+suspendStack%3C%2Fp%3E%0D%0A%3Cp%3E%26%239%3B%3Csub%3E%3Cimg+src%3D%22516943%22%3E%3C%2Fsub%3E+unIconifyStack%3C%2Fp%3E%0D%0A%3Cp%3E%26%239%3B%3Csub%3E%3Cimg+src%3D%22516943%22%3E%3C%2Fsub%3E+unlockCodeField%3C%2Fp%3E" )</htmlText>
<threeDHilite>false</threeDHilite>
<opaque>false</opaque>
<shadowOffset>4</shadowOffset>
<showBorder>true</showBorder>
<textSize>12</textSize>
<disabled>false</disabled>
<fixedLineHeight>true</fixedLineHeight>
<textFont>Verdana</textFont>
<vScroll>0</vScroll>
<showFocusBorder>false</showFocusBorder>
<custompropertyset name= "cGlx2TimeStamp">
<checksum>urldecode( "%050%15sy%F0%F3%B1H%9El%B1%D4%08%1AU" )</checksum>
</custompropertyset>
<custompropertyset name= "cREVTable">
</custompropertyset>
<script>urldecode( "--%3E+declarations%0D%0A%0D%0Alocal+sDragging%2CsDraggingFolder%2CsDropAtBtm%2CsDragV%0D%0A%0D%0A--%3E+handler+stuff%0D%0A%0D%0A%2F*+about+handler+stuff*%0D%0AThis+group+of+handlers+takes+care+of+copying+and+pasting+handlers%0D%0Aas+well+as+popping+up+the+handler+menu.+%0D%0A*%2F+%0D%0A%0D%0Aon+copyPasteHandler+pCopyLineNo%2CpCopyHandlerName%2CpPasteHandlerLineNo%2CpPasteHandlerName%0D%0A++++-----%0D%0A++++local+addReturn%0D%0A++++local+isFolder%0D%0A++++local+noCrumb%0D%0A++++local+reSelectHandlerName%0D%0A++++local+tEndLineNo%0D%0A++++local+tHandler%0D%0A++++local+tLineNos%0D%0A++++local+tOptionState%0D%0A++++local+tPasteLineNo%0D%0A++++local+tStartLineNo%2C+tStartPos%0D%0A++++-----%0D%0A++++if+char+1+of+line+pPasteHandlerLineNo+of+me+is+tab+then%0D%0A++++++++put+false+into+isFolder%0D%0A++++else%0D%0A++++++++put+true+into+isFolder%0D%0A++++end+if%0D%0A++++if+isFolder+is+false+and+the+cSortAlphabetically+of+this+stack+is+true+then%0D%0A++++++++exit+copyPasteHandler%0D%0A++++end+if%0D%0A++++put+getHandlerLineNos%28pCopyLineNo%29+into+tLineNos%0D%0A++++put+item+1+of+tLineNos+into+tStartLineNo%0D%0A++++put+item+2+of+tLineNos+into+tEndLineNo%0D%0A++++if+tEndLineNo%2B1+%3C+the+number+of+lines+in+fld+%22code+storage%22+then%0D%0A++++++++add+1+to+tEndLineNo%0D%0A++++else%0D%0A++++++++put+true+into+addReturn%0D%0A++++end+if%0D%0A++++put+line+tStartLineNo+to+tEndLineNo+of+fld+%22code+storage%22+into+tHandler%0D%0A++++delete+line+tStartLineNo+to+tEndLineNo+of+fld+%22code+storage%22%0D%0A++++glx2SelectHandlerInScript+pPasteHandlerName%2CisFolder%0D%0A++++put+word+2+of+%28the+cSelectedChunk+of+fld+%22code+storage%22%29+into+tStartPos%0D%0A++++put+the+number+of+lines+in+char+1+to+tStartPos+of+fld+%22code+storage%22+into+tPasteLineNo%0D%0A++++if+char+1+of+line+pPasteHandlerLineNo+of+me+is+tab+then%0D%0A++++++++if+sDropAtBtm+is+true+then%0D%0A++++++++++++put+getHandlerEndLineNo%28tPasteLineNo%29+into+tPasteLineNo%0D%0A++++++++++++put+word+1+to+-1+of+tHandler+into+tHandler%0D%0A++++++++++++put+cr+%26+cr+%26+tHandler+after+line+tPasteLineNo+of+fld+%22code+storage%22%0D%0A++++++++++++repeat%0D%0A++++++++++++++++if+the+last+char+of+fld+%22code+storage%22+is+return+then%0D%0A++++++++++++++++++++delete+the+last+char+of+fld+%22code+storage%22%0D%0A++++++++++++++++else%0D%0A++++++++++++++++++++exit+repeat%0D%0A++++++++++++++++end+if%0D%0A++++++++++++end+repeat%0D%0A++++++++else%0D%0A++++++++++++if+addReturn+is+not+true+then%0D%0A++++++++++++++++put+tHandler+%26+cr+before+line+tPasteLineNo+of+fld+%22code+storage%22%0D%0A++++++++++++else%0D%0A++++++++++++++++put+tHandler+%26+cr+%26+cr+before+line+tPasteLineNo+of+fld+%22code+storage%22%0D%0A++++++++++++end+if%0D%0A++++++++end+if%0D%0A++++else%0D%0A++++++++put+cr+%26+cr+%26+word+1+to+-1+of+tHandler+after+line+tPasteLineNo+of+fld+%22code+storage%22%0D%0A++++end+if%0D%0A++++doColorizeScript+%0D%0A++++glx2SetDirtyFlag%0D%0A++++refreshFolders%0D%0A++++if+isFolder+is+false+then%0D%0A++++++++set+the+hilitedline+of+me+to+pPasteHandlerLineNo%0D%0A++++++++set+the+chilitedline+of+me+to+pPasteHandlerLineNo%0D%0A++++else%0D%0A++++++++put+true+into+reSelectHandlerName%0D%0A++++end+if%0D%0A++++put+false+into+isFolder%0D%0A++++put+true+into+noCrumb%0D%0A++++put+false+into+tOptionState%0D%0A++++doEditPane+pCopyHandlerName%2CisFolder%2CtOptionState%2CnoCrumb%0D%0A++++if+reSelectHandlerName+is+true+then%0D%0A++++++++doSelectHandlerName%0D%0A++++end+if%0D%0Aend+copyPasteHandler%0D%0A%0D%0Aon+doHandlerMenu%0D%0A++++popup+btn+%22contextual+handler+menu%22%0D%0Aend+doHandlerMenu%0D%0A%0D%0A--%3E+folder+stuff%0D%0A%0D%0Aon+doFolderMenu%0D%0A++++popup+btn+%22contextual+folder+menu%22%0D%0Aend+doFolderMenu%0D%0A%0D%0Aon+copyPasteFolder+pCopyLineNo%2CpCopyFolderName%2CpLineNo%2CpPasteFolderName%0D%0A++++-----%0D%0A++++local+isFolder%2C+tFolder%2C+tOpenFolderName%2C+tOpenFolderNames%0D%0A++++local+tEndLineNo%0D%0A++++local+tFolderLineNo2Open%2C+tNoLines%0D%0A++++local+tFoldersAsHtml%0D%0A++++local+tNewHandlerLineNo%0D%0A++++local+tNoAddedLines%0D%0A++++local+tOpenFolderImgID%0D%0A++++local+tPasteLineNo%0D%0A++++local+tStartPos%0D%0A++++-----%0D%0A++++lock+screen%0D%0A++++put+line+pCopyLineNo+to+-1+of+fld+%22code+storage%22+into+tFolder%0D%0A++++put+lineoffset%28cr+%26+%22--%3E+%22%2CtFolder%29+into+tEndLineNo%0D%0A++++if+tEndLineNo+is+not+zero+then%0D%0A++++++++put+line+1+to+tEndLineNo+of+tFolder+into+tFolder%0D%0A++++++++put+the+number+of+lines+in+tFolder+into+tNoLines%0D%0A++++++++put+tNoLines-1+into+tNoAddedLines%0D%0A++++++++delete+line+pCopyLineNo+to+%28pCopyLineNo%2BtNoAddedLines%29+of+fld+%22code+storage%22%0D%0A++++else%0D%0A++++++++delete+line+pCopyLineNo+to+-1+of+fld+%22code+storage%22%0D%0A++++end+if%0D%0A++++%0D%0A++++put+true+into+isFolder%0D%0A++++glx2SelectHandlerInScript+pPasteFolderName%2CisFolder%0D%0A++++%0D%0A++++set+the+hilitedline+of+me+to+pLineNo%0D%0A++++set+the+chilitedline+of+me+to+pLineNo%0D%0A++++%0D%0A++++put+word+2+of+%28the+cSelectedChunk+of+fld+%22code+storage%22%29+into+tStartPos%0D%0A++++if+sDropAtBtm+is+true+then%0D%0A++++++++put+the+number+of+lines+in+fld+%22code+storage%22+into+tPasteLineNo%0D%0A++++++++put+cr+%26+cr+%26+%28word+1+to+-1+of+tFolder%29+after+line+tPasteLineNo+of+fld+%22code+storage%22%0D%0A++++else%0D%0A++++++++put+the+number+of+lines+in+char+1+to+tStartPos+of+fld+%22code+storage%22+into+tPasteLineNo%0D%0A++++++++put+tFolder+%26+cr+before+line+tPasteLineNo+of+fld+%22code+storage%22%0D%0A++++end+if%0D%0A++++%0D%0A++++--+RECORD+OPEN+FOLDERS%3A%0D%0A++++--+%3Cp%3E%3Cb%3E%3Csub%3E%3Cimg+src%3D%22409974%22%3E%3C%2Fsub%3E+declarations%3C%2Fb%3E%3C%2Fp%3E+--+closed+folder%0D%0A++++--+%3Cp%3E%3Cb%3E%3Csub%3E%3Cimg+src%3D%22333139%22%3E%3C%2Fsub%3E+folder+stuff%3C%2Fb%3E%3C%2Fp%3E+--+open+folder%0D%0A++++--+%3Cp%3E%26%239%3B%3Csub%3E%3Cimg+src%3D%22516943%22%3E%3C%2Fsub%3E+copyPasteFolder%3C%2Fp%3E+--+custon+handler%0D%0A++++%0D%0A++++put+the+id+of+img+%22glx2-folder.png%22+of+cd+%22images%22+into+tOpenFolderImgID%0D%0A++++%0D%0A++++put+the+htmltext+of+me+into+tFoldersAsHtml%0D%0A++++put+the+number+of+lines+in+me+into+tNoLines%0D%0A++++repeat+with+pLineNo+%3D+1+to+tNoLines%0D%0A++++++++if+line+pLineNo+of+tFoldersAsHtml+contains+quote+%26+tOpenFolderImgID+%26+quote+then%0D%0A++++++++++++put+line+pLineNo+of+me+%26+cr+after+tOpenFolderNames%0D%0A++++++++end+if%0D%0A++++end+repeat%0D%0A++++if+the+last+char+of+tOpenFolderNames+is+return+then%0D%0A++++++++delete+the+last+char+of+tOpenFolderNames%0D%0A++++end+if%0D%0A++++%0D%0A++++doColorizeScript%0D%0A++++glx2SetDirtyFlag%0D%0A++++put+empty+into+fld+%22handlers%22%0D%0A++++updateHandlerList%0D%0A++++%0D%0A++++if+tOpenFolderNames+is+not+empty+then%0D%0A++++++++set+the+wholematches+to+true%0D%0A++++++++repeat+for+each+line+tOpenFolderName+in+tOpenFolderNames%0D%0A++++++++++++put+lineoffset%28tOpenFolderName%2Cthe+text+of+me%29+into+tFolderLineNo2Open%0D%0A++++++++++++if+tFolderLineNo2Open+is+not+zero+then%0D%0A++++++++++++++++doExpandFolder+tFolderLineNo2Open%0D%0A++++++++++++end+if%0D%0A++++++++end+repeat%0D%0A++++++++set+the+wholematches+to+false%0D%0A++++end+if%0D%0A++++%0D%0A++++set+the+wholematches+to+true%0D%0A++++put+lineoffset%28space+%26+space+%26+pCopyFolderName%2Cme%29+into+tNewHandlerLineNo%0D%0A++++set+the+wholematches+to+false%0D%0A++++if+tNewHandlerLineNo+is+not+zero+then%0D%0A++++++++set+the+hilitedline+of+me+to+tNewHandlerLineNo%0D%0A++++++++set+the+chilitedline+of+me+to+tNewHandlerLineNo%0D%0A++++end+if%0D%0A++++%0D%0A++++put+true+into+isFolder%0D%0A++++glx2SelectHandlerInScript+pCopyFolderName%2CisFolder%0D%0A++++%0D%0A++++unlock+screen%0D%0A++++%0D%0Aend+copyPasteFolder%0D%0A%0D%0Aon+doExpandFolder+pLineNo%0D%0A++++-----%0D%0A++++local+formatList%0D%0A++++local+tClosedFolderImgID%0D%0A++++local+tDisabledFolderImgID%0D%0A++++local+tFolderHandlers%2C+tHandlerLineNo%0D%0A++++local+tFolderName%0D%0A++++local+tIconChar%0D%0A++++local+tNoLines%0D%0A++++-----%0D%0A++++put+the+id+of+img+%22glx2-folder-closed.png%22+of+cd+%22images%22+into+tClosedFolderImgID%0D%0A++++put+the+id+of+img+%22glx2-folder-disabled.png%22+of+cd+%22images%22+into+tDisabledFolderImgID%0D%0A++++if+the+imagesource+of+char+1+of+line+pLineNo+of+me+is+tClosedFolderImgID+or+%5C%0D%0A++++++++++++the+imagesource+of+char+1+of+line+pLineNo+of+me+is+tDisabledFolderImgID+then%0D%0A++++++++put+word+1+to+-1+of+line+pLineNo+of+me+into+tFolderName%0D%0A++++++++put+true+into+formatList%0D%0A++++++++put+getFolderHandlers%28tFolderName%2CformatList%29+into+tFolderHandlers%0D%0A++++++++if+tFolderHandlers+is+not+empty+then%0D%0A++++++++++++put+cr+%26+%22++%22+after+line+pLineNo+of+me%0D%0A++++++++++++set+the+textstyle+of+line+pLineNo%2B1+of+me+to+plain%0D%0A++++++++++++put+tFolderHandlers+into+line+pLineNo%2B1+of+me%0D%0A++++++++++++set+the+imagesource+of+char+1+of+line+pLineNo+of+me+to+the+id+of+img+%22glx2-folder.png%22+of+cd+%22images%22%0D%0A++++++++++++--if+the+shiftkey+is+down+and+the+controlkey+is+down+then%0D%0A++++++++++++put+the+number+of+lines+in+tFolderHandlers+into+tNoLines%0D%0A++++++++++++repeat+with+tHandlerLineNo+%3D+pLineNo%2B+1+to+pLineNo%2BtNoLines%0D%0A++++++++++++++++put+char+1+of+word+1+of+line+tHandlerLineNo+of+me+into+tIconChar%0D%0A++++++++++++++++switch+tIconChar%0D%0A++++++++++++++++++++case+%22h%22%0D%0A++++++++++++++++++++++++put+space+into+word+1+of+line+tHandlerLineNo+of+me%0D%0A++++++++++++++++++++++++set+the+imagesource+of+char+2+of+line+tHandlerLineNo+of+me+to+the+id+of+img+%22handler%22+of+cd+%22images%22%0D%0A++++++++++++++++++++++++break%0D%0A++++++++++++++++++++case+%22p%22%0D%0A++++++++++++++++++++++++put+space+into+char+1+of+word+1+of+line+tHandlerLineNo+of+me%0D%0A++++++++++++++++++++++++set+the+imagesource+of+char+2+of+line+tHandlerLineNo+of+me+to+the+id+of+img+%22prop%22+of+cd+%22images%22%0D%0A++++++++++++++++++++++++break%0D%0A++++++++++++++++++++case+%22L%22%0D%0A++++++++++++++++++++++++put+space+into+char+1+of+word+1+of+line+tHandlerLineNo+of+me%0D%0A++++++++++++++++++++++++set+the+imagesource+of+char+2+of+line+tHandlerLineNo+of+me+to+the+id+of+img+%22private%22+of+cd+%22images%22%0D%0A++++++++++++++++++++++++break%0D%0A++++++++++++++++++++case+%22c%22%0D%0A++++++++++++++++++++++++put+space+into+char+1+of+word+1+of+line+tHandlerLineNo+of+me%0D%0A++++++++++++++++++++++++set+the+imagesource+of+char+2+of+line+tHandlerLineNo+of+me+to+the+id+of+img+%22comment%22+of+cd+%22images%22%0D%0A++++++++++++++++++++++++break%0D%0A++++++++++++++++++++default%0D%0A++++++++++++++++++++++++put+space+into+char+1+of+word+1+of+line+tHandlerLineNo+of+me%0D%0A++++++++++++++++++++++++set+the+imagesource+of+char+2+of+line+tHandlerLineNo+of+me+to+the+id+of+img+%22handler%22+of+cd+%22images%22%0D%0A++++++++++++++++++++++++break%0D%0A++++++++++++++++end+switch%0D%0A++++++++++++++++delete+char+3+of+line+tHandlerLineNo+of+me%0D%0A++++++++++++++++set+the+textshift+of+char+2+of+line+tHandlerLineNo+of+me+to+1%0D%0A++++++++++++end+repeat%0D%0A++++++++++++--end+if%0D%0A++++++++else%0D%0A++++++++++++set+the+imagesource+of+char+1+of+line+pLineNo+of+me+to+the+id+of+img+%22glx2-folder-disabled.png%22+of+cd+%22images%22%0D%0A++++++++end+if%0D%0A++++++++set+the+textshift+of+char+1+of+line+pLineNo+of+me+to+3%0D%0A++++end+if%0D%0Aend+doExpandFolder%0D%0A%0D%0A---%7C---%0D%0A%0D%0Aon+doFolderThing+pLineNo%0D%0A++++-----%0D%0A++++local+tOptionKeyState%0D%0A++++local+tScroll%0D%0A++++-----%0D%0A++++if+pLineNo+is+empty+then%0D%0A++++++++put+the+hilitedline+of+me+into+pLineNo%0D%0A++++end+if%0D%0A++++put+glx2IsThisModifierSetActive%28%22option%22%29+into+tOptionKeyState%0D%0A++++if+the+imagesource+of+char+1+of+line+pLineNo+of+me+is+not+empty+then%0D%0A++++++++lock+screen%0D%0A++++++++put+the+scroll+of+me+into+tScroll%0D%0A++++++++if+char+1+of+line+pLineNo%2B1+of+me+is+tab+then%0D%0A++++++++++++if+tOptionKeyState+is+true+then%0D%0A++++++++++++++++doCollapseAllFolders%0D%0A++++++++++++else%0D%0A++++++++++++++++doCollapseFolder+pLineNo%0D%0A++++++++++++end+if%0D%0A++++++++else%0D%0A++++++++++++if+tOptionKeyState+is+true+then%0D%0A++++++++++++++++doExpandAllFolders%0D%0A++++++++++++else%0D%0A++++++++++++++++doExpandFolder+pLineNo%0D%0A++++++++++++end+if%0D%0A++++++++end+if%0D%0A++++end+if%0D%0A++++set+the+hilitedline+of+me+to+pLineNo%0D%0A++++set+the+scroll+of+me+to+tScroll%0D%0A++++unlock+screen%0D%0Aend+doFolderThing%0D%0A%0D%0A---%7C---%0D%0A%0D%0Aon+doExpandAllFolders%0D%0A++++-----%0D%0A++++local+tLineNo%2C+tNoLines%0D%0A++++local+tNewNoLines%0D%0A++++-----%0D%0A++++put+the+number+of+lines+in+me+into+tNoLines%0D%0A++++put+0+into+tLineNo%0D%0A++++repeat%0D%0A++++++++add+1+to+tLineNo%0D%0A++++++++if+char+1+of+line+tLineNo+of+me+is+not+tab+then%0D%0A++++++++++++doExpandFolder+tLineNo%0D%0A++++++++++++put+the+number+of+lines+in+me+into+tNewNoLines%0D%0A++++++++++++add+tNewNoLines+-+tNoLines+to+tLineNo%0D%0A++++++++++++put+tNewNoLines+into+tNoLines%0D%0A++++++++end+if%0D%0A++++++++if+tLineNo+%3D+tNoLines+then%0D%0A++++++++++++exit+REPEAT%0D%0A++++++++end+if%0D%0A++++end+REPEAT%0D%0Aend+doExpandAllFolders%0D%0A%0D%0A---%7C---%0D%0A%0D%0Aon+doCollapseAllFolders%0D%0A++++-----%0D%0A++++local+tLineNo%2C+tNoLines%0D%0A++++-----%0D%0A++++put+the+number+of+lines+in+me+into+tNoLines%0D%0A++++repeat+with+tLineNo+%3D+1+to+tNoLines%0D%0A++++++++if+char+1+of+line+tLineNo+of+me+is+not+tab+then%0D%0A++++++++++++doCollapseFolder+tLineNo%0D%0A++++++++++++put+the+number+of+lines+in+me+into+tNoLines%0D%0A++++++++end+if%0D%0A++++end+REPEAT%0D%0Aend+doCollapseAllFolders%0D%0A%0D%0A---%7C---%0D%0A%0D%0Aon+dragExpandFolder+pLineNo%0D%0A++++beep%0D%0A++++if+the+mouseline+not+empty+and+the+mouseloc+is+within+the+rect+of+me+and+%5C%0D%0A++++++++++++word+2+of+the+mouseline+is+pLineNo+then%0D%0A++++++++doExpandFolder+pLineNo%0D%0A++++end+if%0D%0Aend+dragExpandFolder%0D%0A%0D%0A---%7C---%0D%0A%0D%0A---%7C---%0D%0A%0D%0Aon+refreshFolders%0D%0A++++-----%0D%0A++++local+tClosedFolderImgID%0D%0A++++local+tDisabledFolderImgID%0D%0A++++local+tFolder%2C+tFolders%0D%0A++++local+tLineNo%0D%0A++++local+tOpenFolderImgID%0D%0A++++-----%0D%0A++++put+me+into+tFolders%0D%0A++++filter+tFolders+with+%22++*%22%0D%0A++++if+tFolders+is+not+empty+then%0D%0A++++++++put+the+id+of+img+%22glx2-folder-disabled.png%22+of+cd+%22images%22+into+tDisabledFolderImgID%0D%0A++++++++put+the+id+of+img+%22glx2-folder-closed.png%22+of+cd+%22images%22+into+tClosedFolderImgID%0D%0A++++++++put+the+id+of+img+%22glx2-folder.png%22+of+cd+%22images%22+into+tOpenFolderImgID%0D%0A++++++++repeat+for+each+line+tFolder+in+tFolders%0D%0A++++++++++++set+the+wholematches+to+true%0D%0A++++++++++++put+lineoffset%28tFolder%2Cme%29+into+tLineNo%0D%0A++++++++++++set+the+wholematches+to+false%0D%0A++++++++++++if+tLineNo+is+not+empty+then%0D%0A++++++++++++++++switch+the+imagesource+of+char+1+of+line+tLineNo+of+me+%0D%0A++++++++++++++++++++++++--+CASE+tClosedFolderImgID%0D%0A++++++++++++++++++++++++--+doExpandFolder+tLineNo%0D%0A++++++++++++++++++++++++--+doCollapseFolder+tLineNo%0D%0A++++++++++++++++++++++++--+break%0D%0A++++++++++++++++++++case+tOpenFolderImgID%0D%0A++++++++++++++++++++++++doCollapseFolder+tLineNo%0D%0A++++++++++++++++++++++++doExpandFolder+tLineNo%0D%0A++++++++++++++++++++++++break%0D%0A++++++++++++++++++++case+tClosedFolderImgID%0D%0A++++++++++++++++++++++++doExpandFolder+tLineNo%0D%0A++++++++++++++++++++++++doCollapseFolder+tLineNo%0D%0A++++++++++++++++++++++++break%0D%0A++++++++++++++++end+SWITCH%0D%0A++++++++++++end+if%0D%0A++++++++end+REPEAT%0D%0A++++end+if%0D%0Aend+refreshFolders%0D%0A%0D%0A---%7C---%0D%0A%0D%0Aon+doCollapseFolder+pLineNo%0D%0A++++-----%0D%0A++++local+tDisabledFolderImgID%0D%0A++++local+tFirstLineNo%0D%0A++++local+tFolders%0D%0A++++local+tLastLineNo%0D%0A++++local+tLine%0D%0A++++local+tNextFolder%2C+tNextFolderLineNo%0D%0A++++local+tOpenFolderImgID%0D%0A++++-----%0D%0A++++put+the+id+of+img+%22glx2-folder.png%22+of+cd+%22images%22+into+tOpenFolderImgID%0D%0A++++put+the+id+of+img+%22glx2-folder-disabled.png%22+of+cd+%22images%22+into+tDisabledFolderImgID%0D%0A++++if+the+imagesource+of+char+1+of+line+pLineNo+of+me+is+tOpenFolderImgID+or+%5C%0D%0A++++++++++++the+imagesource+of+char+1+of+line+pLineNo+of+me+is+tDisabledFolderImgID+then%0D%0A++++++++put+line+pLineNo+of+me+into+tLine%0D%0A++++++++put+the+text+of+me+into+tFolders%0D%0A++++++++filter+tFolders+without+tab+%26+%22*%22%0D%0A++++++++set+the+wholematches+to+true%0D%0A++++++++put+lineoffset%28tLine%2CtFolders%29+into+tNextFolderLineNo%0D%0A++++++++add+1+to+tNextFolderLineNo%0D%0A++++++++put+line+tNextFolderLineNo+of+tFolders+into+tNextFolder%0D%0A++++++++put+lineoffset%28tNextFolder%2Cthe+text+of+me%29-1+into+tLastLineNo%0D%0A++++++++put+pLineNo%2B1+into+tFirstLineNo%0D%0A++++++++set+the+wholematches+to+false%0D%0A++++++++--put+the+htmltext+of+line+tFirstLineNo+to+tLastLineNo+of+me+into+tHandlers%0D%0A++++++++--set+the+linktext+of+char+1+of+line+tLineNo+of+me+to+urlencode%28tHandlers%29%0D%0A++++++++delete+line+tFirstLineNo+to+tLastLineNo+of+me%0D%0A++++++++set+the+imagesource+of+char+1+of+line+pLineNo+of+me+to+the+id+of+img+%22glx2-folder-closed.png%22+of+cd+%22images%22%0D%0A++++++++set+the+textshift+of+char+1+of+line+pLineNo+of+me+to+3%0D%0A++++++++set+the+textstyle+of+line+pLineNo+of+me+to+%22bold%22%0D%0A++++end+if%0D%0Aend+doCollapseFolder%0D%0A--%3E+drag%0D%0A%0D%0Aon+createDraggerField%0D%0A++++-----%0D%0A++++local+tLine%2C+tLineNo%0D%0A++++local+tObjectID%0D%0A++++local+tRect%0D%0A++++local+tWidth%0D%0A++++-----%0D%0A++++put+the+hilitedline+of+me+into+tLineNo%0D%0A++++set+the+textfont+of+fld+%22dragger+field%22+to+the+effective+textfont+of+line+tLineNo+of+me%0D%0A++++set+the+textsize+of+fld+%22dragger+field%22+to+the+effective+textsize+of+line+tLineNo+of+me%0D%0A++++put+the+htmltext+of+line+tLineNo+of+me+into+tLine%0D%0A++++replace+%22%26%239%3B%22+with+empty+in+tLine%0D%0A++++--+replace+%22%3Cp%3E%22+with+empty+in+tLine%0D%0A++++--+put+word+1+to+-1+of+tLine+into+tLine%0D%0A++++--+put+%22%3Cp%3E%22+before+tLine%0D%0A++++set+the+htmltext+of+fld+%22dragger+field%22+to+tLine%0D%0A++++set+the+textshift+of+char+1+of+fld+%22dragger+field%22+to+2%0D%0A++++set+the+margins+of+fld+%22dragger+field%22+to+the+margins+of+me%0D%0A++++set+the+textalign+of+fld+%22dragger+field%22+to+the+textalign+of+me%0D%0A++++set+the+textcolor+of+fld+%22dragger+field%22+to+the+effective+textcolor+of+me%0D%0A++++set+the+backcolor+of+fld+%22dragger+field%22+to+the+effective+backcolor+of+me%0D%0A++++set+the+opaque+of+fld+%22dragger+field%22+to+false%0D%0A++++put+the+rect+of+fld+%22dragger+field%22+into+tRect%0D%0A++++--+set+the+itemdel+to+tab%0D%0A++++--+put+the+formattedwidth+of+char+1+to+-1+of+item+1+of+fld+%22dragger+field%22+into+tWidth%0D%0A++++--+add+the+leftmargin+of+fld+%22dragger+field%22+to+tWidth%0D%0A++++--+add+the+rightmargin+of+fld+%22dragger+field%22+to+tWidth%0D%0A++++--+subtract+2+from+tWidth%0D%0A++++--+set+the+itemdel+to+comma%0D%0A++++put+the+width+of+me+into+tWidth%0D%0A++++put+item+1+of+tRect+%2B+tWidth+into+item+3+of+tRect%0D%0A++++set+the+rect+of+fld+%22dragger+field%22+to+tRect%0D%0A++++put+the+rect+of+grc+%22drop+indicator%22+into+tRect%0D%0A++++put+the+left+of+me+%2B3+into+item+1+of+tRect%0D%0A++++put+the+right+of+me+-+22+into+item+3+of+tRect%0D%0A++++set+the+rect+of+grc+%22drop+indicator%22+to+tRect%0D%0A++++hide+fld+%22dragger+field%22%0D%0A++++put+the+long+id+of+fld+%22dragger+field%22+into+tObjectID%0D%0A++++createSnapdragon+tObjectID%0D%0A++++put+true+into+sDragging%0D%0Aend+createDraggerField%0D%0A%0D%0A---%7C---%0D%0A%0D%0Aon+destroySnapdragon%0D%0A++++-----%0D%0A++++local+tNoSnaps%0D%0A++++-----%0D%0A++++lock+messages%0D%0A++++if+there+is+an+img+%22snapdragon%22+then%0D%0A++++++++repeat%0D%0A++++++++++++try+%0D%0A++++++++++++++++delete+image+%22snapdragon%22%0D%0A++++++++++++catch+e%0D%0A++++++++++++++++exit+repeat%0D%0A++++++++++++end+try%0D%0A++++++++end+repeat%0D%0A++++end+if%0D%0A++++try%0D%0A++++++++repeat%0D%0A++++++++++++put+the+number+of+imgs+in+grp+%22snapshot%22+of+me+into+tNoSnaps%0D%0A++++++++++++if+tNoSnaps+%3E+2+then%0D%0A++++++++++++++++delete+img+tNoSnaps+of+grp+%22snapshot%22+of+me%0D%0A++++++++++++else%0D%0A++++++++++++++++exit+repeat%0D%0A++++++++++++end+if%0D%0A++++++++end+repeat%0D%0A++++catch+e%0D%0A++++end+try%0D%0A++++unlock+messages%0D%0Aend+destroySnapdragon%0D%0A%0D%0A---%7C---%0D%0A%0D%0Aon+createSnapdragon+tObjectID%0D%0A++++-----%0D%0A++++local+tImgNo%0D%0A++++-----%0D%0A++++destroySnapdragon%0D%0A++++do+%22set+the+drag%22+%26+%22delta+to+6%22%0D%0A++++do+%22set+the+drag%22+%26+%22imageoffset+to+12%2C12%22%0D%0A++++--set+the+itemdel+to+tab%0D%0A++++do+%22set+the+drag%22+%26+%22data%5B%22+%26+quote+%26+%22text%22+%26+quote+%26+%22%5D+to+the+short+name+of+tObjectID%22%0D%0A++++set+the+itemdel+to+comma%0D%0A++++--+set+the+opaque+of+tObjectID+to+false%0D%0A++++lock+messages%0D%0A++++import+snapshot+from+tObjectID%0D%0A++++--set+the+opaque+of+tObjectID+to+false%0D%0A++++put+the+number+of+images+into+tImgNo%0D%0A++++set+the+name+of+img+tImgNo+of+this+stack+to+%22snapdragon%22%0D%0A++++set+the+left+of+img+tImgNo+of+this+stack+to+-33333%0D%0A++++unlock+messages%0D%0Aend+createSnapdragon%0D%0A%0D%0A---%7C---%0D%0A%0D%0Afunction+isGrpDroppable%0D%0A++++-----%0D%0A++++local+tRect%0D%0A++++-----%0D%0A++++put+the+rect+of+me+into+tRect%0D%0A++++subtract+16+from+item+4+of+tRect%0D%0A++++if+the+mouseloc+is+not+within+tRect+then%0D%0A++++++++return+false%0D%0A++++else%0D%0A++++++++return+true%0D%0A++++end+if%0D%0Aend+isGrpDroppable%0D%0A%0D%0Aon+dragStart%0D%0A++++-----%0D%0A++++local+tLineNo%0D%0A++++local+tMsg%0D%0A++++-----%0D%0A++++if+%222.8%22+is+not+in+the+version+then%0D%0A++++++++if+sDragging+is+true+or+sDraggingFolder+is+true+then%0D%0A++++++++++++do+%22set+the+drag%22+%26+%22action+to%22+%26%26+quote+%26+%22move%22+%26+quote%0D%0A++++++++++++do+%22set+the+drag%22+%26+%22image+to+the+id+of+img%22+%26%26+quote+%26+%22snapdragon%22+%26+quote%0D%0A++++++++++++put+the+mousev+into+sDragV%0D%0A++++++++end+if%0D%0A++++end+if%0D%0Aend+dragStart%0D%0A%0D%0Aon+dragEnter%0D%0A++++if+%222.8%22+is+not+in+the+version+then%0D%0A++++++++if+isGrpDroppable%28%29+is+true+then%0D%0A++++++++++++do+%22set+the+drag%22+%26+%22action+to%22+%26%26+quote+%26+%22move%22+%26+quote%0D%0A++++++++else%0D%0A++++++++++++do+%22set+the+drag%22+%26+%22action+to%22+%26%26+quote+%26+%22none%22+%26+quote%0D%0A++++++++end+if%0D%0A++++end+if%0D%0Aend+dragEnter%0D%0A+%0D%0Aon+dragMove%0D%0A++++-----%0D%0A++++local+isDrop%0D%0A++++local+tClickedFolderName%2C+tClickedFolders%0D%0A++++local+tCurrentFolderName1%2C+tCurrentFolderName2%0D%0A++++local+tCurrentLineNo%2C+tLineNo%2C+tNoLines%0D%0A++++local+tFolders%0D%0A++++local+tLeft%0D%0A++++local+tScroll%0D%0A++++local+tTop%2C+tTopLeft%0D%0A++++local+tWidth%0D%0A++++-----%0D%0A++++if+%222.8%22+is+not+in+the+version+then%0D%0A++++++++lock+screen%0D%0A++++++++%0D%0A++++++++if+the+platform+is+%22macos%22+then%0D%0A++++++++++++if+sDraggingFolder+is+not+true+then%0D%0A++++++++++++++++put+%22Drag+selected+handler+up+or+down+to+move+it+%95+hold+down+option+key+to+scroll+the+handlers%22+into+tMsg%0D%0A++++++++++++else%0D%0A++++++++++++++++put+%22Drag+selected+folder+up+or+down+to+move+it+%95+hold+down+option+key+to+scroll+the+handlers%22+into+tMsg%0D%0A++++++++++++end+if%0D%0A++++++++else%0D%0A++++++++++++if+sDraggingFolder+is+not+true+then%0D%0A++++++++++++++++put+%22Drag+selected+handler+up+or+down+to+move+it+*+hold+down+alt+key+to+scroll+the+handlers%22+into+tMsg%0D%0A++++++++++++else%0D%0A++++++++++++++++put+%22Drag+selected+folder+up+or+down+to+move+it+*+hold+down+alt+key+to+scroll+the+handlers%22+into+tMsg%0D%0A++++++++++++end+if%0D%0A++++++++end+if%0D%0A++++++++glx2SetStatus+tMsg%0D%0A++++++++%0D%0A++++++++if+sDragV+is+not+empty+then%0D%0A++++++++++++if+the+mousev+%3E+sDragV+then%0D%0A++++++++++++++++put+true+into+goingDown%0D%0A++++++++++++else%0D%0A++++++++++++++++put+false+into+goingDown%0D%0A++++++++++++end+if%0D%0A++++++++end+if%0D%0A++++++++if+the+optionkey+is+down+then%0D%0A++++++++++++put+the+scroll+of+me+into+tScroll%0D%0A++++++++++++if+goingDown+is+false+then%0D%0A++++++++++++++++subtract+6+from+tScroll%0D%0A++++++++++++else+if+goingDown+is+true+then%0D%0A++++++++++++++++add+6+to+tScroll%0D%0A++++++++++++end+if%0D%0A++++++++++++set+the+scroll+of+me+to+tScroll%0D%0A++++++++end+if%0D%0A++++++++put+false+into+sDropAtBtm%0D%0A++++++++put+the+hilitedline+of+me+into+tCurrentLineNo%0D%0A++++++++put+isGrpDroppable%28%29+into+isDrop%0D%0A++++++++do+%22put+the+drag%22+%26+%22action+into+tDragAction%22%0D%0A++++++++put+the+number+of+lines+in+me+into+tNoLines%0D%0A++++++++if+isDrop+is+true+then%0D%0A++++++++++++if+the+mouseline+is+empty+then%0D%0A++++++++++++++++put+-1+into+tLineNo%0D%0A++++++++++++else%0D%0A++++++++++++++++put+word+2+of+the+mouseline+into+tLineNo%0D%0A++++++++++++end+if%0D%0A++++++++++++if+tLineNo+is+zero+or+tLineNo+is+tCurrentLineNo+then+--or+tLineNo+is+tCurrentLineNo+%2B+1+then%0D%0A++++++++++++++++if+tDragAction+is+not+%22none%22+then%0D%0A++++++++++++++++++++do+%22set+the+drag%22+%26+%22action+to%22+%26%26+quote+%26+%22none%22+%26+quote%0D%0A++++++++++++++++end+if%0D%0A++++++++++++++++if+the+visible+of+grc+%22drop+indicator+rect%22+is+true+then%0D%0A++++++++++++++++++++hide+grc+%22drop+indicator+rect%22%0D%0A++++++++++++++++end+if%0D%0A++++++++++++++++if+the+visible+of+grc+%22drop+indicator%22+is+true+then%0D%0A++++++++++++++++++++hide+grc+%22drop+indicator%22%0D%0A++++++++++++++++end+if%0D%0A++++++++++++else%0D%0A++++++++++++++++if+tLineNo+is+-1+then%0D%0A++++++++++++++++++++put+tNoLines+into+tLineNo%0D%0A++++++++++++++++++++put+the+formattedtop+of+line+tLineNo+of+me+into+tTop%0D%0A++++++++++++++++++++subtract+2+from+tTop%0D%0A++++++++++++++++++++add+the+textheight+of+me+to+tTop%0D%0A++++++++++++++++++++put+true+into+sDropAtBtm%0D%0A++++++++++++++++else%0D%0A++++++++++++++++++++put+the+formattedtop+of+line+tLineNo+of+me+into+tTop%0D%0A++++++++++++++++++++if+goingDown+is+true+then%0D%0A++++++++++++++++++++++++add+the+textheight+of+me+to+tTop%0D%0A++++++++++++++++++++end+if%0D%0A++++++++++++++++++++subtract+2+from+tTop%0D%0A++++++++++++++++end+if%0D%0A++++++++++++++++if+the+top+of+grc+%22drop+indicator%22+is+not+tTop+then%0D%0A++++++++++++++++++++set+the+top+of+grc+%22drop+indicator%22+to+tTop%0D%0A++++++++++++++++end+if%0D%0A++++++++++++++++if+char+1+of+line+tLineNo+of+me+is+not+tab+then%09%23+over+a+folder%0D%0A++++++++++++++++++++if+sDraggingFolder+is+not+true+then%09%23+not+dragging+a+folder%0D%0A++++++++++++++++++++++++put+the+width+of+me+into+tWidth%0D%0A++++++++++++++++++++++++set+the+width+of+grc+%22drop+indicator+rect%22+to+tWidth+-+22%0D%0A++++++++++++++++++++++++set+the+height+of+grc+%22drop+indicator+rect%22+to+the+textheight+of+me%2B3%0D%0A++++++++++++++++++++++++put+the+formattedtop+of+line+tLineNo+of+me+-1+into+tTop%0D%0A++++++++++++++++++++++++put+the+left+of+me+%2B+3+into+tLeft%0D%0A++++++++++++++++++++++++put+tLeft+%26+comma+%26+tTop+into+tTopLeft%0D%0A++++++++++++++++++++++++set+the+topleft+of+grc+%22drop+indicator+rect%22+to+tTopLeft%0D%0A++++++++++++++++++++++++%0D%0A++++++++++++++++++++++++put+line+1+to+tLineNo+of+me+into+tFolders%0D%0A++++++++++++++++++++++++filter+tFolders+without+tab+%26+%22*%22%0D%0A++++++++++++++++++++++++put+word+1+to+-1+of+line+-1+of+tFolders+into+tCurrentFolderName1%0D%0A++++++++++++++++++++++++%0D%0A++++++++++++++++++++++++put+line+1+to+%28the+hilitedline+of+me%29+of+me+into+tClickedFolders%0D%0A++++++++++++++++++++++++filter+tClickedFolders+without+tab+%26+%22*%22%0D%0A++++++++++++++++++++++++put+word+1+to+-1+of+line+-1+of+tClickedFolders+into+tClickedFolderName%0D%0A++++++++++++++++++++++++%0D%0A++++++++++++++++++++++++if+tClickedFolderName+is+tCurrentFolderName1+then%0D%0A++++++++++++++++++++++++++++if+tDragAction+is+not+%22none%22+then%0D%0A++++++++++++++++++++++++++++++++do+%22set+the+drag%22+%26+%22action+to%22+%26%26+quote+%26+%22none%22+%26+quote%0D%0A++++++++++++++++++++++++++++end+if%0D%0A++++++++++++++++++++++++++++hide+grc+%22drop+indicator%22%0D%0A++++++++++++++++++++++++++++hide+grc+%22drop+indicator+rect%22%0D%0A++++++++++++++++++++++++else%0D%0A++++++++++++++++++++++++++++if+tDragAction+is+not+%22move%22+then%0D%0A++++++++++++++++++++++++++++++++do+%22set+the+drag%22+%26+%22action+to%22+%26%26+quote+%26+%22move%22+%26+quote%0D%0A++++++++++++++++++++++++++++end+if%0D%0A++++++++++++++++++++++++++++if+the+visible+of+grc+%22drop+indicator+rect%22+is+false+then%0D%0A++++++++++++++++++++++++++++++++show+grc+%22drop+indicator+rect%22%0D%0A++++++++++++++++++++++++++++end+if%0D%0A++++++++++++++++++++++++++++if+the+visible+of+grc+%22drop+indicator%22+is+true+then%0D%0A++++++++++++++++++++++++++++++++hide+grc+%22drop+indicator%22%0D%0A++++++++++++++++++++++++++++end+if%0D%0A++++++++++++++++++++++++++++if+sDraggingFolder+is+not+true+then%0D%0A++++++++++++++++++++++++++++++++doExpandFolder+tLineNo%0D%0A++++++++++++++++++++++++++++end+if%0D%0A++++++++++++++++++++++++end+if%0D%0A++++++++++++++++++++else%09%23+dragging+a+folder%0D%0A++++++++++++++++++++++++if+the+cSortAlphabetically+of+this+stack+is+false+then%09%23+not+sorting%0D%0A++++++++++++++++++++++++++++put+line+1+to+tLineNo+of+me+into+tFolders%0D%0A++++++++++++++++++++++++++++filter+tFolders+without+tab+%26+%22*%22%0D%0A++++++++++++++++++++++++++++if+the+number+of+lines+in+tFolders+%3E+1+then%0D%0A++++++++++++++++++++++++++++++++put+word+1+to+-1+of+line+-1+of+tFolders+into+tCurrentFolderName1%0D%0A++++++++++++++++++++++++++++++++put+word+1+to+-1+of+line+-2+of+tFolders+into+tCurrentFolderName2%0D%0A++++++++++++++++++++++++++++else%0D%0A++++++++++++++++++++++++++++++++put+word+1+to+-1+of+line+-1+of+tFolders+into+tCurrentFolderName1%0D%0A++++++++++++++++++++++++++++end+if%0D%0A++++++++++++++++++++++++++++do+%22put+the+drag%22+%26+%22data+into+tDraggedFolderName%22%0D%0A++++++++++++++++++++++++++++if+sDropAtBtm+is+true+then%09%23+am+at+btm%0D%0A++++++++++++++++++++++++++++++++if+tDragAction+is+not+%22move%22+then%0D%0A++++++++++++++++++++++++++++++++++++do+%22set+the+drag%22+%26+%22action+to%22+%26%26+quote+%26+%22move%22+%26+quote%0D%0A++++++++++++++++++++++++++++++++end+if%0D%0A++++++++++++++++++++++++++++++++if+the+visible+of+grc+%22drop+indicator+rect%22+is+true+then%0D%0A++++++++++++++++++++++++++++++++++++hide+grc+%22drop+indicator+rect%22%0D%0A++++++++++++++++++++++++++++++++end+if%0D%0A++++++++++++++++++++++++++++++++if+the+visible+of+grc+%22drop+indicator%22+is+false+then%0D%0A++++++++++++++++++++++++++++++++++++show+grc+%22drop+indicator%22%0D%0A++++++++++++++++++++++++++++++++end+if%0D%0A++++++++++++++++++++++++++++else%0D%0A++++++++++++++++++++++++++++++++if+tCurrentFolderName1+is+not+tDraggedFolderName+and+%5C%0D%0A++++++++++++++++++++++++++++++++++++++++tCurrentFolderName2+is+not+tDraggedFolderName+then%0D%0A++++++++++++++++++++++++++++++++++++if+tDragAction+is+not+%22move%22+then%0D%0A++++++++++++++++++++++++++++++++++++++++do+%22set+the+drag%22+%26+%22action+to%22+%26%26+quote+%26+%22move%22+%26+quote%0D%0A++++++++++++++++++++++++++++++++++++end+if%0D%0A++++++++++++++++++++++++++++++++++++if+the+visible+of+grc+%22drop+indicator+rect%22+is+true+then%0D%0A++++++++++++++++++++++++++++++++++++++++hide+grc+%22drop+indicator+rect%22%0D%0A++++++++++++++++++++++++++++++++++++end+if%0D%0A++++++++++++++++++++++++++++++++++++if+the+visible+of+grc+%22drop+indicator%22+is+false+then%0D%0A++++++++++++++++++++++++++++++++++++++++show+grc+%22drop+indicator%22%0D%0A++++++++++++++++++++++++++++++++++++end+if%0D%0A++++++++++++++++++++++++++++++++else%0D%0A++++++++++++++++++++++++++++++++++++if+tDragAction+is+not+%22none%22+then%0D%0A++++++++++++++++++++++++++++++++++++++++do+%22set+the+drag%22+%26+%22action+to%22+%26%26+quote+%26+%22none%22+%26+quote%0D%0A++++++++++++++++++++++++++++++++++++end+if%0D%0A++++++++++++++++++++++++++++++++++++hide+grc+%22drop+indicator+rect%22%0D%0A++++++++++++++++++++++++++++++++++++hide+grc+%22drop+indicator%22%0D%0A++++++++++++++++++++++++++++++++end+if%0D%0A++++++++++++++++++++++++++++end+if%0D%0A++++++++++++++++++++++++else%0D%0A++++++++++++++++++++++++++++if+tDragAction+is+not+%22none%22+then%0D%0A++++++++++++++++++++++++++++++++do+%22set+the+drag%22+%26+%22action+to%22+%26%26+quote+%26+%22none%22+%26+quote%0D%0A++++++++++++++++++++++++++++end+if%0D%0A++++++++++++++++++++++++++++hide+grc+%22drop+indicator+rect%22%0D%0A++++++++++++++++++++++++++++hide+grc+%22drop+indicator%22%0D%0A++++++++++++++++++++++++end+if%0D%0A++++++++++++++++++++end+if%0D%0A++++++++++++++++else%0D%0A++++++++++++++++++++if+sDraggingFolder+is+not+true+then%0D%0A++++++++++++++++++++++++if+the+visible+of+grc+%22drop+indicator+rect%22+is+true+then%0D%0A++++++++++++++++++++++++++++hide+grc+%22drop+indicator+rect%22%0D%0A++++++++++++++++++++++++end+if%0D%0A++++++++++++++++++++++++if+the+cSortAlphabetically+of+this+stack+is+false+then%0D%0A++++++++++++++++++++++++++++if+the+visible+of+grc+%22drop+indicator%22+is+false+then%0D%0A++++++++++++++++++++++++++++++++show+grc+%22drop+indicator%22%0D%0A++++++++++++++++++++++++++++end+if%0D%0A++++++++++++++++++++++++++++if+tDragAction+is+not+%22move%22+then%0D%0A++++++++++++++++++++++++++++++++do+%22set+the+drag%22+%26+%22action+to%22+%26%26+quote+%26+%22move%22+%26+quote%0D%0A++++++++++++++++++++++++++++end+if%0D%0A++++++++++++++++++++++++else%0D%0A++++++++++++++++++++++++++++if+the+visible+of+grc+%22drop+indicator%22+is+true+then%0D%0A++++++++++++++++++++++++++++++++hide+grc+%22drop+indicator%22%0D%0A++++++++++++++++++++++++++++end+if%0D%0A++++++++++++++++++++++++++++if+tDragAction+is+not+%22none%22+then%0D%0A++++++++++++++++++++++++++++++++do+%22set+the+drag%22+%26+%22action+to%22+%26%26+quote+%26+%22none%22+%26+quote%0D%0A++++++++++++++++++++++++++++end+if%0D%0A++++++++++++++++++++++++end+if%0D%0A++++++++++++++++++++else%0D%0A++++++++++++++++++++++++if+sDropAtBtm+is+true+then%09%23+am+at+btm%0D%0A++++++++++++++++++++++++++++if+tDragAction+is+not+%22move%22+then%0D%0A++++++++++++++++++++++++++++++++do+%22set+the+drag%22+%26+%22action+to%22+%26%26+quote+%26+%22move%22+%26+quote%0D%0A++++++++++++++++++++++++++++end+if%0D%0A++++++++++++++++++++++++++++if+the+visible+of+grc+%22drop+indicator+rect%22+is+true+then%0D%0A++++++++++++++++++++++++++++++++hide+grc+%22drop+indicator+rect%22%0D%0A++++++++++++++++++++++++++++end+if%0D%0A++++++++++++++++++++++++++++if+the+visible+of+grc+%22drop+indicator%22+is+false+then%0D%0A++++++++++++++++++++++++++++++++show+grc+%22drop+indicator%22%0D%0A++++++++++++++++++++++++++++end+if%0D%0A++++++++++++++++++++++++else%0D%0A++++++++++++++++++++++++++++if+tDragAction+is+not+%22none%22+then%0D%0A++++++++++++++++++++++++++++++++do+%22set+the+drag%22+%26+%22action+to%22+%26%26+quote+%26+%22none%22+%26+quote%0D%0A++++++++++++++++++++++++++++end+if%0D%0A++++++++++++++++++++++++++++hide+grc+%22drop+indicator+rect%22%0D%0A++++++++++++++++++++++++++++hide+grc+%22drop+indicator%22%0D%0A++++++++++++++++++++++++end+if%0D%0A++++++++++++++++++++end+if%0D%0A++++++++++++++++end+if%0D%0A++++++++++++++++--+if+the+optionkey+is+down+then+%0D%0A++++++++++++++++--+if+tDragAction+is+not+%22move%22+then%0D%0A++++++++++++++++--+do+%22set+the+drag%22+%26+%22action+to%22+%26%26+quote+%26+%22move%22+%26+quote%0D%0A++++++++++++++++--+end+if%0D%0A++++++++++++++++--+else%0D%0A++++++++++++++++--+if+tDragAction+is+not+%22move%22+then%0D%0A++++++++++++++++--+do+%22set+the+drag%22+%26+%22action+to%22+%26%26+quote+%26+%22move%22+%26+quote%0D%0A++++++++++++++++--+end+if%0D%0A++++++++++++++++--+end+if%0D%0A++++++++++++end+if%0D%0A++++++++else%0D%0A++++++++++++if+isAbove%28%29+is+true+or+isBelow%28%29+is+true+then%0D%0A++++++++++++++++hide+grc+%22drop+indicator+rect%22%0D%0A++++++++++++++++hide+grc+%22drop+indicator%22%0D%0A++++++++++++else%0D%0A++++++++++++++++if+tDragAction+is+not+%22none%22+then%0D%0A++++++++++++++++++++do+%22set+the+drag%22+%26+%22action+to%22+%26%26+quote+%26+%22none%22+%26+quote%0D%0A++++++++++++++++end+if%0D%0A++++++++++++++++if+the+visible+of+grc+%22drop+indicator%22+is+true+then%0D%0A++++++++++++++++++++hide+grc+%22drop+indicator+rect%22%0D%0A++++++++++++++++end+if%0D%0A++++++++++++++++if+the+visible+of+grc+%22drop+indicator%22+is+true+then%0D%0A++++++++++++++++++++hide+grc+%22drop+indicator%22%0D%0A++++++++++++++++end+if%0D%0A++++++++++++end+if%0D%0A++++++++end+if%0D%0A++++++++put+the+mousev+into+sDragV%0D%0A++++++++unlock+screen%0D%0A++++end+if%0D%0Aend+dragMove%0D%0A%0D%0Afunction+isAbove%0D%0A++++if+the+mouseh+%3E+0+and+the+mouseh+%3C+the+right+of+fld+%22handlers%22+then%0D%0A++++++++return+the+mousev+%3C+the+top+of+fld+%22handlers%22%0D%0A++++else%0D%0A++++++++return+false%0D%0A++++end+if%0D%0Aend+isAbove%0D%0A%0D%0Afunction+isBelow%0D%0A++++if+the+mouseh+%3E+0+and+the+mouseh+%3C+the+right+of+fld+%22handlers%22+then%0D%0A++++++++return+the+mousev+%3E+%28the+bottom+of+fld+%22handlers%22-16%29%0D%0A++++else%0D%0A++++++++return+false%0D%0A++++end+if%0D%0Aend+isBelow%0D%0A%0D%0Aon+dragDrop%0D%0A++++-----%0D%0A++++local+tCharPos%0D%0A++++local+tChunk%0D%0A++++local+tClickedFolderName%2C+tClickedFolders%0D%0A++++local+tCopyLineNo%0D%0A++++local+tCurrentFolderName1%2C+tCurrentFolderName2%0D%0A++++local+tFolderNames%2C+tFolders%0D%0A++++local+tLineNo%2C+tNoLines%0D%0A++++local+tPasteFolderName%0D%0A++++local+tPasteHandlerName%0D%0A++++-----%0D%0A++++if+%222.8%22+is+not+in+the+version+then%0D%0A++++++++set+the+locktext+of+fld+%22code+storage%22+to+false%0D%0A++++++++put+false+into+sDragging%0D%0A++++++++if+the+mouseloc+is+not+within+the+rect+of+me+then%0D%0A++++++++++++exit+dragDrop%0D%0A++++++++end+if%0D%0A++++++++if+isGrpDroppable%28%29+is+true+then%0D%0A++++++++++++lock+screen%0D%0A++++++++++++unlock+cursor%0D%0A++++++++++++set+the+defaultcursor+to+arrow%0D%0A++++++++++++put+the+number+of+lines+in+me+into+tNoLines%0D%0A++++++++++++if+sDropAtBtm+is+true+then%0D%0A++++++++++++++++put+tNoLines+into+tLineNo%0D%0A++++++++++++else%0D%0A++++++++++++++++put+word+2+of+the+mouseline+%2B+0+into+tLineNo%0D%0A++++++++++++end+if%0D%0A++++++++++++if+tLineNo+is+not+the+hilitedline+of+me+then+--+and+%24USER+is+%22jerry%22+then%0D%0A++++++++++++++++if+sDraggingFolder+is+not+true+then%0D%0A++++++++++++++++++++put+the+cSelectedChunk+of+fld+%22code+storage%22+into+tChunk%0D%0A++++++++++++++++++++put+word+2+of+tChunk+into+tCharPos%0D%0A++++++++++++++++++++put+the+number+of+lines+in+char+1+to+tCharPos+of+fld+%22code+storage%22+into+tCopyLineNo%0D%0A++++++++++++++++++++put+word+1+to+-1+of+line+tLineNo+of+me+into+tPasteHandlerName%0D%0A++++++++++++++++++++%0D%0A++++++++++++++++++++put+line+1+to+tLineNo+of+me+into+tFolders%0D%0A++++++++++++++++++++filter+tFolders+without+tab+%26+%22*%22%0D%0A++++++++++++++++++++put+word+1+to+-1+of+line+-1+of+tFolders+into+tCurrentFolderName1%0D%0A+++++++++++++++++++++%0D%0A++++++++++++++++++++put+line+1+to+%28the+hilitedline+of+me%29+of+me+into+tClickedFolders%0D%0A++++++++++++++++++++filter+tClickedFolders+without+tab+%26+%22*%22%0D%0A++++++++++++++++++++put+word+1+to+-1+of+line+-1+of+tClickedFolders+into+tClickedFolderName%0D%0A+++++++++++++++++++++%0D%0A++++++++++++++++++++if+the+cSortAlphabetically+of+this+stack+is+false+then%0D%0A++++++++++++++++++++++++if+char+1+of+line+tLineNo+of+me+is+tab+then%0D%0A++++++++++++++++++++++++++++do+%22put+the+drag%22+%26+%22Data+into+tCopyHandlerName%22+%0D%0A++++++++++++++++++++++++++++copyPasteHandler+tCopyLineNo%2CtCopyHandlerName%2CtLineNo%2CtPasteHandlerName%0D%0A++++++++++++++++++++++++else%0D%0A++++++++++++++++++++++++++++do+%22put+the+drag%22+%26+%22Data+into+tCopyHandlerName%22+%0D%0A++++++++++++++++++++++++++++copyPasteHandler+tCopyLineNo%2CtCopyHandlerName%2CtLineNo%2CtPasteHandlerName%0D%0A++++++++++++++++++++++++end+if%0D%0A++++++++++++++++++++else%0D%0A++++++++++++++++++++++++if+tClickedFolderName+is+tCurrentFolderName1+then%0D%0A++++++++++++++++++++++++++++--+do+nada%0D%0A++++++++++++++++++++++++++++beep%0D%0A++++++++++++++++++++++++else%0D%0A++++++++++++++++++++++++++++if+char+1+of+line+tLineNo+of+me+is+tab+then%0D%0A++++++++++++++++++++++++++++++++do+%22put+the+drag%22+%26+%22Data+into+tCopyHandlerName%22+%0D%0A++++++++++++++++++++++++++++++++copyPasteHandler+tCopyLineNo%2CtCopyHandlerName%2CtLineNo%2CtPasteHandlerName%0D%0A++++++++++++++++++++++++++++else%0D%0A++++++++++++++++++++++++++++++++do+%22put+the+drag%22+%26+%22Data+into+tCopyHandlerName%22+%0D%0A++++++++++++++++++++++++++++++++copyPasteHandler+tCopyLineNo%2CtCopyHandlerName%2CtLineNo%2CtPasteHandlerName%0D%0A++++++++++++++++++++++++++++end+if%0D%0A++++++++++++++++++++++++end+if%0D%0A++++++++++++++++++++end+if%0D%0A++++++++++++++++else%09%23+DRAGGING+FOLDER%0D%0A++++++++++++++++++++put+line+1+to+tLineNo+of+me+into+tFolders%0D%0A++++++++++++++++++++filter+tFolders+without+tab+%26+%22*%22%0D%0A++++++++++++++++++++if+the+number+of+lines+in+tFolders+%3E+1+then%0D%0A++++++++++++++++++++++++put+word+1+to+-1+of+line+-1+of+tFolders+into+tCurrentFolderName1%0D%0A++++++++++++++++++++++++put+word+1+to+-1+of+line+-2+of+tFolders+into+tCurrentFolderName2%0D%0A++++++++++++++++++++else%0D%0A++++++++++++++++++++++++put+word+1+to+-1+of+line+-1+of+tFolders+into+tCurrentFolderName1%0D%0A++++++++++++++++++++end+if%0D%0A++++++++++++++++++++do+%22put+the+drag%22+%26+%22data+into+tDraggedFolderName%22%0D%0A++++++++++++++++++++if+the+cSortAlphabetically+of+this+stack+is+false+then%0D%0A++++++++++++++++++++++++if+tCurrentFolderName1+is+not+tDraggedFolderName+and+%5C%0D%0A++++++++++++++++++++++++++++++++tCurrentFolderName2+is+not+tDraggedFolderName+then%0D%0A+++++++++++++++++++++++++++++%0D%0A++++++++++++++++++++++++++++put+the+cSelectedChunk+of+fld+%22code+storage%22+into+tChunk%0D%0A++++++++++++++++++++++++++++put+word+2+of+tChunk+into+tCharPos%0D%0A++++++++++++++++++++++++++++put+the+number+of+lines+in+char+1+to+tCharPos+of+fld+%22code+storage%22+into+tCopyLineNo%0D%0A++++++++++++++++++++++++++++put+line+1+to+tLineNo+of+me+into+tFolderNames%0D%0A++++++++++++++++++++++++++++filter+tFolderNames+without+tab+%26+%22*%22%0D%0A++++++++++++++++++++++++++++put+word+1+to+-1+of+line+-1+of+tFolderNames+into+tPasteFolderName%0D%0A++++++++++++++++++++++++++++do+%22put+the+drag%22+%26+%22Data+into+tCopyFolderName%22+%0D%0A+++++++++++++++++++++++++++++%0D%0A++++++++++++++++++++++++++++copyPasteFolder+tCopyLineNo%2CtCopyFolderName%2CtLineNo%2CtPasteFolderName%0D%0A++++++++++++++++++++++++++++%0D%0A++++++++++++++++++++++++end+if%0D%0A++++++++++++++++++++end+if%0D%0A++++++++++++++++end+if%0D%0A++++++++++++end+if%0D%0A++++++++++++put+false+into+sDraggingFolder%0D%0A++++++++++++put+empty+into+sDragV%0D%0A++++++++++++unlock+screen%0D%0A++++++++end+if%0D%0A++++end+if%0D%0Aend+dragDrop%0D%0A%0D%0Aon+dragLeave%0D%0A++++if+%222.8%22+is+not+in+the+version+then%0D%0A++++++++do+%22set+the+drag%22+%26+%22action+to%22+%26%26+quote+%26+%22none%22+%26+quote%0D%0A++++++++hide+grc+%22drop+indicator+rect%22%0D%0A++++++++hide+grc+%22drop+indicator%22%0D%0A++++end+if%0D%0Aend+dragLeave%0D%0A+%0D%0Aon+dragEnd%0D%0A++++if+%222.8%22+is+not+in+the+version+then%0D%0A++++++++--unlock+cursor%0D%0A++++++++put+false+into+sDragging%0D%0A++++++++put+false+into+sDraggingFolder%0D%0A++++++++set+the+defaultcursor+to+arrow%0D%0A++++++++lock+screen%0D%0A++++++++destroySnapdragon%0D%0A++++++++hide+grc+%22drop+indicator%22%0D%0A++++++++hide+grc+%22drop+indicator+rect%22%0D%0A++++++++set+the+locktext+of+fld+%22code+storage%22+to+false%0D%0A++++++++put+empty+into+sDragV%0D%0A++++++++glx2SetStatus+%0D%0A++++++++unlock+screen%0D%0A++++end+if%0D%0Aend+dragEnd%0D%0A%0D%0A--%3E+mouse%0D%0A%0D%0Aon+mousedown+pMouseBtnNum%0D%0A++++-----%0D%0A++++local+isFolder%0D%0A++++local+maxOnly%0D%0A++++local+noCrumb%0D%0A++++local+tHandlerName%0D%0A++++local+tHandlerStartLineNo%0D%0A++++local+tLine%2C+tLineNo%0D%0A++++local+tMouseH%0D%0A++++local+tObjectID%0D%0A++++local+tOptionState%0D%0A++++local+tURL%0D%0A++++local+tURLlineNo%0D%0A++++-----%0D%0A++++put+word+2+of+the+clickline+into+tLineNo%0D%0A++++set+the+hilitedline+of+me+to+tLineNo%0D%0A++++-----%0D%0A++++if+pMouseBtnNum+is+three+then%0D%0A++++++++if+char+1+of+line+tLineNo+of+me+is+tab+then%0D%0A++++++++++++send+%22doHandlerMenu%22+to+me+in+10+millisecs%0D%0A++++++++else%0D%0A++++++++++++send+%22doFolderMenu%22+to+me+in+10+millisecs%0D%0A++++++++end+if%0D%0A++++end+if%0D%0A++++-----%0D%0A++++put+the+mouseh+into+tMouseH%0D%0A++++lock+screen%0D%0A++++set+the+cHotPane+of+stack+%22revGLX2+code%22+to+%22code+storage%22%0D%0A++++if+pMouseBtnNum+is+1+then%0D%0A++++++++if+%222.8%22+is+not+in+the+version+then%0D%0A++++++++++++if+char+1+of+line+tLineNo+of+me+is+not+tab+and+the+cSortAlphabetically+of+this+stack+is+true+then%0D%0A++++++++++++++++--+do+nada%0D%0A++++++++++++++++put+false+into+sDraggingFolder%0D%0A++++++++++++++++put+false+into+sDragging%0D%0A++++++++++++else%0D%0A++++++++++++++++createDraggerField%0D%0A++++++++++++++++put+word+1+to+-1+of+line+tLineNo+of+me+into+tHandlerName%0D%0A++++++++++++++++do+%22set+the+drag%22+%26+%22Data+to+tHandlerName%22%0D%0A++++++++++++++++if+tab+is+not+in+line+tLineNo+of+me+then%0D%0A++++++++++++++++++++put+true+into+sDraggingFolder%0D%0A++++++++++++++++else%0D%0A++++++++++++++++++++put+false+into+sDraggingFolder%0D%0A++++++++++++++++end+if%0D%0A++++++++++++end+if%0D%0A++++++++end+if%0D%0A++++end+if%0D%0A++++unlock+screen%0D%0A++++lock+screen%0D%0A++++put+word+1+to+-1+of+line+tLineNo+of+me+into+tLine%0D%0A++++if+tLine+is+not+empty+then%0D%0A++++++++if+tMouseH+%3C+22+and+the+imagesource+of+char+1+of+line+tLineNo+of+me+is+not+empty+then%0D%0A++++++++++++doFolderThing+tLineNo%0D%0A++++++++++++put+the+cObjectID+of+this+cd+into+tObjectID%0D%0A++++++++++++if+the+name+of+tObjectID+is+not+the+name+of+fld+%22GLX2+Web%22+then%0D%0A++++++++++++++++put+true+into+maxOnly%0D%0A++++++++++++++++resizeHandlerPane+maxOnly%0D%0A++++++++++++end+if%0D%0A++++++++else%0D%0A++++++++++++put+empty+into+isFolder%0D%0A++++++++++++put+the+cObjectID+of+this+cd+into+tObjectID%0D%0A++++++++++++if+the+name+of+tObjectID+is+the+name+of+fld+%22GLX2+Web%22+then%0D%0A++++++++++++++++put+false+into+tOptionState%0D%0A++++++++++++else%0D%0A++++++++++++++++put+glx2IsThisModifierSetActive%28%22option%22%29+into+tOptionState%0D%0A++++++++++++end+if%0D%0A++++++++++++put+imagesource+of+char+1+of+line+tLineNo+of+me+is+not+empty+into+noCrumb++++%0D%0A++++++++++++put+imagesource+of+char+1+of+line+tLineNo+of+me+is+not+empty+into+isFolder++++%0D%0A++++++++++++put+true+into+noCrumb%0D%0A++++++++++++doEditPane+tLine%2CisFolder%2CtOptionState%2CnoCrumb%0D%0A++++++++++++set+the+hscroll+of+fld+%22code+storage%22+to+0%0D%0A++++++++++++put+the+cObjectID+of+this+cd+into+tObjectID%0D%0A++++++++++++if+the+name+of+tObjectID+is+the+name+of+fld+%22GLX2+Web%22+then%0D%0A++++++++++++++++if+the+optionkey+is+down+then%0D%0A++++++++++++++++++++hideBrowser%0D%0A++++++++++++++++++++setSearchMode+%22hide%22%0D%0A++++++++++++++++else%0D%0A++++++++++++++++++++if+char+1+of+line+tLineNo+of+me+is+tab+then%0D%0A++++++++++++++++++++++++put+getHandlerStartLineNo%28%29%2B0+into+tHandlerStartLineNo%0D%0A++++++++++++++++++++++++if+tHandlerStartLineNo+is+not+zero+then%0D%0A++++++++++++++++++++++++++++put+tHandlerStartLineNo%2B1+into+tURLlineNo%0D%0A++++++++++++++++++++++++++++put+line+tURLlineNo+of++of+fld+%22code+storage%22+into+tURL%0D%0A++++++++++++++++++++++++++++if+tURL+is+not+empty+then%0D%0A++++++++++++++++++++++++++++++++openBrowser+tURL%0D%0A++++++++++++++++++++++++++++end+if%0D%0A++++++++++++++++++++++++end+if%0D%0A++++++++++++++++++++++++showBrowser%0D%0A++++++++++++++++++++++++setSearchMode+%22show%22%0D%0A++++++++++++++++++++end+if%0D%0A++++++++++++++++end+if%0D%0A++++++++++++else%0D%0A++++++++++++++++hideBrowser%0D%0A++++++++++++end+if%0D%0A++++++++end+if%0D%0A++++end+if%0D%0A++++unlock+screen%0D%0Aend+mousedown%0D%0A%0D%0Aon+mouseEnter%0D%0A++++--+set+the+doubleclickinterval+to+250%0D%0A++++unlock+cursor%0D%0A++++pass+mouseEnter%0D%0Aend+mouseEnter%0D%0A%0D%0Aon+mouseMove+pMouseH%2C+pMouseV%0D%0A++++unlock+cursor%0D%0Aend+mouseMove%0D%0A%0D%0A---%7C---%0D%0A%0D%0Aon+mouseDoubleUp%0D%0A++++-----%0D%0A++++local+maxOnly%0D%0A++++local+tLineNo%0D%0A++++local+tObjectID%0D%0A++++-----%0D%0A++++put+word+2+of+the+clickline+into+tLineNo%0D%0A++++if+the+number+of+words+in+line+tLineNo+of+me+is+not+zero+then%0D%0A++++++++if+the+imagesource+of+char+1+of+line+tLineNo+of+me+is+not+empty+then%0D%0A++++++++++++doFolderThing+tLineNo%0D%0A++++++++++++put+the+cObjectID+of+this+cd+into+tObjectID%0D%0A++++++++++++if+the+name+of+tObjectID+is+not+the+name+of+fld+%22GLX2+Web%22+then%0D%0A++++++++++++++++put+true+into+maxOnly%0D%0A++++++++++++++++resizeHandlerPane+maxOnly%0D%0A++++++++++++end+if%0D%0A++++++++end+if%0D%0A++++end+if%0D%0Aend+mouseDoubleUp%0D%0A" )</script>
</field>
