<button name="Rev Tools Trick" id="1141">
<traversalOn>false</traversalOn>
<ink>srcCopy</ink>
<threeD>true</threeD>
<hiliteBorder>false</hiliteBorder>
<blendLevel>0</blendLevel>
<rect>168,560,344,581</rect>
<mnemonic>0</mnemonic>
<armFill>false</armFill>
<visitedIcon>0</visitedIcon>
<showName>true</showName>
<showIcon>false</showIcon>
<hilited>true</hilited>
<sharedHilite>true</sharedHilite>
<shadow>false</shadow>
<textAlign>left</textAlign>
<armed>false</armed>
<menuMouseButton>1</menuMouseButton>
<id>1141</id>
<altId>0</altId>
<labelWidth>0</labelWidth>
<armedIcon>0</armedIcon>
<lockLoc>false</lockLoc>
<visited>false</visited>
<showHilite>false</showHilite>
<label>Auto Show Tools & Msg Box</label>
<autoHilite>true</autoHilite>
<style>checkbox</style>
<disabledIcon>0</disabledIcon>
<armBorder>true</armBorder>
<name>button "Rev Tools Trick"</name>
<icon>0</icon>
<toolTip>urldecode( "Show%3A+move+cursor+to+far+left+of+screen%0D%0AHide%3A+move+cursor+to+right+of+Tools%0D%0ANOTE%3A+single+monitor+sytems+only%21" )</toolTip>
<layer>71</layer>
<visible>false</visible>
<cantSelect>false</cantSelect>
<borderWidth>2</borderWidth>
<menuLines>5</menuLines>
<margins>3,4,4,4</margins>
<opaque>false</opaque>
<shadowOffset>4</shadowOffset>
<default>false</default>
<hiliteFill>true</hiliteFill>
<showBorder>false</showBorder>
<hiliteIcon>0</hiliteIcon>
<disabled>false</disabled>
<autoArm>false</autoArm>
<family>0</family>
<hoverIcon>0</hoverIcon>
<showFocusBorder>true</showFocusBorder>
<menuHistory>1</menuHistory>
<custompropertyset name= "cGlx2TimeStamp">
<checksum>urldecode( "%7C%C67%A0%A3Z%88K%7B%9BC%29c%E1%21%F9" )</checksum>
</custompropertyset>
<script>urldecode( "--%3E+all+handlers%0D%0A%0D%0Aon+mouseUp+pMouseBtnNo%0D%0A++++local+tTools%0D%0A++++local+tParentStack%0D%0A++++%0D%0A++++put+glx2GetIDEStackName%28%22revTools%22%29+into+tTools%0D%0A++++lock+screen%0D%0A++++put+the+mainstack+of+this+stack+into+tParentStack++++++++%0D%0A++++set+the+cRevToolsTrick+of+stack+tParentStack+to+the+hilited+of+me+%0D%0A++++send+%22glx2CheckCursorLoc%22+to+me+in+100+millisecs%0D%0A++++glx2SavePrefs%0D%0A++++if+the+hilited+of+me+is+false+then%0D%0A++++++++if+the+left+of+stack+tTools+is+0+then%0D%0A++++++++++++set+the+left+of+stack+tTools+to+1%0D%0A++++++++end+if%0D%0A++++++++go+to+stack+tTools%0D%0A++++else%0D%0A++++++++if+the+left+of+stack+tTools+is+1+then%0D%0A++++++++++++set+the+left+of+stack+tTools+to+0%0D%0A++++++++end+if%0D%0A++++end+if%0D%0A++++unlock+screen%0D%0Aend+mouseUp%0D%0A" )</script>
</button>
