<button name="Script" id="250615">
<traversalOn>false</traversalOn>
<ink>srcCopy</ink>
<threeD>true</threeD>
<hiliteBorder>true</hiliteBorder>
<blendLevel>0</blendLevel>
<rect>125,1,165,20</rect>
<mnemonic>0</mnemonic>
<armFill>false</armFill>
<visitedIcon>0</visitedIcon>
<showName>true</showName>
<showIcon>false</showIcon>
<hilited>false</hilited>
<sharedHilite>true</sharedHilite>
<shadow>false</shadow>
<textAlign>center</textAlign>
<armed>false</armed>
<menuMouseButton>1</menuMouseButton>
<id>250615</id>
<altId>0</altId>
<labelWidth>0</labelWidth>
<armedIcon>0</armedIcon>
<lockLoc>true</lockLoc>
<visited>false</visited>
<showHilite>false</showHilite>
<label>Script</label>
<autoHilite>true</autoHilite>
<style>menu</style>
<disabledIcon>0</disabledIcon>
<armBorder>true</armBorder>
<name>button "Script"</name>
<icon>0</icon>
<layer>93</layer>
<visible>true</visible>
<cantSelect>false</cantSelect>
<borderWidth>2</borderWidth>
<menuLines>25</menuLines>
<margins>4</margins>
<opaque>true</opaque>
<text>urldecode( "Compile+Script+%28%28enter+or+cntl%2Breturn%29%0D%0ARevert+to+Previously+Compiled%2FR%0D%0A-%0D%0AFormat+Handler+%28%28tab%29%2FT%0D%0AFormat+All+Handlers%0D%0A-%0D%0ADivide+All+Handlers%2F%7C%0D%0A-%0D%0AComment%2F-%0D%0AUncomment%2F_%0D%0A-%0D%0AUpper+Case%2FU%0D%0ALower+Case+%28%28cmd%2Bshift%2Bu%29%0D%0A-%0D%0AComplete+Statement%2FK%0D%0ABracket+Selected+Code+with%0D%0A%09If%2FI%0D%0A%09If%2F%2FElse%0D%0A%09-%0D%0A%09Repeat%0D%0A%09Repeat+for%0D%0A%09Repeat+until%0D%0A%09Repeat+with%0D%0A%09-%0D%0A%09Switch%0D%0A%09Try%0D%0A%09-%0D%0A%09Hard+Quotes%2F%22%0D%0A%09Soft+Quotes%2F%27%0D%0A%09-%0D%0A%09Lock+Screen%0D%0A-%0D%0ATime+Selected+Code%0D%0AClear+Timing+Code%0D%0A-%09%0D%0ASet+Breakpoint%2FB%0D%0AClear+All+Breakpoints%0D%0A-%0D%0A%21cScript+Debug+Mode%0D%0AScript+Snapshot+Mode%0D%0A-%0D%0AExplicit+Variables+Mode%0D%0A-%0D%0ADeclare+Temp+Vars+in+Handler%2FD%0D%0ADeclare+Temp+Vars+in+All+Handlers%0D%0A-%0D%0AOptimize+Handler+Pane+Width%2F%3D" )</text>
<shadowOffset>4</shadowOffset>
<default>false</default>
<hiliteFill>true</hiliteFill>
<showBorder>false</showBorder>
<hiliteIcon>0</hiliteIcon>
<disabled>false</disabled>
<autoArm>false</autoArm>
<menuMode>pulldown</menuMode>
<family>0</family>
<hoverIcon>0</hoverIcon>
<showFocusBorder>true</showFocusBorder>
<menuHistory>1</menuHistory>
<custompropertyset name= "cGlx2TimeStamp">
<checksum>urldecode( "%C1%89qm%F8%15%83W%CEQ%C9%A0%B42%B7S" )</checksum>
</custompropertyset>
<script>urldecode( "--%3E+all+handlers%0D%0A%0D%0Afunction+getGlx2ScriptChecksum%0D%0A++++put+empty+into+theCheckSum%0D%0A++++try%0D%0A++++++++put+the+cObjectID+of+cd+%28the+currentcard+of+stack+%22revGLX2+code%22%29+into+theObjectID%0D%0A++++++++put+the+md5digest+of+the+script+of+theObjectID+into+theCheckSum%0D%0A++++catch+e%0D%0A++++end+try%0D%0A++++return+theCheckSum%0D%0Aend+getGlx2ScriptChecksum%0D%0A+%0D%0Aon+menuPick+pChosen%0D%0A++++lock+screen%0D%0A++++%0D%0A++++put+true+into+doStandardReselect%0D%0A++++focus+on+fld+%22code+storage%22+%0D%0A++++put+the+selectedchunk+into+theChunk+%0D%0A++++put+word+2+of+theChunk+into+theFirstCharPos%0D%0A++++put+word+4+of+theChunk+into+theLastCharPos%0D%0A++++put+the+number+of+lines+in+char+1+to+theFirstCharPos+of+fld+%22code+storage%22+into+theStartLineNo+%0D%0A++++put+the+number+of+lines+in+char+1+to+theLastCharPos+of+fld+%22code+storage%22+into+theEndLineNo%0D%0A++++put+the+number+of+chars+in+line+1+to+theStartLineNo+of+fld+%22code+storage%22+into+theNoStartChars%0D%0A++++put+the+number+of+chars+in+line+1+to+theEndLineNo+of+fld+%22code+storage%22+into+theNoEndChars%0D%0A++++put+theNoStartChars+-+theFirstCharPos+into+theStartDiff%0D%0A++++put+theNoEndChars+-+theLastCharPos+into+theEndDiff%0D%0A++++put+line+theStartLineNo+of+fld+%22code+storage%22+into+theStartLine%0D%0A++++put+line+theEndLineNo+of+fld+%22code+storage%22+into+theEndLine+%0D%0A++++put+the+scroll+of+fld+%22code+storage%22+into+theScroll%0D%0A++++%0D%0A++++put+empty+into+theCheckSum%0D%0A++++switch+pChosen%0D%0A++++++++case+%22Optimize+Handler+Pane+Width%22%0D%0A++++++++++++resizeHandlerPane%0D%0A++++++++++++unlock+screen%0D%0A++++++++++++exit+to+top%0D%0A++++++++++++break%0D%0A++++++++case+%22Declare+Temp+Vars+in+All+Handlers%22%0D%0A++++++++++++declareLocalsInAllHandlers%0D%0A++++++++++++put+getGlx2ScriptChecksum%28%29+into+theCheckSum%0D%0A++++++++++++break%0D%0A++++++++case+%22Declare+Temp+Vars+in+Handler%22%0D%0A++++++++++++if+the+shiftkey+is+down+then%0D%0A++++++++++++++++pass+menuPick%0D%0A++++++++++++end+if%0D%0A++++++++++++declareLocalsInHandlers%0D%0A++++++++++++break%0D%0A++++++++case+%22formatz+handlerz%22%0D%0A++++++++case+%22format+handler+%28tab%29%22%0D%0A++++++++++++if+the+shiftkey+is+down+then%0D%0A++++++++++++++++focus+on+fld+%22code+storage%22%0D%0A++++++++++++++++put+the+scroll+of+fld+%22code+storage%22+into+theScroll%0D%0A++++++++++++++++put+the+selectedchunk+into+theChunk%0D%0A++++++++++++++++doFormatScript%0D%0A++++++++++++++++--+set+the+scroll+of+fld+%22code+storage%22+to+theScroll%0D%0A++++++++++++++++--+do+%22select%22+%26%26+theChunk%0D%0A++++++++++++++++put+false+into+doStandardReselect%0D%0A++++++++++++else%0D%0A++++++++++++++++glx2StoreUndoCode%0D%0A++++++++++++++++focus+on+fld+%22code+storage%22%0D%0A++++++++++++++++send+%22doTab%22+to+fld+%22code+storage%22%0D%0A++++++++++++++++put+false+into+doStandardReselect%0D%0A++++++++++++end+if%0D%0A++++++++++++put+getGlx2ScriptChecksum%28%29+into+theCheckSum%0D%0A++++++++++++break%0D%0A++++++++case+%22format+all+handlers%22%0D%0A++++++++++++focus+on+fld+%22code+storage%22%0D%0A++++++++++++put+the+scroll+of+fld+%22code+storage%22+into+theScroll%0D%0A++++++++++++put+the+selectedchunk+into+theChunk%0D%0A++++++++++++doFormatScript%0D%0A++++++++++++--+set+the+scroll+of+fld+%22code+storage%22+to+theScroll%0D%0A++++++++++++--+do+%22select%22+%26%26+theChunk%0D%0A++++++++++++put+getGlx2ScriptChecksum%28%29+into+theCheckSum%0D%0A++++++++++++put+false+into+doStandardReselect%0D%0A++++++++++++break%0D%0A++++++++case+%22divide+all+handlers%22%0D%0A++++++++++++glx2StoreUndoCode%0D%0A++++++++++++divideAllHandlers%0D%0A++++++++++++put+getGlx2ScriptChecksum%28%29+into+theCheckSum%0D%0A++++++++++++break%0D%0A++++++++case+%22clearz+breakpointsz%22%0D%0A++++++++case+%22clear+all+breakpoints%22%0D%0A++++++++++++glx2StoreUndoCode%0D%0A++++++++++++clearAllBreakpoints%0D%0A++++++++++++put+getGlx2ScriptChecksum%28%29+into+theCheckSum%0D%0A++++++++++++break%0D%0A++++++++case+%22setz+breakpointz%22%0D%0A++++++++case+%22set+breakpoint%22%0D%0A++++++++++++if+the+shiftkey+is+down+then%0D%0A++++++++++++++++clearAllBreakpoints%0D%0A++++++++++++else%0D%0A++++++++++++++++glx2StoreUndoCode%0D%0A++++++++++++++++focus+on+fld+%22code+storage%22+%0D%0A++++++++++++++++put+the+selectedchunk+into+theChunk+%0D%0A++++++++++++++++put+word+2+of+theChunk+into+theStartCharPos%0D%0A++++++++++++++++put+the+number+of+lines+in+char+1+to+theStartCharPos+of+fld+%22code+storage%22+into+theLineNo%0D%0A++++++++++++++++if+word+1+of+line+theLineNo+of+fld+%22code+storage%22+is+among+the+items+of+%22on%2Cfunction%2Cgetprop%2Csetprop%22+then%0D%0A++++++++++++++++++++repeat%0D%0A++++++++++++++++++++++++put+line+theLineNo%2B1+of+fld+%22code+storage%22+into+theNewLine%0D%0A++++++++++++++++++++++++if+the+number+of+words+in+theNewLine+is+not+zero+then%0D%0A++++++++++++++++++++++++++++if+word+1+to+-1+of+theNewLine+is+%22%23breakpoint%22+then%0D%0A++++++++++++++++++++++++++++++++put+%22breakpoint%22+into+word+1+to+-1+of+line+theLineNo%2B1+of+fld+%22code+storage%22%0D%0A++++++++++++++++++++++++++++++++exit+menupick%0D%0A++++++++++++++++++++++++++++end+if%0D%0A++++++++++++++++++++++++++++exit+repeat%0D%0A++++++++++++++++++++++++else%0D%0A++++++++++++++++++++++++++++add+1+to+theLineNo%0D%0A++++++++++++++++++++++++++++if+theLineNo+%3E%3D+the+number+of+lines+in+fld+%22code+storage%22+then%0D%0A++++++++++++++++++++++++++++++++exit+menuPick%0D%0A++++++++++++++++++++++++++++end+if%0D%0A++++++++++++++++++++++++end+if%0D%0A++++++++++++++++++++end+repeat%0D%0A++++++++++++++++++++put+%22breakpoint%22+into+word+1+to+-1+of+theNewLine%0D%0A++++++++++++++++++++put+cr+%26+theNewLine+after+line+theLineNo+of+fld+%22code+storage%22%0D%0A++++++++++++++++else%0D%0A++++++++++++++++++++repeat%0D%0A++++++++++++++++++++++++put+line+theLineNo+of+fld+%22code+storage%22+into+theNewLine%0D%0A++++++++++++++++++++++++if+the+number+of+words+in+theNewLine+is+not+zero+then%0D%0A++++++++++++++++++++++++++++if+word+1+to+-1+of+theNewLine+is+%22%23breakpoint%22+then%0D%0A++++++++++++++++++++++++++++++++put+%22breakpoint%22+into+word+1+to+-1+of+line+theLineNo+of+fld+%22code+storage%22%0D%0A++++++++++++++++++++++++++++++++exit+menupick%0D%0A++++++++++++++++++++++++++++end+if%0D%0A++++++++++++++++++++++++++++exit+repeat%0D%0A++++++++++++++++++++++++else%0D%0A++++++++++++++++++++++++++++add+1+to+theLineNo%0D%0A++++++++++++++++++++++++++++if+theLineNo+%3E%3D+the+number+of+lines+in+fld+%22code+storage%22+then%0D%0A++++++++++++++++++++++++++++++++exit+menuPick%0D%0A++++++++++++++++++++++++++++end+if%0D%0A++++++++++++++++++++++++end+if%0D%0A++++++++++++++++++++end+repeat%0D%0A++++++++++++++++++++put+%22breakpoint%22+into+word+1+to+-1+of+theNewLine%0D%0A++++++++++++++++++++put+theNewLine+%26+cr+before+line+theLineNo+of+fld+%22code+storage%22%0D%0A++++++++++++++++end+if%0D%0A++++++++++++end+if%0D%0A++++++++++++put+getGlx2ScriptChecksum%28%29+into+theCheckSum%0D%0A++++++++++++break%0D%0A++++++++case+%22Enable+Panes%22%0D%0A++++++++++++enablePanes%0D%0A++++++++++++glx2SavePrefs%0D%0A++++++++++++exit+to+top%0D%0A++++++++++++break%0D%0A++++++++case+%22Disable+Panes%22%0D%0A++++++++++++disablePanes%0D%0A++++++++++++glx2SavePrefs%0D%0A++++++++++++exit+to+top%0D%0A++++++++++++break%0D%0A++++++++case+%22Time+Selected+Code%22%0D%0A++++++++++++if+glx2IsThisModifierSetActive%28%22shift%2Ccommand%22%29+then%0D%0A++++++++++++++++clearTimingCode%0D%0A++++++++++++else%0D%0A++++++++++++++++setTimingCode%0D%0A++++++++++++end+if%0D%0A++++++++++++put+getGlx2ScriptChecksum%28%29+into+theCheckSum%0D%0A++++++++++++break%0D%0A++++++++case+%22Clear+Timing+Code%22%0D%0A++++++++case+%22Clear+Timing+Code+%28Cmd%2BShift%2BT%29%22%0D%0A++++++++++++clearTimingCode%0D%0A++++++++++++break%0D%0A++++++++case+%22Complete+Statement%22%0D%0A++++++++++++if+the+visible+of+grp+%22peek%22+is+true+then%0D%0A++++++++++++++++send+%22mouseUp%22+to+fld+%22peek%22+of+grp+%22peek%22%0D%0A++++++++++++else%0D%0A++++++++++++++++completeStatement%0D%0A++++++++++++end+if%0D%0A++++++++++++put+false+into+doStandardReselect%0D%0A++++++++++++put+getGlx2ScriptChecksum%28%29+into+theCheckSum%0D%0A++++++++++++break%0D%0A++++++++case+%22compile+script+%28enter+or+cntl%2Breturn%29%22%0D%0A++++++++++++send+%22simCompile%22+to+btn+%22compile%22+in+10+millisecs%0D%0A++++++++++++put+false+into+doStandardReselect%0D%0A++++++++++++break%0D%0A++++++++case+%22Revert+to+Previously+Compiled%22%0D%0A++++++++++++glxRevertScript%0D%0A++++++++++++put+true+into+didRevert%0D%0A++++++++++++put+getGlx2ScriptChecksum%28%29+into+theCheckSum%0D%0A++++++++++++put+false+into+doStandardReselect%0D%0A++++++++++++break%0D%0A++++++++case+%22complete+on+return+key%22+%0D%0A++++++++++++set+the+cCompleteOnReturn+of+this+stack+to+not%28the+cCompleteOnReturn+of+this+stack%29%0D%0A++++++++++++break%0D%0A++++++++case+%22commentz%22%0D%0A++++++++case+%22comment%22%0D%0A++++++++++++if+the+shiftkey+is+down+and+the+commandkey+is+down+then%0D%0A++++++++++++++++unCommentCode%0D%0A++++++++++++else%0D%0A++++++++++++++++commentCode%0D%0A++++++++++++end+if%0D%0A++++++++++++put+getGlx2ScriptChecksum%28%29+into+theCheckSum%0D%0A++++++++++++put+line+theStartLineNo+of+fld+%22code+storage%22+into+theStartLine%0D%0A++++++++++++put+line+theEndLineNo+of+fld+%22code+storage%22+into+theEndLine%0D%0A++++++++++++break%0D%0A++++++++case+%22uncommentz%22%0D%0A++++++++case+%22uncomment+%28cmd%2Bshift%2Bdash%29%22%0D%0A++++++++case+%22uncomment%22%0D%0A++++++++++++unCommentCode%0D%0A++++++++++++put+getGlx2ScriptChecksum%28%29+into+theCheckSum%0D%0A++++++++++++put+line+theStartLineNo+of+fld+%22code+storage%22+into+theStartLine%0D%0A++++++++++++put+line+theEndLineNo+of+fld+%22code+storage%22+into+theEndLine%0D%0A++++++++++++break%0D%0A++++++++case+%22upper+case%22%0D%0A++++++++case+%22upperz+casez%22%0D%0A++++++++++++glx2StoreUndoCode%0D%0A++++++++++++if+glx2IsThisModifierSetActive%28%22shift%2Ccommand%22%29+then%0D%0A++++++++++++++++focus+on+fld+%22code+storage%22%0D%0A++++++++++++++++put+the+selectedchunk+into+theChunk%0D%0A++++++++++++++++do+%22put+toLower%28the+selectedText%29+into%22+%26%26+theChunk%0D%0A++++++++++++++++do+%22select%22+%26%26+theChunk%0D%0A++++++++++++else%0D%0A++++++++++++++++focus+on+fld+%22code+storage%22%0D%0A++++++++++++++++put+the+selectedchunk+into+theChunk%0D%0A++++++++++++++++do+%22put+toUpper%28the+selectedText%29+into%22+%26%26+theChunk%0D%0A++++++++++++++++do+%22select%22+%26%26+theChunk%0D%0A++++++++++++end+if%0D%0A++++++++++++put+false+into+doStandardReselect%0D%0A++++++++++++put+getGlx2ScriptChecksum%28%29+into+theCheckSum%0D%0A++++++++++++break%0D%0A++++++++case+%22lower+case+%28cmd%2Bshift%2BU%29%22%0D%0A++++++++++++glx2StoreUndoCode%0D%0A++++++++++++focus+on+fld+%22code+storage%22%0D%0A++++++++++++put+the+selectedchunk+into+theChunk%0D%0A++++++++++++do+%22put+toLower%28the+selectedText%29+into%22+%26%26+theChunk%0D%0A++++++++++++do+%22select%22+%26%26+theChunk%0D%0A++++++++++++put+false+into+doStandardReselect%0D%0A++++++++++++put+getGlx2ScriptChecksum%28%29+into+theCheckSum%0D%0A++++++++++++break%0D%0A++++++++case+%22explicit+variables+mode%22%0D%0A++++++++++++set+the+cExplicitVariables+of+this+cd+to+not%28the+cExplicitVariables+of+this+cd%29%0D%0A++++++++++++exit+to+top%0D%0A++++++++++++break%0D%0A++++++++case+%22script+snapshot+mode%22%0D%0A++++++++++++set+the+cScriptSnapshot+of+this+stack+to+not%28the+cScriptSnapshot+of+this+stack%29%0D%0A++++++++++++if+the+cScriptSnapshot+of+this+stack+is+true+then%0D%0A++++++++++++++++set+the+cREVScriptDebugMode+of+stack+%22revPreferences%22+to+false+%0D%0A++++++++++++end+if%0D%0A++++++++++++exit+to+top%0D%0A++++++++++++break%0D%0A++++++++case+%22script+debug+mode%22%0D%0A++++++++++++if+the+cREVScriptDebugMode+of+stack+%22revPreferences%22+is+true+then%0D%0A++++++++++++++++put+false+into+theMode%0D%0A++++++++++++else%0D%0A++++++++++++++++put+true+into+theMode%0D%0A++++++++++++end+if%0D%0A++++++++++++send+%22setDebugModeRemote+theMode%22+to+me+in+10+millisecs%0D%0A++++++++++++if+the+cREVScriptDebugMode+of+stack+%22revPreferences%22+is+true+then%0D%0A++++++++++++++++set+the+cScriptSnapshot+of+this+stack+to+false%0D%0A++++++++++++end+if%0D%0A++++++++++++exit+to+top%0D%0A++++++++++++break%0D%0A++++++++default+%0D%0A++++++++++++if+pChosen+contains+%22%7C%22+then%0D%0A++++++++++++++++put+false+into+didRevert%0D%0A++++++++++++++++put+getGlx2ScriptChecksum%28%29+into+theCheckSum%0D%0A++++++++++++++++set+the+itemdelimiter+to+%22%7C%22%0D%0A++++++++++++++++put+item+2+of+pChosen+into+theMenuItem%0D%0A++++++++++++++++doBracket+theMenuItem%0D%0A++++++++++++end+if%0D%0A++++end+SWITCH%0D%0A+++++%0D%0A++++if+doStandardReselect+is+true+then%0D%0A++++++++set+the+scroll+of+fld+%22code+storage%22+to+theScroll%0D%0A++++++++put+lineoffset%28theStartLine%2Cfld+%22code+storage%22%2C%28theStartLineNo-1%29%29+into+theNewStartLineNo%0D%0A++++++++put+lineoffset%28theEndLine%2Cfld+%22code+storage%22%2C%28theEndLineNo-1%29%29+into+theNewEndLineNo%0D%0A++++++++if+theNewStartLineNo+is+not+zero+and+theNewEndLineNo+is+not+zero+then%0D%0A++++++++++++add+%28theStartLineNo-1%29+to+theNewStartLineNo%0D%0A++++++++++++add+%28theEndLineNo-1%29+to+theNewEndLineNo%0D%0A++++++++++++put+the+number+of+chars+in+line+1+to+theNewStartLineNo+of+fld+%22code+storage%22+into+theNewStartCharPos%0D%0A++++++++++++subtract+theStartDiff+from+theNewStartCharPos%0D%0A++++++++++++put+the+number+of+chars+in+line+1+to+theNewEndLineNo+of+fld+%22code+storage%22+into+theNewEndCharPos%0D%0A++++++++++++subtract+theEndDiff+from+theNewEndCharPos%0D%0A++++++++++++select+char+theNewStartCharPos+to+theNewEndCharPos+of+fld+%22code+storage%22%0D%0A++++++++else%0D%0A++++++++++++do+%22select%22+%26%26+theChunk%0D%0A++++++++end+if%0D%0A++++end+if%0D%0A++++%0D%0A++++if+theCheckSum+is+not+empty+then%0D%0A++++++++if+the+md5digest+of+fld+%22code+storage%22+is+not+theCheckSum+and+didRevert+is+not+true+then%0D%0A++++++++++++glx2SetDirtyFlag%0D%0A++++++++end+if%0D%0A++++end+if%0D%0A+++++%0D%0A++++unlock+screen%0D%0A+++++%0D%0Aend+menuPick%0D%0A+%0D%0Aon+doBracket+theMenuItem%0D%0A++++%0D%0A++++glx2StoreUndoCode%0D%0A++++%0D%0A++++focus+on+fld+%22code+storage%22+%0D%0A++++put+the+selectedchunk+into+theChunk+%0D%0A++++put+word+2+of+theChunk+into+theStartCharPos%0D%0A++++put+word+4+of+theChunk+into+theEndCharPos%0D%0A++++put+the+number+of+lines+in+char+theStartCharPos+to+theEndCharPos+of+fld+%22code+storage%22+into+theNoLines%0D%0A++++put+the+number+of+lines+in+char+1+to+theStartCharPos++of+fld+%22code+storage%22+into+theStartLineNo%0D%0A++++put+the+number+of+lines+in+char+1+to+theEndCharPos+of+fld+%22code+storage%22%2B1+into+theEndLineNo%0D%0A++++%0D%0A++++switch+theMenuItem%0D%0A++++++++case+%22Soft+Quotes%22%0D%0A++++++++case+%22Hard+Quotes%22%0D%0A++++++++++++if+the+selectedtext+is+empty+then%0D%0A++++++++++++++++exit+doBracket%0D%0A++++++++++++end+if%0D%0A++++++++++++put+empty+into+theNewSelectedText%0D%0A++++++++++++put+the+selectedtext+into+theSelectedText%0D%0A++++++++++++put+the+selectedchunk+into+theChunk%0D%0A++++++++++++if+the+shiftkey+is+down+then%0D%0A++++++++++++++++if+char+1+of+theSelectedText+is+quote+and+char+-1+of+theSelectedText+is+quote+then%0D%0A++++++++++++++++++++put+char+2+to+-2+of+theSelectedText+into+theNewSelectedText%0D%0A++++++++++++++++else%0D%0A++++++++++++++++++++put+quote+%26+theSelectedText+%26+quote+into+theNewSelectedText%0D%0A++++++++++++++++end+if%0D%0A++++++++++++else%0D%0A++++++++++++++++put+%22quote+%26%22+%26%26+theSelectedText+%26%26+%22%26+quote%22+into+theNewSelectedText%0D%0A++++++++++++++++--+switch+%0D%0A++++++++++++++++--+case+char+1+of+theSelectedText+is+quote+and+char+-1+of+theSelectedText+is+quote%0D%0A++++++++++++++++--+put+%22quote+%26%22+%26%26+theSelectedText+%26%26+%22%26+quote%22+into+theNewSelectedText%0D%0A++++++++++++++++--+break%0D%0A++++++++++++++++--+case+char+1+of+theSelectedText+is+quote+and+char+-1+of+theSelectedText+is+not+quote%0D%0A++++++++++++++++--+put+%22quote+%26%22+%26%26+theSelectedText+%26+quote+%26%26+%22%26+quote%22+into+theNewSelectedText%0D%0A++++++++++++++++--+break%0D%0A++++++++++++++++--+case+char+1+of+theSelectedText+is+not+quote+and+char+-1+of+theSelectedText+is+quote%0D%0A++++++++++++++++--+put+%22quote+%26%22+%26%26+quote+%26+theSelectedText+%26%26+%22%26+quote%22+into+theNewSelectedText%0D%0A++++++++++++++++--+break%0D%0A++++++++++++++++--+case+char+1+of+theSelectedText+is+not+quote+and+char+-1+of+theSelectedText+is+not+quote%0D%0A++++++++++++++++--+put+%22quote+%26%22+%26%26+quote+%26+theSelectedText+%26+quote+%26%26+%22%26+quote%22+into+theNewSelectedText%0D%0A++++++++++++++++--+break%0D%0A++++++++++++++++--+end+switch%0D%0A++++++++++++end+if%0D%0A++++++++++++if+theNewSelectedText+is+not+empty+then%0D%0A++++++++++++++++do+%22put+theNewSelectedText+into%22+%26%26+theChunk%0D%0A++++++++++++++++glx2SetDirtyFlag%0D%0A++++++++++++end+if%0D%0A++++++++++++break%0D%0A++++++++case+%22lock+screen%22%0D%0A++++++++++++subtract+1+from+theEndLineNo%0D%0A++++++++++++put+cr+%26+%22unlock+screen%22+after+line+theEndLineNo+of+fld+%22code+storage%22%0D%0A++++++++++++put+%22lock+screen%22+%26+cr+before+line+theStartLineNo+of+fld+%22code+storage%22%0D%0A++++++++++++put+%221+to+-1%22+into+theWord2Select%0D%0A++++++++++++put+theStartLineNo%2B1+into+theLine2Select%0D%0A++++++++++++break%0D%0A++++++++case+%22if%22%0D%0A++++++++++++if+the+shiftkey+is+down+then%0D%0A++++++++++++++++put+%22if+theFirstValue+is+theSecondValue+then%22+%26+cr+before+line+theStartLineNo+of+fld+%22code+storage%22%0D%0A++++++++++++++++put+cr+%26+%22else%22+%26+cr+%26+%22++++%22+%26+cr+%26+%22end+if%22+after+line+theEndLineNo+of+fld+%22code+storage%22+%0D%0A++++++++++++++++put+2+into+theWord2Select%0D%0A++++++++++++++++put+theStartLineNo+into+theLine2Select%0D%0A++++++++++++else%0D%0A++++++++++++++++put+%22if+theFirstValue+is+theSecondValue+then%22+%26+cr+before+line+theStartLineNo+of+fld+%22code+storage%22%0D%0A++++++++++++++++put+cr+%26+%22end+if%22+after+line+theEndLineNo+of+fld+%22code+storage%22+%0D%0A++++++++++++++++put+2+into+theWord2Select%0D%0A++++++++++++++++put+theStartLineNo+into+theLine2Select%0D%0A++++++++++++end+if%0D%0A++++++++++++break%0D%0A++++++++case+%22if%2Felse%22%0D%0A++++++++++++put+%22if+theFirstValue+is+theSecondValue+then%22+%26+cr+before+line+theStartLineNo+of+fld+%22code+storage%22%0D%0A++++++++++++put+cr+%26+%22else%22+%26+cr+%26+%22++++%22+%26+cr+%26+%22end+if%22+after+line+theEndLineNo+of+fld+%22code+storage%22+%0D%0A++++++++++++put+2+into+theWord2Select%0D%0A++++++++++++put+theStartLineNo+into+theLine2Select%0D%0A++++++++++++break%0D%0A++++++++case+%22repeat%22%0D%0A++++++++++++put+%22repeat%22+%26+cr+before+line+theStartLineNo+of+fld+%22code+storage%22%0D%0A++++++++++++put+cr+%26+%22end+repeat%22+after+line+theEndLineNo+of+fld+%22code+storage%22+%0D%0A++++++++++++put+1+into+theWord2Select%0D%0A++++++++++++put+theStartLineNo+%2B+1+into+theLine2Select%0D%0A++++++++++++break%0D%0A++++++++case+%22repeat+for%22%0D%0A++++++++++++put+%22repeat+for+2+times%22+%26+cr+before+line+theStartLineNo+of+fld+%22code+storage%22%0D%0A++++++++++++put+cr+%26+%22end+repeat%22+after+line+theEndLineNo+of+fld+%22code+storage%22+%0D%0A++++++++++++put+3+into+theWord2Select%0D%0A++++++++++++put+theStartLineNo+into+theLine2Select%0D%0A++++++++++++break%0D%0A++++++++case+%22repeat+with%22%0D%0A++++++++++++put+%22repeat+with+theLineNo+%3D+1+to+theNoLines%22+%26+cr+before+line+theStartLineNo+of+fld+%22code+storage%22%0D%0A++++++++++++put+cr+%26+%22end+repeat%22+after+line+theEndLineNo+of+fld+%22code+storage%22+%0D%0A++++++++++++put+3+into+theWord2Select%0D%0A++++++++++++put+theStartLineNo+into+theLine2Select%0D%0A++++++++++++break%0D%0A++++++++case+%22repeat+until%22%0D%0A++++++++++++put+%22repeat+until+the+mouse+is+down%22+%26+cr+before+line+theStartLineNo+of+fld+%22code+storage%22%0D%0A++++++++++++put+cr+%26+%22end+repeat%22+after+line+theEndLineNo+of+fld+%22code+storage%22+%0D%0A++++++++++++put+1+into+theWord2Select%0D%0A++++++++++++put+theStartLineNo+%2B+1+into+theLine2Select%0D%0A++++++++++++break%0D%0A++++++++case+%22switch%22%0D%0A++++++++++++put+%22switch+theVarName%22+%26+cr+%26+%22case%22+%26%26+quote+%26+quote+%26+cr+before+line+theStartLineNo+of+fld+%22code+storage%22%0D%0A++++++++++++put+cr+%26+%22default%22+%26+cr+%26+cr+%26+%22end+switch%22+after+line+theEndLineNo%2B1+of+fld+%22code+storage%22+%0D%0A++++++++++++put+2+into+theWord2Select%0D%0A++++++++++++put+theStartLineNo+into+theLine2Select%0D%0A++++++++++++break%0D%0A++++++++case+%22try%22%0D%0A++++++++++++put+%22try%22+%26+cr+before+line+theStartLineNo+of+fld+%22code+storage%22%0D%0A++++++++++++put+cr+%26+%22catch+theError%22+%26+cr+%26+cr+%26+%22end+try%22+after+line+theEndLineNo+of+fld+%22code+storage%22+%0D%0A++++++++++++put+1+into+theWord2Select%0D%0A++++++++++++put+theStartLineNo+%2B+1+into+theLine2Select%0D%0A++++++++++++break%0D%0A++++++++default%0D%0A++++end+switch%0D%0A+++++%0D%0A++++send+%22doTab%22+to+fld+%22code+storage%22+%0D%0A++++put+%22code+storage%22+into+theCodeFldName%0D%0A++++do+%22select+word%22+%26%26+theWord2Select+%26%26+%22of+line+theLine2Select+of+fld+theCodeFldName%22%0D%0A+++++%0D%0Aend+doBracket%0D%0A+%0D%0Aon+setTimingCode%0D%0A++++glx2StoreUndoCode%0D%0A++++lock+screen%0D%0A++++focus+on+fld+%22code+storage%22%0D%0A++++put+the+selectedchunk+into+theChunk%0D%0A++++put+the+vscroll+of+fld+%22code+storage%22+into+theVScroll%0D%0A++++put+the+hscroll+of+fld+%22code+storage%22+into+theHScroll%0D%0A++++put+the+selectedlines+into+theLineInfo%0D%0A++++put+word+2+of+theLineInfo+into+theStartLineNo%0D%0A++++put+word+4+of+theLineInfo+into+theEndLineNo%0D%0A++++if+the+isnumber+of+theEndLineNo+is+false+then%0D%0A++++++++put+theStartLineNo+into+theEndLineNo%0D%0A++++end+if%0D%0A++++add+1+to+theEndLineNo%0D%0A++++put+%22++++put+the+millisecs+into+theGlx2StartTime+--+GLX2+Timing+Code%22+%26+cr+before+line+theStartLineNo+of+fld+%22code+storage%22%0D%0A++++put+cr+%26+%22++++put+the+millisecs+-+theGlx2StartTime+into+theDuration%3B+glx2LogTimer+theDuration%2CyourNotes%22+%26%26+%5C%0D%0A++++++++++++%22--+GLX2+Timing+Code%22+after+line+theEndLineNo+of+fld+%22code+storage%22%0D%0A++++send+%22doTab%22+to+fld+%22code+storage%22%0D%0A++++select+line+theStartLineNo+to+theEndLineNo%2B1+of+fld+%22code+storage%22%0D%0A++++set+the+vscroll+of+fld+%22code+storage%22+to+theVScroll%0D%0A++++set+the+hscroll+of+fld+%22code+storage%22+to+theHScroll%0D%0A++++unlock+screen%0D%0Aend+setTimingCode%0D%0A+%0D%0Aon+clearAllBreakpoints%0D%0A++++revClearAllBreakPoints%0D%0A++++exit+clearAllBreakpoints%0D%0A++++%0D%0A++++if+the+number+of+lines+in+fld+%22code+storage%22+%3E+500+then%0D%0A++++++++set+the+cursor+to+watch%0D%0A++++end+if%0D%0A++++lock+screen%0D%0A++++focus+on+fld+%22code+storage%22%0D%0A++++put+the+selectedchunk+into+theChunk%0D%0A++++put+word+2+of+theChunk+into+theCharPos%0D%0A++++put+the+number+of+lines+in+char+1+to+theCharPos+of+fld+%22code+storage%22+into+theLineNo%0D%0A++++put+%22revGLX2+code%22+into+theScriptEditor%0D%0A++++put+the+scroll+of+fld+%22code+storage%22+of+stack+theScriptEditor+into+theScroll%0D%0A++++replace+cr+%26+cr+with+cr+%26+%22+%22+%26+cr+in+fld+%22code+storage%22%0D%0A++++filter+fld+%22code+storage%22+without+%22*++breakpoint%22%0D%0A++++--+replace+%22%23breakpoint%22+with+%22breakpoint%22+in+fld+%22code+storage%22+of+stack+%22revGLX2+code%22%0D%0A++++--+replace+%22breakpoint%22+with+%22%23breakpoint%22+in+fld+%22code+storage%22+of+stack+%22revGLX2+code%22%0D%0A++++send+%22doColorizeScript%22+to+stack+%22revGLX2+code%22%0D%0A++++select+char+1+to+0+of+line+theLineNo+of+fld+%22code+storage%22+of+stack+%22revGLX2+code%22%0D%0A++++set+the+scroll+of+fld+%22code+storage%22+of+stack+theScriptEditor+to+theScroll%0D%0A++++unlock+screen%0D%0Aend+clearAllBreakpoints%0D%0A+%0D%0Aon+clearTimingCode%0D%0A++++glx2StoreUndoCode%0D%0A++++lock+screen%0D%0A++++put+the+vscroll+of+fld+%22code+storage%22+into+theVScroll%0D%0A++++put+the+hscroll+of+fld+%22code+storage%22+into+theHScroll%0D%0A++++focus+on+fld+%22code+storage%22%0D%0A++++put+the+selectedlines+into+theLineInfo%0D%0A++++put+word+2+of+theLineInfo+into+theStartLineNo%0D%0A++++put+word+4+of+theLineInfo+into+theEndLineNo%0D%0A++++if+the+isnumber+of+theEndLineNo+is+false+then%0D%0A++++++++put+theStartLineNo+into+theEndLineNo%0D%0A++++end+if%0D%0A++++put+0+into+theNoLinesDeleted%0D%0A++++repeat+with+theLineNo+%3D+theStartLineNo+to+theEndLineNo%0D%0A++++++++if+char+-20+to+-1+of+line+theLineNo+of+fld+%22code+storage%22+is+%22+--+GLX2+Timing+Code%22+then%0D%0A++++++++++++delete+line+theLineNo+of+fld+%22code+storage%22%0D%0A++++++++++++add+1+to+theNoLinesDeleted%0D%0A++++++++end+if%0D%0A++++end+REPEAT%0D%0A++++send+%22doTab%22+to+fld+%22code+storage%22%0D%0A++++if+theEndLineNo+%3E+theStartLineNo+then%0D%0A++++++++subtract+theNoLinesDeleted+from+theEndLineNo%0D%0A++++end+if%0D%0A++++select+line+theStartLineNo+to+theEndLineNo+of+fld+%22code+storage%22%0D%0A++++set+the+vscroll+of+fld+%22code+storage%22+to+theVScroll%0D%0A++++set+the+hscroll+of+fld+%22code+storage%22+to+theHScroll%0D%0A++++unlock+screen%0D%0Aend+clearTimingCode%0D%0A" )</script>
</button>
