<field name="dragger field" id="954938">
<tabStops>2000</tabStops>
<traversalOn>false</traversalOn>
<ink>srcCopy</ink>
<firstIndent>0</firstIndent>
<dontSearch>false</dontSearch>
<toggleHilites>false</toggleHilites>
<threeD>false</threeD>
<scrollbarWidth>20</scrollbarWidth>
<blendLevel>0</blendLevel>
<textHeight>16</textHeight>
<rect>87,250,318,270</rect>
<multipleHilites>false</multipleHilites>
<colors>urldecode( "white%0D%0A36%2C36%2C36%0D%0A%0D%0A%0D%0A%0D%0A%0D%0A%0D%0A" )</colors>
<shadow>false</shadow>
<hScroll>0</hScroll>
<textAlign>left</textAlign>
<vScrollbar>false</vScrollbar>
<hScrollbar>false</hScrollbar>
<id>954938</id>
<altId>0</altId>
<autoTab>false</autoTab>
<textStyle>plain</textStyle>
<hGrid>false</hGrid>
<lockLoc>false</lockLoc>
<dontWrap>true</dontWrap>
<autoHilite>false</autoHilite>
<style>transparent</style>
<showLines>false</showLines>
<sharedText>true</sharedText>
<noncontiguousHilites>false</noncontiguousHilites>
<lockText>true</lockText>
<scroll>0</scroll>
<name>field "dragger field"</name>
<vGrid>false</vGrid>
<listBehavior>false</listBehavior>
<layer>109</layer>
<visible>false</visible>
<cantSelect>false</cantSelect>
<borderWidth>1</borderWidth>
<margins>8,10,8,8</margins>
<htmlText>urldecode( "%3Cp%3E%3Csub%3E%3Cimg+src%3D%22516943%22%3E%3C%2Fsub%3E+preOpenStack%3C%2Fp%3E" )</htmlText>
<threeDHilite>false</threeDHilite>
<opaque>false</opaque>
<shadowOffset>4</shadowOffset>
<showBorder>false</showBorder>
<textSize>12</textSize>
<disabled>false</disabled>
<fixedLineHeight>true</fixedLineHeight>
<textFont>Verdana</textFont>
<vScroll>0</vScroll>
<showFocusBorder>true</showFocusBorder>
<custompropertyset name= "cREVTable">
<currentvscroll>0</currentvscroll>
<currenthscroll>0</currenthscroll>
<currentxmouseloc>65</currentxmouseloc>
<viewablerows>2</viewablerows>
<currentymouseloc>20</currentymouseloc>
<scrollbarwidth>20</scrollbarwidth>
<cellyspacing>13</cellyspacing>
<rightfieldloc>187</rightfieldloc>
<viewablecolumns>2</viewablecolumns>
<numbertabstops>1</numbertabstops>
<topfieldloc>228</topfieldloc>
<leftfieldloc>87</leftfieldloc>
<cellxspacing>75</cellxspacing>
<currentview><p><sub> </sub> <sub>  </sub>    <sub><img src="75714"></sub> Hide Me&#9;button id 1021 of card id 1002 of stack &quot;/Users/jerry/Documents/my revolution enterprise/plugins/MEGA Contacts.rev&quot;</p></currentview>
<bottomfieldloc>249</bottomfieldloc>
</custompropertyset>
<custompropertyset name= "cGlx2TimeStamp">
</custompropertyset>
</field>
