<button name="Save Every" id="1111">
<traversalOn>false</traversalOn>
<ink>srcCopy</ink>
<threeD>true</threeD>
<hiliteBorder>false</hiliteBorder>
<blendLevel>0</blendLevel>
<rect>168,402,251,423</rect>
<mnemonic>0</mnemonic>
<armFill>false</armFill>
<visitedIcon>0</visitedIcon>
<showName>true</showName>
<showIcon>false</showIcon>
<hilited>true</hilited>
<sharedHilite>true</sharedHilite>
<shadow>false</shadow>
<textAlign>left</textAlign>
<armed>false</armed>
<menuMouseButton>1</menuMouseButton>
<id>1111</id>
<altId>0</altId>
<labelWidth>0</labelWidth>
<armedIcon>0</armedIcon>
<lockLoc>false</lockLoc>
<visited>false</visited>
<showHilite>false</showHilite>
<autoHilite>true</autoHilite>
<style>checkbox</style>
<disabledIcon>0</disabledIcon>
<armBorder>true</armBorder>
<name>button "Save Every"</name>
<icon>0</icon>
<layer>57</layer>
<visible>true</visible>
<cantSelect>false</cantSelect>
<borderWidth>2</borderWidth>
<menuLines>5</menuLines>
<margins>3,4,4,4</margins>
<opaque>false</opaque>
<shadowOffset>4</shadowOffset>
<default>false</default>
<hiliteFill>true</hiliteFill>
<showBorder>false</showBorder>
<hiliteIcon>0</hiliteIcon>
<disabled>false</disabled>
<autoArm>false</autoArm>
<family>0</family>
<hoverIcon>0</hoverIcon>
<showFocusBorder>true</showFocusBorder>
<menuHistory>1</menuHistory>
<custompropertyset name= "cGlx2TimeStamp">
<checksum>urldecode( "O%AA%FC%DEQ%A9o%14%FB%3A%A0%3D%9E%B1%10I" )</checksum>
</custompropertyset>
<script>urldecode( "--%3E+all+handlers%0D%0A%0D%0Aon+mouseUp+pMouseBtnNo%0D%0A++++lock+screen%0D%0A++++put+the+mainstack+of+this+stack+into+theParentStack++++++++%0D%0A++++set+the+cSaveOnCompile+of+stack+theParentStack+to+the+hilited+of+me+%0D%0A++++if+the+hilited+of+me+is+false+then%0D%0A++++++++if+the+short+name+of+the+focusedobject+is+%22save+frequency%22+then%0D%0A++++++++++++if+the+enabled+of+fld+%22clairvoyance+chars%22+is+false+then%0D%0A++++++++++++++++focus+on+fld+%22indent%22%0D%0A++++++++++++else%0D%0A++++++++++++++++focus+on+fld+%22clairvoyance+chars%22%0D%0A++++++++++++end+if%0D%0A++++++++end+IF%0D%0A++++else%0D%0A++++++++if+the+visible+of+this+stack+is+true+then%0D%0A++++++++++++focus+on+fld+%22save+frequency%22%0D%0A++++++++end+if%0D%0A++++end+IF%0D%0A++++set+the+enabled+of+fld+%22save+frequency%22+to+the+hilited+of+me%0D%0A++++if+%22revGLX2+code+docs%22+is+among+the+lines+of+the+openStacks+then%0D%0A++++++++glx2SavePrefs%0D%0A++++end+if%0D%0A++++unlock+screen%0D%0Aend+mouseUp%0D%0A" )</script>
</button>
