<image name="resize right 2" id="358468">
<traversalOn>false</traversalOn>
<palindromeFrames>false</palindromeFrames>
<ink>srcCopy</ink>
<threeD>true</threeD>
<blendLevel>0</blendLevel>
<rect>892,96,908,112</rect>
<angle>0</angle>
<yHot>1</yHot>
<id>358468</id>
<altId>0</altId>
<frameCount>0</frameCount>
<constantMask>false</constantMask>
<lockLoc>false</lockLoc>
<repeatCount>0</repeatCount>
<size>1020</size>
<name>image "resize right 2"</name>
<hotSpot>1,1</hotSpot>
<alwaysBuffer>false</alwaysBuffer>
<layer>23</layer>
<dontDither>false</dontDither>
<visible>false</visible>
<cantSelect>false</cantSelect>
<borderWidth>2</borderWidth>
<opaque>true</opaque>
<currentFrame>1</currentFrame>
<showBorder>false</showBorder>
<disabled>false</disabled>
<xHot>1</xHot>
<showFocusBorder>true</showFocusBorder>
<custompropertyset name= "cGlx2TimeStamp">
<checksum>urldecode( "%7E%7C%A4lJX%94%D3*%16%A8%0B%DF%2FB%C6" )</checksum>
</custompropertyset>
<imagedata>urldecode( "%00%B8%B8%B8%00%C0%C0%C0%00%C8%C8%C8%00%D3%D3%D3%00%DB%DB%DB%00%E4%E4%E4%00%EB%EB%EB%00%F1%F1%F1%00%F6%F6%F6%00%FA%FA%FA%00%FB%FB%FB%00%FC%FC%FC%00%F9%F9%F9%00%F4%F4%F4%00%EF%EF%EF%00%DB%DB%DB%00%B8%B8%B8%00%C0%C0%C0%00%C8%C8%C8%00%D3%D3%D3%00%DB%DB%DB%00%E4%E4%E4%00%EB%EB%EB%00%F1%F1%F1%00%F6%F6%F6%00%FA%FA%FA%00%FB%FB%FB%00%FC%FC%FC%00%F9%F9%F9%00%F4%F4%F4%00%EF%EF%EF%00%DB%DB%DB%00%B8%B8%B8%00%C0%C0%C0%00%C8%C8%C8%00%D3%D3%D3%00%DB%DB%DB%00%E4%E4%E4%00%EB%EB%EB%00%F1%F1%F1%00%F6%F6%F6%00%FA%FA%FA%00%FB%FB%FB%00%FC%FC%FC%00%F9%F9%F9%00%F4%F4%F4%00%EF%EF%EF%00%DB%DB%DB%00%B8%B8%B8%00%C0%C0%C0%00%C8%C8%C8%00%D3%D3%D3%00%DB%DB%DB%00%E4%E4%E4%00%EB%EB%EB%00%F1%F1%F1%00%F6%F6%F6%00%FA%FA%FA%00%FB%FB%FB%00%FC%FC%FC%00%F9%F9%F9%00%F4%F4%F4%00%EF%EF%EF%00%DB%DB%DB%00%B8%B8%B8%00%C0%C0%C0%00%C8%C8%C8%00%D3%D3%D3%00%DB%DB%DB%00%E4%E4%E4%00%EB%EB%EB%00%F1%F1%F1%00%F6%F6%F6%00%FA%FA%FA%00%FB%FB%FB%00%FC%FC%FC%00%F9%F9%F9%00%F4%F4%F4%00%EF%EF%EF%00%DB%DB%DB%00%B8%B8%B8%00%C0%C0%C0%00%C8%C8%C8%00%D3%D3%D3%00%DB%DB%DB%00%E4%E4%E4%00KKK%00%F1%F1%F1%00%F6%F6%F6%00KKK%00%FB%FB%FB%00%FC%FC%FC%00%F9%F9%F9%00%F4%F4%F4%00%EF%EF%EF%00%DB%DB%DB%00%B8%B8%B8%00%C0%C0%C0%00%C8%C8%C8%00%D3%D3%D3%00%DB%DB%DB%00%E4%E4%E4%00%EB%EB%EB%00%F1%F1%F1%00%F6%F6%F6%00%FA%FA%FA%00%FB%FB%FB%00%FC%FC%FC%00%F9%F9%F9%00%F4%F4%F4%00%EF%EF%EF%00%DB%DB%DB%00%B8%B8%B8%00%C0%C0%C0%00%C8%C8%C8%00%D3%D3%D3%00%DB%DB%DB%00%E4%E4%E4%00%EB%EB%EB%00%F1%F1%F1%00%F6%F6%F6%00%FA%FA%FA%00%FB%FB%FB%00%FC%FC%FC%00%F9%F9%F9%00%F4%F4%F4%00%EF%EF%EF%00%DB%DB%DB%00%B8%B8%B8%00%C0%C0%C0%00%C8%C8%C8%00%D3%D3%D3%00%DB%DB%DB%00%E4%E4%E4%00%EB%EB%EB%00%F1%F1%F1%00%F6%F6%F6%00%FA%FA%FA%00%FB%FB%FB%00%FC%FC%FC%00%F9%F9%F9%00%F4%F4%F4%00%EF%EF%EF%00%DB%DB%DB%00%B8%B8%B8%00%C0%C0%C0%00%C8%C8%C8%00%D3%D3%D3%00%DB%DB%DB%00%E4%E4%E4%00KKK%00%F1%F1%F1%00%F6%F6%F6%00KKK%00%FB%FB%FB%00%FC%FC%FC%00%F9%F9%F9%00%F4%F4%F4%00%EF%EF%EF%00%DB%DB%DB%00%B8%B8%B8%00%C0%C0%C0%00%C8%C8%C8%00%D3%D3%D3%00%DB%DB%DB%00%E4%E4%E4%00%EB%EB%EB%00%F1%F1%F1%00%F6%F6%F6%00%FA%FA%FA%00%FB%FB%FB%00%FC%FC%FC%00%F9%F9%F9%00%F4%F4%F4%00%EF%EF%EF%00%DB%DB%DB%00%B8%B8%B8%00%C0%C0%C0%00%C8%C8%C8%00%D3%D3%D3%00%DB%DB%DB%00%E4%E4%E4%00%EB%EB%EB%00%F1%F1%F1%00%F6%F6%F6%00%FA%FA%FA%00%FB%FB%FB%00%FC%FC%FC%00%F9%F9%F9%00%F4%F4%F4%00%EF%EF%EF%00%DB%DB%DB%00%B8%B8%B8%00%C0%C0%C0%00%C8%C8%C8%00%D3%D3%D3%00%DB%DB%DB%00%E4%E4%E4%00%EB%EB%EB%00%F1%F1%F1%00%F6%F6%F6%00%FA%FA%FA%00%FB%FB%FB%00%FC%FC%FC%00%F9%F9%F9%00%F4%F4%F4%00%EF%EF%EF%00%DB%DB%DB%00%B8%B8%B8%00%C0%C0%C0%00%C8%C8%C8%00%D3%D3%D3%00%DB%DB%DB%00%E4%E4%E4%00%EB%EB%EB%00%F1%F1%F1%00%F6%F6%F6%00%FA%FA%FA%00%FB%FB%FB%00%FC%FC%FC%00%F9%F9%F9%00%F4%F4%F4%00%EF%EF%EF%00%DB%DB%DB%00%B8%B8%B8%00%C0%C0%C0%00%C8%C8%C8%00%D3%D3%D3%00%DB%DB%DB%00%E4%E4%E4%00%EB%EB%EB%00%F1%F1%F1%00%F6%F6%F6%00%FA%FA%FA%00%FB%FB%FB%00%FC%FC%FC%00%F9%F9%F9%00%F4%F4%F4%00%EF%EF%EF%00%DB%DB%DB%00%B8%B8%B8%00%C0%C0%C0%00%C8%C8%C8%00%D3%D3%D3%00%DB%DB%DB%00%E4%E4%E4%00%EB%EB%EB%00%F1%F1%F1%00%F6%F6%F6%00%FA%FA%FA%00%FB%FB%FB%00%FC%FC%FC%00%F9%F9%F9%00%F4%F4%F4%00%EF%EF%EF%00%DB%DB%DB" )</imagedata>
<script>urldecode( "--%3E+variables+%26+constants%0D%0A%0D%0Alocal+sResizing%2CsDiffH%2CsDiffV%0D%0A%0D%0A--%3E+all+handlers%0D%0A%0D%0Aon+mouseUp%0D%0A++++stopResizing+%0D%0Aend+mouseUp%0D%0A%0D%0Aon+mouseRelease%0D%0A++++stopResizing%0D%0A++++set+the+defaultcursor+to+arrow%0D%0Aend+mouseRelease%0D%0A%0D%0Aon+mouseDown%0D%0A++++put+the+right+of+me+-+the+mouseh+into+sDiffH%0D%0A++++put+the+bottom+of+me+-+the+mousev+into+sDiffV%0D%0A++++put+true+into+sResizing%0D%0Aend+mouseDown%0D%0A%0D%0Aon+mouseEnter%0D%0A++++set+the+defaultcursor+to+the+id+of+img+%22up-down.png%22+of+cd+%22images%22%0D%0Aend+mouseEnter%0D%0A%0D%0Aon+mouseLeave%0D%0A++++set+the+defaultcursor+to+arrow%0D%0Aend+mouseLeave%0D%0A%0D%0Aon+doResize+theH%2CtheV%0D%0A++++%0D%0A++++add+sDiffV+to+theV%0D%0A++++if+theV+%3C+the+bottom+of+grc+%22top+bg%22+%2B+8+then%0D%0A++++++++put+the+bottom+of+grc+%22top+bg%22+%2B+8+into+theV%0D%0A++++end+if%0D%0A++++%0D%0A++++if+theV+%3E+the+height+of+this+stack+-+85+then%0D%0A++++++++put+the+height+of+this+stack+-+85+into+theV%0D%0A++++end+if%0D%0A++++%0D%0A++++lock+screen%0D%0A++++%0D%0A++++set+the+bottom+of+me+to+theV%0D%0A++++set+the+bottom+of+btn+%22split%22+to+theV%0D%0A++++%0D%0A++++if+the+bottom+of+me+-+the+bottom+of+grc+%22top+bg%22+%3E+63+then%0D%0A+++++++++%0D%0A++++++++put+the+rect+of+fld+%22code+storage+2%22+into+theRect%0D%0A++++++++if+the+visible+of+grp+%22find%22+is+true+then%0D%0A++++++++++++put+the+bottom+of+grc+%22top+bg%22+into+item+2+of+theRect+%0D%0A++++++++else%0D%0A++++++++++++put+the+bottom+of+grc+%22top+bg%22+%2B+2+into+item+2+of+theRect+%0D%0A++++++++end+if%0D%0A++++++++put+the+bottom+of+me+into+item+4+of+theRect+%0D%0A++++++++set+the+rect+of+fld+%22code+storage+2%22+to+theRect%0D%0A+++++++++%0D%0A++++++++put+the+rect+of+fld+%22code+storage%22+into+theRect+%0D%0A++++++++put+the+bottom+of+me+into+item+2+of+theRect+%0D%0A++++++++set+the+rect+of+fld+%22code+storage%22+to+theRect+%0D%0A+++++++++%0D%0A++++++++if+the+cHandlerList+of+this+cd+is+true+then%0D%0A+++++++++++++%0D%0A++++++++++++put+the+rect+of+fld+%22handlers+2%22+into+theRect%0D%0A++++++++++++if+the+visible+of+grp+%22find%22+is+true+then%0D%0A++++++++++++++++put+the+bottom+of+grc+%22top+bg%22+into+item+2+of+theRect+%0D%0A++++++++++++else%0D%0A++++++++++++++++put+the+bottom+of+grc+%22top+bg%22+%2B+2+into+item+2+of+theRect+%0D%0A++++++++++++end+if%0D%0A++++++++++++put+the+bottom+of+me+into+item+4+of+theRect+%0D%0A++++++++++++set+the+rect+of+fld+%22handlers+2%22+to+theRect%0D%0A+++++++++++++%0D%0A++++++++++++put+the+rect+of+fld+%22handlers%22+into+theRect+%0D%0A++++++++++++put+the+bottom+of+me+into+item+2+of+theRect+%0D%0A++++++++++++set+the+rect+of+fld+%22handlers%22+to+theRect+%0D%0A+++++++++++++%0D%0A++++++++end+if%0D%0A+++++++++%0D%0A++++else%0D%0A+++++++++%0D%0A++++++++set+the+bottom+of+fld+%22handlers+2%22+to+the+bottom+of+me%0D%0A++++++++set+the+bottom+of+fld+%22code+storage+2%22+to+the+bottom+of+me%0D%0A+++++++++%0D%0A++++++++put+the+rect+of+fld+%22code+storage%22+into+theRect+%0D%0A++++++++put+the+bottom+of+me+into+item+2+of+theRect+%0D%0A++++++++set+the+rect+of+fld+%22code+storage%22+to+theRect+%0D%0A+++++++++%0D%0A++++++++put+the+rect+of+fld+%22handlers%22+into+theRect+%0D%0A++++++++put+the+bottom+of+me+into+item+2+of+theRect+%0D%0A++++++++set+the+rect+of+fld+%22handlers%22+to+theRect+%0D%0A+++++++++%0D%0A++++++++put+empty+into+fld+%22handlers+2%22%0D%0A++++++++put+empty+into+fld+%22code+storage+2%22%0D%0A++++++++put+the+cTabNo+of+this+cd+into+theTabNo%0D%0A++++++++set+the+textstyle+of+fld+theTabNo+of+grp+%22tabs%22+to+bold+%0D%0A++++++++%0D%0A++++end+if%0D%0A++++%0D%0A++++set+the+bottomright+of+img+%22resize+2%22+to+the+bottomright+of+fld+%22handlers+2%22%0D%0A+++++%0D%0A++++unlock+screen%0D%0A++++%0D%0Aend+doResize%0D%0A%0D%0Aon+stopResizing%0D%0A++++lock+screen%0D%0A++++if+the+bottom+of+me+-+the+bottom+of+grc+%22top+bg%22+%3E+63+then%0D%0A++++++++if+the+text+of+fld+%22code+storage+2%22+is+empty+then%0D%0A++++++++++++set+the+cursor+to+watch+%0D%0A++++++++++++set+the+htmltext+of+fld+%22handlers+2%22+to+the+htmltext+of+fld+%22handlers%22%0D%0A++++++++++++put+the+number+of+lines+in+fld+%22handlers+2%22+into+theNoLines%0D%0A++++++++++++repeat+with+theLineNo+%3D+1+to+theNoLines%0D%0A++++++++++++++++if+char+1+of+line+theLineNo+of+fld+%22handlers+2%22+is+space+then%0D%0A++++++++++++++++++++set+the+textshift+of+char+1+of+line+theLineNo+of+fld+%22handlers+2%22+to+3%0D%0A++++++++++++++++end+if%0D%0A++++++++++++end+repeat%0D%0A++++++++++++set+the+htmltext+of+fld+%22code+storage+2%22+to+the+htmltext+of+fld+%22code+storage%22%0D%0A++++++++++++put+the+cTabNo+of+this+cd+into+theTabNo%0D%0A++++++++++++set+the+textstyle+of+fld+theTabNo+of+grp+%22tabs%22+to+%22bold%2Cunderline%22%0D%0A++++++++end+if%0D%0A++++else%0D%0A++++++++put+empty+into+fld+%22handlers+2%22%0D%0A++++++++put+empty+into+fld+%22code+storage+2%22%0D%0A++++++++put+the+cTabNo+of+this+cd+into+theTabNo%0D%0A++++++++set+the+textstyle+of+fld+theTabNo+of+grp+%22tabs%22+to+bold+%0D%0A++++end+if%0D%0A++++unlock+screen%0D%0A++++put+empty+into+sDiffH%0D%0A++++put+empty+into+sDiffV%0D%0A++++put+false+into+sResizing++++%0D%0A++++glx2SaveDevResources%0D%0Aend+stopResizing%0D%0A%0D%0Aon+mouseMove+theH%2CtheV%0D%0A++++if+sResizing+is+true+then%0D%0A++++++++set+the+defaultcursor+to+the+id+of+img+%22up-down.png%22+of+cd+%22images%22%0D%0A++++++++if+sResizing+is+true+then%0D%0A++++++++++++doResize+theH%2CtheV%0D%0A++++++++end+if%0D%0A++++end+if%0D%0Aend+mouseMove+%0D%0A" )</script>
</image>
