<field name="Status" id="757847">
<traversalOn>false</traversalOn>
<ink>srcCopy</ink>
<firstIndent>0</firstIndent>
<dontSearch>false</dontSearch>
<toggleHilites>false</toggleHilites>
<threeD>false</threeD>
<scrollbarWidth>20</scrollbarWidth>
<blendLevel>0</blendLevel>
<textHeight>13</textHeight>
<rect>196,434,889,456</rect>
<multipleHilites>false</multipleHilites>
<colors>urldecode( "%0D%0A%0D%0A%0D%0A232%2C178%2C56%0D%0A%0D%0A%0D%0A%0D%0A" )</colors>
<shadow>false</shadow>
<hScroll>0</hScroll>
<textAlign>left</textAlign>
<vScrollbar>false</vScrollbar>
<hScrollbar>false</hScrollbar>
<id>757847</id>
<altId>0</altId>
<autoTab>false</autoTab>
<textStyle>bold</textStyle>
<hGrid>false</hGrid>
<lockLoc>false</lockLoc>
<dontWrap>true</dontWrap>
<autoHilite>false</autoHilite>
<style>transparent</style>
<showLines>false</showLines>
<sharedText>false</sharedText>
<noncontiguousHilites>false</noncontiguousHilites>
<lockText>true</lockText>
<scroll>0</scroll>
<name>field "Status"</name>
<vGrid>false</vGrid>
<listBehavior>false</listBehavior>
<layer>191</layer>
<visible>false</visible>
<cantSelect>false</cantSelect>
<borderWidth>1</borderWidth>
<margins>8</margins>
<htmlText>urldecode( "%3Cp%3Eid+1002%3C%2Fp%3E" )</htmlText>
<threeDHilite>false</threeDHilite>
<opaque>false</opaque>
<shadowOffset>4</shadowOffset>
<showBorder>false</showBorder>
<textSize>10</textSize>
<disabled>false</disabled>
<fixedLineHeight>true</fixedLineHeight>
<textFont>lucida grande</textFont>
<vScroll>0</vScroll>
<showFocusBorder>false</showFocusBorder>
<custompropertyset name= "cGlx2TimeStamp">
<checksum>urldecode( "%D4%1D%8C%D9%8F%00%B2%04%E9%80%09%98%EC%F8B%7E" )</checksum>
</custompropertyset>
</field>
