<group name="GLX2 Menubar" id="250612">
<traversalOn>true</traversalOn>
<ink>srcCopy</ink>
<dontSearch>false</dontSearch>
<threeD>false</threeD>
<scrollbarWidth>20</scrollbarWidth>
<blendLevel>0</blendLevel>
<rect>-1,-5,913,21</rect>
<showName>false</showName>
<colors>urldecode( "255%2C255%2C255%0D%0A36%2C36%2C36%0D%0A149%2C149%2C255%0D%0A133%2C132%2C133%0D%0A%0D%0A%0D%0A%0D%0A" )</colors>
<hScroll>0</hScroll>
<backgroundBehavior>true</backgroundBehavior>
<cantDelete>false</cantDelete>
<vScrollbar>false</vScrollbar>
<tabGroupBehavior>false</tabGroupBehavior>
<hScrollbar>false</hScrollbar>
<id>250612</id>
<altId>0</altId>
<radioBehavior>true</radioBehavior>
<textStyle>plain</textStyle>
<lockLoc>true</lockLoc>
<name>group "GLX2 Menubar"</name>
<layer>88</layer>
<visible>true</visible>
<cantSelect>false</cantSelect>
<borderWidth>1</borderWidth>
<margins>4,4,4,0</margins>
<opaque>true</opaque>
<showBorder>true</showBorder>
<textSize>11</textSize>
<disabled>false</disabled>
<textFont>Tahoma</textFont>
<vScroll>0</vScroll>
<hilitedButton>0</hilitedButton>
<custompropertyset name= "cGlx2TimeStamp">
<checksum>urldecode( "h57%AF%EA%07%D2+%07%B1%27%99%C6*%02%1D" )</checksum>
</custompropertyset>
<script>urldecode( "--%3E++*History%0D%0A%2F*%0D%0A--+MODIFIED+BY+SARAH%3A+28th+September+2007%0D%0A24+February+2009+mdw%0D%0A++added+portable+references+for+%22revmenbar%22+and+%22revpreferences%22%0D%0A++declared+some+local+variables%0D%0A28+February+2009+mdw%0D%0A++declared+all+local+variables%0D%0A*%2F%0D%0A%0D%0A--%3E+*constants%0D%0A%0D%0Aconstant+kDebugLine+%3D+8%0D%0A%0D%0A--%3E+all+handlers%0D%0A%0D%0Aon+mouseDown+pMouseBtnNo%0D%0A++++local+tPreferences%0D%0A++++local+tNoBtns%2C+tBtnName%0D%0A++++local+theStartLineNo%0D%0A++++local+tRecentWSLineNo%0D%0A++++local+tWorkSpaceFilePaths%2C+tCurrentWorkSpaceFilePath%2C+tRecentWSMenu%0D%0A++++local+tFileMenu%2C+tDefFileMenu%0D%0A++++local+tScriptMenu%2C+tGoMenu%2C+tToolsMenu%0D%0A++++local+tShowObjectLineNo%0D%0A++++local+tDelim%0D%0A++++local+tNoTabs%2C+tNoActiveTabs%0D%0A++++local+tHandlerName%2C+tHandlers%0D%0A++++%0D%0A++++put+glx2GetIDEStackName%28%22revpreferences%22%29+into+tPreferences%0D%0A++++if+the+short+name+of+menu+8+is+not+%22crumbs%22+then%0D%0A++++++++--+pass+mouseDown%0D%0A++++end+if%0D%0A++++%0D%0A++++lock+menus%0D%0A+++++%0D%0A++++if+the+visible+of+fld+%22code+storage%22+of+this+cd+is+false+then%0D%0A+++++++++%0D%0A++++++++if+the+environment+is+%22development%22+then%0D%0A++++++++++++simMouseDown%0D%0A++++++++end+if%0D%0A++++++++%0D%0A++++++++put+%22-%22+%26+cr+%26+%22Script+Snapshot%22+%26+cr+%26+%22Execution+Errors%22+%26+cr+%26+%22-%22+%26+cr+%26+%22Message+Box%2FM%22+into+line+11+to+13+of+btn+%22tools%22+of+me%0D%0A++++++++put+the+number+of+btns+in+me+into+tNoBtns%0D%0A++++++++repeat+with+theBtnNo+%3D+1+to+tNoBtns%0D%0A++++++++++++put+the+short+name+of+btn+theBtnNo+of+me+into+tBtnName%0D%0A++++++++++++switch+tBtnName%0D%0A++++++++++++++++case+%22help%22%0D%0A++++++++++++++++case+%22window%22%0D%0A++++++++++++++++case+%22tools%22%0D%0A++++++++++++++++case+%22edit%22%0D%0A++++++++++++++++++++if+the+disabled+of+menu+tBtnName+then+enable+menu+tBtnName%0D%0A++++++++++++++++++++break%0D%0A++++++++++++++++case+%22crumbs%22%0D%0A++++++++++++++++++++if+the+visible+of+fld+%22crumbs%22+is+false+or+fld+%22crumbs%22+is+empty+then%0D%0A++++++++++++++++++++++++if+the+enabled+of+menu+tBtnName+then%0D%0A++++++++++++++++++++++++++++disable+menu+tBtnName+of+me%0D%0A++++++++++++++++++++++++end+if%0D%0A++++++++++++++++++++else%0D%0A++++++++++++++++++++++++if+the+disabled+of+menu+tBtnName+then%0D%0A++++++++++++++++++++++++++++enable+menu+tBtnName+of+me%0D%0A++++++++++++++++++++++++end+if%0D%0A++++++++++++++++++++++++repeat+with+theMenuNo+%3D+1+to+5%0D%0A++++++++++++++++++++++++++++disable+menuItem+theMenuNo+of+menu+tBtnName%0D%0A++++++++++++++++++++++++end+REPEAT%0D%0A++++++++++++++++++++++++enable+menuItem+3+of+menu+tBtnName%0D%0A++++++++++++++++++++end+if%0D%0A++++++++++++++++++++break%0D%0A++++++++++++++++case+%22handlers%22%0D%0A++++++++++++++++++++put+%22My+Default+Handlers%22+into+btn+tBtnName+of+me%0D%0A++++++++++++++++++++if+the+disabled+of+menu+tBtnName+then+enable+menu+tBtnName+of+me%0D%0A++++++++++++++++++++enable+menuItem+1+of+menu+tBtnName%0D%0A++++++++++++++++++++break%0D%0A++++++++++++++++case+%22file%22%0D%0A++++++++++++++++++++if+the+disabled+of+menu+tBtnName+then+enable+menu+tBtnName%0D%0A++++++++++++++++++++--+SARAH%3A+Changed+from+items+-12%2C+-11%2C+-9%2C+-7+%26+-6%0D%0A++++++++++++++++++++--+disable+menuItem+-11+of+menu+tBtnName%0D%0A++++++++++++++++++++--+disable+menuItem+-8+of+menu+tBtnName%0D%0A++++++++++++++++++++--+disable+menuItem+-9+of+menu+tBtnName%0D%0A++++++++++++++++++++--+disable+menuItem+-6+of+menu+tBtnName%0D%0A+++++++++++++++++++++%0D%0A++++++++++++++++++++--+JERRY%3A+Changed+to+accomodate+work+spaces+stuff%3A%0D%0A+++++++++++++++++++++%0D%0A++++++++++++++++++++put+%22file%22+into+tBtnName%0D%0A++++++++++++++++++++--+if+char+1+of+line+-11+of+menu+tBtnName+%3C%3E+%22%28%22+then+disable+menuItem+-11+of+menu+tBtnName%0D%0A++++++++++++++++++++--+if+char+1+of+line+-8+of+menu+tBtnName+%3C%3E+%22%28%22+then+disable+menuItem+-8+of+menu+tBtnName%0D%0A++++++++++++++++++++--+if+char+1+of+line+-9+of+menu+tBtnName+%3C%3E+%22%28%22+then+disable+menuItem+-9+of+menu+tBtnName%0D%0A++++++++++++++++++++--+if+char+1+of+line+-6+of+menu+tBtnName+%3C%3E+%22%28%22+then+disable+menuItem+-6+of+menu+tBtnName%0D%0A+++++++++++++++++++++%0D%0A++++++++++++++++++++put+btn+%22file%22+of+me+into+tFileMenu+%0D%0A++++++++++++++++++++put+cr+%26+%22-%22+after+line+2+of+tFileMenu%0D%0A++++++++++++++++++++put+lineoffset%28%22close%2Fw%22%2CtFileMenu%29+into+theStartLineNo%0D%0A++++++++++++++++++++%0D%0A++++++++++++++++++++put+the+cDefaultMenu+of+btn+%22file%22+of+me+into+tDefFileMenu%0D%0A++++++++++++++++++++put+lineoffset%28%22Open+recent+work+space%22%2CtDefFileMenu%29+into+tRecentWSLineNo%0D%0A++++++++++++++++++++if+tRecentWSLineNo+is+not+zero+then%0D%0A++++++++++++++++++++++++put+the+cWorkSpaceFilePaths+of+stack+%22revGLX2+code%22+into+tWorkSpaceFilePaths%0D%0A++++++++++++++++++++++++put+the+cWorkSpaceFilePath+of+stack+%22revGLX2+code%22+into+tCurrentWorkSpaceFilePath%0D%0A++++++++++++++++++++++++if+tWorkSpaceFilePaths+is+not+empty+then%0D%0A++++++++++++++++++++++++++++filter+tWorkSpaceFilePaths+without+tCurrentWorkSpaceFilePath%0D%0A++++++++++++++++++++++++++++if+tWorkSpaceFilePaths+is+not+empty+then%0D%0A++++++++++++++++++++++++++++++++if+the+cRecentSort+of+stack+tPreferences+is+%22alphabetically%22+then%0D%0A++++++++++++++++++++++++++++++++++++sort+tWorkSpaceFilePaths%0D%0A++++++++++++++++++++++++++++++++end+if%0D%0A++++++++++++++++++++++++++++++++put+the+itemdel+into+tDelim%0D%0A++++++++++++++++++++++++++++++++set+the+itemdel+to+%22%2F%22%0D%0A++++++++++++++++++++++++++++++++repeat+for+each+line+theWorkSpaceFilePath+in+tWorkSpaceFilePaths%0D%0A++++++++++++++++++++++++++++++++++++put+tab+%26+item+-1+of+theWorkSpaceFilePath+%26+cr+after+tRecentWSMenu%0D%0A++++++++++++++++++++++++++++++++end+repeat%0D%0A++++++++++++++++++++++++++++++++set+the+itemdel+to+tDelim%0D%0A++++++++++++++++++++++++++++++++if+tRecentWSMenu+is+not+empty+then%0D%0A++++++++++++++++++++++++++++++++++++replace+%22.glx%22+with+%22%22+in+tRecentWSMenu%0D%0A++++++++++++++++++++++++++++++++++++if+the+last+char+of+tRecentWSMenu+is+return+then%0D%0A++++++++++++++++++++++++++++++++++++++++delete+the+last+char+of+tRecentWSMenu%0D%0A++++++++++++++++++++++++++++++++++++end+if%0D%0A++++++++++++++++++++++++++++++++++++put+cr+%26+tRecentWSMenu+after+line+tRecentWSLineNo+of+tDefFileMenu%0D%0A++++++++++++++++++++++++++++++++end+if%0D%0A++++++++++++++++++++++++++++else%0D%0A++++++++++++++++++++++++++++++++put+%22%28%22+before+line+tRecentWSLineNo+of+tDefFileMenu%0D%0A++++++++++++++++++++++++++++end+if%0D%0A++++++++++++++++++++++++end+if%0D%0A++++++++++++++++++++end+if%0D%0A++++++++++++++++++++put+tDefFileMenu+into+line+theStartLineNo+to+-1+of+tFileMenu%0D%0A++++++++++++++++++++%0D%0A++++++++++++++++++++replace+%22%21c%22+with+%22%22+in+tFileMenu%0D%0A+++++++++++++++++++++%0D%0A++++++++++++++++++++if+the+cSaveOnCompile+of+this+stack+is+true+then%0D%0A++++++++++++++++++++++++replace+%22Autosave%22+with+%22%21cAutosave%22+in+tFileMenu%0D%0A++++++++++++++++++++end+if%0D%0A++++++++++++++++++++if+the+cArchiveOnCompile+of+this+stack+is+true+then%0D%0A++++++++++++++++++++++++replace+%22Autoarchive%22+with+%22%21cAutoarchive%22+in+tFileMenu%0D%0A++++++++++++++++++++end+if%0D%0A++++++++++++++++++++if+the+visible+of+stack+%22revGLX2+code%22+is+true+then%0D%0A++++++++++++++++++++++++replace+%22show+script+editor%2Fw%22+with+%22Hide+Script+Editor%2FW%22+in+tFileMenu%0D%0A++++++++++++++++++++else%0D%0A++++++++++++++++++++++++replace+%22hide+script+editor%2Fw%22+with+%22Show+Script+Editor%2FW%22+in+tFileMenu%0D%0A++++++++++++++++++++end+if%0D%0A++++++++++++++++++++put+tFileMenu+into+btn+%22file%22+of+me%0D%0A++++++++++++++++++++%0D%0A++++++++++++++++++++--+add+2+to+account+for+%22quit%22%21%0D%0A++++++++++++++++++++if+the+cWorkSpaceFilePath+of+stack+%22revGLX2+code%22+is+not+empty+then%0D%0A++++++++++++++++++++++++enable+menuitem+-16+of+menu+tBtnName%0D%0A++++++++++++++++++++else%0D%0A++++++++++++++++++++++++disable+menuitem+-16+of+menu+tBtnName%0D%0A++++++++++++++++++++end+if%0D%0A++++++++++++++++++++disable+menuitem+-14+of+menu+tBtnName%0D%0A++++++++++++++++++++disable+menuitem+-13+of+menu+tBtnName%0D%0A++++++++++++++++++++disable+menuitem+-11+of+menu+tBtnName%0D%0A++++++++++++++++++++disable+menuitem+-10+of+menu+tBtnName%0D%0A++++++++++++++++++++disable+menuitem+-8+of+menu+tBtnName%0D%0A++++++++++++++++++++disable+menuitem+-3+of+menu+tBtnName%0D%0A++++++++++++++++++++--put+btn+tBtnName%0D%0A+++++++++++++++++++++%0D%0A++++++++++++++++++++break%0D%0A++++++++++++++++case+%22go%22%0D%0A++++++++++++++++++++if+the+visible+of+grp+%22browser%22+is+true+then%0D%0A++++++++++++++++++++++++put+the+cBrowserGoMenu+of+btn+%22go%22+into+btn+%22go%22%0D%0A++++++++++++++++++++++++enable+menuitem+1+of+menu+%22go%22%0D%0A++++++++++++++++++++++++enable+menuitem+2+of+menu+tBtnName%0D%0A++++++++++++++++++++else%0D%0A++++++++++++++++++++++++put+the+cEditorGoMenu+of+btn+%22go%22+into+btn+%22go%22%0D%0A++++++++++++++++++++++++disable+menuitem+3+of+menu+%22go%22%0D%0A++++++++++++++++++++++++disable+menuitem+4+of+menu+tBtnName%0D%0A++++++++++++++++++++++++disable+menuitem+6+of+menu+tBtnName%0D%0A++++++++++++++++++++++++disable+menuitem+7+of+menu+tBtnName%0D%0A++++++++++++++++++++++++disable+menuitem+8+of+menu+tBtnName%0D%0A++++++++++++++++++++++++disable+menuitem+10+of+menu+tBtnName%0D%0A++++++++++++++++++++++++disable+menuitem+12+of+menu+tBtnName%0D%0A++++++++++++++++++++++++disable+menuitem+13+of+menu+tBtnName%0D%0A++++++++++++++++++++++++disable+menuitem+15+of+menu+%22go%22%0D%0A++++++++++++++++++++++++disable+menuitem+16+of+menu+tBtnName%0D%0A++++++++++++++++++++++++disable+menuitem+18+of+menu+tBtnName%0D%0A++++++++++++++++++++++++disable+menuitem+19+of+menu+tBtnName%0D%0A++++++++++++++++++++++++enable+menuitem+21+of+menu+%22go%22%0D%0A++++++++++++++++++++end+if%0D%0A++++++++++++++++++++break%0D%0A++++++++++++++++case+%22tabs%22%0D%0A++++++++++++++++++++put+glx2GetNoOpenTabs%28%29%2B0+into+tNoTabs%0D%0A++++++++++++++++++++if+tNoTabs+is+not+zero+then%0D%0A++++++++++++++++++++++++if+the+disabled+of+menu+tBtnName+then+%0D%0A++++++++++++++++++++++++++++enable+menu+tBtnName%0D%0A++++++++++++++++++++++++end+if%0D%0A++++++++++++++++++++else%0D%0A++++++++++++++++++++++++if+the+enabled+of+menu+tBtnName+then+%0D%0A++++++++++++++++++++++++++++disable+menu+tBtnName%0D%0A++++++++++++++++++++++++end+if%0D%0A++++++++++++++++++++end+if%0D%0A++++++++++++++++++++break%0D%0A++++++++++++++++default%0D%0A++++++++++++++++++++if+the+enabled+of+menu+tBtnName+then+disable+menu+tBtnName%0D%0A++++++++++++end+SWITCH%0D%0A++++++++end+REPEAT%0D%0A+++++++++%0D%0A++++++++if+line+15+of+btn+%22tools%22+is+not+%22Message+Box%2FM%22+then%0D%0A++++++++++++put+%22Message+Box%2FM%22+into+line+15+of+btn+%22tools%22+--+msg+box%0D%0A++++++++end+if%0D%0A++++++++if+char+1+of+line+15+of+menu+%22tools%22+is+%22%28%22++then%0D%0A++++++++++++delete+char+1+of+line+15+of+btn+%22tools%22+--+message+box%0D%0A++++++++end+if%0D%0A++++++++put+%22Uncompiled+Scripts...%22+%26+cr+before+line+-2+of+btn+%22tools%22%0D%0A+++++++++%0D%0A+++++++++%0D%0A++++else%0D%0A+++++++++%0D%0A++++++++--+code+field+is+visible%0D%0A+++++++++%0D%0A++++++++enable+menu+%22go%22%0D%0A+++++++++%0D%0A++++++++put+the+number+of+btns+in+me+into+tNoBtns%0D%0A++++++++repeat+with+theBtnNo+%3D+1+to+tNoBtns%0D%0A++++++++++++put+the+short+name+of+btn+theBtnNo+of+me+into+tBtnName%0D%0A++++++++++++if+the+disabled+of+menu+tBtnName+then+enable+menu+tBtnName%0D%0A++++++++end+REPEAT%0D%0A+++++++++%0D%0A++++++++--+FILE+MENU%3A%0D%0A++++++++--+SARAH%3A+Changed+from+items+-12%2C+-11%2C+-9%2C+-7+%26+-6%0D%0A++++++++put+%22file%22+into+tBtnName%0D%0A++++++++if+char+1+of+line+-11+of+menu+tBtnName+%3C%3E+%22%28%22+then+disable+menuItem+-11+of+menu+tBtnName%0D%0A++++++++if+char+1+of+line+-8+of+menu+tBtnName+%3C%3E+%22%28%22+then+disable+menuItem+-8+of+menu+tBtnName%0D%0A++++++++if+char+1+of+line+-9+of+menu+tBtnName+%3C%3E+%22%28%22+then+disable+menuItem+-9+of+menu+tBtnName%0D%0A++++++++if+char+1+of+line+-6+of+menu+tBtnName+%3C%3E+%22%28%22+then+disable+menuItem+-6+of+menu+tBtnName%0D%0A+++++++++%0D%0A++++++++repeat+with+theMenuNo+%3D+1+to+5%0D%0A++++++++++++enable+menuItem+theMenuNo+of+menu+%22crumbs%22%0D%0A++++++++end+REPEAT%0D%0A+++++++++%0D%0A++++++++--%3E+EDIT+MENU%3A%0D%0A+++++++++%0D%0A++++++++if+the+selectedtext+is+empty+then%0D%0A++++++++++++if+char+1+of+line+3+of+menu+%22edit%22+%3C%3E+%22%28%22+then%0D%0A++++++++++++++++disable+menuItem+3+of+menu+%22edit%22%0D%0A++++++++++++end+if%0D%0A++++++++++++if+char+1+of+line+4+of+menu+%22edit%22+%3C%3E+%22%28%22+then%0D%0A++++++++++++++++disable+menuItem+4+of+menu+%22edit%22%0D%0A++++++++++++end+if%0D%0A++++++++else%0D%0A++++++++++++if+char+1+of+line+3+of+menu+%22edit%22+%3D+%22%28%22+then%0D%0A++++++++++++++++enable+menuItem+3+of+menu+%22edit%22%0D%0A++++++++++++end+if%0D%0A++++++++++++if+char+1+of+line+4+of+menu+%22edit%22+%3D+%22%28%22+then%0D%0A++++++++++++++++enable+menuItem+4+of+menu+%22edit%22%0D%0A++++++++++++end+if%0D%0A++++++++end+if%0D%0A+++++++++%0D%0A++++++++--+Both+these+need+to+be+5%2C+7+%26+8%0D%0A++++++++--+if+there%27s+nothing+in+the+clipboard+then%0D%0A++++++++--+disable+all+the+paste+items%0D%0A++++++++--+otherwise+enable+all+the+paste+items%0D%0A++++++++if+the+clipboard+is+not+%22text%22+or+the+clipboarddata+is+empty+then%0D%0A++++++++++++if+char+1+of+line+5+of+menu+%22edit%22+%3C%3E+%22%28%22+then%0D%0A++++++++++++++++disable+menuItem+5+of+menu+%22edit%22%0D%0A++++++++++++end+if%0D%0A++++++++++++if+char+1+of+line+7+of+menu+%22edit%22+%3C%3E+%22%28%22+then%0D%0A++++++++++++++++disable+menuItem+7+of+menu+%22edit%22%0D%0A++++++++++++end+if%0D%0A++++++++++++if+char+1+of+line+8+of+menu+%22edit%22+%3C%3E+%22%28%22+then%0D%0A++++++++++++++++disable+menuItem+8+of+menu+%22edit%22%0D%0A++++++++++++end+if%0D%0A++++++++else%0D%0A++++++++++++if+char+1+of+line+3+of+menu+%22edit%22+%3D+%22%28%22+then%0D%0A++++++++++++++++enable+menuItem+5+of+menu+%22edit%22%0D%0A++++++++++++++++--+end+if%0D%0A++++++++++++++++--+if+char+1+of+line+3+of+menu+%22edit%22+%3D+%22%28%22+then%0D%0A++++++++++++++++enable+menuItem+7+of+menu+%22edit%22%0D%0A++++++++++++++++--+end+if%0D%0A++++++++++++++++--+if+char+1+of+line+3+of+menu+%22edit%22+%3D+%22%28%22+then%0D%0A++++++++++++++++enable+menuItem+8+of+menu+%22edit%22%0D%0A++++++++++++end+if%0D%0A++++++++end+if%0D%0A+++++++++%0D%0A++++++++put+getHandlerNameFromScript%28%29+into+tHandlerName%0D%0A+++++++++%0D%0A++++++++--%3E+SCRIPT+MENU%3A%0D%0A++++++++put+btn+%22script%22+of+me+into+tScriptMenu%0D%0A++++++++replace+%22%21c%22+with+%22%22+in+tScriptMenu%0D%0A++++++++if+tHandlerName+is+empty+then%0D%0A++++++++++++replace+cr+%26+%22Declare+Temp+Vars+in+Handler%2FD%22+with+cr+%26+%22%28Declare+Temp+Vars+in+Handler%2FD%22+in+tScriptMenu%0D%0A++++++++else%0D%0A++++++++++++replace+cr+%26+%22%28Declare+Temp+Vars+in+Handler%2FD%22+with+cr+%26+%22Declare+Temp+Vars+in+Handler%2FD%22+in+tScriptMenu%0D%0A++++++++end+if%0D%0A++++++++if+the+cEnablePanes+of+this+stack+is+false+then%0D%0A++++++++++++replace+%22Disable+Panes%22+with+%22Enable+Panes%22+in+tScriptMenu%0D%0A++++++++else%0D%0A++++++++++++replace+%22Enable+Panes%22+with+%22Disable+Panes%22+in+tScriptMenu%0D%0A++++++++end+if%0D%0A+++++++++%0D%0A++++++++%2F*+SARAH%3A+I+don%27t+think+these+are+used+any+more%0D%0A++++++++IF+the+bottom+of+btn+%22split%22+-+the+bottom+of+grc+%22top+bg%22+%3C+65+THEN%0D%0A++++++++++++replace+%22Close+split+pane%22+with+%22Open+Split+Pane%22+in+tScriptMenu+%0D%0A++++++++ELSE%0D%0A++++++++++++replace+%22open+split+pane%22+with+%22Close+Split+Pane%22+in+tScriptMenu+%0D%0A++++++++END+IF%0D%0A++++++++IF+the+cCompleteOnReturn+of+this+stack+is+true+THEN%0D%0A++++++++++++replace+%22Complete+on+Return+Key%22+with+%22%21cComplete+on+Return+Key%22+in+tScriptMenu%0D%0A++++++++END+IF%0D%0A++++++++*%2F%0D%0A+++++++++%0D%0A++++++++if+the+cExplicitVariables+of+this+cd+is+true+or+the+cExplicitVariables+of+this+stack+is+true+then%0D%0A++++++++++++replace+%22Explicit+Variables+Mode%22+with+%22%21cExplicit+Variables+Mode%22+in+tScriptMenu%0D%0A++++++++end+if%0D%0A+++++++++%0D%0A++++++++--+SARAH%3A+changed+to+make+sure+that+these+2+cannot+be+checked+at+the+same+time%0D%0A++++++++--+I+gave+priority+to+debug+mode%2C+but+you+may+prefer+to+switch+this%0D%0A++++++++if+the+cREVScriptDebugMode+of+stack+tPreferences+is+true+then%0D%0A++++++++++++replace+%22Script+Debug+Mode%22+with+%22%21cScript+Debug+Mode%22+in+tScriptMenu%0D%0A++++++++++++replace+%22%21cScript+Snapshot+Mode%22+with+%22Script+Snapshot+Mode%22+in+tScriptMenu%0D%0A++++++++++++set+the+cScriptSnapshot+of+this+stack+to+false%0D%0A++++++++end+if%0D%0A++++++++if+the+cScriptSnapshot+of+this+stack+is+true+then%0D%0A++++++++++++replace+%22Script+Snapshot+Mode%22+with+%22%21cScript+Snapshot+Mode%22+in+tScriptMenu%0D%0A++++++++++++replace+%22%21cScript+Debug+Mode%22+with+%22Script+Debug+Mode%22+in+tScriptMenu%0D%0A++++++++++++--+JERRY%3A+sending+a+message+to+set+the+rev+debug+more+to+false%0D%0A++++++++++++--+calling+it+in-syn+stopped+this+script+in+its+tracks%0D%0A++++++++++++send+%22setDebugModeRemote+false%22+to+me+in+10+millisecs%0D%0A++++++++end+if%0D%0A++++++++put+tScriptMenu+into+btn+%22script%22+of+me%0D%0A++++++++if+the+visible+of+grp+%22browser%22+is+true+then%0D%0A++++++++++++disable+menu+%22script%22%0D%0A++++++++else%0D%0A++++++++++++enable+menu+%22script%22%0D%0A++++++++end+if%0D%0A+++++++++%0D%0A++++++++--%3E+GO+MENU%3A%0D%0A++++++++--+SARAH%3A+changed+to+using+variable+from+the+start+instead+of+working+with+the+btn+directly%0D%0A+++++++++%0D%0A++++++++if+the+visible+of+grp+%22browser%22+is+true+then%0D%0A++++++++++++put+the+cBrowserGoMenu+of+btn+%22go%22+into+btn+%22go%22%0D%0A++++++++else%0D%0A++++++++++++put+the+cEditorGoMenu+of+btn+%22go%22+into+btn+%22go%22%0D%0A++++++++++++enable+menuitem+1+of+menu+%22go%22%0D%0A++++++++++++enable+menuitem+2+of+menu+tBtnName%0D%0A++++++++++++enable+menuitem+4+of+menu+tBtnName%0D%0A++++++++++++enable+menuitem+5+of+menu+tBtnName%0D%0A++++++++++++enable+menuitem+6+of+menu+tBtnName%0D%0A++++++++++++enable+menuitem+8+of+menu+tBtnName%0D%0A++++++++++++enable+menuitem+10+of+menu+tBtnName%0D%0A++++++++++++enable+menuitem+11+of+menu+tBtnName%0D%0A++++++++++++enable+menuitem+13+of+menu+%22go%22%0D%0A++++++++++++enable+menuitem+14+of+menu+tBtnName%0D%0A++++++++++++enable+menuitem+16+of+menu+tBtnName%0D%0A++++++++++++enable+menuitem+17+of+menu+tBtnName%0D%0A++++++++++++enable+menuitem+19+of+menu+%22go%22%0D%0A++++++++end+if%0D%0A+++++++++%0D%0A++++++++put+btn+%22go%22+of+me+into+tGoMenu%0D%0A+++++++++%0D%0A++++++++put+lineoffset%28%22show+object+in+%22%2CtGoMenu%29+into+tShowObjectLineNo%0D%0A++++++++if+tShowObjectLineNo+is+not+zero+then%0D%0A++++++++++++if+there+is+a+stack+%22revGalaxy+projects%22+then%0D%0A++++++++++++++++put+%22Show+Object+in+Projects%2FJ%22+into+line+tShowObjectLineNo+of+tGoMenu%0D%0A++++++++++++else%0D%0A++++++++++++++++put+%22Show+Object+in+App+Browser%2FJ%22+into+line+tShowObjectLineNo+of+tGoMenu%0D%0A++++++++++++end+if%0D%0A++++++++end+if%0D%0A+++++++++%0D%0A++++++++replace+%22%21c%22+with+%22%22+in+tGoMenu+%0D%0A++++++++if+the+cWholeWord+of+this+stack+is+true+then%0D%0A++++++++++++replace+%22Whole+Word+Searching%22+with+%22%21cWhole+Word+Searching%22+in+tGoMenu+%0D%0A++++++++end+if%0D%0A++++++++if+the+cCaseSensitive+of+this+stack+is+true+then%0D%0A++++++++++++replace+%22Case+Sensitive+Searching%22+with+%22%21cCase+Sensitive+Searching%22+in+tGoMenu+%0D%0A++++++++end+if%0D%0A+++++++++%0D%0A++++++++put+tGoMenu+into+btn+%22go%22%0D%0A+++++++++%0D%0A++++++++--%3E+HANDLERS+MENU%3A%0D%0A++++++++put+the+cHandlers+of+this+card+into+tHandlers%0D%0A++++++++if+tHandlers+is+empty+then%0D%0A++++++++++++put+the+cDefaultMenu+of+btn+%22handlers%22+of+me+into+btn+%22Handlers%22%0D%0A++++++++else%0D%0A++++++++++++put+the+cDefaultMenu+of+btn+%22handlers%22+of+me+%26+cr+%26+%22-%22+%26+cr+%26+tHandlers+into+btn+%22Handlers%22%0D%0A++++++++end+if%0D%0A++++++++if+the+visible+of+grp+%22browser%22+is+true+then%0D%0A++++++++++++disable+menu+%22handlers%22%0D%0A++++++++else%0D%0A++++++++++++enable+menu+%22handlers%22%0D%0A++++++++end+if%0D%0A+++++++++%0D%0A++++++++--%3E+TABS+MENU%3A%0D%0A++++++++put+glx2GetNoActiveTabs%28%29%2B0+into+tNoActiveTabs%0D%0A++++++++switch+tNoActiveTabs%0D%0A++++++++++++case+0%0D%0A++++++++++++++++if+the+enabled+of+menu+%22tabs%22+then+disable+menu+%22tabs%22%0D%0A++++++++++++++++break%0D%0A++++++++++++case+1%0D%0A++++++++++++++++if+the+disabled+of+menu+%22tabs%22+then+enable+menu+%22tabs%22%0D%0A++++++++++++++++repeat+with+tMenuItemNo+%3D+1+to+8%0D%0A++++++++++++++++++++if+tMenuItemNo+%3D+7+then+next+repeat%0D%0A++++++++++++++++++++if+char+1+of+line+tMenuItemNo+of+menu+%22tabs%22+%3C%3E+%22%28%22+then+disable+menuItem+tMenuItemNo+of+menu+%22tabs%22%0D%0A++++++++++++++++end+REPEAT%0D%0A++++++++++++++++if+char+1+of+line+7+of+menu+%22tabs%22+%3D+%22%28%22+then+enable+menuItem+7+of+menu+%22tabs%22%0D%0A++++++++++++++++break%0D%0A++++++++++++default%0D%0A++++++++++++++++if+the+disabled+of+menu+%22tabs%22+then+enable+menu+%22tabs%22%0D%0A++++++++++++++++repeat+with+tMenuItemNo+%3D+1+to+8%0D%0A++++++++++++++++++++if+char+1+of+line+tMenuItemNo+of+menu+%22tabs%22+%3D+%22%28%22+then+enable+menuItem+tMenuItemNo+of+menu+%22tabs%22%0D%0A++++++++++++++++end+REPEAT%0D%0A++++++++end+SWITCH%0D%0A+++++++++%0D%0A++++++++--%3E+CRUMBS+MENU%3A%0D%0A++++++++if+tHandlerName+is+empty+then%0D%0A++++++++++++if+char+1+of+line+1+of+menu+%22crumbs%22+%3D+%22%28%22+then%0D%0A++++++++++++++++disable+menuItem+1+of+menu+%22crumbs%22%0D%0A++++++++++++end+if%0D%0A++++++++else%0D%0A++++++++++++if+char+1+of+line+1+of+menu+%22crumbs%22+%3C%3E+%22%28%22+then%0D%0A++++++++++++++++enable+menuItem+1+of+menu+%22crumbs%22%0D%0A++++++++++++end+if%0D%0A++++++++end+if%0D%0A++++++++%0D%0A++++++++if+fld+%22crumbs%22+is+not+empty+then%0D%0A++++++++++++repeat+with+tMenuItem+%3D+3+to+5%0D%0A++++++++++++++++if+char+1+of+line+tMenuItem+of+menu+%22crumbs%22+%3D+%22%28%22+then+enable+menuItem+tMenuItem+of+menu+%22crumbs%22%0D%0A++++++++++++end+REPEAT%0D%0A++++++++else%0D%0A++++++++++++repeat+with+tMenuItem+%3D+3+to+5%0D%0A++++++++++++++++if+char+1+of+line+tMenuItem+of+menu+%22crumbs%22+%3C%3E+%22%28%22+then+disable+menuItem+tMenuItem+of+menu+%22crumbs%22%0D%0A++++++++++++end+REPEAT%0D%0A++++++++end+if%0D%0A++++++++%0D%0A++++++++if+the+visible+of+grp+%22browser%22+is+true+then%0D%0A++++++++++++disable+menu+%22crumbs%22%0D%0A++++++++else%0D%0A++++++++++++enable+menu+%22crumbs%22%0D%0A++++++++end+if%0D%0A+++++++++%0D%0A++++++++--%3E+TOOLS+%26+DEVELOPMENT+MENUS%3A%0D%0A++++++++if+the+environment+is+%22development%22+then%0D%0A++++++++++++simMouseDown%0D%0A++++++++end+if%0D%0A++++++++put+%22-%22+%26+cr+%26+%22Script+Snapshot%22+%26+cr+%26+%22Execution+Errors%22+%26+cr+%26+%22-%22+%26+cr+%26+%22Message+Box%2FM%22+into+line+11+to+13+of+btn+%22tools%22+of+me%0D%0A+++++++++%0D%0A++++++++--%3E+FILE+MENU%3A%0D%0A++++++++--+SARAH%3A+changed+to+using+variable+from+the+start+instead+of+working+with+the+btn+directly%0D%0A++++++++put+btn+%22file%22+of+me+into+tFileMenu+%0D%0A++++++++put+cr+%26+%22-%22+after+line+2+of+tFileMenu%0D%0A++++++++put+lineoffset%28%22close%2Fw%22%2CtFileMenu%29+into+theStartLineNo%0D%0A++++++++put+the+cDefaultMenu+of+btn+%22file%22+of+me+into+tDefFileMenu%0D%0A++++++++put+lineoffset%28%22Open+recent+work+space%22%2CtDefFileMenu%29+into+tRecentWSLineNo%0D%0A++++++++if+tRecentWSLineNo+is+not+zero+then%0D%0A++++++++++++put+the+cWorkSpaceFilePaths+of+stack+%22revGLX2+code%22+into+tWorkSpaceFilePaths%0D%0A++++++++++++put+the+cWorkSpaceFilePath+of+stack+%22revGLX2+code%22+into+tCurrentWorkSpaceFilePath%0D%0A++++++++++++if+tWorkSpaceFilePaths+is+not+empty+then%0D%0A++++++++++++++++filter+tWorkSpaceFilePaths+without+tCurrentWorkSpaceFilePath%0D%0A++++++++++++++++if+tWorkSpaceFilePaths+is+not+empty+then%0D%0A++++++++++++++++++++if+the+cRecentSort+of+stack+tPreferences+is+%22alphabetically%22+then%0D%0A++++++++++++++++++++++++sort+tWorkSpaceFilePaths%0D%0A++++++++++++++++++++end+if%0D%0A++++++++++++++++++++put+the+itemdel+into+tDelim%0D%0A++++++++++++++++++++set+the+itemdel+to+%22%2F%22%0D%0A++++++++++++++++++++repeat+for+each+line+theWorkSpaceFilePath+in+tWorkSpaceFilePaths%0D%0A++++++++++++++++++++++++put+tab+%26+item+-1+of+theWorkSpaceFilePath+%26+cr+after+tRecentWSMenu%0D%0A++++++++++++++++++++end+repeat%0D%0A++++++++++++++++++++set+the+itemdel+to+tDelim%0D%0A++++++++++++++++++++if+tRecentWSMenu+is+not+empty+then%0D%0A++++++++++++++++++++++++replace+%22.glx%22+with+%22%22+in+tRecentWSMenu%0D%0A++++++++++++++++++++++++if+the+last+char+of+tRecentWSMenu+is+return+then%0D%0A++++++++++++++++++++++++++++delete+the+last+char+of+tRecentWSMenu%0D%0A++++++++++++++++++++++++end+if%0D%0A++++++++++++++++++++++++put+cr+%26+tRecentWSMenu+after+line+tRecentWSLineNo+of+tDefFileMenu%0D%0A++++++++++++++++++++end+if%0D%0A++++++++++++++++else%0D%0A++++++++++++++++++++put+%22%28%22+before+line+tRecentWSLineNo+of+tDefFileMenu%0D%0A++++++++++++++++end+if%0D%0A++++++++++++end+if%0D%0A++++++++end+if%0D%0A++++++++put+tDefFileMenu+into+line+theStartLineNo+to+-1+of+tFileMenu%0D%0A++++++++replace+%22%21c%22+with+%22%22+in+tFileMenu%0D%0A+++++++++%0D%0A++++++++if+the+cSaveOnCompile+of+this+stack+is+true+then%0D%0A++++++++++++replace+%22Autosave%22+with+%22%21cAutosave%22+in+tFileMenu%0D%0A++++++++end+if%0D%0A++++++++if+the+cArchiveOnCompile+of+this+stack+is+true+then%0D%0A++++++++++++replace+%22Autoarchive%22+with+%22%21cAutoarchive%22+in+tFileMenu%0D%0A++++++++end+if%0D%0A++++++++if+the+visible+of+stack+%22revGLX2+code%22+is+true+then%0D%0A++++++++++++replace+%22show+script+editor%2Fw%22+with+%22Hide+Script+Editor%2FW%22+in+tFileMenu%0D%0A++++++++else%0D%0A++++++++++++replace+%22hide+script+editor%2Fw%22+with+%22Show+Script+Editor%2FW%22+in+tFileMenu%0D%0A++++++++end+if%0D%0A++++++++put+tFileMenu+into+btn+%22file%22+of+me%0D%0A++++++++%0D%0A++++++++if+the+cWorkSpaceFilePath+of+stack+%22revGLX2+code%22+is+not+empty+then%0D%0A++++++++++++enable+menuitem+-16+of+menu+%22file%22%0D%0A++++++++else%0D%0A++++++++++++disable+menuitem+-16+of+menu+%22file%22%0D%0A++++++++end+if%0D%0A++++++++%0D%0A+++++++++%0D%0A++++++++--%3E+TOOLZ+MENU%3A%0D%0A++++++++put+btn+%22Tools%22+of+me+into+tToolsMenu%0D%0A++++++++replace+%22Tools+Palette%2FT%22+with+%22Tools+Palette%22+in+tToolsMenu%0D%0A++++++++put+%22Uncompiled+Scripts...%22+%26+cr+before+line+-2+of+tToolsMenu%0D%0A++++++++put+tToolsMenu+into+btn+%22Tools%22+of+me+%0D%0A+++++++++%0D%0A++++end+if%0D%0A+++++%0D%0A++++--+HELP+MENU%3A%0D%0A++++--+JERRY%3A+checking+for+internet+connection%0D%0A++++--+put+%22help%22+into+tBtnName%0D%0A++++--+put+glx2HaveIPconnect%28%29+into+theInternetConnection%0D%0A++++--+put+the+number+of+lines+in+btn+tBtnName+of+me+into+theNoMenuItems%0D%0A++++--+repeat+with+tMenuItemNo+%3D+1+to+theNoMenuItems%0D%0A++++--+put+line+tMenuItemNo+of+btn+tBtnName+into+tMenuItem%0D%0A++++--+if+tMenuItem+is+%22Read+Change+History%22+then%0D%0A++++--+enable+menuItem+tMenuItemNo+of+menu+tBtnName%0D%0A++++--+else%0D%0A++++--+if+char+1+of+line+tMenuItemNo+of+btn+tBtnName+is+not+tab+then%0D%0A++++--+if+theInternetConnection+is+false+then%0D%0A++++--+disable+menuItem+tMenuItemNo+of+menu+tBtnName%0D%0A++++--+else%0D%0A++++--+enable+menuItem+tMenuItemNo+of+menu+tBtnName%0D%0A++++--+end+if%0D%0A++++--+end+if%0D%0A++++--+end+if%0D%0A++++--+end+repeat%0D%0A+++++%0D%0A++++unlock+menus%0D%0A+++++%0D%0Aend+mouseDown%0D%0A%0D%0A--%3E+utils%0D%0A%0D%0Aon+setDebugModeRemote+pMode%0D%0A++++local+tPreferences%0D%0A++++%0D%0A++++put+glx2GetIDEStackName%28%22revmenubar%22%29+into+tPreferences%0D%0A++++set+the+cREVScriptDebugMode+of+stack+tPreferences+to+pMode%0D%0Aend+setDebugModeRemote%0D%0A%0D%0Afunction+glxFilterStacksList+pStacks%0D%0A+++global+gREVPassMode+--hack+to+deal+with+modes+on+startup%0D%0A+++local+tReturnValue%0D%0A+++repeat+for+each+line+l+in+pStacks%0D%0A++++++if+char+1+to+3+of+l+is+not+%22rev%22+and+l+is+not+among+the+items+of+%22Message+Box%2CHome%2Canswer+dialog%2Cask+dialog%2Cscript+debugger%2Cfile+selector%2Ccolor+chooser%2CMagnify%22+or+%28the+mode+of+stack+l+is+1+and+not+gREVPassMode%29+then+put+l+%26+cr+after+tReturnValue%0D%0A+++end+repeat%0D%0A+++delete+last+char+of+tReturnValue%0D%0A+++put+false+into+gREVPassMode%0D%0A+++return+tReturnValue%0D%0Aend+glxFilterStacksList%0D%0A%0D%0Aon+simMouseDown%0D%0A+++local+tMenuBar%2C+tPreferences%0D%0A+++global+gREVTextMenu%2C+gREVDisabledText%2C+gREVShowStacks+++%0D%0A+++local+tNumBgs%2Ci%2CtFont%2CtSize%2CtAlign%2CtStyle%2CtColor%2CtTextSelected%2CtObjectsSelected%0D%0A+++local+tHCAddressing%0D%0A+++local+tEnableText%0D%0A+++local+tText%2C+tTextMenuSelection%0D%0A+++local+tSelField%0D%0A+++local+tTargetStack%0D%0A+++local+tName%0D%0A+++local+tShift%0D%0A+++local+tLineNo%0D%0A+++local+tStartNum%0D%0A+++local+tAlignSkip%0D%0A+++local+tEdit%2C+tView%2C+tObject%2C+tTools%0D%0A+++local+tGroupNames%2C+tGroups%2C+tFinalGroups%0D%0A+++local+tStart%2C+tEnd%2C+tFinal%0D%0A+++local+tOpenStacks%2C+tStacks%2C+tFile%0D%0A+++local+tStackList%0D%0A+++local+tTopMostStack%2C+tMainStack%2C+tStack%2C+tTopStack%2C+tDocsStack%0D%0A+++local+tRecentStart%2C+tRecentFinish%2C+tRecentFiles%0D%0A+++local+tTopIsModeless%0D%0A+++local+tModeVar%0D%0A+++local+tSelectedObject%0D%0A+++local+tEnableFlipandRotate%0D%0A+++local+tAllGraphics%2C+tAllImages%0D%0A+++local+tDevelopment%2C+tHelp%2C+tStandaloneStart%2C+tStandaloneEnd%0D%0A+++local+tLineOffset%0D%0A+++%0D%0A+++put+glx2GetIDEStackName%28%22revmenubar%22%29+into+tMenuBar%0D%0A+++put+glx2GetIDEStackName%28%22revpreferences%22%29+into+tPreferences%0D%0A+++%0D%0A+++put+the+hcaddressing+of+the+topstack+into+tHCAddressing%0D%0A+++set+the+hcaddressing+of+the+topstack+to+false%0D%0A+++%0D%0A+++if+%28the+selectedText%29+is+empty+then%0D%0A++++++put+false+into+tTextSelected%0D%0A+++else%0D%0A++++++put+true+into+tTextSelected%0D%0A+++end+if%0D%0A+++%0D%0A+++%23%23check+what+the+Text+menu+should+operate+on%0D%0A+++put+false+into+tEnableText%0D%0A+++put+empty+into+tTextMenuSelection%0D%0A+++if+%28the+selectedObject%29+is+not+empty+then%0D%0A++++++put+true+into+tEnableText%0D%0A++++++put+%22objects%22+into+tTextMenuSelection%0D%0A++++++put+true+into+tObjectsSelected%0D%0A+++else+put+false+into+tObjectsSelected%0D%0A+++if+the+selectedfield+is+not+empty+then%0D%0A++++++put+the+long+id+of+the+selectedfield+into+tSelField%0D%0A++++++put+glxTargetStack%28tSelField%29+into+tTargetStack%0D%0A++++++if+glxFilterStacksList%28tTargetStack%29+is+tTargetStack+then+%0D%0A+++++++++put+true+into+tEnableText%0D%0A+++++++++put+%22text%22+into+tTextMenuSelection%0D%0A++++++else%0D%0A+++++++++put+the+short+name+of+tSelField+into+tName%0D%0A+++++++++if+word+1+of+tTargetStack+is+%22revPropertyPalette%22+then%0D%0A++++++++++++switch+tName+%0D%0A+++++++++++++++case+%22label%22%0D%0A+++++++++++++++case+%22htmlText%22%0D%0A+++++++++++++++case+%22text%22%0D%0A++++++++++++++++++put+true+into+tEnableText%0D%0A++++++++++++++++++put+%22text%22+into+tTextMenuSelection%0D%0A++++++++++++++++++break%0D%0A++++++++++++end+SWITCH%0D%0A+++++++++else+if+tTargetStack+is+%22revMenuManager%22%0D%0A+++++++++then+if+tName+is+%22Menu+Name%22+or+tName+is+%22Item+Name%22+then+%0D%0A++++++++++++put+true+into+tEnableText%0D%0A++++++++++++put+%22text%22+into+tTextMenuSelection%0D%0A+++++++++end+if%0D%0A++++++end+if%0D%0A+++end+if%0D%0A+++%0D%0A+++if+not+tEnableText+then%0D%0A++++++if+there+is+a+button+%22Text%22+of+stack+tMenuBar+then%0D%0A+++++++++set+the+text+of+btn+%22Text%22+of+stack+tMenuBar+to+gREVDisabledText%0D%0A++++++end+if%0D%0A+++else+++%0D%0A++++++%0D%0A++++++if+there+is+a+button+%22Text%22+of+stack+tMenuBar+then%0D%0A+++++++++set+the+text+of+btn+%22Text%22+of+stack+tMenubar+to+gREVTextMenu%0D%0A++++++end+if%0D%0A++++++put+gREVTextMenu+into+tText%0D%0A++++++if+tTextMenuSelection+is+%22objects%22+then+++%0D%0A+++++++++--selected+object+++%0D%0A+++++++++put+%22%28%21nSubscript%22+%26+cr+%26+%22%28%21nSuperscript%22+into+line+11+to+12+of+tText+++%0D%0A+++++++++put+the+textfont+of+the+selectedobject+into+tFont+++%0D%0A+++++++++put+the+textsize+of+the+selectedobject+into+tSize+++%0D%0A+++++++++put+the+textstyle+of+the+selectedobject+into+tStyle+++%0D%0A+++++++++put+the+textcolor+of+the+selectedobject+into+tColor+++%0D%0A+++++++++put+the+textalign+of+the+selectedobject+into+tAlign+++%0D%0A+++++++++if+the+number+of+lines+in+%28the+selObj%29+%3E+1+then+++%0D%0A++++++++++++repeat+for+each+line+l+in+%28the+selObj%29+++%0D%0A+++++++++++++++if+the+textfont+of+l+is+not+tFont+then+put+%22MULTIPLE%22+into+tFont+++%0D%0A+++++++++++++++if+the+textsize+of+l+is+not+tSize+then+put+%22MULTIPLE%22+into+tSize+++%0D%0A+++++++++++++++if+the+textstyle+of+l+is+not+tStyle+then+put+%22MULTIPLE%22+into+tStyle+++%0D%0A+++++++++++++++if+the+textcolor+of+l+is+not+tColor+then+put+%22MULTIPLE%22+into+tColor+++%0D%0A+++++++++++++++if+the+textalign+of+l+is+not+tAlign+then+put+empty+into+tAlign+++%0D%0A++++++++++++end+REPEAT+++%0D%0A+++++++++end+if+++%0D%0A++++++else+++%0D%0A+++++++++--selected+text+++%0D%0A+++++++++put+the+textfont+of+the+selectedchunk+into+tFont+++%0D%0A+++++++++put+the+textsize+of+the+selectedchunk+into+tSize+++%0D%0A+++++++++put+the+textstyle+of+the+selectedchunk+into+tStyle%0D%0A+++++++++if+tStyle+is+empty+then+put+%22plain%22+into+tStyle%0D%0A+++++++++put+the+textshift+of+the+selectedchunk+into+tShift+++%0D%0A+++++++++put+the+textcolor+of+the+selectedchunk+into+tColor+++%0D%0A+++++++++--text+shift+++%0D%0A+++++++++if+tShift+is+empty+then+put+0+into+tShift+++%0D%0A+++++++++if+tShift+%3E+0+then+put+%22%21cSubscript%22+into+line+11+of+tText+++%0D%0A+++++++++else+put+%22%21nSubscript%22+into+line+11+of+tText+++%0D%0A+++++++++if+tShift+%3C+0+then+put+%22%21cSuperscript%22+into+line+12+of+tText+++%0D%0A+++++++++else+put+%22%21nSuperscript%22+into+line+12+of+tText+++%0D%0A++++++end+if+++%0D%0A++++++--font+++%0D%0A++++++if+tFont+is+empty+then+put+%22Use+Owner%27s+Font%22+into+tFont+++%0D%0A++++++put+lineoffset%28tFont%2CtText%29+into+tLineNo+++%0D%0A++++++if+tLineNo+is+not+0+then+++%0D%0A+++++++++--if+it+is+0%2C+auto+unhiliting+will+occur+as+text+is+set+to+default+++%0D%0A+++++++++put+%22c%22+into+char+2+of+line+tLineNo+of+tText+++%0D%0A++++++end+if+++%0D%0A++++++--size+++%0D%0A++++++put+lineoffset%28%22Size%22%26cr%2CtText%29+into+tStartNum+++%0D%0A++++++if+tSize+is+empty+then+put+%22Use+Owner%27s+Size%22+into+tSize+++%0D%0A++++++%0D%0A++++++put+lineoffset%28tSize%2CtText%2CtStartNum%29%2BtStartNum+into+tLineNo+++%0D%0A++++++if+tLineNo+is+not+0+and+tSize+is+not+%22Multiple%22+then+++%0D%0A+++++++++if+tSize+is+not+among+the+items+of+%22Use+Owner%27s+Size%2C8%2C9%2C10%2C12%2C14%2C18%2C24%2C36%2C48%22+then+put+lineoffset%28%22Other...%22%26cr%2CtText%29+into+tLineNo+++%0D%0A+++++++++put+%22c%22+into+char+2+of+line+tLineNo+of+tText+++%0D%0A++++++end+if+++%0D%0A++++++--style+++%0D%0A++++++replace+%22threedbox%22+with+%223D+Box%22+in+tStyle+++%0D%0A++++++repeat+for+each+item+tItem+in+tStyle+++%0D%0A+++++++++put+lineoffset%28tItem%2C+tText%29+into+tLineNo+++%0D%0A+++++++++if+tLineNo+is+not+0+then+put+%22c%22+into+char+2+of+line+tLineNo+of+tText+++%0D%0A++++++end+REPEAT+++%0D%0A++++++--color+++%0D%0A++++++if+tColor+is+%220%2C0%2C0%22+then+put+%22Black%22+into+tColor+++%0D%0A++++++if+tColor+is+%22255%2C255%2C255%22+then+put+%22White%22+into+tColor+++%0D%0A++++++if+tcolor+is+%22255%2C0%2C0%22+then+put+%22Red%22+into+tColor+++%0D%0A++++++if+tColor+is+%220%2C255%2C0%22+then+put+%22Green%22+into+tColor+++%0D%0A++++++if+tColor+is+%220%2C0%2C255%22+then+put+%22Blue%22+into+tColor+++%0D%0A++++++if+tColor+is+%22255%2C255%2C0%22+then+put+%22Yellow%22+into+tColor+++%0D%0A++++++put+lineoffset%28%22Color%22%26cr%2CtText%29+into+tStartNum+++%0D%0A++++++if+tColor+is+empty+then+put+%22Use+Owner%27s+Color%22+into+tColor+++%0D%0A++++++if+tColor+is+the+pencolor+then+put+%22pen+color%22+into+tColor+++%0D%0A++++++put+lineoffset%28tColor%2CtText%2CtStartNum%29%2BtStartNum+into+tLineNo+++%0D%0A++++++if+tLineNo+is+not+0+and+tLineNo+is+not+tStartNum+then+++%0D%0A+++++++++put+%22c%22+into+char+2+of+line+tLineNo+of+tText+++%0D%0A++++++end+if+++%0D%0A++++++--align+++%0D%0A++++++if+tAlign+is+not+empty+then%0D%0A+++++++++put+lineoffset%28%22%26Align%22%2CtText%29+into+tAlignSkip%0D%0A+++++++++--items+including+right%2Cleft%2Ccenter+could+be+included+in+Font+menu%0D%0A+++++++++put+lineoffset%28tAlign%2CtText%2CtAlignSkip%29+%2B+tAlignSkip+into+tAlignSkip%0D%0A+++++++++put+%22c%22+into+char+2+of+line+tAlignSkip+of+tText%0D%0A++++++end+if+++%0D%0A++++++--set+menu+++%0D%0A++++++--set+the+text+of+menu+%22Text%22+of+stack+tMenubar+to+tText+++%0D%0A+++end+if+++%0D%0A+++%0D%0A+++try%0D%0A++++++put+the+text+of+btn+%22Edit%22+of+stack+tMenubar+into+tEdit+--only+set+the+text+once+++%0D%0A++++++put+the+text+of+btn+%22View%22+of+stack+tMenubar+into+tView+++%0D%0A++++++put+the+text+of+btn+%22Object%22+of+stack+tMenubar+into+tObject+++%0D%0A++++++put+the+text+of+btn+%22Tools%22+of+stack+tMenubar+into+tTools%0D%0A++++++if+the+mode+of+stack+%22revTools%22+is+not+0+then+put+%22%21c%26Tools+Palette%2FT%22+into+line+4+of+tTools+else+put+%22%21n%26Tools+Palette%2FT%22+into+line+4+of+tTools+++++%0D%0A++++++if+the+tool+is+%22pointer+tool%22+then+put+%22%21c%26Pointer+Tool%2F0%22+into+line+2+of+tTools+else+put+%22%21n%26Pointer+Tool%2F0%22+into+line+2+of+tTools+++%0D%0A++++++if+%22Show%22+is+in+the+tooltip+of+btn+%22paint+and+draw%22+of+stack+%22revTools%22+then+put+%22%21nPaint+and+Draw+Tools%22+into+line+5+of+tTools+else+put+%22%21cPaint+and+Draw+Tools%22+into+line+5+of+tTools%0D%0A++++++if+the+tool+is+%22browse+tool%22+then+put+%22%21c%26Browse+Tool%2F9%22+into+line+1+of+tTools+else+put+%22%21n%26Browse+Tool%2F9%22+into+line+1+of+tTools%0D%0A+++catch+e%0D%0A+++end+try%0D%0A+++%0D%0A+++put+the+num+of+bgs+in+the+topstack+into+tNumBgs%0D%0A+++put+empty+into+tGroupNames%0D%0A+++put+1+into+i%0D%0A+++repeat+while+tNumBgs+%3E+0+--+with+i+%3D+1+to+tNumBgs%0D%0A++++++if+word+1+of+the+owner+of+bg+i+of+the+topstack+is+among+the+items+of+%22card%2Cstack%22+then%0D%0A+++++++++put+the+short+name+of+bg+i+of+the+topstack+%26+cr+after+tGroupNames%0D%0A+++++++++subtract+1+from+tNumBgs%0D%0A++++++end+if%0D%0A++++++add+1+to+i%0D%0A+++end+REPEAT%0D%0A+++delete+last+char+of+tGroupNames+%0D%0A+++put+the+groupnames+of+this+cd+of+the+topstack+into+tGroups+++%0D%0A+++repeat+for+each+line+l+in+tGroupNames+++%0D%0A++++++if+l+is+not+among+the+lines+of+tGroups+then+put+tab+%26+l+%26+cr+after+tFinalGroups+++%0D%0A+++end+REPEAT+++%0D%0A+++delete+last+char+of+tFinalGroups%0D%0A+++sort+tFinalGroups+++%0D%0A+++put+lineoffset%28%22Place+Group%22%2CtObject%29+into+tStart+++%0D%0A+++set+the+wholematches+to+true+++%0D%0A+++put+lineoffset%28%22-%22%2CtObject%2CtStart%29%2BtStart-1+into+tEnd+++%0D%0A+++set+the+wholematches+to+false+++%0D%0A+++put+%22Place+Group%22+%26+cr+%26+tFinalGroups+into+tFinalGroups+++%0D%0A+++if+last+char+of+tFinalGroups+is+cr+then++++++%0D%0A++++++put+%22%28%22+before+tFinalGroups+++%0D%0A++++++put+tab+after+tFinalGroups+++%0D%0A+++end+if+++%0D%0A+++put+tFinalGroups+into+line+tStart+to+tEnd+of+tObject+++%0D%0A+++--+selected+images+take+1st+priority%2C+then+text%0D%0A+++--text+takes+priority+over+objects+because+if+both%2C+it+means+an+active+text+selection+in+palette%0D%0A+++if+the+selectedimage+is+not+empty+then%0D%0A++++++--image+selection%0D%0A++++++put+%22Cu%26t+Image+Selection%2FX%22+%26+cr+%26+%22%26Copy+Image+Selection%2FC%22+into+line+3+to+4+of+tEdit+++%0D%0A++++++put+%22Clea%26r+Image+Selection%22+into+line+6+of+tEdit+++%0D%0A+++else%0D%0A++++++switch+tTextSelected+++%0D%0A+++++++++case+true+++%0D%0A++++++++++++--text+is+selected+++%0D%0A++++++++++++put+%22%28In%26vert+Selection%22+into+line+13+of+tEdit+++%0D%0A++++++++++++put+%22Cu%26t+Text%2FX%22+%26+cr+%26+%22%26Copy+Text%2FC%22+into+line+3+to+4+of+tEdit+++%0D%0A++++++++++++put+%22Clea%26r+Text%22+into+line+6+of+tEdit+++%0D%0A++++++++++++switch+tObjectsSelected+++%0D%0A+++++++++++++++case+true+++%0D%0A++++++++++++++++++--text%2C+objects+++%0D%0A++++++++++++++++++put+%22%26Duplicate%2FD%22+into+line+8+of+tEdit+++%0D%0A++++++++++++++++++if+word+1+of+the+selobj+is+not+in+%22card%2Cstack%22+then+put+%22%26Replicate...%22+into+line+9+of+tEdit+++%0D%0A++++++++++++++++++else+put+%22%28%26Replicate...%22+into+line+9+of+tEdit+++%0D%0A++++++++++++++++++put+%22In%26vert+Selection%22+into+line+13+of+tEdit+++%0D%0A++++++++++++++++++if+word+1+of+%28the+selObj%29+is+%22group%22+and+the+number+of+lines+in+%28the+selObj%29+is+1+then+++%0D%0A+++++++++++++++++++++put+%22%26Ungroup+Selected%2FG%22+%26+cr+%26+%22%26Edit+Group%2FR%22+%26+cr+%26+%22Remove+Group%22+into+line+9+to+11+of+tObject+++%0D%0A++++++++++++++++++else+++%0D%0A+++++++++++++++++++++put+%22%28%26Group+Selected%2FG%22+%26+cr+%26+%22%28%26Edit+Group%2FR%22+%26+cr+%26+%22%28Remove+Group%22+into+line+9+to+11+of+tObject+++%0D%0A+++++++++++++++++++++if+word+1+of+%28the+selObj%29+is+not+among+the+items+of+%22card%2Cstack%22+then+put+%22%26Group+Selected%2FG%22+%26+cr+%26+%22%28%26Edit+Group%2FR%22+%26+cr+%26+%22%28Remove+Group%22+into+line+9+to+11+of+tObject+++%0D%0A++++++++++++++++++end+if+++%0D%0A++++++++++++++++++put+%22%26Send+to+Back%22+%26+cr+%26+%22Move+Backward%2F%5B%22+%26+cr+%26+%22Move+For%26ward%2F%5D%22+%26+cr+%26+%22Bring+to+%26Front%22+into+line+-4+to+-1+of+tObject+++%0D%0A++++++++++++++++++break+++%0D%0A+++++++++++++++case+false+++%0D%0A++++++++++++++++++--text%2C+no+objects+++%0D%0A++++++++++++++++++put+%22%28%26Duplicate%2FD%22+%26+cr+%26+%22%28%26Replicate...%22+into+line+8+to+9+of+tEdit+++%0D%0A++++++++++++++++++put+%22%28In%26vert+Selection%22+into+line+13+of+tEdit+++%0D%0A++++++++++++++++++put+%22%28%26Group+Selected%2FG%22+%26+cr+%26+%22%28%26Edit+Group%2FR%22+%26+cr+%26+%22%28Remove+Group%22+into+line+9+to+11+of+tObject+++%0D%0A++++++++++++++++++put+%22%28%26Send+to+Back%22+%26+cr+%26+%22%28Move+Backward%2F%5B%22+%26+cr+%26+%22%28Move+For%26ward%2F%5D%22+%26+cr+%26+%22%28Bring+to+%26Front%22+into+line+-4+to+-1+of+tObject+++%0D%0A++++++++++++++++++break+++%0D%0A++++++++++++end+SWITCH+++%0D%0A++++++++++++break+++%0D%0A+++++++++case+false+++%0D%0A++++++++++++switch+tObjectsSelected+++%0D%0A+++++++++++++++case+true+++%0D%0A++++++++++++++++++--no+text%2C+objects+++%0D%0A++++++++++++++++++if+word+1+of+the+selobj+is+not+in+%22card%2Cstack%22+then+put+%22%26Replicate...%22+into+line+9+of+tEdit+++%0D%0A++++++++++++++++++else+put+%22%28%26Replicate...%22+into+line+9+of+tEdit+++%0D%0A++++++++++++++++++put+%22In%26vert+Selection%22+into+line+13+of+tEdit+++%0D%0A++++++++++++++++++if+word+1+of+%28the+selObj%29+is+%22group%22+and+the+number+of+lines+in+%28the+selObj%29+is+1+then+++%0D%0A+++++++++++++++++++++put+%22%26Ungroup+Selected%2FG%22+%26+cr+%26+%22%26Edit+Group%2FR%22+%26+cr+%26+%22Remove+Group%22+into+line+9+to+11+of+tObject+++%0D%0A++++++++++++++++++else+++%0D%0A+++++++++++++++++++++put+%22%28%26Group+Selected%2FG%22+%26+cr+%26+%22%28%26Edit+Group%2FR%22+%26+cr+%26+%22%28Remove+Group%22+into+line+9+to+11+of+tObject+++%0D%0A+++++++++++++++++++++if+word+1+of+%28the+selObj%29+is+not+among+the+items+of+%22card%2Cstack%22+then+put+%22%26Group+Selected%2FG%22+%26+cr+%26+%22%28%26Edit+Group%2FR%22+%26+cr+%26+%22%28Remove+Group%22+into+line+9+to+11+of+tObject+++%0D%0A++++++++++++++++++end+if%0D%0A++++++++++++++++++if+word+1+of+%28the+selobj%29+is+%22card%22+then%0D%0A+++++++++++++++++++++put+%22Cu%26t+Card%2FX%22+%26+cr+%26+%22%26Copy+Card%2FC%22+into+line+3+to+4+of+tEdit+++%0D%0A+++++++++++++++++++++put+%22Clea%26r+Card%22+into+line+6+of+tEdit%0D%0A+++++++++++++++++++++put+%22%26Duplicate+Card%2FD%22+into+line+8+of+tEdit+++%0D%0A++++++++++++++++++else%0D%0A+++++++++++++++++++++put+%22Cu%26t+Objects%2FX%22+%26+cr+%26+%22%26Copy+Objects%2FC%22+into+line+3+to+4+of+tEdit+++%0D%0A+++++++++++++++++++++put+%22Clea%26r+Objects%22+into+line+6+of+tEdit%0D%0A+++++++++++++++++++++put+%22%26Duplicate%2FD%22+into+line+8+of+tEdit+++%0D%0A++++++++++++++++++end+if+++%0D%0A++++++++++++++++++put+%22%26Send+to+Back%22+%26+cr+%26+%22Move+Backward%2F%5B%22+%26+cr+%26+%22Move+For%26ward%2F%5D%22+%26+cr+%26+%22Bring+to+%26Front%22+into+line+-4+to+-1+of+tObject+++%0D%0A++++++++++++++++++break+++%0D%0A+++++++++++++++case+false+++%0D%0A++++++++++++++++++--no+text%2C+no+objects+++%0D%0A++++++++++++++++++--disable+edit+cut%2C+copy%2C+clear+++%0D%0A++++++++++++++++++put+%22%28%26Duplicate%2FD%22+%26+cr+%26+%22%28%26Replicate...%22+into+line+8+to+9+of+tEdit+++%0D%0A++++++++++++++++++put+%22%28In%26vert+Selection%22+into+line+13+of+tEdit+++%0D%0A++++++++++++++++++put+%22%28%26Group+Selected%2FG%22+%26+cr+%26+%22%28%26Edit+Group%2FR%22+%26+cr+%26+%22%28Remove+Group%22+into+line+9+to+11+of+tObject+++%0D%0A++++++++++++++++++%0D%0A++++++++++++++++++if+the+selectedimage+is+not+empty+then%0D%0A+++++++++++++++++++++--image+selection%0D%0A+++++++++++++++++++++put+%22Cu%26t+Image+Selection%2FX%22+%26+cr+%26+%22%26Copy+Image+Selection%2FC%22+into+line+3+to+4+of+tEdit+++%0D%0A+++++++++++++++++++++put+%22Clea%26r+Image+Selection%22+into+line+6+of+tEdit+++%0D%0A++++++++++++++++++else%0D%0A+++++++++++++++++++++put+%22%28Cu%26t%2FX%22+%26+cr+%26+%22%28%26Copy%2FC%22+into+line+3+to+4+of+tEdit+++%0D%0A+++++++++++++++++++++put++%22%28Clea%26r%22+into+line+6+of+tEdit++%0D%0A++++++++++++++++++end+if%0D%0A++++++++++++++++++%0D%0A++++++++++++++++++put+%22%28%26Send+to+Back%22+%26+cr+%26+%22%28Move+Backward%2F%5B%22+%26+cr+%26+%22%28Move+For%26ward%2F%5D%22+%26+cr+%26+%22%28Bring+to+%26Front%22+into+line+-4+to+-1+of+tObject+++%0D%0A++++++++++++++++++break+++%0D%0A++++++++++++end+SWITCH+++%0D%0A++++++++++++break+++%0D%0A++++++end+SWITCH+++%0D%0A+++end+if%0D%0A+++%0D%0A+++--paste%0D%0A+++switch%0D%0A++++++case+the+clipboard+is+%22empty%22%0D%0A++++++case+the+clipboard+is+%22text%22+and+the+selectedfield+is+empty%0D%0A+++++++++put+%22%26Paste%2FV%22+into+line+5+of+tEdit%0D%0A+++++++++break%0D%0A++++++case+the+clipboard+is+%22text%22+and+the+selectedfield+is+not+empty+++%0D%0A+++++++++put+%22%26Paste+Text%2FV%22+into+line+5+of+tEdit%0D%0A+++++++++break+%0D%0A++++++case+the+clipboard+is+%22objects%22%0D%0A+++++++++put+%22%26Paste+Objects%2FV%22+into+line+5+of+tEdit+++%0D%0A+++++++++break%0D%0A++++++case+the+clipboard+is+%22image%22%0D%0A+++++++++put+%22%26Paste+Image%2FV%22+into+line+5+of+tEdit%0D%0A+++++++++break%0D%0A+++end+SWITCH%0D%0A+++%0D%0A+++%0D%0A+++--duplicate%2C+replicate%2C+group+++%0D%0A+++if+the+editbackground+of+the+topstack+and+word+1+of+%28the+selObj%29+is+not+%22group%22+then+put+%22%26Stop+Editing+Group%22+into+line+10+of+tObject+++%0D%0A+++--select+grouped+controls+++%0D%0A+++if+the+selectgroupedcontrols+then+put+%22%21cSelect+Grouped+Controls%22+into+line+14+of+tEdit+else+put+%22%21nSelect+Grouped+Controls%22+into+line+14+of+tEdit+++%0D%0A+++if+the+grid+then+put+%22%21c%22+into+char+1+to+2+of+line+12+of+tView+++%0D%0A+++else+put+%22%21n%22+into+char+1+to+2+of+line+12+of+tView+++%0D%0A+++%0D%0A+++put+the+openstacks+into+tOpenStacks%0D%0A+++put+empty+into+tFinal%0D%0A+++repeat+for+each+line+l+in+tOpenStacks%0D%0A++++++if+word+1+of+l+is+%22revScriptEditor%22+or+word+1+of+l+is+%22revDocs%22+and+l+%3C%3E+%22revDocs+Edit+Web+Notes%22+then%0D%0A+++++++++put+the+title+of+stack+l+%26+cr+after+tFinal%0D%0A++++++else%0D%0A+++++++++if+char+1+to+3+of+l+is+not+%22rev%22+and+l+is+not+among+the+items+of+%22Message+Box%2CHome%2Canswer+dialog%2Cask+dialog%2Cscript+debugger%2Cfile+selector%22%0D%0A+++++++++then+put+l+%26+cr+after+tFinal%0D%0A++++++end+if%0D%0A+++end+REPEAT%0D%0A+++delete+last+char+of+tFinal%0D%0A+++%0D%0A+++put+line+1+of+tFinal+into+tTopMostStack%0D%0A+++sort+lines+of+tFinal++%0D%0A+++if+tFinal+is+empty+then++++%0D%0A++++++set+the+text+of+btn+%22Window%22+to+%22%28No+Windows+Open%22+++%0D%0A+++else%0D%0A++++++put+empty+into+tStacks%0D%0A++++++repeat+for+each+line+l+in+tFinal+%0D%0A+++++++++put+%22%21n%22+%26+l+%26+cr+after+tStacks+++%0D%0A++++++end+REPEAT%0D%0A++++++delete+last+char+of+tStacks+++%0D%0A++++++%0D%0A++++++set+the+wholematches+to+true+++%0D%0A++++++put+%22%21c%22+into+char+1+to+2+of+line+%28lineoffset%28tTopMostStack%2CtFinal%29%29+of+tStacks%0D%0A++++++if+the+platform+is+%22MacOS%22+then+%0D%0A+++++++++replace+%22%2F%22+with+%22%5C%2F%22+in+tStacks%0D%0A+++++++++replace+%22%28%22+with+%22%5C%28%22+in+tStacks%0D%0A++++++else+replace+%22%2F%22+with+%22%2F%2F%22+in+tStacks%0D%0A++++++if+tTopMostStack+is+not+%22revGLX2+code%22+then%0D%0A+++++++++replace+%22%21cGLX2%22+with+%22GLX2%22+in+tStacks%0D%0A++++++else%0D%0A+++++++++if+%22%21c%22+is+in+tStacks+then%0D%0A++++++++++++replace+%22GLX2%22+with+%22%21cGLX2%22+in+tStacks%0D%0A+++++++++end+if%0D%0A++++++end+if%0D%0A++++++set+the+text+of+btn+%22Window%22+of+me+to+tStacks+%26+cr+%26+%22-%22+%26+cr+%26+%22Send+Window+to+Back%2F%60%22%0D%0A++++++set+the+wholematches+to+false+%0D%0A+++end+if%0D%0A+++%0D%0A+++if+%28the+selObj%29+is+empty+or+word+1+of+%28the+selobj%29+is+%22stack%22+then+%0D%0A++++++put+%22%28%26Object+Inspector%22+into+line+1+of+tObject%0D%0A++++++put+%22%28Object+Script%2FE%22+into+line+5+of+tObject%0D%0A+++else+%0D%0A++++++put+%22%26Object+Inspector%22+into+line+1+of+tObject%0D%0A++++++put+%22Object+Script%2FE%22+into+line+5+of+tObject%0D%0A+++end+if%0D%0A+++%0D%0A+++if+char+1+to+3+of+the+short+name+of+the+topstack+is+%22rev%22+then+++%0D%0A++++++put+%22%28%26Card+Inspector%22+%26+cr+%26+%22%28%26Stack+Inspector%2FK%22+into+line+2+to+3+of+tObject%0D%0A++++++put+%22%28Card+Script%22+%26+cr+%26+%22%28Stack+Script%22+into+line+6+to+7+of+tObject%0D%0A++++++set+the+wholematches+to+false+++%0D%0A++++++put+%22%28%26New+Card%2FN%22+into+line+lineoffset%28%22New+Card%22%2CtObject%29+of+tObject%0D%0A++++++put+%22%28Delete+Card%22+into+line+lineoffset%28%22Delete+Card%22%2CtObject%29+of+tObject++%0D%0A+++else%0D%0A++++++put+%22%26Card+Inspector%22+%26+cr+%26+%22%26Stack+Inspector%2FK%22+into+line+2+to+3+of+tObject+%0D%0A++++++put+%22Card+Script%22+%26+cr+%26+%22Stack+Script%22+into+line+6+to+7+of+tObject%0D%0A++++++set+the+wholematches+to+false+++%0D%0A++++++put+%22%26New+Card%2FN%22+into+line+lineoffset%28%22New+Card%22%2CtObject%29+of+tObject%0D%0A++++++put+%22Delete+Card%22+into+line+lineoffset%28%22Delete+Card%22%2CtObject%29+of+tObject%0D%0A+++end+if+++%0D%0A+++if+the+number+of+lines+in+%28the+selObj%29+%3C+2+then+put+%22%28Align+Selected+Controls%22+into+line+-13+of+tObject+else+put+%22Align+Selected+Controls%22+into+line+-13+of+tObject+++%0D%0A+++if+the+showinvisibles+then+put+%22%21cShow+%26Invisible+Objects%22+into+last+line+of+tView+else+put+%22%21nShow+%26Invisible+Objects%22+into+last+line+of+tView+++%0D%0A+++%0D%0A+++if+gREVShowStacks+then+put+%22%21cRevolution+UI+Elements+In+Lists%22+into+line+-9+of+tView+++%0D%0A+++else+put+%22%21nRevolution+UI+Elements+In+Lists%22+into+line+-9+of+tView+++%0D%0A+++%0D%0A+++if+there+is+a+button+%22File%22+of+stack+tMenuBar+then%0D%0A++++++put+the+text+of+btn+%22File%22+of+stack+tMenubar+into+tFile%0D%0A+++end+if%0D%0A+++%0D%0A+++if+tObjectsSelected+then%0D%0A++++++put+%22%09Image+of+Selected+Object...%22+into+line+lineoffset%28%22Image+of+selected+object%22%2CtFile%29+of+tFile%0D%0A+++else%0D%0A++++++put+%22%09%28Image+of+Selected+Object...%22+into+line+lineoffset%28%22Image+of+selected+object%22%2CtFile%29+of+tFile%0D%0A+++end+if%0D%0A+++%0D%0A+++if+line+4+of+the+revlicenseinfo+is+%22Media%22+then%0D%0A++++++if+line+1+of+tFile+is+%22%26New+Mainstack%22+then%0D%0A+++++++++put+%22New+From+%26Template...%22+%26+cr+before+tFile%0D%0A++++++end+if%0D%0A+++else%0D%0A++++++if+line+1+of+tFile+is+%22New+From+%26Template...%22+then%0D%0A+++++++++delete+line+1+of+tFile%0D%0A++++++end+if%0D%0A+++end+if%0D%0A+++%0D%0A+++--remove+recent+files+to+avoid+lineOffset+mismatch%0D%0A+++put+lineoffset%28%22Open+Recent+File%22%2C+tFile%29+%2B+1+into+tRecentStart%0D%0A+++put+lineoffset%28%22%26Close%2FW%22%2C+tFile%29+-+1+into+tRecentFinish%0D%0A+++put+empty+into+tRecentFiles%0D%0A+++if+tRecentStart+%3C%3D+tRecentFinish+then+%0D%0A++++++put+line+tRecentStart+to+tRecentFinish+of+tFile+into+tRecentFiles%0D%0A++++++delete+line+tRecentStart+to+tRecentFinish+of+tFile%0D%0A+++end+if%0D%0A+++%0D%0A+++%0D%0A+++put+the+windows+into+tStackList+++%0D%0A+++delete+line+lineoffset%28tMenuBar%2CtStackList%29+of+tStackList+++%0D%0A+++put+true+into+tTopIsModeless+++%0D%0A+++repeat+for+each+line+l+in+tStackList+++%0D%0A++++++if+not+%28there+is+a+stack+l%29+then+next+repeat+++%0D%0A++++++put+the+mode+of+stack+l+into+tModeVar+++%0D%0A++++++if+tModeVar+is+1+then+++%0D%0A+++++++++put+false+into+tTopIsModeless+++%0D%0A+++++++++exit+REPEAT+++%0D%0A++++++else+if+tModeVar+is+among+the+items+of+%222%2C3%22+then+++%0D%0A+++++++++put+true+into+tTopIsModeless+++%0D%0A+++++++++exit+REPEAT+++%0D%0A++++++end+if+++%0D%0A+++end+REPEAT%0D%0A+++if+tTopIsModeless+then+++%0D%0A++++++put+%22%28%26Save%2FS%22+into+line+lineoffset%28%22%26Save%2FS%22%2C+tFile%29+of+tFile+++%0D%0A++++++put+%22%28Save+%26As...%22+into+line+lineoffset%28%22Save+%26As...%22%2C+tFile%29+of+tFile+++%0D%0A++++++put+%22%28Close+and+Remove+From+Memor%26y...%22+into+line+lineoffset%28%22Close+AND+remove+From+Memor%26y...%22%2C+tFile%29+of+tFile+%0D%0A+++else+++%0D%0A++++++put+%22Close+and+Remove+From+Memor%26y...%22+into+line+lineoffset%28%22Close+AND+remove+From+Memor%26y...%22%2C+tFile%29+of+tFile%0D%0A++++++put+%22%26Save%2FS%22+into+line+lineoffset%28%22%26Save%2FS%22%2C+tFile%29+of+tFile%0D%0A++++++put+%22Save+%26As...%22+into+line+lineoffset%28%22Save+%26As...%22%2C+tFile%29+of+tFile%0D%0A+++end+if%0D%0A+++if+the+backdrop+is+%22none%22+then+put+%22%21nBackdrop%22+into+line+13+of+tView+++%0D%0A+++else+put+%22%21cBackdrop%22+into+line+13+of+tView+++%0D%0A+++%0D%0A+++--Flip%2FRotate%2FReshape+enabling%0D%0A+++put+the+selobj+into+tSelectedObject%0D%0A+++put+true+into+tEnableFlipandRotate%0D%0A+++put+true+into+tAllGraphics%0D%0A+++put+true+into+tAllImages%0D%0A+++repeat+for+each+line+l+in+tSelectedObject%0D%0A++++++switch+word+1+of+l%0D%0A+++++++++case+%22graphic%22%0D%0A++++++++++++if+the+style+of+l+is+among+the+items+of+%22line%2Ccurve%2Cpolygon%22%0D%0A++++++++++++then+put+false+into+tAllImages%0D%0A++++++++++++else+put+false+into+tEnableFlipandRotate%0D%0A++++++++++++break%0D%0A+++++++++case+%22image%22%0D%0A++++++++++++put+false+into+tAllGraphics%0D%0A++++++++++++break%0D%0A+++++++++default%0D%0A++++++++++++put+false+into+tEnableFlipandRotate%0D%0A++++++++++++exit+REPEAT%0D%0A++++++++++++break%0D%0A++++++end+SWITCH%0D%0A+++end+REPEAT%0D%0A+++%0D%0A+++if+the+mode+of+the+topstack+is+not+1+then+++%0D%0A++++++put+%22%28%26Close%2FW%22+into+line+lineoffset%28%22%26Close%2FW%22%2C+tFile%29+of+tFile+++%0D%0A++++++put+%22%28%26New+Substack%22+into+line+lineoffset%28%22%26New+Substack%22%2C+tFile%29+of+tFile+++%0D%0A++++++put+%22%28%26Revert+to+Saved...%22+into+line+lineoffset%28%22%26Revert+to+Saved...%22%2C+tFile%29+of+tFile+%0D%0A++++++put+%22%28Import+As+Control%22+into+line+lineoffset%28%22Import+As+Control%22%2C+tFile%29+of+tFile+++%0D%0A++++++put+%22%28New+Referenced+Control%22+into+line+lineoffset%28%22New+Referenced+Control%22%2C+tFile%29+of+tFile%0D%0A++++++put+%22%28Share+this+Stack...%22+into+line+lineoffset%28%22Share+this+Stack...%22%2C+tFile%29+of+tFile%0D%0A++++++put+%22%28%26Print+Card...%2FP%22+into+line+-4+of+tFile+%0D%0A++++++put+%22%28In%26vert+Selection%22+into+line+-7+of+tEdit%0D%0A++++++put+%22%28Deselect+All%22+into+line+-8+of+tEdit+++%0D%0A++++++put+%22%28Place+Group%22+into+line+12+of+tObject+++%0D%0A++++++put+%22%28New+Control%22+into+line+-69+of+tObject%0D%0A++++++put+%22%28Go+%26First%2F1%22+%26+cr+%26+%22%28Go+Pre%26v%2F2%22+%26+cr+%26+%22%28Go+Ne%26xt%2F3%22+%26+cr+%26+%22%28Go+%26Last%2F4%22+%26+cr+%26+%22%28Go+Recent%2F5%22+into+line+1+to+5+of+tView%0D%0A++++++if+line+4+of+the+revlicenseinfo+is+%22Media%22+then+%0D%0A+++++++++put+%22%28Menu+Builder%22+%26+cr+%26+%22-%22+%26+cr+%26+%22%26Message+Box%2FM%22+into+line+9+to+-1+of+tTools%0D%0A++++++else%0D%0A+++++++++put+%22%28Menu+Builder%22+%26+cr+%26+%22%28Database+Query+Builder%22+%26+cr+%26+%22-%22+%26+cr+%26+%22%26Message+Box%2FM%22+into+line+9+to+-1+of+tTools%0D%0A++++++end+if%0D%0A++++++--Flip%2FRotate+enabling%0D%0A++++++put+%22%28Flip%22+into+line+-24+of+tObject%0D%0A++++++put+%22%28Rotate%22+into+line+-21+of+tObject%0D%0A+++else+++%0D%0A++++++if+the+effective+filename+of+the+topstack+is+not+empty+%0D%0A++++++then+put+%22%26Revert+to+Saved...%22+into+line+lineoffset%28%22%26Revert+to+Saved...%22%2C+tFile%29+of+tFile+++%0D%0A++++++else+put+%22%28%26Revert+to+Saved...%22+into+line+lineoffset%28%22%26Revert+to+Saved...%22%2C+tFile%29+of+tFile++%0D%0A++++++put+%22Import+As+Control%22+into+line+lineoffset%28%22Import+As+Control%22%2C+tFile%29+of+tFile%0D%0A++++++put+%22New+Control%22+into+line+-69+of+tObject+++%0D%0A++++++put+%22%26Close%2FW%22+into+line+lineoffset%28%22%26Close%2FW%22%2C+tFile%29+of+tFile%0D%0A++++++put+%22Share+this+Stack...%22+into+line+lineoffset%28%22Share+this+Stack...%22%2C+tFile%29+of+tFile%0D%0A++++++put+%22New+Referenced+Control%22+into+line+lineoffset%28%22New+Referenced+Control%22%2C+tFile%29+of+tFile%0D%0A++++++put+%22Go+%26First%2F1%22+%26+cr+%26+%22Go+Pre%26v%2F2%22+%26+cr+%26+%22Go+Ne%26xt%2F3%22+%26+cr+%26+%22Go+%26Last%2F4%22+%26+cr+%26+%22Go+Recent%2F5%22+into+line+1+to+5+of+tView+++%0D%0A++++++put+%22%26Print+Card...%2FP%22+into+line+-4+of+tFile+++%0D%0A++++++put+%22Deselect+All%22+into+line+-8+of+tEdit%0D%0A++++++if+line+4+of+the+revlicenseinfo+is+%22Media%22+then+%0D%0A+++++++++put+%22Menu+Builder%22+%26+cr+%26+%22-%22+%26+cr+%26+%22%26Message+Box%2FM%22+into+line+9+to+-1+of+tTools%0D%0A++++++else%0D%0A+++++++++put+%22Menu+Builder%22+%26+cr+%26+%22Database+Query+Builder%22+%26+cr+%26+%22-%22+%26+cr+%26+%22%26Message+Box%2FM%22+into+line+9+to+-1+of+tTools%0D%0A++++++end+if+++++%0D%0A++++++put+%22of%22+%26%26+char+1+to+20+of+the+mainstack+of+the+topstack+into+tMainStack+++%0D%0A++++++put+%22%26New+Substack%22+%26%26+tMainStack+into+line+lineoffset%28%22%26New+Substack%22%2C+tFile%29+of+tFile+++%0D%0A++++++%0D%0A++++++if+not+tEnableFlipandRotate+or+tSelectedObject+is+empty+then%0D%0A+++++++++put+%22%28Flip%22+into+line+-24+of+tObject%0D%0A+++++++++put+%22%28Rotate%22+into+line+-21+of+tObject%0D%0A+++++++++put+%22%28Reshape+Graphic%22+into+line+-15+of+tObject%0D%0A++++++else%0D%0A+++++++++switch%0D%0A++++++++++++case+tAllImages%0D%0A+++++++++++++++put+%22Flip+Image%22+into+line+-24+of+tObject%0D%0A+++++++++++++++put+%22Rotate+Image%22+into+line+-21+of+tObject%0D%0A+++++++++++++++put+%22%28Reshape+Graphic%22+into+line+-15+of+tObject%0D%0A+++++++++++++++break%0D%0A++++++++++++case+tAllGraphics%0D%0A+++++++++++++++put+%22Flip+Graphic%22+into+line+-24+of+tObject%0D%0A+++++++++++++++put+%22Rotate+Graphic%22+into+line+-21+of+tObject%0D%0A+++++++++++++++if+the+long+id+of+btn+%22revReshape%22+of+cd+1+of+stack+%22revLibrary%22+is+among+the+lines+of+the+frontscripts%0D%0A+++++++++++++++then+put+%22%21cReshape+Graphic%22+into+line+-15+of+tObject%0D%0A+++++++++++++++else+put+%22Reshape+Graphic%22+into+line+-15+of+tObject%0D%0A+++++++++++++++break%0D%0A++++++++++++default%0D%0A+++++++++++++++put+%22Flip+Selected%22+into+line+-24+of+tObject%0D%0A+++++++++++++++put+%22Rotate+Selected%22+into+line+-21+of+tObject%0D%0A+++++++++++++++put+%22%28Reshape+Graphic%22+into+line+-15+of+tObject%0D%0A+++++++++++++++break%0D%0A+++++++++end+SWITCH%0D%0A++++++end+if%0D%0A+++end+if%0D%0A+++%0D%0A+++if+there+is+a+stack+%22revDocs%22+and+the+mode+of+stack+%22revDocs%22+is+not+0+then%0D%0A++++++if+the+cRevPrintField+of+stack+%22revDocs%22+is+not+empty+then%0D%0A+++++++++put+the+short+name+of+the+topstack+into+tStack%0D%0A+++++++++if+tStack+is+tMenuBar+then%0D%0A++++++++++++put+%22%26Print+Documentation+Entry...%2FP%22+into+line+-4+of+tFile%0D%0A+++++++++end+if%0D%0A+++++++++set+the+wholematches+to+true%0D%0A+++++++++put+lineoffset%28tStack%2C+the+openStacks%29+into+tTopStack%0D%0A+++++++++put+lineoffset%28%22revDocs%22%2Cthe+openStacks%29+into+tDocsStack%0D%0A+++++++++if+tDocsStack+%3C+tTopStack+then+--+documentation+window+is+in+front+of+editable+stack%0D%0A++++++++++++put+%22%26Print+Documentation+Entry...%2FP%22+into+line+-4+of+tFile%0D%0A+++++++++end+if%0D%0A+++++++++set+the+wholematches+to+false%0D%0A++++++end+if%0D%0A+++end+if%0D%0A+++%0D%0A+++switch%0D%0A++++++case+tSelectedObject+is+empty%0D%0A+++++++++if+there+is+a+stack+%22revLibrary%22+and+%5C%0D%0A++++++++++++++++the+long+id+of+btn+%22revReshape%22+of+cd+1+of+stack+%22revLibrary%22+is+among+the+lines+of+the+frontscripts%0D%0A+++++++++then+put+%22%21cReshape+Graphic%22+into+line+-15+of+tObject%0D%0A+++++++++else+put+%22%28Reshape+Graphic%22+into+line+-15+of+tObject%0D%0A+++++++++break%0D%0A++++++case+tEnableFlipandRotate%0D%0A+++++++++if+there+is+a+stack+%22revLibrary%22+and+%5C%0D%0A++++++++++++++++the+long+id+of+btn+%22revReshape%22+of+cd+1+of+stack+%22revLibrary%22+is+among+the+lines+of+the+frontscripts%0D%0A+++++++++then+put+%22%21cReshape+Graphic%22+into+line+-15+of+tObject%0D%0A+++++++++else+put+%22Reshape+Graphic%22+into+line+-15+of+tObject%0D%0A+++++++++break%0D%0A++++++default%0D%0A+++++++++put+%22%28Reshape+Graphic%22+into+line+-15+of+tObject%0D%0A+++++++++break%0D%0A+++end+SWITCH%0D%0A+++%0D%0A+++if+word+1+of+%28the+selObj%29+is+%22field%22+then%0D%0A++++++put+%22Print+Field...%22+into+line+-3+of+tFile%0D%0A+++else%0D%0A++++++put+%22%28Print+Field...%22+into+line+-3+of+tFile%0D%0A+++end+if%0D%0A+++if+the+short+name+of+the+topstack+is+not+the+mainstack+of+the+topstack+%0D%0A+++then+put+%22Move+S%26ubstack+to+File...%22+into+line+lineoffset%28%22Move+S%26ubstack+to+File...%22%2C+tFile%29+of+tFile%0D%0A+++else+put+%22%28Move+S%26ubstack+to+File...%22+into+line+lineoffset%28%22Move+S%26ubstack+to+File...%22%2C+tFile%29+of+tFile%0D%0A+++%0D%0A+++if+there+is+a+button+%22development%22+of+stack+tMenuBar+then%0D%0A++++++put+the+text+of+btn+%22development%22+of+stack+tMenuBar+into+tDevelopment%0D%0A+++else%0D%0A+++end+if%0D%0A+++--+28+February+2009+mdw%3A%0D%0A+++--+as+of+rev+3.0+the+breakpoints+should+never+be+empty.+The+engine+was+acting+weird%2C%0D%0A+++--+so+a+dummy+breakpoint+is+now+inserted+instead.+Not+sure+if+this+will+cause+a+problem+here.%0D%0A+++if+the+cREVScriptDebugMode+of+stack+tPreferences+is+true+and+the+breakpoints+is+empty+then%0D%0A++++++set+the+cREVScriptDebugMode+of+stack+tPreferences+to+false%0D%0A+++end+if%0D%0A+++if+the+cREVScriptDebugMode+of+stack+tPreferences+then%0D%0A++++++put+%22%21c%22+into+char+1+to+2+of+line+-8+of+tDevelopment%0D%0A+++else%0D%0A++++++put+%22%21n%22+into+char+1+to+2+of+line+-8+of+tDevelopment%0D%0A+++end+if%0D%0A+++%0D%0A+++put+the+text+of+btn+%22Help%22+into+tHelp%0D%0A+++put+lineoffset%28%22Share+this+Stack...%22%2C+tFile%29+%2B+1+into+tStandaloneStart%0D%0A+++put+lineoffset%28%22P%26age+Setup...%22%2C+tFile%29+-+1+into+tStandaloneEnd%0D%0A+++switch%0D%0A++++++case+line+4+of+the+revlicenseinfo+is+not+among+the+items+of+%22Studio%2CEnterprise%22%0D%0A+++++++++put+%22-%22+into+line+tStandaloneStart+to+tStandaloneEnd+of+tFile%0D%0A+++++++++put+%22revGLX2+about%22+into+line+-1+of+tHelp%0D%0A+++++++++break%0D%0A++++++case+the+mode+of+the+topstack+is+1%0D%0A+++++++++put+%22-%22+%26+cr+%26+%22Standalone+Application+Settings...%22+%26+cr+%26+%22Save+As+Standalone+Application...%22+%5C%0D%0A++++++++++++++++%26+cr+%26+%22-%22+into+line+tStandaloneStart+to+tStandaloneEnd+of+tFile%0D%0A+++++++++put+%22revGLX2+about%22+into+line+-1+of+tHelp%0D%0A+++++++++break%0D%0A++++++default%0D%0A+++++++++put+%22-%22+%26+cr+%26+%22%28Standalone+Application+Settings...%22+%26+cr+%26+%22%28Save+As+Standalone+Application...%22+%5C%0D%0A++++++++++++++++%26+cr+%26+%22-%22+into+line+tStandaloneStart+to+tStandaloneEnd+of+tFile%0D%0A+++++++++put+%22revGLX2+about%22+into+line+-1+of+tHelp%0D%0A+++++++++break%0D%0A+++end+SWITCH%0D%0A+++%0D%0A+++--set+the+text+of+btn+%22help%22+to+tHelp%0D%0A+++put+lineoffset%28%22Quicktime-Supported+File...%22%2C+tFile%29+into+tLineOffset%0D%0A+++if+the+platform+is+among+the+items+of+%22MacOS%2CWin32%22%0D%0A+++then+put+tab+%26+%22Quicktime-Supported+File...%22+into+line+tLineOffset+of+tFile%0D%0A+++else+put+tab+%26+%22%28Quicktime-Supported+File...%22+into+line+tLineOffset+of+tFile%0D%0A+++%0D%0A+++--re-insert+recent+files%0D%0A+++if+tRecentFiles+is+not+empty%0D%0A+++then+put+tRecentFiles+%26+cr+before+line+tRecentStart+of+tFile%0D%0A+++%0D%0A+++set+the+hcaddressing+of+the+topstack+to+tHCAddressing%0D%0A+++%0D%0A+++set+the+text+of+btn+%22File%22+of+me+to+tFile+++%0D%0A+++set+the+text+of+btn+%22tools%22+of+me+to+tTools++%0D%0A+++%0D%0Aend+simMouseDown%0D%0A" )</script>
</group>
