<image name="global" id="104573">
<traversalOn>false</traversalOn>
<palindromeFrames>false</palindromeFrames>
<ink>srcCopy</ink>
<threeD>true</threeD>
<blendLevel>0</blendLevel>
<rect>170,41,183,53</rect>
<angle>0</angle>
<yHot>1</yHot>
<id>104573</id>
<altId>0</altId>
<frameCount>0</frameCount>
<constantMask>false</constantMask>
<lockLoc>false</lockLoc>
<repeatCount>0</repeatCount>
<size>783</size>
<name>image "global"</name>
<hotSpot>1,1</hotSpot>
<alwaysBuffer>true</alwaysBuffer>
<layer>15</layer>
<dontDither>false</dontDither>
<visible>false</visible>
<cantSelect>false</cantSelect>
<borderWidth>2</borderWidth>
<opaque>false</opaque>
<currentFrame>1</currentFrame>
<showBorder>false</showBorder>
<disabled>false</disabled>
<xHot>1</xHot>
<showFocusBorder>true</showFocusBorder>
<custompropertyset name= "cGlx2TimeStamp">
</custompropertyset>
<imagedata>urldecode( "%00%D4%FD%FF%00%D4%FD%FF%00%D4%FD%FF%00%A2%D6%EF%00y%B7%E4%00%5B%AB%E1%00I%A0%E2%00N%9A%D7%00d%95%D4%00j%97%E8%00%D4%FD%FF%00%D4%FD%FF%00%D4%FD%FF%00%D4%FD%FF%00%DA%FF%FF%00%AF%EC%A0%00c%C2%8D%00e%C8n%00d%C8e%00.%A3%EA%00%03%97%E3%00%0D%0A%8A%E2%00H%8E%DC%00Z%8D%E7%00%D4%FD%FF%00%D4%FD%FF%00%C4%E2%FF%00%A6%E8%B1%00v%D7.%00%90%D1%C1%00%A3%DD%B3%00%8D%DE%5C%00m%B9%F2%000%A4%E2%00%0D%0A%97%D1%00%03%8F%87%00%40%87%BC%00%2Fj%DC%00%D4%FD%FF%00%A1%CD%DD%00o%CFR%00t%CF%85%00%A4%D7%D6%00%B8%D9%FF%00%AA%DC%D5%00%8D%C7%F8%00J%AD%DF%00%1F%A7%7D%00%00%92%87%00-%90q%004l%BA%00%D4%FD%FF%00w%BF%96%00%5D%C3%7B%00m%C2%DA%00%A8%DB%D5%00%B6%D7%FF%00%AE%D7%FF%00%86%C5%F3%00B%A8%EE%00%12%9C%C1%00%00%97g%00%1D%A4%12%00%3E%7B%86%00%D4%FD%FF%00b%B8x%00j%D07%00%87%DFc%00%90%E8_%00%96%D4%D2%00%88%C4%FB%00b%B6%EC%00*%A0%ED%00%06%91%E8%00%00%9BC%00%12%98.%00%3E%7E%7E%00%D4%FD%FF%00P%AFs%00Y%CB%12%00%7C%D86%00%84%E2%27%00h%C3%AD%00L%AC%F3%001%A3%E5%00%13%93%F3%00%03%9E%8D%00%00%A2%0D%00%1A%83%8D%00%3Bo%A9%00%D4%FD%FF%00J%9B%9B%00*%B61%00R%C3G%00f%CD4%007%AA%C4%00%1E%9A%EE%00%10%98%DE%00%00%8B%E8%00%00%8E%A5%00%00%8B%5D%004%92%5B%001o%7E%00%D4%FD%FF%00V%89%D4%00%05%92%95%00%0C%93%BD%00%12%94%D5%00%00%8F%E7%00%00%8F%DB%00%00%8B%D7%00%00%82%D3%00%00r%DC%00%0F%8C%5D%00I%A1%08%00%16N%A7%00%D4%FD%FF%00%60%88%DF%008%8D%AD%00%00%8A%88%00%00%89%A3%00%00%82%C8%00%00%7D%D6%00%00x%CE%00%00o%CD%00%14p%C0%00K%90l%00%2Bk%8F%00%039%BF%00%D4%FD%FF%00%D4%FD%FF%00Q%86%E9%000%82%99%00%2B%A4%05%00%1D%88%95%00%14t%CD%00%25w%BC%00F%80%B2%00T%7E%AA%00%2F%5E%B7%00%05C%CD%00%D4%FD%FF%00%D4%FD%FF%00%D4%FD%FF%00%D4%FD%FF%008r%DC%00.m%A2%00Jz%8E%00Ow%A5%00Kr%A6%00%3Cg%A4%00%1AM%A5%00%00C%BD%00%D4%FD%FF%00%D4%FD%FF%00%D4%FD%FF" )</imagedata>
</image>
