<field name="widgets" id="750092">
<traversalOn>false</traversalOn>
<ink>srcCopy</ink>
<firstIndent>0</firstIndent>
<dontSearch>false</dontSearch>
<toggleHilites>false</toggleHilites>
<threeD>true</threeD>
<scrollbarWidth>20</scrollbarWidth>
<blendLevel>0</blendLevel>
<textHeight>13</textHeight>
<rect>99,52,913,74</rect>
<multipleHilites>false</multipleHilites>
<colors>urldecode( "white%0D%0A%0D%0A%0D%0A%0D%0A%0D%0A%0D%0A%0D%0A" )</colors>
<shadow>false</shadow>
<hScroll>0</hScroll>
<textAlign>left</textAlign>
<vScrollbar>false</vScrollbar>
<hScrollbar>false</hScrollbar>
<id>750092</id>
<altId>0</altId>
<autoTab>false</autoTab>
<textStyle>bold</textStyle>
<hGrid>false</hGrid>
<lockLoc>false</lockLoc>
<dontWrap>true</dontWrap>
<autoHilite>false</autoHilite>
<style>transparent</style>
<showLines>false</showLines>
<sharedText>true</sharedText>
<noncontiguousHilites>false</noncontiguousHilites>
<lockText>true</lockText>
<scroll>0</scroll>
<name>field "widgets"</name>
<vGrid>false</vGrid>
<listBehavior>false</listBehavior>
<layer>59</layer>
<visible>false</visible>
<cantSelect>false</cantSelect>
<borderWidth>2</borderWidth>
<margins>0,10,6,3</margins>
<htmlText>urldecode( "%3Cp%3E++Work%26nbsp%3BSpaces+%3Csub%3E%3Cimg+src%3D%22447355%22%3E%3C%2Fsub%3E++%3Cfont+color%3D%22%23FFFF00%22%3ENews%26nbsp%3BToday%3C%2Ffont%3E+%3C%2Fp%3E" )</htmlText>
<threeDHilite>false</threeDHilite>
<opaque>false</opaque>
<shadowOffset>4</shadowOffset>
<showBorder>false</showBorder>
<textSize>10</textSize>
<disabled>false</disabled>
<fixedLineHeight>true</fixedLineHeight>
<textFont>Arial</textFont>
<vScroll>0</vScroll>
<showFocusBorder>true</showFocusBorder>
<custompropertyset name= "cREVTable">
<currentview><p>  <font color="#FFFF00">Work&nbsp;Spaces</font> <sub><img src="447355"></sub>  News&nbsp;Today </p></currentview>
</custompropertyset>
<custompropertyset name= "cGlx2TimeStamp">
<checksum>urldecode( "%3C%CF%FF%D8%98%40%1A%3D%DA%0B%FE*%D0%EB%81C" )</checksum>
</custompropertyset>
<script>urldecode( "--%3E+*declarations*%0D%0A%0D%0Alocal+sDragging%2CsHStart%0D%0A%0D%0A--%3E+all+handlers%0D%0A%0D%0Aon+mouseDoubleUp+pMouseBtnNum%0D%0A++++put+false+into+sDragging%0D%0A++++--%0D%0Aend+mouseDoubleUp%0D%0A%0D%0Aon+mouseDown%0D%0A++++put+false+into+sDragging%0D%0A++++exit+mouseDown%0D%0A++++lock+screen%0D%0A++++set+the+tooltip+of+me+to+empty%0D%0A++++put+true+into+sDragging%0D%0A++++put+the+mouseh+into+sHStart%0D%0A++++if+the+mousecharchunk+is+not+empty+then%0D%0A++++++++set+the+textsize+of+char+1+to+-1+of+me+to+11%0D%0A++++++++set+the+textsize+of+char+1+to+-1+of+me+to+10%0D%0A++++++++set+the+textcolor+of+word+1+to+-1+of+me+to+empty%0D%0A++++++++set+the+textstyle+of+char+1+to+-1+of+me+to+bold%0D%0A++++++++put+word+2+of+the+mousecharchunk+into+theCharPos%0D%0A++++++++put+the+number+of+words+in+char+1+to+theCharPos+of+me+into+theWordNo%0D%0A++++++++if+the+cMotif+of+stack+%22revGLX2+code%22+is+%22alabaster%22+then%0D%0A++++++++++++set+the+textcolor+of+word+theWordNo+of+me+to+255%2C255%2C0+%0D%0A++++++++else%0D%0A++++++++++++set+the+textcolor+of+word+theWordNo+of+me+to+255%2C255%2C0%0D%0A++++++++end+if+%0D%0A++++++++--set+the+textstyle+of+word+theWordNo+of+me+to+%22bold%2Cunderline%22%0D%0A++++++++--set+the+textsize+of+word+theWordNo+of+me+to+11%0D%0A++++end+if%0D%0A++++unlock+screen%0D%0A++++unlock+screen%0D%0A++++unlock+screen%0D%0Aend+mouseDown%0D%0A%0D%0Aon+mouseRelease%0D%0A++++--+set+the+defaultcursor+to+arrow%0D%0A++++unlock+cursor%0D%0A++++put+false+into+sDragging%0D%0Aend+mouseRelease%0D%0A%0D%0Aon+mouseUp%0D%0A++++put+false+into+sDragging%0D%0A++++lock+screen%0D%0A++++set+the+cursor+to+arrow%0D%0A++++lock+cursor%0D%0A++++--lock+messages%0D%0A++++--+hide+grp+%22news+widget%22%0D%0A++++--+hide+grp+%22object+tree%22%0D%0A++++--+hide+grp+%22work+spaces+homey%22%0D%0A++++switch+the+mousetext%0D%0A++++++++case+%22news%A0today%22%0D%0A++++++++++++--set+the+topleft+of+grp+%22news+widget%22+to+10%2C80%0D%0A++++++++++++show+grp+%22news+widget%22%0D%0A++++++++++++break%0D%0A++++++++case+%22Visual%A0App%A0Browser%22%0D%0A+++++++++++--+set+the+topleft+of+grp+%22object+tree%22+to+10%2C80%0D%0A++++++++++++show+grp+%22object+tree%22%0D%0A++++++++++++break%0D%0A++++++++case+%22work%A0spaces%22%0D%0A++++++++++++--set+the+topleft+of+grp+%22work+spaces+homey%22+to+10%2C80%0D%0A++++++++++++show+grp+%22work+spaces+homey%22%0D%0A++++++++++++break%0D%0A++++++++default%0D%0A+++++++++++++%0D%0A++++end+switch%0D%0A++++put+zero+into+theWordNo%0D%0A++++set+the+textcolor+of+char+1+to+-1+of+fld+%22widgets%22+to+empty%0D%0A++++if+the+visible+of+grp+%22news+widget%22+is+true+then%0D%0A++++++++put+the+wordoffset%28%22news%A0today%22%2Cfld+%22widgets%22%29+into+theWordNo%0D%0A++++++++send+%22glx2RefreshHomey%22+to+grp+%22news+widget%22+in+10+millisecs%0D%0A++++else+if+the+visible+of+grp+%22object+tree%22+is+true+then%0D%0A++++++++put+the+wordoffset%28%22Visual%A0App%A0Browser%22%2Cfld+%22widgets%22%29+into+theWordNo%0D%0A++++++++send+%22glx2RefreshHomey%22+to+grp+%22object+tree%22+--in+10+millisecs%0D%0A++++++++send+%22snapWindow%22+to+fld+%22work+spaces%22+of+grp+%22object+tree%22+of+this+stack+--in+10+millisecs%0D%0A++++++++--+send+%22resizeTreeImage%22+to+fld+%22work+spaces%22+of+grp+%22object+tree%22+in+10+millisecs%0D%0A++++else+if+the+visible+of+grp+%22work+spaces+homey%22+is+true+then%0D%0A++++++++put+the+wordoffset%28%22work%A0spaces%22%2Cfld+%22widgets%22%29+into+theWordNo%0D%0A++++++++send+%22glx2RefreshHomey%22+to+grp+%22work+spaces+homey%22+in+10+millisecs%0D%0A++++end+if%0D%0A++++if+theWordNo+is+not+zero+then%0D%0A++++++++set+the+textcolor+of+word+theWordNo+of+fld+%22widgets%22+to+yellow%0D%0A++++end+if%0D%0A++++unlock+screen%0D%0A++++set+the+cursor+to+arrow%0D%0A++++set+the+defaultcursor+to+arrow%0D%0A++++unlock+cursor%0D%0A++++--unlock+messages%0D%0A++++exit+mouseUp%0D%0A++++%0D%0A++++put+false+into+sDragging%0D%0A++++if+the+mousetext+is+not+empty+then%0D%0A++++++++lock+screen+++++%0D%0A++++++++if+glx2GetNoActiveTabs%28%29+is+0+then%0D%0A++++++++++++put+true+into+doSpecialFX%0D%0A++++++++end+if%0D%0A++++++++put+word+2+of+the+mousecharchunk+into+theCharPos%0D%0A++++++++put+the+number+of+words+in+char+1+to+theCharPos+of+me+into+theWordNo%0D%0A++++++++put+urldecode%28the+linktext+of+word+theWordNo+of+me%29+into+theObjectID%0D%0A++++++++put+word+theWordNo+of+me+into+theHandlerName%0D%0A++++++++if+glx2IsThisModifierSetActive%28%22option%22%29+is+true+then%0D%0A++++++++++++if+the+number+of+words+in+me+is+1+then%0D%0A++++++++++++++++clearCrumbs%0D%0A++++++++++++else%0D%0A++++++++++++++++deleteCrumb+theHandlerName%2CtheObjectID%0D%0A++++++++++++end+if%0D%0A++++++++++++exit+mouseUp%0D%0A++++++++end+if+%0D%0A++++++++hideBrowser%0D%0A++++++++if+the+cObjectID+of+this+cd+is+not+theObjectID+then%0D%0A++++++++++++setAllCode+theObjectID%0D%0A++++++++end+if%0D%0A++++++++put+false+into+isFolder%0D%0A++++++++put+false+into+theShiftKeyState%0D%0A++++++++glx2SelectHandlerInScript+theHandlerName%2CisFolder%2CtheShiftKeyState%0D%0A++++++++doSelectHandlerName+theHandlerName%0D%0A++++++++if+doSpecialFX+is+%22asdf%22+then%0D%0A++++++++++++put+the+systemversion+into+theOSVersion%0D%0A++++++++++++set+the+itemdel+to+%22.%22%0D%0A++++++++++++if+the+platform+is+%22macos%22+then+--+and+skipEffects+is+not+true+then+++++%0D%0A++++++++++++++++if+item+1+of+theOSVersion+%3E%3D+10+and+item+2+of+theOSVersion+%3E%3D+4+then%0D%0A++++++++++++++++++++if+%22implode%22+is+among+the+lines+of+the+qteffects+then+--+and+the+shiftkey+is+up+then%0D%0A++++++++++++++++++++++++put+the+cQTEffect+of+stack+%22revGLX2+code%22+into+theEffect%0D%0A++++++++++++++++++++++++if+the+processor+is+%22Motorola+PowerPC%22+then%0D%0A++++++++++++++++++++++++++++unlock+screen+with+visual+theEffect%0D%0A++++++++++++++++++++++++else%0D%0A++++++++++++++++++++++++++++unlock+screen+with+visual+theEffect+slow%0D%0A++++++++++++++++++++++++end+if%0D%0A++++++++++++++++++++else%0D%0A++++++++++++++++++++++++unlock+screen+with+visual+dissolve+very+fast%0D%0A++++++++++++++++++++end+if%0D%0A++++++++++++++++else%0D%0A++++++++++++++++++++unlock+screen+with+visual+dissolve+very+fast%0D%0A++++++++++++++++end+if%0D%0A++++++++++++else%0D%0A++++++++++++++++unlock+screen%0D%0A++++++++++++end+if%0D%0A++++++++else%0D%0A++++++++++++unlock+screen%0D%0A++++++++end+if%0D%0A++++end+if%0D%0Aend+mouseUp%0D%0A%0D%0Aon+mouseEnter%0D%0A++++setArrowCursor%0D%0A++++set+the+doubleclickinterval+to+250%0D%0Aend+mouseEnter%0D%0A%0D%0Aon+mouseMove+theH%2CtheV%0D%0A++++pass+mouseMove%0D%0A++++if+the+mousechunk+is+not+empty+then%0D%0A++++++++switch+the+mousetext%0D%0A++++++++++++case+%22Visual%A0App%A0Browser%22%0D%0A++++++++++++++++if+the+textcolor+of+the+mousecharchunk+is+not+empty+then%0D%0A++++++++++++++++++++glx2SetStatus+%22This+is+the+CURRENT+Widget+being+used%22%0D%0A++++++++++++++++else%0D%0A++++++++++++++++++++glx2SetStatus+%22Click+to+SHOW+your+Object+Tree+Widget%22%0D%0A++++++++++++++++end+if%0D%0A++++++++++++++++break%0D%0A++++++++++++case+%22work%A0spaces%22%0D%0A++++++++++++++++if+the+textcolor+of+the+mousecharchunk+is+not+empty+then%0D%0A++++++++++++++++++++glx2SetStatus+%22This+is+the+CURRENT+Widget+being+used%22%0D%0A++++++++++++++++else%0D%0A++++++++++++++++++++glx2SetStatus+%22Click+to+SHOW+your+Work+Spaces+Widget%22%0D%0A++++++++++++++++++++break%0D%0A++++++++++++++++end+if%0D%0A++++++++++++case+%22news%A0today%22%0D%0A++++++++++++++++if+the+textcolor+of+the+mousecharchunk+is+not+empty+then%0D%0A++++++++++++++++++++glx2SetStatus+%22This+is+the+CURRENT+Widget+being+used%22%0D%0A++++++++++++++++else%0D%0A++++++++++++++++++++glx2SetStatus+%22Click+to+SHOW+your+News+Today+Widget%22%0D%0A++++++++++++++++end+if%0D%0A++++++++++++++++break%0D%0A++++++++++++default%0D%0A++++++++++++++++glx2SetStatus+%0D%0A++++++++end+switch%0D%0A++++else%0D%0A++++++++glx2SetStatus+%0D%0A++++end+if%0D%0A++++exit+mouseMove%0D%0A++++%0D%0A++++lock+screen%0D%0A++++if+sDragging+is+true+and+%28theH+%3E+sHStart+%2B+2+or+theH+%3C+sHStart+-+2%29+then%0D%0A++++++++if+the+cShowToolTips+of+stack+%22revGLX2+code%22+is+true+then%0D%0A++++++++++++if+the+cExternalStatusbar+of+stack+%22revGLX2+code%22+is+true+then%0D%0A++++++++++++++++if+the+platform+is+%22macos%22+then%0D%0A++++++++++++++++++++put+%22Move+pointer+left+or+right+to+scroll+crumbs%22+%26%26+%5C%0D%0A++++++++++++++++++++++++++++%22%95+Move+pointer+below+crumbs+to+stop+scrolling%22+into+theMsg%0D%0A++++++++++++++++else%0D%0A++++++++++++++++++++put+%22Move+pointer+left+or+right+to+scroll+crumbs%22+%26%26+%5C%0D%0A++++++++++++++++++++++++++++%22*+Move+pointer+below+crumbs+to+stop+scrolling%22+into+theMsg%0D%0A++++++++++++++++end+if%0D%0A++++++++++++++++glx2SetStatus+theMsg%0D%0A++++++++++++else%0D%0A++++++++++++++++if+the+platform+is+%22macos%22+then%0D%0A++++++++++++++++++++set+the+tooltip+of+me+to+%22%95+Move+pointer+left+or+right+to+scroll+crumbs%22+%26+cr+%26+%5C%0D%0A++++++++++++++++++++++++++++%22%95+Move+pointer+below+crumbs+to+stop+scrolling%22%0D%0A++++++++++++++++else%0D%0A++++++++++++++++++++set+the+tooltip+of+me+to+%22*+Move+pointer+left+or+right+to+scroll+crumbs%22+%26+cr+%26+%5C%0D%0A++++++++++++++++++++++++++++%22*+Move+pointer+below+crumbs+to+stop+scrolling%22%0D%0A++++++++++++++++end+if%0D%0A++++++++++++end+if%0D%0A++++++++else%0D%0A++++++++++++set+the+tooltip+of+me+to+empty%0D%0A++++++++++++set+the+ctooltip+of+me+to+empty%0D%0A++++++++end+if%0D%0A++++++++set+the+cursor+to+the+id+of+img+%22left-right.png%22+of+cd+%22images%22%0D%0A++++++++lock+cursor%0D%0A++++++++--set+the+defaultcursor+to+the+id+of+img+%22left-right.png%22+of+cd+%22images%22%0D%0A++++++++put+the+hscroll+of+me+into+theHScroll%0D%0A++++++++put+sHStart+-+theH+into+theIncrement%0D%0A++++++++put+theIncrement+div+5+into+theIncrement%0D%0A++++++++subtract+theIncrement+from+theHScroll%0D%0A++++++++set+the+hscroll+of+me+to+theHScroll%0D%0A++++++++set+the+textcolor+of+word+1+to+-1+of+me+to+empty+%0D%0A++++++++set+the+textstyle+of+char+1+to+-1+of+me+to+bold%0D%0A++++++++put+word+2+of+the+mousecharchunk+into+theCharPos%0D%0A++++++++put+the+number+of+words+in+char+1+to+theCharPos+of+me+into+theWordNo%0D%0A++++++++set+the+textcolor+of+word+theWordNo+of+me+to+255%2C255%2C0%0D%0A++++else%0D%0A++++++++if+sDragging+is+not+true+then%0D%0A++++++++++++setArrowCursor%0D%0A++++++++++++set+the+textsize+of+char+1+to+-1+of+me+to+11%0D%0A++++++++++++set+the+textsize+of+char+1+to+-1+of+me+to+10%0D%0A++++++++++++if+the+mousecharchunk+is+not+empty+then%0D%0A++++++++++++++++put+word+2+of+the+mousecharchunk+into+theCharPos%0D%0A++++++++++++++++put+the+number+of+words+in+char+1+to+theCharPos+of+me+into+theWordNo%0D%0A++++++++++++++++put+urldecode%28the+linktext+of+word+theWordNo+of+me%29+into+theObjectID%0D%0A++++++++++++++++if+theObjectID+is+not+empty+then%0D%0A++++++++++++++++++++try%0D%0A++++++++++++++++++++++++put+glx2GetSemiLongName%28theObjectID%29+into+theTooltip%0D%0A++++++++++++++++++++++++if+the+cExternalStatusbar+of+stack+%22revGLX2+code%22+is+true+then%0D%0A++++++++++++++++++++++++++++if+the+cShowToolTips+of+stack+%22revGLX2+code%22+is+true+then%0D%0A++++++++++++++++++++++++++++++++if+the+platform+is+%22macos%22+then%0D%0A++++++++++++++++++++++++++++++++++++put+%22+%95+click+to+go+to+this+handler%22+after+theTooltip%0D%0A++++++++++++++++++++++++++++++++++++put+%22+%95+option-click+to+remove%22+after+theTooltip%0D%0A++++++++++++++++++++++++++++++++else%0D%0A++++++++++++++++++++++++++++++++++++put+%22+*+click+to+go+to+this+handler%22+after+theTooltip%0D%0A++++++++++++++++++++++++++++++++++++put+%22+*+alt-click+to+remove%22+after+theTooltip%0D%0A++++++++++++++++++++++++++++++++end+if%0D%0A++++++++++++++++++++++++++++end+if%0D%0A++++++++++++++++++++++++++++glx2SetStatus+theTooltip%0D%0A++++++++++++++++++++++++++++set+the+tooltip+of+me+to+empty%0D%0A++++++++++++++++++++++++else%0D%0A++++++++++++++++++++++++++++if+the+cShowToolTips+of+stack+%22revGLX2+code%22+is+true+then%0D%0A++++++++++++++++++++++++++++++++if+the+platform+is+%22macos%22+then%0D%0A++++++++++++++++++++++++++++++++++++put+cr+%26+%22%95+click+to+go+to+this+handler%22+after+theTooltip%0D%0A++++++++++++++++++++++++++++++++++++put+cr+%26+%22%95+option-click+to+remove%22+after+theTooltip%0D%0A++++++++++++++++++++++++++++++++else%0D%0A++++++++++++++++++++++++++++++++++++put+cr+%26+%22*+click+to+go+to+this+handler%22+after+theTooltip%0D%0A++++++++++++++++++++++++++++++++++++put+cr+%26+%22*+alt-click+to+remove%22+after+theTooltip%0D%0A++++++++++++++++++++++++++++++++end+if%0D%0A++++++++++++++++++++++++++++end+if%0D%0A++++++++++++++++++++++++++++set+the+tooltip+of+me+to+theTooltip%0D%0A++++++++++++++++++++++++end+if%0D%0A++++++++++++++++++++catch+e%0D%0A++++++++++++++++++++++++set+the+tooltip+of+me+to+empty%0D%0A++++++++++++++++++++++++set+the+ctooltip+of+me+to+empty%0D%0A++++++++++++++++++++end+try%0D%0A++++++++++++++++else%0D%0A++++++++++++++++++++set+the+tooltip+of+me+to+empty%0D%0A++++++++++++++++++++set+the+ctooltip+of+me+to+empty%0D%0A++++++++++++++++++++glx2SetStatus+%0D%0A++++++++++++++++end+if%0D%0A++++++++++++else%0D%0A++++++++++++++++set+the+ctooltip+of+me+to+empty%0D%0A++++++++++++++++set+the+tooltip+of+me+to+empty%0D%0A++++++++++++++++glx2SetStatus+%0D%0A++++++++++++end+if%0D%0A++++++++end+if%0D%0A++++end+if%0D%0A++++unlock+screen%0D%0Aend+mouseMove%0D%0A%0D%0Aon+mouseLeave%0D%0A++++lock+screen%0D%0A++++set+the+textsize+of+char+1+to+-1+of+me+to+11%0D%0A++++set+the+textsize+of+char+1+to+-1+of+me+to+10%0D%0A++++glx2SetStatus%0D%0A++++unlock+screen%0D%0Aend+mouseLeave%0D%0A" )</script>
</field>
