<button name="Handler Links" id="1044">
<traversalOn>true</traversalOn>
<ink>srcCopy</ink>
<threeD>true</threeD>
<hiliteBorder>false</hiliteBorder>
<blendLevel>0</blendLevel>
<rect>20,190,115,211</rect>
<mnemonic>0</mnemonic>
<armFill>false</armFill>
<visitedIcon>0</visitedIcon>
<showName>true</showName>
<showIcon>false</showIcon>
<hilited>true</hilited>
<sharedHilite>true</sharedHilite>
<shadow>false</shadow>
<textAlign>left</textAlign>
<armed>false</armed>
<menuMouseButton>1</menuMouseButton>
<id>1044</id>
<altId>0</altId>
<labelWidth>0</labelWidth>
<armedIcon>0</armedIcon>
<lockLoc>false</lockLoc>
<visited>false</visited>
<showHilite>false</showHilite>
<autoHilite>true</autoHilite>
<style>checkbox</style>
<disabledIcon>0</disabledIcon>
<armBorder>true</armBorder>
<name>button "Handler Links"</name>
<icon>0</icon>
<layer>13</layer>
<visible>true</visible>
<cantSelect>false</cantSelect>
<borderWidth>2</borderWidth>
<menuLines>5</menuLines>
<margins>3,4,4,4</margins>
<opaque>false</opaque>
<shadowOffset>4</shadowOffset>
<default>false</default>
<hiliteFill>true</hiliteFill>
<showBorder>false</showBorder>
<hiliteIcon>0</hiliteIcon>
<disabled>false</disabled>
<autoArm>false</autoArm>
<family>0</family>
<hoverIcon>0</hoverIcon>
<showFocusBorder>true</showFocusBorder>
<menuHistory>1</menuHistory>
<custompropertyset name= "cGlx2TimeStamp">
<checksum>urldecode( "%7BS%10%40f%90%B7%28k%BA%9B%F6L%07%21%3B" )</checksum>
</custompropertyset>
<script>urldecode( "--%3E+all+handlers%0D%0A%0D%0Aon+mouseUp+pMouseBtnNo%0D%0A++++lock+screen%0D%0A++++put+the+mainstack+of+this+stack+into+theParentStack++++++++%0D%0A++++put+the+scroll+of+fld+%22code+storage%22+of+stack+theParentStack+into+theScroll%0D%0A++++put+the+hscroll+of+fld+%22code+storage%22+of+stack+theParentStack+into+theHScroll%0D%0A++++set+the+cHandlerLinks+of+stack+theParentStack+to+the+hilited+of+me%0D%0A++++if+the+hilited+of+me+is+true+then%0D%0A++++++++enable+btn+%22bold+handler+links%22%0D%0A++++++++enable+btn+%22update+links%22%0D%0A++++else%0D%0A++++++++disable+btn+%22bold+handler+links%22%0D%0A++++++++disable+btn+%22update+links%22%0D%0A++++end+if%0D%0A++++initScriptColors%0D%0A++++glx2SavePrefs%0D%0A++++colorizeEachTab%0D%0A++++set+the+scroll+of+fld+%22code+storage%22+of+stack+theParentStack+to+theScroll%0D%0A++++set+the+hscroll+of+fld+%22code+storage%22+of+stack+theParentStack+to+theHScroll%0D%0A++++unlock+screen%0D%0Aend+mouseUp%0D%0A" )</script>
</button>
