<image name="expanded globals" id="103278">
<traversalOn>false</traversalOn>
<palindromeFrames>false</palindromeFrames>
<ink>srcCopy</ink>
<threeD>true</threeD>
<blendLevel>0</blendLevel>
<rect>169,34,185,50</rect>
<angle>0</angle>
<yHot>1</yHot>
<id>103278</id>
<altId>0</altId>
<frameCount>0</frameCount>
<constantMask>false</constantMask>
<lockLoc>false</lockLoc>
<repeatCount>0</repeatCount>
<size>876</size>
<name>image "expanded globals"</name>
<hotSpot>1,1</hotSpot>
<alwaysBuffer>true</alwaysBuffer>
<layer>10</layer>
<dontDither>false</dontDither>
<visible>false</visible>
<cantSelect>false</cantSelect>
<borderWidth>2</borderWidth>
<opaque>false</opaque>
<currentFrame>1</currentFrame>
<showBorder>false</showBorder>
<disabled>false</disabled>
<xHot>1</xHot>
<showFocusBorder>true</showFocusBorder>
<custompropertyset name= "cGlx2TimeStamp">
</custompropertyset>
<imagedata>urldecode( "%00%AD%EE%FF%00%AD%EE%FF%00%AD%EE%FF%00%AD%EE%FF%00%AD%EE%FF%00%AD%EE%FF%00%AD%EE%FF%00%AD%EE%FF%00%AD%EE%FF%00%AD%EE%FF%00%AD%EE%FF%00%AD%EE%FF%00%AD%EE%FF%00%AD%EE%FF%00%AD%EE%FF%00%AD%EE%FF%00%AD%EE%FF%00%AD%EE%FF%00%AD%EE%FF%00%AD%EE%FF%00%AD%EE%FF%00%98%C1%F7%00b%A8%F3%00M%9B%EB%00C%94%DC%00B%8C%D2%00%5B%8A%CB%00Y%84%D8%00%AD%EE%FF%00%AD%EE%FF%00%AD%EE%FF%00%AD%EE%FF%00%AD%EE%FF%00%AD%EE%FF%00%AD%EE%FF%00%D8%FF%FF%00%7B%D2q%00%3F%A8%AA%00Q%BEL%00D%B3o%00%19%90%E9%00%03%88%DB%00%00%7E%D4%00%29z%CD%00S%87%E7%00%AD%EE%FF%00%AD%EE%FF%00%AD%EE%FF%00%AD%EE%FF%00%AD%EE%FF%00%CA%FE%FF%00s%D1b%00h%D3%18%00x%C3%C5%00%83%DDD%00t%D1B%00N%A7%F3%00+%93%E1%00%02%86%E0%00%00w%E0%00%15z%8B%00Av%E2%00%AD%EE%FF%00%AD%EE%FF%00%AD%EE%FF%00%B2%D5%FF%00y%CD%8C%00g%D4%11%00%7D%CA%B8%00%9D%CB%FF%00%A3%D7%DD%00%7E%D5i%00v%B9%F8%00%3A%9E%EB%00%18%98%94%00%06%8A%88%00%00%873%004o%B3%00%1AT%C8%00%AD%EE%FF%00%AD%EE%FF%00%84%B6%E2%00_%CE%15%00S%B0%D0%00t%D6M%00%A4%CF%FB%00%A8%D3%F8%00%A7%D2%FB%00%86%C3%F3%00E%A3%ED%00%1D%98%A0%00%09%94N%00%00q%BF%00%27%93%11%00%27S%B8%00%AD%EE%FF%00%AD%EE%FF%00b%B1%8E%00P%BFD%00J%A8%E7%00%84%D2%B3%00%A2%CE%FF%00%A3%D1%FB%00%96%CB%F5%00r%BA%EE%00%3B%9F%E6%00%0F%89%EB%00%02%89%91%00%00%91%01%00%16%95%00%002f%83%00%AD%EE%FF%00%AD%EE%FF%00Q%A8w%00T%C6%17%00r%D8%2C%00%7E%E5%3D%00y%E0%3D%00%83%C3%F3%00o%B7%F0%00R%AA%E9%00%87%C4%EF%00w%BD%F2%00t%B9%D5%00n%C0n%00h%AE%8D%001kk%00%AD%EE%FF%00%AD%EE%FF%00C%A0s%00%40%BC%14%00b%CA0%00o%D49%00m%D63%00P%AE%CD%00%3D%A0%EA%00%27%96%E1%00%7D%BF%EC%00%00%93%00%00%00%91%00%00%00%8D%00%00k%A4%BA%00%2CX%A6%00%AD%EE%FF%00%AD%EE%FF%00%3C%8F%8C%00%25%B1%00%00E%BC%1B%00%5D%C9%1B%00b%CC%1D%00%25%94%E2%00%83%C2%EF%00%7C%BF%EB%00s%BA%E9%00%00%8F%00%00%91%F7%5E%00%00%89%00%00%9F%C5%B3%00%90%AC%B5%00%AD%EE%FF%00%AD%EE%FF%00My%DA%00%00%8An%00%08%8A%A8%00%1E%9Fg%00%13%91%B1%00%04%85%E3%00t%BB%E9%00%00%91%00%00%00%8D%00%00%00%8B%00%00%8D%F3Z%00%00%83%00%00%00%81%00%00%00%7D%00%00%AD%EE%FF%00%AD%EE%FF%00Nw%D7%00%1E%7E%87%00%00%7C%97%00%00p%EA%00%00u%E2%00%00x%D3%00s%B4%E3%00%00%8D%00%00%91%F7%5E%00%8D%F3Z%00%86%ECS%00%7B%E1H%00x%DEE%00%00x%00%00%AD%EE%FF%00%AD%EE%FF%00%AD%EE%FF%00Dy%E3%00%0D%7FP%00%00%7E%5D%00%00%86%3B%00%00g%D3%00n%A8%DE%00%00%87%00%00%00%85%00%00%00%81%00%00%7B%E1H%00%00z%00%00%00u%00%00%00p%00%00%AD%EE%FF%00%AD%EE%FF%00%AD%EE%FF%00%AD%EE%FF%003i%DF%00%27zU%00%28%9E%00%00%15g%B6%00y%A8%D4%00%80%A8%CF%00%A7%BF%D4%00%00%7D%00%00w%DDD%00%00r%00%00%AD%EE%FF%00%AD%EE%FF%00%AD%EE%FF%00%AD%EE%FF%00%AD%EE%FF%00%AD%EE%FF%00%AD%EE%FF%00%17U%C0%00%27S%A2%00Bkz%00Bc%98%00%3B%5E%95%00%95%A9%CA%00%00u%00%00%00p%00%00%00m%00%00%AD%EE%FF%00%AD%EE%FF%00%AD%EE%FF%00%AD%EE%FF%00%AD%EE%FF%00%AD%EE%FF%00%AD%EE%FF%00%AD%EE%FF%00%AD%EE%FF%00%AD%EE%FF%00%AD%EE%FF%00%AD%EE%FF%00%AD%EE%FF%00%AD%EE%FF%00%AD%EE%FF%00%AD%EE%FF%00%AD%EE%FF%00%AD%EE%FF%00%AD%EE%FF" )</imagedata>
</image>
