<field name="Find" id="280025">
<traversalOn>true</traversalOn>
<ink>srcCopy</ink>
<firstIndent>0</firstIndent>
<dontSearch>false</dontSearch>
<toggleHilites>false</toggleHilites>
<threeD>false</threeD>
<scrollbarWidth>20</scrollbarWidth>
<blendLevel>0</blendLevel>
<textHeight>13</textHeight>
<rect>5,81,355,102</rect>
<multipleHilites>false</multipleHilites>
<colors>urldecode( "%0D%0A36%2C36%2C36%0D%0A%0D%0A%0D%0A%0D%0A%0D%0A%0D%0A" )</colors>
<shadow>false</shadow>
<hScroll>0</hScroll>
<textAlign>left</textAlign>
<vScrollbar>false</vScrollbar>
<hScrollbar>false</hScrollbar>
<id>280025</id>
<altId>0</altId>
<autoTab>false</autoTab>
<textStyle>plain</textStyle>
<hGrid>false</hGrid>
<lockLoc>false</lockLoc>
<dontWrap>true</dontWrap>
<autoHilite>true</autoHilite>
<style>rectangle</style>
<showLines>false</showLines>
<sharedText>true</sharedText>
<noncontiguousHilites>false</noncontiguousHilites>
<lockText>false</lockText>
<scroll>0</scroll>
<name>field "Find"</name>
<vGrid>false</vGrid>
<listBehavior>false</listBehavior>
<layer>39</layer>
<visible>true</visible>
<cantSelect>false</cantSelect>
<borderWidth>1</borderWidth>
<margins>7,9,8,5</margins>
<htmlText>urldecode( "%3Cp%3EkDownloadURL%3C%2Fp%3E" )</htmlText>
<threeDHilite>false</threeDHilite>
<opaque>true</opaque>
<shadowOffset>4</shadowOffset>
<showBorder>true</showBorder>
<textSize>10</textSize>
<disabled>false</disabled>
<fixedLineHeight>true</fixedLineHeight>
<textFont>Verdana</textFont>
<vScroll>0</vScroll>
<showFocusBorder>false</showFocusBorder>
<custompropertyset name= "cGlx2General">
<cHscrollScript>0</cHscrollScript>
<cHscrollHandlers>0</cHscrollHandlers>
<cSelectedChunk>char 553 to 552</cSelectedChunk>
<cHtmlScript>urldecode( "%1F%8B%08%00%00%00%00%00%00%03%95T%CBn%DB0%10%BC%EB%2B%16%3A%04%89Q%C3I%7B%EF%C1%CE%03A%93K%83%7E%00M%ADm%22%14%29%90%2B%3F%FA%F5%5DR%B6DJ%09%90%12%3EX%C3%D9%D9%07%87%9C%CF%7F%C2%5E8%25%D6%1A%3D%5C%81%B4%C6%930%E4%8Bb%AB%EDZh%D8%3E%E9%E3%F7%17%E1%E9Q%99%AA%28%E6%1C%F0%8E%27%DE_%CCf%05%CC%00%BD%14%0D%FE%C2%13%7F%F0oQX%93b%BC%3C%9A%0D%0A%CA%DA%B6%1E%FF4%25%90%855%19%28%DFP8%B9%83W%5BaY%04%CA%10u%D1v%E2%C0%B9%DA%26%91%BE%40%D00q%C5%B11E%DBT%820T%B8%24%13%91Fx%3F%C4%07%F9%FE%E3%A2%FE%A6%EA%07C%E8%F2%DA34%AF%FE%DE%1EL%AC%7F%A3%19%DAp%B6%D0I%19i%07%A1%08%7E%DC%DEB%AD%B4V%1E%A5%FF%A4%F7Ql%D8OS%F6c%0D%C0%B3yT%A8%ABt%B2%19%CC%2B%8D%8DCL%09%171%12%EB%BC%C9%0B%C0K%5B%F9%0E%5E%3A%C4np%1B%2B%5B%0F%CC%89%85%3Al%B4%90X%9E%9B%D1%28%09%E4N8%B8%0B%BD%CC%EF%C0n%3E+%B6%26U%0De%9D%13%F6%07%8B%D4%3A3mo%84%F3%CA%FA%89%C7%98Q%A2%1F%A5%B6%1E%17xT%D4%27%88%D0X%3D%05%3F%E8%DC%23%01%ED%10%08%8F%E4%E9%A4147n%B6%C6%F0%1F%EB%86N%93+i%B5u%FF%1B%E4%D5%DF%2F%25%CAg%1A-%DER%60%29%C3%BC%FC%96%869%25%CD%F6%9E%E2%09M%0C5%60%BC%92%A0h%A6%7E3%CE9%DA%B8W%8B_%D1%7B%89%5C%0D%0Av%8D%3E%2FQ%D4%AB%D6y%EB%A2f%C2%C8%94%5E%ED%1E%C7B%1D6%D1%81A%2822%9D%17%14S%A138%8CQ%8E%0D%0A%EA%08%B1%CB%CE%E5%CA%9A%5E%B7GV%3Ba%B6%98%8Eo%BA%D5%19%8B%1FNZ%3A%7B%F0l%DE%FB%08%F6G%B6%C5a%E7%FA%A6%3B%BE%11Wm%12%04%94%07c%A9%B3%02%88x%05%F6%E7%DD%27%A4%EB%81%F9%0D%CA%BD%F2%8A%9F%F2%F2%26D%91k1%F8%AC%B3KXC%E4o%AC%F8A%1C%27%CE%1E%80%1A%CF7%B0%E2%82%3E%3B%CE%C9%00%8A%7F%E9%2C%85%05S%06%00%00" )</cHtmlScript>
<cHandlersListWidth>188</cHandlersListWidth>
<cHtmlHandlers>urldecode( "%1F%8B%08%00%00%00%00%00%00%03%95%92%CB%0D%0A%C20%10E%F7%7EEQ%E86%96T%25%18%B3%11%05q%E9%17%A4q%D0%60%9B%86L%AA%F6%EFm7%A1%15%7Cd3%8Bp%0F9%F3%E0V%F0Bpl%BA%A2%ABK%82Nm%A6%94%D2%8C%B2%A9%E0%A4%7FOTY%23%10xj%CFI%17%23VL%B8%15%E9%8C%AD%DF%B8E%B6d9%1Ds%7B%0D%E5%F9%7F%A6%FFe%84%FC%B4%BBA%8Bq%5E%60%3C%B8%83%895C%25-%1C%A1%FD%1Fq%F2%D1%D956%82%00%DF8%13%EDv%D2%D5%AEo*%CA%CE%CBb%90%FF0%E7U%88Wu%830%1C%F4%CF%CD+%94%A0%BC%AEM%DCz%02%B6%BDJs%81%2F%97%90%CF%19%5B%E5%01%BCK%A7eQ%02%26%A9%AC%EC%3AQ%B5A%2F%8D%0F%E7%F1%02I%3D%B3%B8%ED%02%00%00" )</cHtmlHandlers>
<cDirtyFlag>false</cDirtyFlag>
<cFolders>urldecode( "close%2Fexit%0D%0Akeys%0D%0Amouse%0D%0Aselection%0D%0Avariables+%26+constants" )</cFolders>
<cHandlers>urldecode( "closeField%0D%0AenterInField%0D%0AescapeKey%0D%0AexitField%0D%0AmouseEnter%0D%0AmouseLeave%0D%0AmouseMove%0D%0Arawkeyup%0D%0AreturnInField%0D%0AselectionChanged%0D%0ASimEnterKey%0D%0AtabKey" )</cHandlers>
<cVscrollScript>730</cVscrollScript>
<cVscrollHandlers>0</cVscrollHandlers>
<cGlobals>gGlx2LastFind</cGlobals>
</custompropertyset>
<custompropertyset name= "cGlx2TimeStamp">
<xml_num_1281516701>working</xml_num_1281516701>
<xml_num_1281516703>working</xml_num_1281516703>
<checksum>urldecode( "%C3%D4u%5D%9E%BA%25%D3%2B%9A7%03%0D_%F9%CA" )</checksum>
<xml_num_1281516694>working</xml_num_1281516694>
<xml_num_1281516705>working</xml_num_1281516705>
<xml_num_1281516706>working</xml_num_1281516706>
<xml_num_1281516696>working</xml_num_1281516696>
<xml_num_1281516697>working</xml_num_1281516697>
<xml_num_1281516698>working</xml_num_1281516698>
<xml_num_1281518086>start</xml_num_1281518086>
<xml_num_1281516666>start</xml_num_1281516666>
<xml_num_1281516911>working</xml_num_1281516911>
<xml_num_1281516713>working</xml_num_1281516713>
<xml_num_1281516680>working</xml_num_1281516680>
<xml_num_1281516881>working</xml_num_1281516881>
<xml_num_1281518186>start</xml_num_1281518186>
<xml_num_1281516765>start</xml_num_1281516765>
<xml_num_1281518188>end</xml_num_1281518188>
<xml_num_1281516929>working</xml_num_1281516929>
<xml_num_1281516689>working</xml_num_1281516689>
</custompropertyset>
<script>urldecode( "--%3E+variables+%26+constants%0D%0A%0D%0Aglobal+gGlx2LastFind%0D%0A%0D%0A--%3E+keys%0D%0A%0D%0A%2F**%0D%0A+*+escapeKey%0D%0A+*%0D%0A+*%2F%0D%0Aon+escapeKey%0D%0A++++send+%22mouseUp%22+to+btn+%22Search+Mode%22%0D%0Aend+escapeKey%0D%0A%0D%0A%2F**%0D%0A+*+rawkeyup%0D%0A+*%0D%0A+*%2F%0D%0Aon+rawkeyup+pKeyCode%0D%0A++++updateFindBtn%0D%0A++++pass+rawkeyup%0D%0Aend+rawkeyup%0D%0A%0D%0A%2F**%0D%0A+*+SimEnterKey%0D%0A+*%0D%0A+*%2F%0D%0Aon+SimEnterKey%0D%0A++++send+%22mouseDown%22+to+fld+%22find+btn%22%0D%0A++++wait+300+millisecs%0D%0A++++send+%22mouseUp%22+to+fld+%22find+btn%22%0D%0Aend+SimEnterKey%0D%0A%0D%0A%2F**%0D%0A+*+enterInField%0D%0A+*%0D%0A+*%2F%0D%0Aon+enterInField%0D%0A++++SimEnterKey%0D%0Aend+enterInField%0D%0A%0D%0A%2F**%0D%0A+*+tabKey%0D%0A+*%0D%0A+*%2F%0D%0Aon+tabKey%0D%0A++++lock+screen%0D%0A++++focus+on+fld+%22replace%22%0D%0A++++select+char+1+to+-1+of+fld+%22replace%22%0D%0A++++unlock+screen%0D%0Aend+tabKey%0D%0A%0D%0A%2F**%0D%0A+*+returnInField%0D%0A+*%0D%0A+*%2F%0D%0Aon+returnInField%0D%0A++++enterInField%0D%0Aend+returnInField%0D%0A%0D%0A--%3E+close%2Fexit%0D%0A%0D%0A%2F**%0D%0A+*+closeField%0D%0A+*%0D%0A+*%2F%0D%0Aon+closeField%0D%0A++++lock+screen%0D%0A++++set+the+textstyle+of+char+1+to+-1+of+me+to+empty%0D%0A++++set+the+textcolor+of+char+1+to+-1+of+me+to+empty%0D%0A++++set+the+textsize+of+char+1+to+-1+of+me+to+empty%0D%0A++++unlock+screen%0D%0A++++put+me+into+gGlx2LastFind%0D%0Aend+closeField%0D%0A%0D%0A%2F**%0D%0A+*+exitField%0D%0A+*%0D%0A+*%2F%0D%0Aon+exitField%0D%0A++++closeField%0D%0Aend+exitField%0D%0A%0D%0A--%3E+mouse%0D%0A%0D%0A%2F**%0D%0A+*+mouseEnter%0D%0A+*%0D%0A+*%2F%0D%0Aon+mouseEnter%0D%0A++++setIBeamCursor%0D%0Aend+mouseEnter%0D%0A%0D%0A%2F**%0D%0A+*+mouseMove%0D%0A+*%0D%0A+*%2F%0D%0Aon+mouseMove%0D%0A++++setIBeamCursor+%0D%0Aend+mouseMove%0D%0A%0D%0A%2F**%0D%0A+*+mouseLeave%0D%0A+*%0D%0A+*%2F%0D%0Aon+mouseLeave%0D%0A++++unlock+cursor%0D%0Aend+mouseLeave%0D%0A%0D%0A--%3E+selection%0D%0A%0D%0A%2F**%0D%0A+*+selectionChanged%0D%0A+*%0D%0A+*%2F%0D%0Aon+selectionChanged%0D%0A++++local+tBrowserID%0D%0A++++%0D%0A++++put+getBrowserID%28%29+into+tBrowserID%0D%0A++++if+tBrowserID+is+not+empty+and+revBrowserGet%28tBrowserID%2C+%22visible%22%29+is+true+then%0D%0A++++++++revBrowserRedraw+tBrowserID%0D%0A++++++++focus+on+me%0D%0A++++end+if%0D%0A++++setIBeamCursor%0D%0Aend+selectionChanged%0D%0A%0D%0A" )</script>
</field>
