<graphic name="arrow" id="333456">
<traversalOn>false</traversalOn>
<ink>srcCopy</ink>
<threeD>true</threeD>
<startAngle>0</startAngle>
<blendLevel>0</blendLevel>
<rect>394,267,418,287</rect>
<angle>0</angle>
<filled>true</filled>
<showName>false</showName>
<colors>urldecode( "132%2C207%2C236%0D%0A132%2C207%2C236%0D%0A%0D%0A%0D%0A%0D%0A%0D%0A%0D%0A" )</colors>
<arcAngle>360</arcAngle>
<dontResize>false</dontResize>
<startArrow>false</startArrow>
<editMode>none</editMode>
<points>urldecode( "396%2C269%0D%0A416%2C269%0D%0A405%2C285" )</points>
<id>333456</id>
<markerDrawn>false</markerDrawn>
<arrowSize>3</arrowSize>
<altId>0</altId>
<antiAliased>true</antiAliased>
<markerFilled>false</markerFilled>
<markerLineSize>1</markerLineSize>
<fillRule>none</fillRule>
<lockLoc>false</lockLoc>
<roundRadius>15</roundRadius>
<style>polygon</style>
<endArrow>false</endArrow>
<name>graphic "arrow"</name>
<lineSize>2</lineSize>
<polySides>4</polySides>
<capStyle>round</capStyle>
<layer>124</layer>
<visible>true</visible>
<cantSelect>false</cantSelect>
<borderWidth>2</borderWidth>
<margins>4</margins>
<roundEnds>true</roundEnds>
<opaque>true</opaque>
<showBorder>false</showBorder>
<miterLimit>10</miterLimit>
<disabled>false</disabled>
<joinStyle>round</joinStyle>
<showFocusBorder>true</showFocusBorder>
<custompropertyset name= "cGlx2TimeStamp">
</custompropertyset>
</graphic>
