<button name="Tools" id="255669">
<traversalOn>false</traversalOn>
<ink>srcCopy</ink>
<threeD>true</threeD>
<hiliteBorder>true</hiliteBorder>
<blendLevel>0</blendLevel>
<rect>61,1,100,20</rect>
<mnemonic>0</mnemonic>
<armFill>false</armFill>
<visitedIcon>0</visitedIcon>
<showName>true</showName>
<showIcon>false</showIcon>
<hilited>false</hilited>
<sharedHilite>true</sharedHilite>
<shadow>false</shadow>
<textAlign>center</textAlign>
<armed>false</armed>
<menuMouseButton>1</menuMouseButton>
<id>255669</id>
<altId>0</altId>
<labelWidth>0</labelWidth>
<armedIcon>0</armedIcon>
<lockLoc>true</lockLoc>
<visited>false</visited>
<showHilite>false</showHilite>
<label>Tools</label>
<autoHilite>true</autoHilite>
<style>menu</style>
<disabledIcon>0</disabledIcon>
<armBorder>true</armBorder>
<name>button "Tools"</name>
<icon>0</icon>
<layer>91</layer>
<visible>true</visible>
<cantSelect>false</cantSelect>
<borderWidth>2</borderWidth>
<menuLines>5</menuLines>
<margins>4</margins>
<opaque>true</opaque>
<text>urldecode( "%21n%26Browse+Tool%2F9%0D%0A%21c%26Pointer+Tool%2F0%0D%0A-%0D%0A%21n%26Tools+Palette%0D%0A%21cPaint+and+Draw+Tools%0D%0A-%0D%0AApplication+Browser%0D%0A-%0D%0AMenu+Builder%0D%0ADatabase+Query+Builder%0D%0A-%0D%0AScript+Snapshot%0D%0AExecution+Errors%0D%0AUncompiled+Scripts...%0D%0A-%0D%0AMessage+Box%2FM" )</text>
<shadowOffset>4</shadowOffset>
<default>false</default>
<hiliteFill>true</hiliteFill>
<showBorder>false</showBorder>
<hiliteIcon>0</hiliteIcon>
<disabled>false</disabled>
<autoArm>false</autoArm>
<menuMode>pulldown</menuMode>
<family>0</family>
<hoverIcon>0</hoverIcon>
<showFocusBorder>true</showFocusBorder>
<menuHistory>1</menuHistory>
<custompropertyset name= "cGlx2TimeStamp">
<checksum>urldecode( "%E9%8D.%E9%D6%EA%05%8Cn%CB%D6%E9*%05%AE%7E" )</checksum>
<xml_num_1282309317>start</xml_num_1282309317>
<xml_num_1282309372>working</xml_num_1282309372>
</custompropertyset>
<custompropertyset name= "cGlx2General">
<cHscrollScript>0</cHscrollScript>
<cHscrollHandlers>0</cHscrollHandlers>
<cHtmlScript>urldecode( "%1F%8B%08%00%00%00%00%00%00%03%EDX%CDn%DC6%10%BE%FB%29%06%3A5%87%18%B6%1F+%80%DD%06m%81%18q%BBI%D3C.%944%BB%22L%91%0CIy%ED%3E%7Dg%A8%5DE%3F%D4J%1B%A0A%0F%E1%C5%964%DF7%C3%19%CE%0F%F7%F5%EB7+%94%82J%E8R%A1%F3%17%17FC%8D%BAy%90%C5%23%D8O%95%2C%AA%0B%A0%A5%0C%3D%F3%07%1F%1F%FD%5E%86%A2%EA%0B%F0*%84G%C86%85%936%C0F%0B%EB%2B%132%E8%BE%F3%DA%19%08%06%7C%10%C4%979%7C%FA%F5%DD%DF7P%98%12%C1w%80%21%22w%28%1Ea%A4%A4%D1%85%A9%ADTX%82%8F%FA%FC%E5%E5%E5H%95%C7%00%A1B%B6%1D%CCv%AC%F3%2BC%C6%16%B1+1%21j%12%1F%D0%D8%26%00%D66%BC%80%D4%24%B8U%25%5C%9F%E6%5B%82g%04%0D%8D%CF%CE%60%29%A5%17%B9B%C8%83%86%0CK%19%0E%DB%3E%87%E3%E8%8FP5un%8D%8F%D0%9C6Cf%5D-%07%A9%EF%B0%B1%A35m%AA6%8D%C7%8F6z3%9A%E9p%EB%D0W%0B%26%92%5B%E0%FA%0D%0Aj%A9%94%F4X%F8i%ECG%A1%7F%FB%8CE%13%24%1D%D4%B7%CE%19%E7GQ%97%5B%DE%A4C%90%1ED_%AFP%E2%99%83%E0-%16%C1%B8%8C%C5%F4%00%CA%AB%A6%A3%A8%D0%FB%23%F2%C1%EC%D1u*%A3%C6%F1%F6Qy%FC%26%9E%21%0B%F9Pn%17w%FF%8B%08%22%E7%FF%FEh%D0%BD%C0%5D%23U%89%23%AAN7%EF%BB%CC%BF%B0%24%05%BF%B1%D9%22%FD%07c%94%87%07%A10%04%CC%12%8E%8D%E4%C3%88FL%C6%FE%BEJ%FB%D4%B6t%3D%E1%89%FF%60%02*%94%A1%D7c-%DF%E2%B2%3Bg%F6%F4%97%09%86%F8%A22%AC%23o%BF%07%FA%BE%C8%F5%60%28%8B%D1%CD%93%D9%83%C0*6%2BH%18%A8%F6B%E9%C4%3Eb%FC8g%93%A95%04f%A9x%2C*%BF%A7j%BE%E2%FC%B0%D8%BD%D0b7%96JszO%92pg%9E%D3%B5%A7%F8%E8%D1%BD%B7%A8%7B%26%F7A%B1%14%BB%06W%9C%BC%FA%00%CB%19F%87%EF%1Ft%06%8C%83%CF%93%A3%C4KI%8Dm%DDf*C%16D%1A%CFHm%C2%C8%8AY%9A%D8%26%C89E%C0r%2B%91%8A%F9%11%DF%3E%DD%2C%605%95%5E%3A%1D%D1%0CB%16%E5%89%0D1%EDu%3A%A3b%3Bn%DB%D5%E4%1B%15%EFb%D8%A2%EE%7B%C4%13%F1%AE%2B%C8%A0p%06%C4Q%E9%3B%08%7E%DAH%BD%23%F1w%E4%D5W%F3%9C%95T%92%1C%957%21%18%ADE%1D%F9w%CE4%16%B2%F6%25P5%1B4%C2z%AC%B6%A7i%AAhk%8A%C6OZr%7Dj%BF_%217k%21m%C0%21%E0s%60%C8Y%D8F%CF%C5*%D96%CE%C9%93%ADH1%0C%EA%E6%ACi%8B%A5%93%D7%7F%9D%C1%03%D8%7C%FB%A0%A1p%BF%CA%D7%3B%93b%9E%F6%1A%B2%E6%ECr%B0.%F1%BFS%8A%9F%E3%91%1F%B5%E0%7FQ%0B%BEG%B6%CF%9F%FAu%83%D2%AD%96%B5%88%93ur%2C%E8%8Fq%9D%E8%F2Lpk%AD%92%C5%817%8EZ.9X%B2%13%FE%BA%BDK%DC%16%F8z%18%D3%85%EBJ%3A%5B%E41%91Y%CD%23%BE%B0ti%F6%3A-%CDk0%E4%F4l%7C%FF%84%EEI%E2%7E%1A%FAd%08%0F%CAO%D5%93n%1FO%22%9F%B9ut%1E%1B%0D%BD%1D%2C%89%985%88W%F2%0EG%FEMS%F1%EAW%95E%40%E2H%CD%BC%3E%7D%3DZ%E5%FD%95%E7%F7O%B4%C6%85%153m%2B%B89u%25b%95%9BO%BF%7F%F8%F9%B7%F8xh%E3%ED%2F+%FC%ED%F8%23%C9%BF3%8CQ%D7B%11%00%00" )</cHtmlScript>
<cSelectedChunk>char 881 to 880</cSelectedChunk>
<cHandlersListWidth>123</cHandlersListWidth>
<cDirtyFlag>false</cDirtyFlag>
<cHtmlHandlers>urldecode( "%1F%8B%08%00%00%00%00%00%00%03%B3%29%B0%B3I%B2%B3%29.%05%12%99%B9%E9%0D%0A%C5E%C9%B6J%C6%C6%C6%86%C6%96Jv6%FA+q%85%C4%9C%1C%85%8C%C4%BC%94%9C%D4%A2b%1B%7D%A0B%FD%02%3B.%9B%02%3B5eKk4%9D%A6%86f%96%26%C6p%9D%B9%A9y%A5%01%99%C9%D9+%1D%00*%A2%02Yj%00%00%00" )</cHtmlHandlers>
<cFolders>all handlers</cFolders>
<cHandlers>menuPick</cHandlers>
<cVscrollScript>0</cVscrollScript>
<cVscrollHandlers>0</cVscrollHandlers>
<cHilitedLine>2</cHilitedLine>
</custompropertyset>
<script>urldecode( "--%3E+all+handlers%0D%0A%0D%0Aon+menuPick+pWhich%0D%0A++++lock+menus%0D%0A++++switch+pWhich%0D%0A++++++++case+%22Script+Snapshot%22+%0D%0A++++++++++++go+to+stack+%22revGLX2+code+snapshot%22++%0D%0A++++++++++++break+%0D%0A++++++++case+%22uncompiled+scripts...%22+%0D%0A++++++++++++set+the+loc+of+stack+%22revGLX2+uncompiled%22+to+the+screenloc%0D%0A++++++++++++put+empty+into+fld+1+of+stack+%22revGLX2+uncompiled%22%0D%0A++++++++++++put+empty+into+fld+%22status%22+of+stack+%22revGLX2+uncompiled%22%0D%0A++++++++++++disable+btn+%22edit+script%22+of+stack+%22revGLX2+uncompiled%22%0D%0A++++++++++++set+the+thumbpos+of+sb+1+to+0%0D%0A++++++++++++go+to+stack+%22revGLX2+uncompiled%22++%0D%0A++++++++++++send+%22mouseUp%22+to+btn+%22refresh%22+of+stack+%22revGLX2+uncompiled%22+in+10+millisecs%0D%0A++++++++++++break%0D%0A++++++++case+%22Execution+Errors%22+%0D%0A++++++++++++if+there+is+a+stack+%22revGalaxy+inspector%22+then%0D%0A++++++++++++++++modeless+stack+%22PowerExecutionError%22++%0D%0A++++++++++++else%0D%0A++++++++++++++++modeless+stack+%22PowerExecutionError%22%0D%0A++++++++++++end+if%0D%0A++++++++++++break%0D%0A++++++++case+%22Database+Query+Builder%22%0D%0A++++++++++++modeless+%22revdbquerysetup%22%0D%0A++++++++++++break%0D%0A++++++++case+%22Tools+Palette%22%0D%0A++++++++++++if+the+mode+of+stack+%22revTools%22+is+0+then%0D%0A++++++++++++++++palette+%22revTools%22%0D%0A++++++++++++else+%0D%0A++++++++++++++++close+stack+%22revTools%22%0D%0A++++++++++++end+if%0D%0A++++++++++++break%0D%0A++++++++case+%22Browse+Tool%22%0D%0A++++++++++++choose+browse+tool%0D%0A++++++++++++break%0D%0A++++++++case+%22Pointer+Tool%22%0D%0A++++++++++++choose+pointer+tool%0D%0A++++++++++++break%0D%0A++++++++case+%22paint+and+draw+tools%22%0D%0A++++++++++++send+%22mouseUp%22+to+btn+%22paint+and+draw%22+of+stack+%22revTools%22%0D%0A++++++++++++break%0D%0A++++++++case+%22Menu+Builder%22%0D%0A++++++++++++modeless+%22revMenuManager%22%0D%0A++++++++++++break%0D%0A++++++++case+%22Message+Box%22%0D%0A++++++++++++set+the+cUserOpen+of+stack+%22Message+Box%22+to+true%0D%0A++++++++++++if+the+mode+of+stack+%22message+box%22+is+zero+or+%5C%0D%0A++++++++++++++++++++line+1+of+the+openstacks+is+not+%22Message+Box%22+or+%5C%0D%0A++++++++++++++++++++the+selectedfield+is+not+%22field+2%22+or+%5C%0D%0A++++++++++++++++++++the+number+of+this+cd+of+stack+%22message+box%22+is+not+1+then%0D%0A++++++++++++++++lock+screen%0D%0A++++++++++++++++go+cd+1+of+stack+%22Message+box%22%0D%0A++++++++++++++++set+the+title+of+stack+%22Message+box%22+to+%22Message+Box+%28Single+Line%29%22%0D%0A++++++++++++++++set+the+hilitedbuttonname+of+group+%22button+tabs%22+of+stack+%22message+box%22+to+%22Single+Line%22%0D%0A++++++++++++++++focus+fld+1+of+stack+%22message+box%22%0D%0A++++++++++++++++focus+fld+2+of+stack+%22message+box%22%0D%0A++++++++++++++++select+text+of+fld+2+of+stack+%22message+box%22%0D%0A++++++++++++++++unlock+screen%0D%0A++++++++++++else%0D%0A++++++++++++++++set+the+cUserOpen+of+stack+%22Message+Box%22+to+false%0D%0A++++++++++++++++close+stack+%22message+box%22%0D%0A++++++++++++end+if%0D%0A++++++++++++break%0D%0A++++++++++++%0D%0A++++++++++++set+the+cUserOpen+of+stack+%22Message+Box%22+to+true%0D%0A++++++++++++if+the+mode+of+stack+%22Message+Box%22+is+0+then%0D%0A++++++++++++++++show+stack+%22message+box%22%0D%0A++++++++++++++++go+stack+%22Message+Box%22%0D%0A++++++++++++else+if+line+1+of+the+openstacks+is+not+%22Message+Box%22+or+the+selectedfield+is+not+%22field+2%22+or+the+number+of+this+cd+of+stack+%22message+box%22+is+not+1+then%0D%0A++++++++++++++++lock+screen%0D%0A++++++++++++++++show+stack+%22message+box%22%0D%0A++++++++++++++++go+cd+1+of+stack+%22Message+box%22%0D%0A++++++++++++++++set+the+title+of+stack+%22Message+box%22+to+%22Message+Box+%28Single+Line%29%22%0D%0A++++++++++++++++set+the+hilitedbuttonname+of+group+%22button+tabs%22+of+stack+%22message+box%22+to+%22Single+Line%22%0D%0A++++++++++++++++focus+fld+1+of+stack+%22message+box%22%0D%0A++++++++++++++++focus+fld+2+of+stack+%22message+box%22%0D%0A++++++++++++++++select+text+of+fld+2+of+stack+%22message+box%22%0D%0A++++++++++++else%0D%0A++++++++++++++++set+the+cUserOpen+of+stack+%22Message+Box%22+to+false%0D%0A++++++++++++++++close+stack+%22Message+Box%22%0D%0A++++++++++++end+if%0D%0A++++++++++++break%0D%0A++++++++case+%22Animation+Builder%22%0D%0A++++++++++++palette+%22revAnimation%22%0D%0A++++++++++++break%0D%0A++++++++case+%22Application+Browser%22%0D%0A++++++++++++if+the+cUseVAB+of+stack+%22revGLX2+code%22+is+true+then%0D%0A++++++++++++++++if+the+optionkey+is+down+then%0D%0A++++++++++++++++++++modeless+%22revApplicationOverview%22%0D%0A++++++++++++++++else%0D%0A++++++++++++++++++++if+line+1+of+the+openstacks+is+%22revGLX2+vab%22+then%0D%0A++++++++++++++++++++++++close+stack+%22revGLX2+vab%22%0D%0A++++++++++++++++++++else%0D%0A++++++++++++++++++++++++go+to+stack+%22revGLX2+VAB%22%0D%0A++++++++++++++++++++++++show+stack+%22revGLX2+VAB%22%0D%0A++++++++++++++++++++end+if%0D%0A++++++++++++++++end+if%0D%0A++++++++++++else%0D%0A++++++++++++++++modeless+%22revApplicationOverview%22%0D%0A++++++++++++end+if%0D%0A++++++++++++break%0D%0A++++++++case+%22Report+Builder%22%0D%0A++++++++++++modeless+%22revReportSetup%22%0D%0A++++++++++++break%0D%0A++++end+SWITCH%0D%0A++++unlock+menus%0D%0Aend+menuPick%0D%0A" )</script>
</button>
