<field name="question" id="700275">
<traversalOn>false</traversalOn>
<ink>srcCopy</ink>
<firstIndent>0</firstIndent>
<dontSearch>false</dontSearch>
<toggleHilites>false</toggleHilites>
<threeD>true</threeD>
<scrollbarWidth>20</scrollbarWidth>
<blendLevel>0</blendLevel>
<textHeight>17</textHeight>
<rect>237,107,375,140</rect>
<multipleHilites>false</multipleHilites>
<colors>urldecode( "255%2C255%2C255%0D%0A%0D%0A%0D%0A%0D%0A%0D%0A%0D%0A%0D%0A" )</colors>
<shadow>false</shadow>
<hScroll>0</hScroll>
<textAlign>center</textAlign>
<vScrollbar>false</vScrollbar>
<hScrollbar>false</hScrollbar>
<id>700275</id>
<altId>0</altId>
<autoTab>false</autoTab>
<textStyle>bold</textStyle>
<hGrid>false</hGrid>
<lockLoc>false</lockLoc>
<dontWrap>false</dontWrap>
<autoHilite>false</autoHilite>
<style>transparent</style>
<showLines>false</showLines>
<sharedText>true</sharedText>
<noncontiguousHilites>false</noncontiguousHilites>
<lockText>true</lockText>
<scroll>0</scroll>
<name>field "question"</name>
<vGrid>false</vGrid>
<listBehavior>false</listBehavior>
<layer>147</layer>
<visible>true</visible>
<cantSelect>false</cantSelect>
<borderWidth>2</borderWidth>
<margins>0,4,0,4</margins>
<htmlText>urldecode( "%3Cp%3EDelete+Space%3A%3C%2Fp%3E%0D%0A%3Cp%3E%3Cfont+color%3D%22%23FFFF00%22%3EBlank%3C%2Ffont%3E%3C%2Fp%3E" )</htmlText>
<threeDHilite>false</threeDHilite>
<opaque>false</opaque>
<shadowOffset>4</shadowOffset>
<showBorder>false</showBorder>
<textSize>13</textSize>
<disabled>false</disabled>
<fixedLineHeight>true</fixedLineHeight>
<textFont>arial</textFont>
<vScroll>0</vScroll>
<showFocusBorder>true</showFocusBorder>
<custompropertyset name= "cGlx2TimeStamp">
</custompropertyset>
<custompropertyset name= "cREVTable">
<currentview>urldecode( "Really+delete+space%0D%0A%5Bwork_space%5D%3F" )</currentview>
</custompropertyset>
</field>
