<image name="handler" id="105058">
<traversalOn>false</traversalOn>
<palindromeFrames>false</palindromeFrames>
<ink>srcCopy</ink>
<threeD>true</threeD>
<blendLevel>0</blendLevel>
<rect>148,36,161,48</rect>
<angle>0</angle>
<yHot>1</yHot>
<id>105058</id>
<altId>0</altId>
<frameCount>0</frameCount>
<constantMask>false</constantMask>
<lockLoc>false</lockLoc>
<repeatCount>0</repeatCount>
<size>729</size>
<name>image "handler"</name>
<hotSpot>1,1</hotSpot>
<alwaysBuffer>true</alwaysBuffer>
<layer>18</layer>
<dontDither>false</dontDither>
<visible>false</visible>
<cantSelect>false</cantSelect>
<borderWidth>2</borderWidth>
<opaque>false</opaque>
<currentFrame>1</currentFrame>
<showBorder>false</showBorder>
<disabled>false</disabled>
<xHot>1</xHot>
<showFocusBorder>true</showFocusBorder>
<custompropertyset name= "cGlx2TimeStamp">
</custompropertyset>
<imagedata>urldecode( "%00%90%90%C8%00%90%90%C8%00%90%90%C8%00%90%90%C8%00%AD%AD%CD%00%C3%C3%D3%00%9C%9C%B4%00xx%97%00%86%86%A4%00%7B%7B%94%00%90%90%C8%00%90%90%C8%00%90%90%C8%00%90%90%C8%00%90%90%C8%00%90%90%C8%00%9A%9A%D6%00%F1%F1%F5%00%FF%FF%FF%00%FF%FF%FF%00%EC%EC%F1%00%C9%C9%D3%00%91%91%A7%00qq%7B%00aaz%00%90%90%C8%00%90%90%C8%00%90%90%C8%00%90%90%C8%00%7E%7E%EF%00%FF%FF%F3%00%FF%FF%FF%00%FF%FF%FF%00%FF%FF%FF%00%F4%F4%F6%00%9A%9A%B4%00%9D%9D%C4%00%81%81%A3%00%90%90%C8%00%90%90%C8%00%90%90%C8%00%90%90%C8%00%A7%A7%D2%00%FC%FC%F7%00%FE%FE%FF%00%FF%FF%FF%00%FF%FF%FF%00%B9%B9%C8%00IIo%00%DA%DA%F5%00%A2%A2%BB%00%90%90%C8%00%90%90%C8%00%90%90%C8%00%90%90%C8%00%BB%BB%CA%00%F0%F0%F8%00%F3%F3%FA%00%F9%F9%FD%00%FB%FB%FB%00%A1%A1%B1%00EEZ%00mmw%00RRb%00%90%90%C8%00%90%90%C8%00%90%90%C8%00%82%82%AD%00%AF%AF%C6%00%E4%E4%F4%00%E3%E3%F1%00%ED%ED%F8%00%ED%ED%F5%00%96%96%AA%00%90%90%C8%0077%3C%00%90%90%C8%00%90%90%C8%00%B4%B4%DB%00%B3%B3%E0%00xx%9D%00%9E%9E%B8%00%DD%DD%F8%00%D7%D7%EB%00%DF%DF%F1%00%D9%D9%E9%00%A9%A9%BB%00%90%90%C8%00%90%90%C8%00%90%90%C8%00%90%90%C8%00%C3%C3%DC%00%FD%FD%FF%00%BC%BC%CA%00%A8%A8%C3%00%B5%B5%D5%00%C9%C9%E8%00%DC%DC%F7%00%CB%CB%E1%00%8D%8D%A1%00%90%90%C8%00%90%90%C8%00%90%90%C8%00%90%90%C8%00%AE%AE%CA%00%DC%DC%E9%00%F8%F8%FE%00%EA%EA%EE%00%C4%C4%CF%00%98%98%AE%00%B2%B2%CF%00%C0%C0%DF%00tt%83%00%90%90%C8%00%90%90%C8%00%90%90%C8%00%90%90%C8%00%97%97%BD%00%98%98%B9%00%A9%A9%C4%00%D6%D6%EB%00%DD%DD%E5%00ffs%00uu%8E%00%93%93%AF%00VV%5D%00%90%90%C8%00%90%90%C8%00%90%90%C8%00%90%90%C8%00%90%90%C8%00%8B%8B%AE%00%82%82%A0%00%89%89%A4%00%7E%7E%93%00%84%84%A6%00zz%99%00xx%93%00IIM%00%90%90%C8%00%90%90%C8%00%90%90%C8%00%90%90%C8%00%90%90%C8%00%90%90%C8%00%90%90%C8%00xx%90%00__o%00%5D%5Dk%00nn%81%00%5C%5Cf%00%90%90%C8%00%90%90%C8%00%90%90%C8%00%90%90%C8%00%90%90%C8" )</imagedata>
</image>
