<image name="spaces.jpg" id="698425">
<traversalOn>false</traversalOn>
<palindromeFrames>false</palindromeFrames>
<ink>srcCopy</ink>
<threeD>true</threeD>
<blendLevel>0</blendLevel>
<rect>210,114,353,140</rect>
<angle>0</angle>
<yHot>1</yHot>
<id>698425</id>
<altId>0</altId>
<frameCount>0</frameCount>
<constantMask>false</constantMask>
<lockLoc>false</lockLoc>
<repeatCount>0</repeatCount>
<size>5911</size>
<name>image "spaces.jpg"</name>
<hotSpot>1,1</hotSpot>
<alwaysBuffer>true</alwaysBuffer>
<layer>136</layer>
<dontDither>false</dontDither>
<visible>true</visible>
<cantSelect>false</cantSelect>
<borderWidth>1</borderWidth>
<opaque>true</opaque>
<currentFrame>1</currentFrame>
<showBorder>true</showBorder>
<disabled>false</disabled>
<xHot>1</xHot>
<showFocusBorder>true</showFocusBorder>
<custompropertyset name= "cGlx2TimeStamp">
<checksum>urldecode( "N%D3qFQ%7Dg%C3YAO%BCl%27%0D%0AE" )</checksum>
</custompropertyset>
<imagedata>urldecode( "%FF003%FF%2B%2B%28%FF%2F0%29%FF01%28%FF.%2C.%FF313%FF%2B%2C%25%FF13%29%FF14%29%FF03-%FF%28%2C4%FF%29-7%FF006%FF%2C%2C%2C%FF..%2B%FF0%2F0%FF**1%FF44%3C%FF%2C.3%FF%29%2C%2B%FF143%FF%2F1.%FF%2B.%2C%FF%2F10%FF016%FF%2B%2C1%FF%2F%2F1%FF111%FF%29%29%29%FF553%FF%2F%2F%29%FF%2C%2C%29%FF.%2F1%FF%29.1%FF135%FF%2B%2C%2F%FF333%FF111%FF..%2B%FF11%2F%FF..%28%FF%2F%2F%29%FF%2F%2F%2C%FF%2F%2F%2C%FF%2F%2F%2C%FF%2F%2F%2C%FF111%FF%2F10%FF%2B11%FF%2B11%FF%2F31%FF%2F%2F%2F%FF201%FF1.%2F%FF%2F%2C.%FF0%2F0%FF%2F.1%FF003%FF.%2F1%FF%2B%2C%2F%FF.0%2F%FF%2F10%FF00.%FF00.%FF...%FF000%FF111%FF%2C%2C%2C%FF444%FF%2B%2B%2B%FF...%FF...%FF111%FF...%FF%2F%2F%2F%FF111%FF%2C%2C%2C%FF000%FF111%FF%2B%2B%2B%FF0%2F3%FF315%FF.%2C0%FF-%2B%2F%FF333%FF111%FF%2F%2F%2C%FF..%2B%FF.0%2C%FF%2C%2F%2B%FF460%FF%28%2B%24%FF%2F1%29%FF14%2C%FF%29%2C%24%FF%2F1%2B%FF11%2F%FF%2B%2B%2B%FF333%FF%2B%2B%2B%FF000%FF000%FF%2C%2C%2C%FF...%FF%2F%2F%2F%FF%2C%2C%2C%FF000%FF000%FF%2F%2F%2F%FF...%FF444%FF%2F%2F%2F%FF000%FF%2C%2C%2C%FF...%FF%2F%2F%2F%FF111%FF111%FF%2F%2F%2F%FF%2B%2B%2B%FF333%FF%2C%2C%2C%FF333%FF%25%25%25%FF000%FF555%FF%29%29%29%FF333%FF%2C%2C%2C%FF333%FF%29%29%29%FF333%FF%2F%2F%2F%FF%29%29%29%FF111%FF%2C%2C%2C%FF%2F%2F%2F%FF%2F%2F%2F%FF%2F%2F%2F%FF%2F%2F%2F%FF%2F%2F%2F%FF%2F%2F%2F%FF%2F%2F%2F%FF%2C%2C%2C%FF664%FF01*%FF%29%2B%24%FF%2F.1%FF%2B%29.%FF00.%FF%2F0*%FF%2B.%27%FF%2B.%2C%FF%2F38%FF027%FF%2F%2F1%FF553%FF..%2B%FF.%2C.%FF0%2F5%FF.%2F5%FF003%FF.0%2F%FF031%FF%2F10%FF%29%2C%2B%FF%2F10%FF%2C.0%FF346%FF%2B%2B.%FF%2F%2F1%FF...%FF..%2B%FF..%28%FF330%FF%2F10%FF.%2F1%FF.0%2F%FF.0%2F%FF%2C%2C%2C%FF%2C%2C%29%FF11%2F%FF%28%28%25%FF430%FF*%29%27%FF...%FF...%FF%2B%2B%2B%FF000%FF%2F%2F1%FF%29%2B.%FF%2F34%FF*%2F0%FF%2C%2F.%FF%2F%2F%2F%FF*%28%29%FF%2F.%2F%FF%2F.%2F%FF-%2B%2C%FF000%FF%2C%2C%2C%FF%2F03%FF143%FF%2F10%FF%2F%2F%2F%FF.%2C.%FF*%28%29%FF000%FF...%FF%28%28%28%FF...%FF%27%27%27%FF444%FF000%FF111%FF%2C%2C%2C%FF...%FF%2C%2C%2C%FF333%FF%2C%2C%2C%FF%2F%2F%2F%FF000%FF555%FF%2F.1%FF-%2B%2F%FF0%2F3%FF0%2F3%FF%2C%2C%2C%FF%2B%2B%2B%FF..%2B%FF553%FF03%2F%FF%2C%2F%2B%FF%2F1.%FF%2C%2F%2B%FF%2C%2F%28%FF%2F1%2B%FF01%2B%FF11%2F%FF%2B%2B%2B%FF444%FF333%FF%2C%2C%2C%FF%2F%2F%2F%FF%2C%2C%2C%FF000%FF000%FF...%FF444%FF%2C%2C%2C%FF%2B%2B%2B%FF000%FF111%FF%27%27%27%FF%2F%2F%2F%FF%2C%2C%2C%FF333%FF...%FF...%FF%2B%2B%2B%FF000%FF%29%29%29%FF999%FF%25%25%25%FF444%FF333%FF000%FF%2F%2F%2F%FF%2B%2B%2B%FF111%FF%2F%2F%2F%FF%2F%2F%2F%FF%2F%2F%2F%FF111%FF%2C%2C%2C%FF%2F%2F%2F%FF333%FF666%FF%2C%2C%2C%FF%2F%2F%2F%FF%2F%2F%2F%FF%2F%2F%2F%FF%2F%2F%2F%FF%2F%2F%2F%FF%2F%2F%2F%FF%2F%2F%2F%FF14.%FF%27%29%22%FF%2C%2C%29%FF333%FF.%2C4%FF-*5%FF01%3A%FF**1%FF027%FF%2C.4%FF%2C.3%FF.%2F1%FF%25%27+%FF.%2F%28%FF..%2B%FF-%2B%2C%FF%2B%29%2B%FF%2C%2C%2C%FF111%FF%2B%2B%2B%FF%28%28%28%FF111%FF%2F%2F%2F%FF%2C%2C%2C%FF...%FF003%FF%2B%2B.%FF003%FF000%FF..%2B%FF%2B%2B%25%FF%2F%2F%29%FF%29%2B%24%FF%2F0*%FF%29%29%27%FF%2C%2C%29%FF330%FF..%2B%FF%29%29%27%FF555%FF%28%28%28%FF888%FF%2C%2C%2F%FF..0%FF66%3B%FF--3%FF--4%FF006%FF%2F05%FF%2B%2C%2F%FF%2F%2F1%FF446%FF003%FF..0%FF%2F%2F%2F%FF111%FF%2F10%FF%2F1.%FF%2F%2F%2F%FF...%FF%2F%2F%2F%FF.%2C.%FF.%2C.%FF434%FF000%FF%2C%2C%2C%FF666%FF111%FF%2C%2C%2C%FF000%FF...%FF%2B%2B%2B%FF000%FF...%FF444%FF%2B%2B%2B%FF000%FF...%FF111%FF%27%27%27%FF0%2F0%FF313%FF313%FF%2B%29%2B%FF111%FF555%FF%2B%2B%2B%FF%2C%2C%2C%FF...%FF%2F%2F%2F%FF%2F%2F%2F%FF333%FF...%FF...%FF%2F.1%FF%29%29%2C%FF000%FF%27%27%27%FF000%FF444%FF...%FF000%FF%2B%2B%2B%FF...%FF%2C%2C%2C%FF%29%29%29%FF333%FF000%FF000%FF000%FF111%FF444%FF111%FF%2C%2C%2C%FF111%FF%2F%2F%2F%FF111%FF111%FF...%FF%28%28%28%FF888%FF%28%28%28%FF%2F%2F%2F%FF444%FF%29%29%29%FF%2F%2F%2F%FF333%FF%2C%2C%2C%FF000%FF000%FF%2F%2F%2F%FF%2C%2C%2C%FF...%FF%29%29%29%FF%2B%2B%2B%FF111%FF%2F%2F%2F%FF%2F%2F%2F%FF%2F%2F%2F%FF%2F%2F%2F%FF%2F%2F%2F%FF%2F%2F%2F%FF%2F%2F%2F%FF.0%2C%FF%2C%2F%2B%FF666%FF%28%28%2F%FF%3B9A%FFvu%7C%FF%8C%8C%92%FF%95%95%99%FF%90%91%95%FF%91%93%96%FF%8D%8E%8F%FF%96%97%95%FF%95%96%92%FF%91%90%8D%FF%98%96%96%FF%95%93%93%FF%95%93%90%FF%8F%8E%8A%FF%8F%8E%8D%FF%92%92%92%FF%91%91%93%FF%8E%8F%90%FF%8F%8F%8F%FF%94%94%94%FF%94%94%92%FF%8D%8D%8D%FF%92%92%94%FF%91%91%93%FF%8F%90%91%FF%94%94%94%FF%90%8F%8E%FF%90%8F%8C%FF%97%96%93%FF%92%92%90%FF%8E%8E%8D%FF%8D%8D%8C%FF%93%93%91%FF%8A%8A%8A%FFVVV%FF%2B%2B.%FF..0%FF%2F%2F1%FF%2F%2F1%FF..0%FF%2C%2C%2F%FF%2B%29.%FF-%2B%2F%FF%2F.1%FF3%2F0%FF434%FF%2F.%2F%FF%2B%2B.%FF%2F%2F1%FF%2C.0%FF%2C%2F.%FF*%2F.%FF%2C%2F%2B%FF.0*%FF01%2B%FF11%2F%FF0%2F0%FF0%2F0%FF%2F.1%FF%2F.1%FF...%FF%2F%2F%2F%FF...%FF111%FF%2B%2B%2B%FF%2F%2F%2F%FF%2F%2F%2F%FF000%FF%2F%2F%2F%FF%2B%2B%2B%FF%2F%2F%2F%FF333%FF%29%29%29%FF%2C%2C%2C%FF333%FF444%FF%2B%29%2B%FF%2F.%2F%FF%2F.%2F%FF-%2B%2C%FF...%FF%2F%2F%2F%FF%2F%2F%2F%FF...%FF000%FF313%FF%2F.1%FF0%2F0%FF%2F%2B%2C%FF%2F%2C.%FF3.3%FF204%FF333%FF...%FF%2C%2C%2C%FF111%FF%2C%2C%2C%FF111%FF%2C%2C%2C%FF111%FF%2F%2F%2F%FF111%FF333%FF000%FF%29%29%29%FF%2C%2C%2C%FF555%FF%27%27%27%FF%2F%2F%2F%FF%2B%2B%2B%FF%2F%2F%2F%FF333%FF000%FF...%FF333%FF111%FF...%FF333%FF%29%29%29%FF...%FF000%FF...%FF...%FF333%FF%2B%2B%2B%FF%2F%2F%2F%FF...%FF444%FF444%FF000%FF%2C%2C%2C%FF000%FF%2F%2F%2F%FF%2F%2F%2F%FF%2F%2F%2F%FF%2F%2F%2F%FF%2F%2F%2F%FF%2F%2F%2F%FF%2F%2F%2F%FF%2C.3%FF.%2F4%FF**0%FF227%FF%91%90%92%FF%C8%C7%C7%FF%C8%C8%C7%FF%C6%C7%C3%FF%C6%C6%C2%FF%C9%CA%C5%FF%C5%C5%C2%FF%C4%C4%C2%FF%CA%C9%CB%FF%C5%C4%C8%FF%C7%C4%C7%FF%C7%C4%C3%FF%C9%C7%BE%FF%CC%CC%C2%FF%C6%C5%C2%FF%C9%C8%C8%FF%CA%C9%CD%FF%C5%C4%C8%FF%C7%C7%C7%FF%C6%C6%C5%FF%C7%C8%C4%FF%C7%C7%C6%FF%C7%C7%C7%FF%C5%C5%C6%FF%C6%C6%C7%FF%C7%C8%C9%FF%C8%C8%C7%FF%C8%C7%C6%FF%C5%C4%C6%FF%C4%C3%C7%FF%C9%C8%CB%FF%CA%C9%CD%FF%C6%C6%CA%FF%CA%C9%CD%FF%9E%9F%A2%FF%2C.0%FF346%FF%29%29%29%FF00.%FF%27%27%21%FF-%2C%27%FF53-%FF%29%24%1C%FF6%2F%29%FF0%27%21%FF0%28%24%FF%26++%FF313%FF014%FF%2F34%FF-30%FF.4%2F%FF%2F4-%FF*.%25%FF.%2F%28%FF..%28%FF%29%25%24%FF2-1%FF327%FF%27%25%2C%FF%2F%2F1%FF111%FF%29%29%29%FF...%FF666%FF%2C%2C%2C%FF%2F%2F%2F%FF%2F%2F%2F%FF%2F%2F%2F%FF111%FF333%FF%29%29%29%FF444%FF333%FF000%FF%27%27%27%FF653%FF..%2B%FF%28%28%25%FF430%FF%2F%2F%2C%FF%28%28%25%FF21%2F%FF%2F%2F%2C%FF%28%28%25%FF%2C%28%27%FF%2C%28%29%FF%2F%2B%29%FF1%2B%2B%FF.%28%28%FF%2B%25%25%FF%2F%2C%2B%FF%24%22%24%FF%3A%3A%3A%FF%2C%2C%2C%FF000%FF000%FF%2F%2F%2F%FF000%FF...%FF111%FF333%FF%29%29%29%FF%29%29%29%FF333%FF333%FF%2C%2C%2C%FF111%FF000%FF444%FF%28%28%28%FF333%FF%2C%2C%2C%FF%2F%2F%2F%FF%2B%2B%2B%FF%2F%2F%2F%FF%2F%2F%2F%FF%2B%2B%2B%FF333%FF111%FF%2F%2F%2F%FF444%FF000%FF%29%29%29%FF111%FF...%FF%2F%2F%2F%FF%22%22%22%FF%2F%2F%2F%FF333%FF000%FF...%FF%2F%2F%2F%FF%2F%2F%2F%FF%2F%2F%2F%FF%2F%2F%2F%FF%2F%2F%2F%FF%2F%2F%2F%FF%2F%2F%2F%FF016%FF.%2F4%FF**0%FFMMM%FF%B6%B5%B2%FF%BF%BF%BB%FF%C2%C3%BE%FF%BE%BE%B8%FF%BE%BF%B7%FF%C1%C3%BB%FF%C2%C3%BE%FF%BD%BD%BD%FF%C1%C0%C4%FF%C6%C3%C4%FF%C2%BF%B6%FF%C2%C0%B0%FF%BF%BE%AC%FF%C2%C1%B2%FF%BF%BE%B8%FF%BE%BD%BE%FF%C0%BF%C3%FF%C0%BF%C3%FF%C1%C1%C1%FF%BE%BF%BB%FF%BB%BB%B6%FF%C4%C5%C1%FF%BF%BF%BF%FF%C0%C0%C1%FF%C4%C3%C7%FF%BB%BB%BD%FF%C0%C0%BE%FF%BF%BF%BD%FF%BE%BC%BE%FF%C4%C1%C5%FF%BF%BE%C2%FF%C1%C0%C4%FF%BC%BB%BF%FF%C2%C2%C5%FF%B5%B5%B8%FF%3E%3FA%FF%2B.%2C%FF11%2F%FF874%FFTRL%FFTQH%FFTNC%FFgaV%FFZRE%FF%5CQE%FFcWQ%FFE%3C8%FF2%2C%2C%FF%25%25%28%FF%29.%2F%FF%2B11%FF-30%FF%28.%26%FF771%FF44*%FF%2B%2B%24%FF2%2F.%FF2-1%FF.%2C4%FF54%3B%FF%2C%2C%2F%FF333%FF%2C%2C%2C%FF000%FF000%FF%2B%2B%2B%FF%2C%2C%2C%FF333%FF%2F%2F%2F%FF%2F%2F%2F%FF%28%28%28%FF%28%28%28%FF%2C%2C%2C%FF%2B%2B%2B%FF%2B%2B%2B%FF444%FF%27%25%27%FF653%FF%2F%2F%2C%FF%2F%2F%2C%FF653%FF..%2B%FF-%2C%29%FF650%FFXUR%FFWTQ%FFVRN%FFTPK%FFXRN%FFVQJ%FFYTM%FFFA%3D%FF541%FF%29%29%29%FF...%FF%2F%2F%2F%FF%2B%2B%2B%FF111%FF%2F%2F%2F%FF%2F%2F%2F%FF...%FF%25%25%25%FF%25%25%25%FF...%FF444%FF%21%21%21%FF%28%28%28%FF111%FF%28%28%28%FF%24%24%24%FF111%FF%24%24%24%FF%22%22%22%FF...%FF333%FF%2C%2C%2C%FF%2B%2B%2B%FF%25%25%25%FF%28%28%28%FF%29%29%29%FF%2C%2C%2C%FF%27%27%27%FF333%FF...%FF%2F%2F%2F%FF%21%21%21%FF333%FF444%FF...%FF%28%28%28%FF555%FF%2B%2B%2B%FF%2F%2F%2F%FF%2F%2F%2F%FF%2F%2F%2F%FF%2F%2F%2F%FF%2F%2F%2F%FF%2F%2F%2F%FF%2F%2F%2F%FF%2C.0%FF%2B.%2C%FF%2B%2B%28%FFWWR%FF%B4%B3%AF%FF%B5%B4%B0%FF%B9%B9%B5%FF%AE%AE%AA%FF%B0%B1%A9%FF%B4%B5%AC%FF%AD%AD%AB%FF%B8%B8%BB%FF%B0%AF%B3%FF%B6%B4%AB%FF%BE%BE%9A%FF%BA%BA%8F%FF%C1%C1%A3%FF%B3%B2%9F%FF%B9%B7%AF%FF%B7%B5%B5%FF%B0%AF%B4%FF%B7%B5%BB%FF%B9%B8%B9%FF%B8%B8%B5%FF%BF%BF%BA%FF%B0%B0%AC%FF%B3%B4%B4%FF%B4%B5%B6%FF%B3%B3%B6%FF%B0%B0%B4%FF%B4%B4%B3%FF%B1%B1%AD%FF%B7%B5%B4%FF%B5%B3%B2%FF%B1%B0%B1%FF%B3%B2%B2%FF%B5%B5%B7%FF%B5%B6%B7%FF%AA%AB%AD%FFCDE%FF%2C%2C%2C%FF*%29%27%FFA%3C7%FF%81%7Bv%FF%81%7Br%FF%8C%85%7B%FF%BB%B4%A8%FF%98%8C%7F%FF%89zj%FF%95%86y%FFfXQ%FF-%24%1D%FF%5CZ%5B%FF%3C%3FA%FF%21%27%2B%FF+%27%27%FF%26%2C%27%FF%2B%2C%25%FF%24%24%1D%FF%2B%28%21%FF51%2F%FF%2F%2C.%FF%24%22%29%FF%27%27.%FF%29%29%2C%FF%22%22%22%FF...%FF%29%29%29%FF+++%FF%2F%2F%2F%FF%2B%2B%2B%FF%29%29%29%FF%22%22%22%FF666%FFVVV%FFmmm%FF%25%25%25%FF%27%27%27%FF%29%29%29%FF%2B%2B%2B%FF%29%29%29%FF%2F%2F%2F%FF444%FF%29%29%29%FF..%2B%FF-%2C%29%FF*%27%22%FFHD%40%FF%8A%86%81%FF%95%91%8C%FF%98%92%8B%FF%91%8D%84%FF%93%8D%85%FF%98%92%89%FF%A0%9A%90%FFYTK%FF%27%27%21%FF%28%28%28%FF...%FF%27%27%27%FF%28%28%28%FF%29%29%29%FF%28%28%28%FF%2B%2B%2B%FF%29%29%29%FFppp%FF%A2%A2%A2%FFyyy%FF333%FF%81%81%81%FF%3D%3D%3D%FF%2B%2B%2B%FFvvv%FFddd%FFooo%FFkkk%FF%86%86%86%FF%7B%7B%7B%FF555%FF%2B%2B%2B%FFYYY%FF%A0%A0%A0%FF%8F%8F%8F%FF%3A%3A%3A%FF%2B%2B%2B%FF%25%25%25%FF%2B%2B%2B%FF%29%29%29%FF111%FF%81%81%81%FF333%FF%1F%1F%1F%FF%29%29%29%FF%2F%2F%2F%FF111%FF...%FF%2F%2F%2F%FF%2F%2F%2F%FF%2F%2F%2F%FF%2F%2F%2F%FF%2F%2F%2F%FF%2F%2F%2F%FF%2F%2F%2F%FF%2F03%FF%2F1.%FF%28%29%22%FFZ%5BU%FF%A8%A8%A4%FF%A7%A7%A4%FF%A3%A1%A2%FF%BA%BA%B8%FF%DB%DB%D7%FF%D5%D6%D1%FF%B0%B1%B2%FF%C9%C8%CC%FF%AE%AB%AC%FF%AE%AD%99%FF%D2%D2%9A%FF%CF%D1%92%FF%D0%CF%AA%FF%C8%C7%B3%FF%D4%D2%C9%FF%B5%B3%B2%FF%A4%A3%A8%FF%CC%CA%CF%FF%CD%CC%CD%FF%B6%B5%B1%FF%DE%DE%D8%FF%A6%A7%A0%FF%B8%B8%B8%FF%B2%B3%B4%FF%A6%A5%AA%FF%B7%B7%BB%FF%BB%BB%B9%FF%B6%B7%B3%FF%B0%AF%AC%FF%A7%A6%A3%FF%BB%BB%B9%FF%B1%B0%AF%FF%A5%A6%A5%FF%AA%AB%AA%FF%A0%A1%A1%FF%40%40%40%FF-%2C%29%FF2%2F%29%FF%3B4.%FFrjb%FF%AA%A1%98%FF%C6%BD%B1%FF%D6%CB%BF%FF%D2%C4%B6%FF%CC%BB%A9%FF%A7%94%82%FF%5BK%3C%FF%3E4*%FF%C0%BE%BB%FFvwy%FFcgj%FF%9E%A1%A4%FFX%5B%5C%FFllj%FF%94%93%8F%FF%87%85%81%FF73%2F%FF%22%21%22%FFhhl%FF%92%92%96%FF%84%84%86%FF%60%60%60%FF%9B%9B%9B%FFmmm%FF%97%97%97%FFvvv%FF%7C%7C%7C%FFIII%FF%80%80%80%FF%25%25%25%FFwww%FF%B7%B7%B7%FF%86%86%86%FF%3F%3F%3F%FFwww%FF%93%93%93%FFvvx%FF%28%28%2B%FF%2B%2B%2B%FF555%FF%28%28%25%FF430%FF2%2F%2B%FF%3B72%FF%94%90%8B%FF%BD%BA%B5%FF%D4%CF%C9%FF%D7%D3%CB%FF%D7%D1%CA%FF%D8%D3%CC%FF%D4%CE%C6%FFTLD%FF%2F%2B%27%FF%8D%8D%8D%FF%81%81%81%FF%7E%7E%7E%FF%8E%8E%8E%FFkkk%FFjjj%FF%5C%5C%5C%FF%81%81%81%FF%AD%AD%AD%FF%5E%5E%5E%FF%8D%8D%8D%FF%40%40%40%FF%AF%B0%B0%FFLLL%FF%27%27%27%FFUUU%FF%BE%BE%BE%FF%B0%B1%B1%FFVVV%FFkkk%FF%B6%B6%B6%FFMMM%FF444%FF%AE%AE%AE%FFhhh%FF%7D%7D%7D%FFFFF%FFyyy%FF%9B%9B%9B%FFLLL%FF%5D%5D%5D%FF%9C%9C%9C%FF%B9%B9%B9%FFDDD%FF%99%99%99%FFuuu%FF%2F%2F%2F%FF%2B%2B%2B%FF000%FF%2F%2F%2F%FF%2F%2F%2F%FF%2F%2F%2F%FF%2F%2F%2F%FF%2F%2F%2F%FF%2F%2F%2F%FF%2F%2F%2F%FF%2C.3%FF031%FF%2B%2B%28%FFRRM%FF%A5%A4%A1%FF%9F%9E%9F%FF%97%95%9A%FF%DA%D9%DE%FF%BB%BB%BC%FF%C7%C8%C9%FF%B2%B2%B6%FF%D8%D9%DA%FF%A1%9F%98%FF%9B%9B%7B%FF%BB%BCs%FF%E9%ED%A4%FF%AA%AA%7D%FF%B2%B1%9B%FF%D5%D4%CB%FF%C3%C1%C0%FF%95%93%98%FF%C1%BF%C4%FF%E7%E7%E7%FF%DE%DD%DA%FF%DD%DD%D7%FF%C1%C2%BC%FF%D8%D9%D8%FF%DB%DB%DC%FF%BD%BD%C1%FF%DD%DD%E0%FF%E3%E3%E2%FF%D7%D8%D5%FF%D7%D7%D4%FF%BF%C0%BC%FF%E3%E3%E2%FF%D9%D9%D7%FF%9B%9D%9A%FF%9C%9E%9B%FF%96%96%94%FFAA%3F%FF%2F%2C%25%FF72%2B%FF3%29%1F%FFG%3B%2F%FF%84yj%FF%D9%CE%C1%FF%F5%E7%D8%FF%EF%E0%CE%FF%AE%99%81%FF%81iO%FFSA%28%FF%3A%2C%1D%FF%B0%AC%A9%FFhhi%FF%A9%AC%AF%FFory%FF%A7%A8%AA%FF%94%94%94%FF%8C%8C%88%FF%A6%A3%A1%FFUUQ%FF%2F%2F%2C%FF%A7%A7%A8%FFtuw%FF%B3%B4%B4%FF%86%86%86%FF%9A%9A%9A%FFfff%FF%A0%A0%A0%FF%AF%AF%AF%FF%90%90%90%FF%9F%9F%9F%FF%8E%8E%8E%FF%22%22%22%FFttt%FF%9D%9D%9D%FF%94%94%94%FF%85%85%85%FF%A6%A6%A6%FF%81%81%81%FF%A4%A4%A4%FF+++%FF555%FF%2C%2C%2C%FF201%FF201%FF%2F%2C%2B%FF%2F%2B%29%FF%85%81%7F%FF%C6%C3%C1%FF%DF%DA%D9%FF%EB%E6%E3%FF%E8%E2%E0%FF%E7%E0%DE%FF%DE%D5%D5%FFNED%FF732%FF%B5%B5%B5%FFuuu%FF%B7%B7%B7%FF%A8%A8%A8%FF%8C%8C%8C%FF%A7%A7%A7%FF%A2%A2%A2%FF%85%85%85%FF%A1%A1%A1%FFSSS%FF%B1%B2%B2%FFmmm%FF%A5%A5%A5%FF%40%40%40%FF%29%29%29%FF...%FF%CD%CD%CD%FF%A8%A8%A8%FF%1C%1C%1C%FFwww%FF%98%98%98%FF%29%29%29%FFEEE%FF%AF%B0%B0%FF333%FF%3D%3D%3D%FFbbb%FF%AD%AD%AD%FF%7B%7B%7B%FF%99%99%99%FF%A8%A8%A8%FFooo%FF%B4%B5%B5%FF%85%85%85%FF%AF%B0%B0%FF%AB%AB%AB%FFBBB%FF...%FF%2F%2F%2F%FF%2F%2F%2F%FF%2F%2F%2F%FF%2F%2F%2F%FF%2F%2F%2F%FF%2F%2F%2F%FF%2F%2F%2F%FF%2F%2F%2F%FF027%FF.%2F4%FF%2C%2C%2C%FFTTR%FF%9A%99%96%FF%8E%8D%8D%FF%97%95%9A%FF%D4%D3%D9%FF%B2%B2%B6%FF%DF%DE%E2%FF%C0%C0%C4%FF%D6%D6%D6%FF%A3%A3%99%FF%9A%9Aw%FF%CC%CF%8D%FF%D8%DB%97%FF%BD%BE%95%FF%B2%B1%9C%FF%DC%DB%D2%FF%97%95%93%FF%8E%8D%91%FF%BB%BA%BD%FF%D1%D0%CF%FF%B2%B1%AD%FF%D8%D9%D3%FF%CD%CD%C8%FF%B9%B9%B9%FF%D6%D7%D8%FF%C6%C6%CA%FF%C7%C7%CA%FF%CA%CA%C8%FF%BD%BE%BA%FF%D3%D3%D2%FF%CE%CE%CC%FF%D6%D7%D6%FF%D0%D0%D0%FF%96%97%96%FF%93%95%94%FF%8F%8F%8E%FF%3F%3E%3A%FF2%2F%29%FF1%2B%21%FF7%2F%21%FFVK9%FFoaP%FF%D6%CA%B8%FF%DF%D2%C0%FF%E9%DA%C5%FF%A7%91v%FF%8BtW%FF%5CI2%FF3%25%13%FF%A1%9C%97%FF%80%7F%81%FF%9D%9E%A2%FF%9E%9E%A4%FF%90%92%96%FF%91%91%93%FF%AD%AC%AA%FF%A6%A5%A2%FFBA%3C%FF%28%28%25%FF%9C%9E%9D%FF%9B%9D%9C%FF%B2%B3%B3%FF%81%81%81%FFsss%FF%8D%8D%8D%FF%A8%A8%A8%FF%B4%B5%B5%FF%5D%5D%5D%FF%CD%CD%CD%FFZZZ%FF%22%22%22%FFrrr%FF%B4%B5%B5%FF%A4%A4%A4%FFiii%FF%A2%A2%A2%FF%A6%A6%A6%FF%A9%AA%AB%FF%22%22%25%FF%2C%2C%2F%FF%2B%2B%2B%FF-%2B%2C%FF%2F%2F%2C%FF40%2F%FF%2F%2B%27%FF%8A%86%83%FF%CE%CB%C6%FF%E9%E5%E0%FF%EB%E6%E1%FF%EB%E6%E1%FF%EF%E8%E4%FF%DC%D6%CF%FFTLG%FF40%2F%FF%A9%A9%A9%FFLLL%FF%AA%AA%AA%FF%AA%AA%AA%FFRRR%FF%96%96%96%FF%AF%AF%AF%FF999%FF%AA%AA%AA%FF%96%96%96%FF%BB%BB%BB%FF%60%60%60%FF%B4%B5%B5%FF%9C%9C%9C%FFuuu%FF%92%92%92%FF%92%92%92%FF%A5%A5%A5%FF%8E%8E%8E%FF%CF%CF%CF%FF%9E%9E%9E%FFIII%FF%28%28%28%FF%98%98%98%FF%A9%A9%A9%FF%AB%AB%AB%FF%5D%5D%5D%FF%AA%AA%AA%FF%A0%A0%A0%FF%7C%7C%7C%FF%8E%8E%8E%FF%A0%A0%A0%FF%B5%B5%B5%FFwww%FF%B3%B4%B4%FF%91%91%91%FF999%FF%2C%2C%2C%FF...%FF%2F%2F%2F%FF%2F%2F%2F%FF%2F%2F%2F%FF%2F%2F%2F%FF%2F%2F%2F%FF%2F%2F%2F%FF%2F%2F%2F%FF.%2F7%FF%2C.4%FF%2B%2B.%FFVVT%FF%95%94%91%FF%84%83%80%FF%84%84%84%FF%99%98%9C%FF%C7%C7%CA%FF%BF%BF%C2%FF%9C%9C%9E%FF%C0%C0%BE%FF%C6%C5%BC%FF%B9%B7%A2%FF%B4%B4%88%FF%8F%90_%FF%B6%B6%98%FF%C6%C5%B5%FF%D2%D2%CA%FF%9F%9F%9D%FF%7F%7E%80%FF%A1%A0%A2%FF%A8%A8%A7%FF%90%91%8D%FF%B6%B7%B2%FF%9B%9B%98%FF%CB%CB%CB%FF%B3%B4%B5%FF%9F%9F%A3%FF%A6%A6%A7%FF%B0%B1%B1%FF%A1%A1%9F%FF%B5%B7%B6%FF%96%97%99%FF%CB%CC%CD%FF%B1%B2%B3%FF%7C%7C%7D%FF%81%81%83%FF%83%81%82%FF%3E%3D9%FF0.%25%FF6%2F%24%FF7%2F%1F%FF%5DR%3F%FF%91%86r%FF%BD%B1%9D%FF%99%8Bs%FF%B4%A5%8C%FF%B7%A6%8A%FF%99%87m%FFhXA%FF%2F%22%0F%FFTNH%FFHDE%FFCCI%FF%5E%5Dd%FF54%3B%FF%8A%89%8D%FF%84%82%83%FFLKI%FF%2B%2B%28%FF00.%FF%7E%7F%7D%FF%A9%AA%A9%FF%A5%A5%A5%FF%3D%3D%3D%FFBBB%FF666%FFZZZ%FFKKK%FFnnn%FF%B0%B1%B1%FF333%FF...%FF%3A%3A%3A%FFXXX%FFPPP%FF000%FF%93%93%93%FF%AF%AF%B0%FF%85%84%88%FF%26%25%2C%FF..4%FF335%FF00.%FF%2F0*%FF33%29%FF44%28%FFzxl%FF%A9%A8%9A%FF%C2%C1%B1%FF%C8%C4%B4%FF%CB%C8%B5%FF%C9%C4%B1%FF%B5%B1%9A%FF%5BVC%FF..%24%FFNNN%FF000%FFKKK%FFXXX%FF888%FF666%FFGGG%FF%2B%2B%2B%FF555%FFfff%FFLLL%FF...%FFRRR%FF%5D%5D%5D%FFYYY%FFSSS%FF444%FF%3C%3C%3C%FFWWW%FF%5B%5B%5B%FF%5B%5B%5B%FF555%FF%2C%2C%2C%FF111%FFZZZ%FFLLL%FF000%FFAAA%FFbbb%FF000%FF%3C%3C%3C%FFXXX%FFKKK%FF000%FF%5B%5B%5B%FFMMM%FF%29%29%29%FF%2C%2C%2C%FF111%FF%2F%2F%2F%FF%2F%2F%2F%FF%2F%2F%2F%FF%2F%2F%2F%FF%2F%2F%2F%FF%2F%2F%2F%FF%2F%2F%2F%FF%2C.4%FF%2F05%FF%2C%2C%2F%FFTTR%FF%8D%8D%89%FFwvr%FFyxv%FFvvv%FFww%7B%FFrqv%FFuuw%FF%7B%7By%FFyxq%FFwxj%FF%7By%60%FF%7D%7Ca%FF%7Bzh%FFzzl%FFnng%FF%7D%7D%7B%FF%7Bz%7C%FFust%FF%7C%7Bz%FFuvq%FFtup%FFwwu%FFuuu%FFyz%7B%FFvvz%FF%7C%7C%7D%FFvvv%FFtsr%FFtvu%FFyy%7B%FFnop%FFtuw%FF%81%81%82%FF%7D%7D%7D%FFust%FF%3C%3A6%FF0.%27%FF.%27%1D%FF%3E6%28%FF%3F4%22%FFE7%24%FFF6+%FFG6%1A%FFK%3C%1F%FFUC%26%FFL%3C%1F%FF%3F1%1A%FF%3C3%26%FF1%2B%24%FF%2F%2C%2B%FF%28%27.%FF**1%FF%26%26.%FFKJO%FF%3C%3B%3E%FF%2B%29%2B%FF00.%FF%24%24%21%FFKMJ%FFkmj%FFEEE%FF%27%27%27%FF%2B%2B%2B%FF555%FF%2B%2B%2B%FF%2B%2B%2B%FFVVV%FFIII%FF%2B%2B%2B%FF111%FF%29%29%29%FF%29%29%29%FF333%FF%28%28%28%FFVVV%FFddd%FFBBG%FF%24%24%2B%FF003%FF..0%FF00.%FF%2F0*%FF%2B%2B%21%FF33%26%FF55%27%FF%3B8%28%FF%3F%3E%28%FF%3E%3B%25%FFA%3E%25%FFA%3C%21%FFHB%26%FF31%19%FF%2B%2B%24%FF%22%22%22%FF555%FF%2B%2B%2B%FF%27%27%27%FF%2B%2B%2B%FF333%FF%2B%2B%2B%FF%2C%2C%2C%FF%2B%2B%2B%FF%24%24%24%FF000%FF...%FF%28%28%28%FF%2C%2C%2C%FF%24%24%24%FF%27%27%27%FF111%FF333%FF%25%25%25%FF%25%25%25%FF...%FF%2C%2C%2C%FF000%FF111%FF%2C%2C%2C%FF%2C%2C%2C%FF%29%29%29%FF444%FF%24%24%24%FF333%FF%29%29%29%FF111%FF%28%28%28%FF333%FF%24%24%24%FF000%FF...%FF000%FF...%FF%2F%2F%2F%FF%2F%2F%2F%FF%2F%2F%2F%FF%2F%2F%2F%FF%2F%2F%2F%FF%2F%2F%2F%FF%2F%2F%2F%FF%2F1.%FF%2B.%29%FF%24%25%1F%FFRRM%FF%8B%8A%88%FFmmk%FFsss%FFsss%FFpqu%FFstx%FFrsu%FFprq%FFnoj%FFsrn%FFuro%FFqnk%FFrpj%FFrrk%FFusp%FFllj%FFvvv%FFqqo%FFssq%FFssq%FFuus%FFjjj%FFrrs%FFuuw%FFssu%FFjjk%FFvtu%FFssq%FFqsn%FFtvq%FFsso%FFqrm%FFrrp%FFqqo%FFllj%FF%3E%3D%3B%FF%2C%28%24%FF72-%FF.%27%1F%FF.%27%1D%FF7%2F%25%FF2%28%1D%FF2%28%1D%FF2%28%1A%FF%2C%22%0C%FF6%2F%1A%FF%2B%22%11%FF6%2F%24%FF-%28%22%FF%2C%28%27%FF%2F.%2F%FF-%2B%2F%FF%29%29%2C%FF..0%FF...%FF%22%22%22%FF000%FF000%FF%21%21%21%FF%25%25%25%FF%22%22%22%FF444%FF%29%29%29%FF%29%29%29%FF%28%28%28%FF...%FF...%FF%29%29%29%FF...%FF%2F%2F%2F%FF%2F%2F%2F%FF%27%27%27%FF000%FF%2C%2C%2C%FF%24%24%24%FF%27%27%27%FF%28%28%28%FF...%FF...%FF%28%28%28%FF...%FF11%2F%FF%2B%2B%28%FF..%2B%FF%2B%2B%28%FF*%29%27%FF..%2B%FF*%27%22%FF%2C%28%27%FF%2C%27%22%FF%2C%27%22%FF2%2F%2B%FF877%FF%27%27%27%FF%2B%2B%2B%FF%29%29%29%FF000%FF%29%29%29%FF...%FF%27%27%27%FF111%FF...%FF%2C%2C%2C%FF%29%29%29%FF000%FF...%FF%27%27%27%FF444%FF%2B%2B%2B%FF000%FF%24%24%24%FF%2C%2C%2C%FF...%FF...%FF%28%28%28%FF...%FF%28%28%28%FF%29%29%29%FF...%FF%27%27%27%FF%29%29%29%FF%2F%2F%2F%FF%27%27%27%FF000%FF%25%25%25%FF111%FF%2C%2C%2C%FF%2B%2B%2B%FF%2C%2C%2C%FF%29%29%29%FF000%FF%29%29%29%FF...%FF...%FF...%FF...%FF...%FF...%FF...%FFBC%3E%FFCD%3F%FF%40A%3B%FF%5C%5CZ%FF%89%87%89%FFrqv%FFssu%FFppp%FFtvu%FFqsr%FFmon%FFrss%FFrrp%FFsss%FFrpv%FFvtz%FFwuv%FFqqo%FFqqo%FFppn%FFqqo%FFqqo%FFkki%FFtsr%FFsss%FFttv%FFuuw%FFqqs%FFppr%FFuuu%FFvus%FFppn%FFopk%FFpsl%FFtup%FFnoj%FFtsr%FFoom%FFsrs%FF%3A89%FFEDE%FFDA%3F%FFDA%3F%FFFCB%FFFC%3F%FFD%40%3D%FFGC%3E%FFJGC%FFDC%3A%FFJIA%FFFD%3F%FFFD%3F%FFFDA%FFCB%3E%FFFEC%FFCBA%FFIII%FF%40%40%40%FFAAA%FFFFF%FFFFF%FFDDD%FFIII%FFFFF%FFEEE%FFDDD%FFEEE%FFEEE%FFEEE%FFBBB%FFBBB%FFAAA%FF%40%40%40%FFFFF%FFFFF%FF%3D%3D%3D%FF%40%40%40%FFEEE%FFDDD%FFDDD%FFEDC%FFDCB%FFEDC%FFEDC%FF%3F%3F%3F%FFBBB%FFIII%FFDDF%FFDDF%FFEEG%FFHGK%FFCBG%FFEDI%FFKGL%FFFCH%FFDCH%FF%3C%3C%3E%FFEEE%FFFFF%FFDDD%FFFFF%FFEEE%FFGGG%FFDDD%FF%3F%3F%3F%FFEEE%FFEEE%FF%40%40%40%FF%40%40%40%FFEEE%FFGGG%FF%3C%3C%3C%FFBBB%FFEEE%FFFFF%FFEEE%FFIII%FFAAA%FFFFF%FF%40%40%40%FFKKK%FF%3D%3D%3D%FFGGG%FFGGG%FFDDD%FFIII%FFAAA%FFBBB%FFEEE%FFDDD%FFBBB%FFJJJ%FFBBB%FFBBB%FFFFF%FFBBB%FFBBB%FFBBB%FFBBB%FFBBB%FFBBB%FFBBB%FFBBB%FF%83%83%81%FF%88%88%86%FF%85%85%83%FF%7E%7E%7F%FF%82%81%8A%FFpox%FFrqv%FFppn%FFmph%FForj%FFrvp%FFoqn%FFoom%FFwwu%FFnmo%FFpos%FFmlp%FFrrs%FFuuu%FFpro%FFprm%FFoql%FFwxv%FFprq%FFmno%FFpqs%FFqqs%FFppr%FFqqq%FFrrr%FFllj%FFutr%FFooo%FFwww%FFmmm%FFuuu%FFqqs%FFttv%FFllm%FFLLN%FF%81%81%83%FF%84%84%86%FF%8D%8E%8F%FF%86%86%86%FF%84%84%84%FF%89%8B%8A%FF%89%8B%88%FF%7C%7F%7F%FF%82%88%8A%FF%80%86%88%FF%85%89%89%FF%83%86%85%FF%84%84%82%FF%87%86%83%FF%88%87%83%FF%86%85%82%FF%86%86%84%FF%88%88%86%FF%82%83%82%FF%89%8B%8A%FF%87%87%89%FF%80%80%81%FF%88%86%89%FF%83%81%84%FF%85%85%85%FF%89%89%89%FF%84%84%84%FF%86%86%86%FF%85%85%85%FF%84%84%84%FF%89%89%89%FF%85%85%85%FF%88%88%88%FF%86%86%86%FF%85%85%85%FF%8A%8A%8A%FF%89%89%89%FF%84%84%84%FF%86%86%86%FF%89%89%89%FF%85%85%85%FF%84%84%84%FF%86%86%84%FF%88%88%86%FF%84%85%82%FF%82%83%81%FF%88%89%86%FF%85%86%83%FF%86%87%84%FF%83%84%81%FF%83%83%81%FF%86%86%84%FF%86%86%84%FF%87%86%84%FF%88%87%85%FF%87%86%84%FF%8C%8C%8C%FF%84%84%84%FF%88%88%88%FF%83%83%83%FF%80%80%80%FF%87%87%87%FF%84%84%84%FF%88%88%88%FF%89%89%89%FF%85%85%85%FF%85%85%85%FF%89%89%89%FF%88%88%88%FF%81%81%81%FF%8C%8C%8C%FF%86%86%86%FF%86%86%86%FF%87%87%87%FF%84%84%84%FF%84%84%84%FF%86%86%86%FF%83%83%83%FF%88%88%88%FF%88%88%88%FF%83%83%83%FF%88%88%88%FF%85%85%85%FF%87%87%87%FF%86%86%86%FF%81%81%81%FF%87%87%87%FF%88%88%88%FF%8A%8A%8A%FF%82%82%82%FF%8B%8B%8B%FF%83%83%83%FF%85%85%85%FF%87%87%87%FF%86%86%86%FF%84%84%84%FF%87%87%87%FF%87%87%87%FF%87%87%87%FF%87%87%87%FF%87%87%87%FF%87%87%87%FF%87%87%87%FFmmm%FFggg%FFlll%FFllm%FFpox%FFkjq%FFnno%FFnoj%FFknd%FFnqg%FFkmh%FFmol%FFnoj%FFkki%FFmlm%FFonq%FFppu%FFjjk%FFjlk%FFqsp%FFikh%FFmol%FFkmj%FFkml%FFmno%FFmno%FFmmn%FFkkl%FFqqq%FFiii%FFppn%FFkjk%FFooo%FFjjk%FFoop%FFkkl%FFmmn%FFmmn%FFiim%FFmmn%FFhhl%FFoop%FFdef%FFijk%FFhij%FFhkk%FFfih%FFkpp%FFdkm%FFipu%FFdkm%FFhkk%FFikj%FFkki%FFhhd%FFkkg%FFjkf%FFgge%FFlnm%FFikj%FFiij%FFppr%FFihj%FFlkm%FFkkk%FFggg%FFkkk%FFmmm%FFjjj%FFkkk%FFjjj%FFkkk%FFkkk%FFkkk%FFkkk%FFjjj%FFiii%FFkkk%FFlll%FFhhh%FFiii%FFlll%FFhhf%FFgge%FFmol%FFjli%FFhjg%FFhjg%FFikh%FFhje%FFhhf%FFopk%FFjjh%FFhid%FFmmi%FFjjf%FFiig%FFkkk%FFggg%FFmmm%FFmmm%FFjjj%FFkkk%FFiii%FFjjj%FFjjj%FFiii%FFlll%FFggg%FFnnn%FFggg%FFjjj%FFjjj%FFiii%FFkkk%FFmmm%FFjjj%FFhhh%FFnnn%FFkkk%FFjjj%FFlll%FFggg%FFkkk%FFlll%FFkkk%FFlll%FFjjj%FFhhh%FFooo%FFhhh%FFhhh%FFooo%FFhhh%FFjjj%FFkkk%FFiii%FFiii%FFiii%FFiii%FFiii%FFiii%FFiii%FFnno%FFnnn%FFppp%FFhhh%FFoop%FFnnn%FFllj%FFnoi%FFkld%FFssn%FFdd%60%FFqrm%FFllj%FFllj%FFmmm%FFmmm%FFiij%FFggg%FFhhh%FFooo%FFjjj%FFhhh%FFkkk%FFmmm%FFkkk%FFlll%FFnnn%FFhhh%FFhhh%FFmmm%FFkkk%FFnnn%FFmmm%FFmmm%FFnnn%FFiii%FFooo%FFnnn%FFkkl%FFooo%FFmmn%FFmmm%FFlll%FFkkk%FFlll%FFy%7By%FFjlk%FFjlk%FFjkl%FFmpq%FFijk%FFqsr%FFiii%FFmmm%FFnnl%FFmmk%FFiig%FFggg%FFggg%FFooo%FFppp%FFhhh%FFlll%FFnnn%FFooo%FFhhh%FFlll%FFnnn%FFkkk%FFmmm%FFnnn%FFlll%FFiii%FFfff%FFnnn%FFlll%FFooo%FFkkk%FFqqq%FFkkk%FFmmm%FFrrr%FFggg%FFooo%FFppp%FFkkk%FFnnn%FFiii%FFlll%FF%7B%7By%FFmmm%FFmmk%FFnnn%FFllj%FFmmk%FFoom%FFnnn%FFiii%FFmmm%FFnnn%FFnnn%FFhhh%FFeee%FFooo%FFkkk%FFlll%FFeee%FFppp%FFlll%FFmmm%FFiii%FFooo%FFnnn%FFlll%FFlll%FFooo%FFlll%FFnnn%FFfff%FFiii%FFnnn%FFiii%FFlll%FFooo%FFlll%FFjjj%FFqqq%FFmmm%FFmmm%FFlll%FFnnn%FFmmm%FFlll%FFmmm%FFmmm%FFlll%FFjjj%FFlll%FFnnn%FFlll%FFjjj%FFttt%FFppp%FFoop%FFiij%FFiii%FFqqo%FFoom%FFghc%FFnoi%FFlmg%FFlmg%FFmnh%FF%8D%8D%8A%FFyyt%FFllj%FFoom%FFjjj%FFuuu%FF%97%97%97%FF%A1%A1%A1%FF%81%81%81%FFiii%FFlll%FF%8D%8D%8D%FF%86%86%86%FFnnn%FFttt%FFlll%FF%81%81%81%FFyyy%FF%86%86%86%FFwww%FFiii%FFhhh%FFjjj%FFkkk%FFggg%FFmmm%FFkkk%FFggg%FFkkk%FFkkk%FFmmm%FFmmm%FFnnn%FFmmm%FFlll%FF%7E%7E%7E%FFkkk%FFmmm%FFlll%FFuuu%FFggg%FFlll%FF%85%85%85%FFhhh%FFlll%FFkkk%FF%93%93%93%FF%9E%9E%9E%FF%88%88%88%FFeee%FFhhh%FFlll%FFooo%FFhhh%FFooo%FF%83%83%83%FFqqq%FFccc%FFppp%FFfff%FFkkk%FFmmm%FF%91%91%91%FF%99%99%99%FFmmm%FFttt%FFlll%FFeee%FFiii%FFlll%FFfff%FFhhh%FF%8A%8A%8A%FFmmm%FFggg%FFooo%FFkkk%FFnnn%FFrrr%FF%7C%7C%7C%FFmmm%FFkkk%FFjjj%FFmmm%FFiii%FFddd%FF%7D%7D%7D%FF%7F%7F%7F%FFjjj%FFkkk%FFfff%FF%92%92%92%FF%88%88%88%FFsss%FF%83%83%83%FFsss%FF%89%89%89%FFkkk%FFiii%FFlll%FFjjj%FFhhh%FFjjj%FFiii%FFhhh%FFooo%FFggg%FFvvv%FF%9E%9E%9E%FF%8B%8B%8B%FF%7D%7D%7D%FF%7B%7B%7B%FFfff%FFrrr%FFddd%FFiii%FFiii%FFfff%FFkkk%FFjjj%FFggg%FFkkk%FFmmm%FFeee%FFppp%FFggg%FF%7E%7E%7E%FF%7C%7C%7C%FFnnn%FFlll%FFjjj%FFyyy%FF%7C%7C%7C%FFjjk%FFoop%FFooo%FFllj%FFjjh%FFqrm%FFqrl%FFijd%FFssn%FF%B4%B4%AF%FF%D9%DA%D6%FF%8C%8D%89%FFkki%FFnnl%FFiii%FF%8A%8A%8A%FF%DF%DF%DF%FF%AE%AE%AE%FF%87%87%87%FFyyy%FF%B2%B3%B3%FF%C5%C5%C5%FF%9A%9A%9A%FF%BB%BB%BB%FF%A8%A8%A8%FFiii%FF%C0%C0%C0%FF%8E%8E%8E%FF%C1%C1%C1%FF%9A%9A%9A%FF%90%90%90%FF%8B%8B%8B%FF%82%82%82%FF%91%91%91%FF%94%94%94%FF%97%97%97%FFqqq%FF%8E%8E%8E%FF%86%86%86%FFkkk%FFmmm%FFmmm%FFooo%FFmmm%FFkkk%FF%82%82%82%FFkkk%FFmmm%FFppp%FF%5E%5E%5E%FF%81%81%81%FF%AD%AD%AD%FF%C0%C0%C0%FF%81%81%81%FF%96%96%96%FF%84%84%84%FF%D8%D9%D8%FF%B4%B5%B5%FF%CA%CA%CA%FF%7F%7F%7F%FF%96%96%96%FFvvv%FF%85%85%85%FF%91%91%91%FFyyy%FF%AC%AC%AC%FF%86%86%86%FF%A1%A1%A1%FF%85%85%85%FF%88%88%88%FF%89%89%89%FF%87%87%87%FF%D6%D7%D6%FF%C0%C0%C0%FF%91%91%91%FF%CD%CD%CD%FF%91%91%91%FF%98%98%98%FF%80%80%80%FFyyy%FF%9D%9D%9D%FF%81%81%81%FF%C9%C9%C9%FF%99%99%99%FF%7F%7F%7F%FFjjj%FFnnn%FFjjj%FFiii%FF%85%85%85%FFjjj%FFsss%FFkkk%FFqqq%FF%93%93%93%FF%8D%8D%8D%FF%AA%AA%AA%FF%AF%B0%B0%FF%84%84%84%FF%8D%8D%8D%FF%85%85%85%FF%B4%B5%B5%FF%C7%C7%C7%FF%9C%9C%9C%FF%EF%F0%EF%FF%9C%9C%9C%FF%BC%BC%BC%FF%81%81%81%FF%93%93%93%FF%7E%7E%7E%FF%93%93%93%FF%93%93%93%FF%95%95%95%FF%87%87%87%FF%7D%7D%7D%FF%8D%8D%8D%FFttt%FF%BC%BC%BC%FF%C0%C0%C0%FF%B0%B1%B1%FF%BB%BB%BB%FF%B3%B4%B4%FF%88%88%88%FFwww%FF%9F%9F%9F%FF%80%80%80%FF%84%84%84%FF%9F%9F%9F%FF%82%82%82%FF%80%80%80%FF%99%99%99%FF%83%83%83%FF%81%81%81%FF%8E%8E%8E%FFmmm%FF%8B%8B%8B%FF%C3%C3%C3%FF%9A%9A%9A%FFhhh%FFlll%FFmmm%FFuuu%FFyyy%FFqqs%FFkkl%FFmmm%FFlll%FFoom%FFpql%FFefa%FF%88%89%84%FF%C0%C0%BC%FF%D3%D4%D0%FF%A3%A3%9F%FFmni%FFmmk%FFjjh%FFlll%FF%88%88%88%FF%DA%DA%DA%FF%B1%B2%B2%FF%84%84%84%FF%C7%C7%C7%FF%AF%B0%B0%FF%C7%C7%C7%FF%C0%C0%C0%FF%C0%C0%C0%FF%A8%A8%A8%FFccc%FF%C2%C2%C2%FF%CB%CB%CB%FF%D5%D5%D5%FF%C1%C1%C1%FF%B3%B4%B4%FF%C0%C0%C0%FF%C6%C6%C6%FF%BB%BB%BB%FF%D1%D1%D1%FF%BE%BE%BE%FF%B0%B1%B1%FF%D6%D7%D6%FF%C4%C4%C4%FFwww%FFmmm%FFlll%FFnnn%FFlll%FFkkk%FF%84%84%84%FFjjj%FFlll%FFppp%FFppp%FF%C2%C2%C2%FF%AF%B0%B0%FF%CD%CD%CD%FF%C7%C7%C7%FF%B0%B1%B1%FF%BA%BA%BA%FF%D3%D3%D3%FF%D2%D2%D2%FF%B2%B3%B3%FF%C0%C0%C0%FF%CD%CD%CD%FF%A1%A1%A1%FF%C0%C0%C0%FF%CE%CE%CE%FF%8B%8B%8B%FF%C5%C5%C5%FF%93%93%93%FF%D8%D9%D8%FF%A7%A7%A7%FF%D2%D2%D2%FF%CC%CC%CC%FF%86%86%86%FF%B9%B9%B9%FF%C8%C8%C8%FF%9B%9B%9B%FF%CD%CD%CD%FF%A0%A0%A0%FF%D2%D2%D2%FF%BE%BE%BE%FF%AF%AF%AF%FF%AE%AE%AE%FF%89%89%89%FF%CE%CE%CE%FF%DD%DE%DE%FF%82%82%82%FFkkk%FFnnn%FFlll%FFppp%FF%7F%7F%7F%FFjjj%FFjjj%FFiii%FF%90%90%90%FF%BB%BB%BB%FF%C9%C9%C9%FF%C3%C3%C3%FF%A8%A8%A8%FF%BF%BF%BF%FF%D7%D8%D7%FFrrr%FF%8E%8E%8E%FF%BF%BF%BF%FF%8E%8E%8E%FF%D2%D2%D2%FF%D5%D5%D5%FF%C2%C2%C2%FF%B2%B3%B3%FF%DB%DC%DC%FF%A3%A3%A3%FF%C6%C6%C6%FF%C4%C4%C4%FF%C3%C3%C3%FF%C0%C0%C0%FF%C0%C0%C0%FF%D4%D4%D4%FF%A3%A3%A3%FF%D2%D2%D2%FFrrr%FF%7D%7D%7D%FF%B0%B1%B1%FF%B9%B9%B9%FF%C8%C8%C8%FF%A3%A3%A3%FF%CF%CF%CF%FF%B3%B4%B4%FF%C8%C8%C8%FF%B2%B3%B3%FF%C1%C1%C1%FF%C1%C1%C1%FF%B8%B8%B8%FF%C8%C8%C8%FF%D3%D3%D3%FF%C8%C8%C8%FF%99%99%99%FF%C0%C0%C0%FF%C4%C4%C4%FF%9A%9A%9A%FFiii%FFjjj%FFjjj%FFyyy%FF%7D%7D%7D%FFnno%FFjjk%FFppp%FFnnn%FFiig%FFhid%FFqrm%FF%AB%AC%A8%FF%D0%D1%CD%FF%99%9A%96%FFpql%FFghc%FFjjh%FFrrp%FFeee%FF%8B%8B%8B%FF%D8%D9%D8%FF%A8%A8%A8%FF%93%93%93%FF%B9%B9%B9%FF%C5%C5%C5%FF%C2%C2%C2%FF%B8%B8%B8%FF%A2%A2%A2%FF%B4%B5%B5%FFfff%FF%B4%B5%B5%FF%84%84%84%FF%B0%B1%B1%FF%B3%B4%B4%FF%C5%C5%C5%FF%B8%B8%B8%FF%B9%B9%B9%FF%A0%A0%A0%FF%B3%B4%B4%FF%A8%A8%A8%FF%AE%AE%AE%FF%CA%CA%CA%FF%B6%B6%B6%FFsss%FFmmm%FFlll%FFmmm%FFlll%FFlll%FF%82%82%82%FFkkk%FFkkk%FFggg%FFooo%FF%B4%B5%B5%FF%C0%C0%C0%FF%C2%C2%C2%FF%BB%BB%BB%FF%BC%BC%BC%FF%AA%AA%AA%FF%C0%C0%C0%FF%8E%8E%8E%FF%C3%C3%C3%FF%BB%BB%BB%FF%CB%CB%CB%FF%8D%8D%8D%FF%AE%AE%AE%FF%D0%D0%D0%FF%9D%9D%9D%FF%B5%B5%B5%FF%BC%BC%BC%FF%D5%D5%D5%FF%A3%A3%A3%FF%CE%CE%CE%FF%B9%B9%B9%FF%88%88%88%FF%BC%BC%BC%FF%CD%CD%CD%FF%9A%9A%9A%FF%C0%C0%C0%FF%C2%C2%C2%FF%CE%CE%CE%FF%BE%BE%BE%FF%A2%A2%A2%FF%BD%BD%BD%FF%A2%A2%A2%FF%BF%BF%BF%FF%C0%C0%C0%FF%A0%A0%A0%FFiii%FFiii%FFnnn%FFlll%FF%81%81%81%FFlll%FFooo%FFkkk%FF%8D%8D%8D%FF%C5%C5%C5%FF%D2%D2%D2%FF%BD%BD%BD%FF%A6%A6%A6%FF%BB%BB%BB%FF%CA%CA%CA%FF%93%93%93%FF%E2%E2%E2%FF%BD%BD%BD%FF%97%97%97%FF%A8%A8%A8%FF%B2%B3%B3%FF%CA%CA%CA%FF%BC%BC%BC%FF%D3%D3%D3%FF%A9%A9%A9%FF%BB%BB%BB%FF%AA%AA%AA%FF%9E%9E%9E%FF%BF%BF%BF%FF%B6%B6%B6%FF%C7%C7%C7%FF%8A%8A%8A%FF%AD%AD%AD%FF%C7%C7%C7%FF%BB%BB%BB%FF%B2%B3%B3%FF%9A%9A%9A%FF%BA%BA%BA%FF%BF%BF%BF%FF%D2%D2%D2%FF%BA%BA%BA%FF%B7%B7%B7%FF%93%93%93%FF%C0%C0%C0%FF%BE%BE%BE%FF%C2%C2%C2%FF%C5%C5%C5%FF%C6%C6%C6%FF%C0%C0%C0%FF%8B%8B%8B%FF%C3%C3%C3%FF%CB%CB%CB%FF%94%94%94%FFiii%FFlll%FFmmm%FFvvv%FFrrr%FFllm%FFnno%FFlll%FFmmm%FFllj%FFqqo%FFklg%FF%5E_Z%FF%87%88%83%FFlmh%FFhid%FFsso%FFmmk%FFllj%FFooo%FFkkk%FF%7F%7F%7F%FF%7D%7D%7D%FFyyy%FFrrr%FFyyy%FFuuu%FFvvv%FFuuu%FF%7B%7B%7B%FFkkk%FFvvv%FFqqq%FFvvv%FFmmm%FF%7C%7C%7C%FFppp%FFqqq%FFsss%FFppp%FFyyy%FFooo%FF%7E%7E%7E%FFuuu%FFjjj%FFnnn%FFmmm%FFmmm%FFlll%FFnnn%FF%7D%7D%7D%FFmmm%FFlll%FFrrr%FFlll%FFttt%FF%7E%7E%7E%FFppp%FFooo%FF%82%82%82%FFooo%FFsss%FFkkk%FFwww%FFttt%FF%7E%7E%7E%FFppp%FFvvv%FF%7B%7B%7B%FFmmm%FFrrr%FFvvv%FF%81%81%81%FFyyy%FFvvv%FFvvv%FFkkk%FFwww%FF%7F%7F%7F%FFkkk%FF%7C%7C%7C%FFyyy%FFyyy%FF%7C%7C%7C%FFlll%FF%82%82%82%FFnnn%FFqqq%FFqqq%FFsss%FFkkk%FFppp%FFkkk%FFjjj%FF%87%87%87%FFfff%FFppp%FFlll%FFyyy%FF%C2%C2%C2%FF%C8%C8%C8%FF%7F%7F%7F%FFuuu%FFvvv%FFttt%FFyyy%FFyyy%FF%81%81%81%FFlll%FFvvv%FFppp%FFrrr%FF%7B%7B%7B%FF%7C%7C%7C%FFvvv%FFnnn%FFsss%FFppp%FFuuu%FFrrr%FF%81%81%81%FFppp%FFkkk%FF%80%80%80%FFqqq%FFttt%FFnnn%FFttt%FFvvv%FF%7B%7B%7B%FFwww%FFnnn%FFrrr%FFlll%FF%AD%AD%AD%FF%D2%D2%D2%FF%9D%9D%9D%FFqqq%FFyyy%FFjjj%FFyyy%FFyyy%FFppp%FFooo%FFiii%FFiii%FFyyy%FFyyy%FFllm%FFnno%FFnnn%FFnnn%FFkki%FFjjh%FFqrm%FFghc%FFklg%FFlmh%FFoom%FFkki%FFlll%FFjjj%FFnnn%FFmmm%FFjjj%FFppp%FFhhh%FFmmm%FFnnn%FFmmm%FFiii%FFhhh%FFmmm%FFppp%FFiii%FFhhh%FFiii%FFooo%FFmmm%FFnnn%FFiii%FFqqq%FFmmm%FFkkk%FFjjj%FFggg%FFooo%FFppp%FFlll%FFmmm%FFmmm%FFkkk%FFnnn%FFrrr%FFlll%FFlll%FFmmm%FFjjj%FFkkk%FFmmm%FFmmm%FFppp%FFmmm%FFjjj%FFnnn%FFlll%FFlll%FFnnn%FFhhh%FFjjj%FFooo%FFggg%FFmmm%FFppp%FFlll%FFeee%FFlll%FFmmm%FFkkk%FFnnn%FFmmm%FFnnn%FFlll%FFmmm%FFlll%FFppp%FFddd%FFlll%FFhhh%FFppp%FFnnn%FFooo%FFiii%FFppp%FFlll%FFlll%FFnnn%FFrrr%FFmmm%FFlll%FFlll%FFlll%FF%7C%7C%7C%FFwww%FFmmm%FFhhh%FFmmm%FFnnn%FFggg%FFlll%FFjjj%FFqqq%FFggg%FFsss%FFggg%FFiii%FFqqq%FFiii%FFmmm%FFnnn%FFnnn%FFhhh%FFkkk%FFnnn%FFiii%FFjjj%FFppp%FFlll%FFkkk%FFkkk%FFmmm%FFiii%FFjjj%FFooo%FFnnn%FFkkk%FFnnn%FFsss%FFyyy%FFnnn%FFkkk%FFkkk%FFqqq%FFkkk%FFqqq%FFkkk%FFkkk%FFiii%FFmmm%FFnnn%FFooo%FFmmn%FFhhi%FFjjj%FFhhh%FFppn%FFkki%FFhid%FFnoj%FFije%FFopk%FFjjh%FFiig%FFooo%FFmmm%FFiii%FFkkk%FFjjj%FFiii%FFmmm%FFlll%FFjjj%FFhhh%FFqqq%FFmmm%FFmmm%FFhhh%FFlll%FFlll%FFnnn%FFlll%FFggg%FFkkk%FFmmm%FFiii%FFkkk%FFooo%FFfff%FFppp%FFlll%FFjjj%FFiii%FFlll%FFlll%FFjjj%FFlll%FFiii%FFkkk%FFlll%FFjjj%FFnnn%FFlll%FFjjj%FFlll%FFjjj%FFkkk%FFkkk%FFjjj%FFmmm%FFlll%FFggg%FFnnn%FFjjj%FFjjj%FFlll%FFkkk%FFfff%FFnnn%FFlll%FFiii%FFmmm%FFjjj%FFlll%FFkkk%FFkkk%FFmmm%FFhhh%FFnnn%FFhhh%FFmmm%FFlll%FFnnn%FFiii%FFhhh%FFnnn%FFnnn%FFhhh%FFqqq%FFiii%FFjjj%FFfff%FFmmm%FFhhh%FFmmm%FFkkk%FFjjj%FFiii%FFjjj%FFooo%FFiii%FFjjj%FFlll%FFooo%FFiii%FFkkk%FFlll%FFjjj%FFjjj%FFooo%FFhhh%FFjjj%FFnnn%FFjjj%FFjjj%FFooo%FFhhh%FFlll%FFlll%FFmmm%FFjjj%FFlll%FFkkk%FFkkk%FFkkk%FFlll%FFlll%FFhhh%FFmmm%FFkkk%FFiii%FFjjj%FFjjj%FFkkk%FFlll%FFlll%FFnnn%FFiii%FFhhh%FFkkk%FFjjj%FFiii%FFooo%FFggg%FFmmm%FF%7E%7E%7F%FF%7E%7E%7F%FF%7E%7E%7E%FF%7E%7E%7E%FF%7E%7E%7C%FF%7E%7E%7C%FF%7E%7E%7C%FF%7E%7E%7C%FF%7E%7E%7C%FF%7E%7E%7C%FF%7E%7E%7C%FF%7E%7E%7C%FF%7E%7E%7E%FF%7E%7E%7E%FF%7E%7E%7E%FF%7E%7E%7E%FF%7E%7E%7E%FF%7E%7E%7E%FF%7E%7E%7E%FF%7E%7E%7E%FF%7E%7E%7E%FF%7E%7E%7E%FF%7E%7E%7E%FF%7E%7E%7E%FF%7E%7E%7E%FF%7E%7E%7E%FF%7E%7E%7E%FF%7E%7E%7E%FF%7E%7E%7E%FF%7E%7E%7E%FF%7E%7E%7E%FF%7E%7E%7E%FF%7E%7E%7E%FF%7E%7E%7E%FF%7E%7E%7E%FF%7E%7E%7E%FF%7E%7E%7E%FF%7E%7E%7E%FF%7E%7E%7E%FF%7E%7E%7E%FF%7D%7D%7D%FF%7D%7D%7D%FF%7D%7D%7D%FF%7D%7D%7D%FF%7D%7D%7D%FF%7D%7D%7D%FF%7D%7D%7D%FF%7D%7D%7D%FF%7E%7E%7E%FF%7E%7E%7E%FF%7E%7E%7E%FF%7E%7E%7E%FF%7E%7E%7E%FF%7E%7E%7E%FF%7E%7E%7E%FF%7E%7E%7E%FF%7E%7E%7E%FF%7E%7E%7E%FF%7E%7E%7E%FF%7E%7E%7E%FF%7E%7E%7E%FF%7E%7E%7E%FF%7E%7E%7E%FF%7E%7E%7E%FF%7E%7E%7E%FF%7E%7E%7E%FF%7E%7E%7E%FF%7E%7E%7E%FF%7E%7E%7E%FF%7E%7E%7E%FF%7E%7E%7E%FF%7E%7E%7E%FF%7E%7E%7E%FF%7E%7E%7E%FF%7E%7E%7E%FF%7E%7E%7E%FF%7E%7E%7E%FF%7E%7E%7E%FF%7E%7E%7E%FF%7E%7E%7E%FF%7E%7E%7E%FF%7E%7E%7E%FF%7E%7E%7E%FF%7E%7E%7E%FF%7E%7E%7E%FF%7E%7E%7E%FF%7E%7E%7E%FF%7E%7E%7E%FF%7E%7E%7E%FF%7E%7E%7E%FF%7E%7E%7E%FF%7E%7E%7E%FF%7E%7E%7E%FF%7E%7E%7E%FF%7E%7E%7E%FF%7E%7E%7E%FF%7E%7E%7E%FF%7E%7E%7E%FF%7E%7E%7E%FF%7E%7E%7E%FF%7E%7E%7E%FF%7E%7E%7E%FF%7E%7E%7E%FF%7E%7E%7E%FF%7E%7E%7E%FF%7E%7E%7E%FF%7E%7E%7E%FF%7E%7E%7E%FF%7E%7E%7E%FF%7E%7E%7E%FF%7E%7E%7E%FF%7E%7E%7E%FF%7E%7E%7E%FF%7E%7E%7E%FF%7E%7E%7E%FF%7E%7E%7E%FF%7E%7E%7E%FF%7E%7E%7E%FF%7E%7E%7E%FF%7E%7E%7E%FF%7E%7E%7E%FF%7E%7E%7E%FF%7E%7E%7E%FF%7E%7E%7E%FF%7E%7E%7E%FF%7E%7E%7E%FF%7E%7E%7E%FF%7E%7E%7E%FF%7E%7E%7E%FF%7E%7E%7E%FF%7E%7E%7E%FF%7E%7E%7E%FF%7E%7E%7E%FF%7E%7E%7E%FF%7E%7E%7E%FF%7E%7E%7E%FF%7D%7D%7D%FF%7D%7D%7D%FF%7D%7D%7D%FF%7D%7D%7D%FF%7D%7D%7D%FF%7D%7D%7D%FF%7D%7D%7D%FF%7F%7F%80%FF%7F%7F%80%FF%7F%7F%7F%FF%7F%7F%7F%FF%7F%7F%7D%FF%7F%7F%7D%FF%7F%7F%7D%FF%7F%7F%7D%FF%7F%7F%7D%FF%7F%7F%7D%FF%7F%7F%7D%FF%7F%7F%7D%FF%7F%7F%7F%FF%7F%7F%7F%FF%7F%7F%7F%FF%7F%7F%7F%FF%7F%7F%7F%FF%7F%7F%7F%FF%7F%7F%7F%FF%7F%7F%7F%FF%7F%7F%7F%FF%7F%7F%7F%FF%7F%7F%7F%FF%7F%7F%7F%FF%7F%7F%7F%FF%7F%7F%7F%FF%7F%7F%7F%FF%7F%7F%7F%FF%7F%7F%7F%FF%7F%7F%7F%FF%7F%7F%7F%FF%7F%7F%7F%FF%7F%7F%7F%FF%7F%7F%7F%FF%7F%7F%7F%FF%7F%7F%7F%FF%7F%7F%7F%FF%7F%7F%7F%FF%7F%7F%7F%FF%7F%7F%7F%FF%7F%7F%7F%FF%7F%7F%7F%FF%7F%7F%7F%FF%7F%7F%7F%FF%7F%7F%7F%FF%7F%7F%7F%FF%7F%7F%7F%FF%7F%7F%7F%FF%7F%7F%7F%FF%7F%7F%7F%FF%7F%7F%7F%FF%7F%7F%7F%FF%7F%7F%7F%FF%7F%7F%7F%FF%7F%7F%7F%FF%7F%7F%7F%FF%7F%7F%7F%FF%7F%7F%7F%FF%7F%7F%7F%FF%7F%7F%7F%FF%7F%7F%7F%FF%7F%7F%7F%FF%7F%7F%7F%FF%7F%7F%7F%FF%7F%7F%7F%FF%7F%7F%7F%FF%7F%7F%7F%FF%7F%7F%7F%FF%7F%7F%7F%FF%7F%7F%7F%FF%7F%7F%7F%FF%7F%7F%7F%FF%7F%7F%7F%FF%7F%7F%7F%FF%7F%7F%7F%FF%7F%7F%7F%FF%7F%7F%7F%FF%7F%7F%7F%FF%7F%7F%7F%FF%7F%7F%7F%FF%7F%7F%7F%FF%7F%7F%7F%FF%7F%7F%7F%FF%7F%7F%7F%FF%7F%7F%7F%FF%7F%7F%7F%FF%7F%7F%7F%FF%7F%7F%7F%FF%7F%7F%7F%FF%7F%7F%7F%FF%7F%7F%7F%FF%7F%7F%7F%FF%7F%7F%7F%FF%7F%7F%7F%FF%7F%7F%7F%FF%7F%7F%7F%FF%7F%7F%7F%FF%7F%7F%7F%FF%7F%7F%7F%FF%7F%7F%7F%FF%7F%7F%7F%FF%7F%7F%7F%FF%7F%7F%7F%FF%7F%7F%7F%FF%7F%7F%7F%FF%7F%7F%7F%FF%7F%7F%7F%FF%7F%7F%7F%FF%7F%7F%7F%FF%7F%7F%7F%FF%7F%7F%7F%FF%7F%7F%7F%FF%7F%7F%7F%FF%7F%7F%7F%FF%7F%7F%7F%FF%7F%7F%7F%FF%7F%7F%7F%FF%7F%7F%7F%FF%7F%7F%7F%FF%7F%7F%7F%FF%7F%7F%7F%FF%7F%7F%7F%FF%7F%7F%7F%FF%7F%7F%7F%FF%7F%7F%7F%FF%7F%7F%7F%FF%7F%7F%7F%FF%7F%7F%7F%FF%7F%7F%7F%FF%7F%7F%7F%FF%7F%7F%7F%FF%7F%7F%7F%FF%7F%7F%7F%FF%7F%7F%7F%FF%7F%7F%7F%FF%7F%7F%7F%FF%7F%7F%7F%FF%7F%7F%7F%FF%7F%7F%7F%FF%7F%7F%7F%FF%7F%7F%7F%FF%7F%7F%7F%FF%7F%7F%7F" )</imagedata>
<script>urldecode( "--%3E+all+handlers%0D%0A%0D%0Aon+mouseDown+pMouseBtnNum%0D%0A++++selectme%0D%0A++++pass+mouseDown%0D%0Aend+mouseDown%0D%0A%0D%0Aon+mouseEnter%0D%0A++++simMouseEnter%0D%0Aend+mouseEnter%0D%0A%0D%0Aon+simMouseEnter%0D%0A++++if+the+hilited+of+btn+%22edit+home%22+is+true+then%0D%0A++++++++if+the+showborder+of+the+owner+of+me+is+false+then%0D%0A++++++++++++glx2SetStatus+%22Click+to+SELECT+this+this+Widget+%A5+click+and+drag+to+MOVE+this+Widget+%A5+double-click+to+STOP+EDITING+all+Widgets%22%0D%0A++++++++else%0D%0A++++++++++++glx2SetStatus+%22Click+and+drag+to+MOVE+this+Widget+%A5+double-click+to+STOP+EDITING+all+Widgets%22%0D%0A++++++++end+if%0D%0A++++else%0D%0A++++++++glx2SetStatus+%22Click+and+drag+to+MOVE+this+Widget+%A5+double-click+to+START+EDITING+all+Widgets%22%0D%0A++++end+if%0D%0Aend+simMouseEnter%0D%0A%0D%0Aon+mouseDoubleUp+pMouseBtnNum%0D%0A++++lock+screen%0D%0A++++send+%22simMouseDown%22+to+btn+%22edit+home%22%0D%0A++++if+the+hilited+of+btn+%22edit+home%22+is+true+then%0D%0A++++++++set+the+showborder+of+the+owner+of+me+to+true%0D%0A++++++++enable+btn+%22remove+homey%22%0D%0A++++end+if%0D%0A++++send+%22simMouseEnter%22+to+me+--+in+10+millisecs%0D%0A++++unlock+screen%0D%0Aend+mouseDoubleUp%0D%0A%0D%0Aon+mouseLeave%0D%0A++++glx2SetStatus+%0D%0Aend+mouseLeave%0D%0A" )</script>
</image>
