<image name="drag left" id="745720">
<traversalOn>false</traversalOn>
<palindromeFrames>false</palindromeFrames>
<ink>srcCopy</ink>
<threeD>false</threeD>
<blendLevel>0</blendLevel>
<rect>215,457,259,472</rect>
<angle>0</angle>
<yHot>1</yHot>
<id>745720</id>
<altId>0</altId>
<frameCount>0</frameCount>
<constantMask>false</constantMask>
<lockLoc>false</lockLoc>
<repeatCount>0</repeatCount>
<size>1587</size>
<name>image "drag left"</name>
<hotSpot>1,1</hotSpot>
<alwaysBuffer>true</alwaysBuffer>
<layer>181</layer>
<dontDither>false</dontDither>
<visible>true</visible>
<cantSelect>false</cantSelect>
<borderWidth>1</borderWidth>
<opaque>true</opaque>
<currentFrame>1</currentFrame>
<showBorder>false</showBorder>
<disabled>false</disabled>
<xHot>1</xHot>
<showFocusBorder>true</showFocusBorder>
<custompropertyset name= "cGlx2TimeStamp">
<checksum>urldecode( "%0E%A6%25%A1%5C%B4D%23%C7%AB%D8%BD%FD%5D%09%E1" )</checksum>
</custompropertyset>
<imagedata>urldecode( "%FF%F3%EE%F2%FF%F3%F2%F3%FF%F8%F3%F1%FF%F2%F3%EC%FF%EB%F2%EB%FF%EE%F5%EF%FF%F3%F5%F3%FF%F0%F0%F2%FF%F3%F3%F6%FF%F6%F3%F5%FF%EF%EE%EC%FF%F6%F5%F3%FF%F2%F1%EC%FF%F6%F6%F2%FF%F3%F2%F0%FF%F3%F3%F1%FF%F3%F0%EF%FF%F8%F3%F3%FF%F2%F2%F0%FF%EE%F1%EE%FF%F2%F3%EF%FF%F3%F3%EF%FF%F6%F1%F1%FF%F6%F1%F1%FF%F3%F2%F3%FF%F2%F3%F3%FF%F2%F3%F5%FF%F2%F3%F5%FF%F3%F3%F3%FF%F3%F3%F3%FF%F3%F3%F3%FF%F3%F3%F3%FF%F3%F3%F3%FF%F3%F3%F3%FF%F3%F3%F3%FF%F3%F3%F3%FF%F3%F3%F3%FF%F3%F3%F3%FF%F3%F3%F3%FF%F3%F3%F3%FF%F3%F3%F3%FF%F3%F3%F3%FF%F3%F3%F3%FF%F3%F3%F3%FF%EE%E9%ED%FF%EB%E7%E8%FF%E8%E4%E3%FF%EB%EB%E7%FF%E8%EC%E8%FF%E6%EB%E8%FF%E6%E8%E7%FF%EC%E8%E8%FF%EB%E0%E4%FF%E7%DC%DD%FF%E7%DC%DD%FF%DF%D4%D3%FF%E7%D9%D8%FF%E5%DB%D8%FF%EA%E5%E2%FF%E8%E5%E4%FF%ED%E9%E8%FF%E8%E6%E7%FF%EA%EA%EA%FF%E7%E8%E6%FF%E7%E8%E6%FF%E8%E8%E6%FF%EC%E6%E6%FF%EC%E6%E6%FF%E8%E7%E8%FF%E7%E9%E8%FF%E5%E8%EA%FF%E5%E8%EA%FF%E7%E9%E8%FF%E8%E8%E8%FF%E8%E8%E8%FF%E8%E8%E8%FF%E8%E8%E8%FF%E8%E8%E8%FF%E8%E8%E8%FF%E8%E8%E8%FF%E8%E8%E8%FF%E8%E8%E8%FF%E8%E8%E8%FF%E8%E8%E8%FF%E8%E8%E8%FF%E8%E8%E8%FF%E8%E8%E8%FF%E8%E8%E8%FF%EE%E9%ED%FF%EE%E9%ED%FF%E7%E5%E6%FF%EA%E8%E8%FF%E8%E9%EB%FF%E5%E5%E7%FF%EB%E7%E8%FF%E6%DC%DD%FF%CB%B6%B7%FFpRV%FFE%24%26%FFG%24%25%FFI%24%22%FFtVW%FF%C8%B6%B6%FF%E5%DD%DB%FF%EC%E8%E8%FF%EA%EA%EC%FF%E5%E5%E7%FF%EA%EA%EC%FF%E7%E8%EA%FF%E8%E8%E8%FF%EB%E7%E8%FF%EB%E7%E8%FF%E8%E7%E8%FF%E7%E9%E8%FF%E5%E8%E8%FF%E5%E8%E8%FF%E7%E9%E8%FF%E8%E8%E8%FF%E8%E8%E8%FF%E8%E8%E8%FF%E8%E8%E8%FF%E8%E8%E8%FF%E8%E8%E8%FF%E8%E8%E8%FF%E8%E8%E8%FF%E8%E8%E8%FF%E8%E8%E8%FF%E8%E8%E8%FF%E8%E8%E8%FF%E8%E8%E8%FF%E8%E8%E8%FF%E8%E8%E8%FF%E4%E4%E6%FF%E8%E8%EA%FF%E7%E7%E8%FF%E6%E4%E7%FF%E7%E3%E8%FF%F0%E7%EC%FF%E8%DB%DA%FF%AD%91%90%FFI%0F%11%FFm41%FF%A3qp%FF%B9%88%87%FF%A7kk%FFj-%2C%FFA%0C%0F%FF%AD%93%93%FF%E3%D9%D8%FF%E6%E4%E5%FF%E8%E7%EA%FF%E6%E4%E8%FF%E6%E5%EA%FF%E6%E6%E8%FF%E7%E5%E8%FF%E7%E5%E6%FF%E6%E6%E6%FF%E5%E7%E6%FF%E3%E7%E6%FF%E3%E7%E6%FF%E5%E7%E6%FF%E6%E6%E6%FF%E6%E6%E6%FF%E6%E6%E6%FF%E6%E6%E6%FF%E6%E6%E6%FF%E6%E6%E6%FF%E6%E6%E6%FF%E6%E6%E6%FF%E6%E6%E6%FF%E6%E6%E6%FF%E6%E6%E6%FF%E6%E6%E6%FF%E6%E6%E6%FF%E6%E6%E6%FF%E6%E6%E6%FF%E1%E5%E4%FF%E0%E6%E4%FF%E5%E4%E8%FF%E4%E3%E7%FF%E9%E4%EB%FF%E7%DC%DF%FF%CD%B0%AC%FFN%0F%09%FFz%17%13%FF%C4a%5E%FF%FF%CB%C1%FF%FF%EB%E4%FF%FF%BD%BB%FF%BAUV%FFm%17%13%FFK%06%09%FF%D0%B6%B4%FF%E4%DF%DC%FF%E6%E1%E5%FF%E6%E4%E8%FF%E4%E4%E8%FF%E4%E4%E8%FF%E4%E4%E6%FF%E4%E4%E4%FF%E4%E4%E4%FF%E4%E4%E2%FF%E3%E5%E2%FF%E3%E5%E2%FF%E4%E4%E4%FF%E4%E4%E4%FF%E4%E4%E4%FF%E4%E4%E4%FF%E4%E4%E4%FF%E4%E4%E4%FF%E4%E4%E4%FF%E4%E4%E4%FF%E4%E4%E4%FF%E4%E4%E4%FF%E4%E4%E4%FF%E4%E4%E4%FF%E4%E4%E4%FF%E4%E4%E4%FF%E4%E4%E4%FF%E4%E4%E4%FF%DD%E3%DF%FF%DD%E4%E2%FF%E1%E2%E6%FF%E1%E0%E6%FF%E4%E1%E8%FF%E7%D4%D7%FF%85QN%FFf%0F%03%FF%BB6.%FF%CEC%3C%FF%ED%88%7C%FF%FF%B7%AC%FF%F4sn%FF%CAB%3E%FF%B6%3E%3D%FFf%0C%06%FFyNL%FF%E4%D5%D2%FF%E8%E3%E5%FF%E0%DF%E4%FF%E2%E1%E6%FF%E2%E1%E6%FF%E2%E2%E4%FF%E2%E2%E4%FF%E2%E2%E2%FF%E2%E2%E0%FF%E2%E2%E0%FF%E2%E2%E0%FF%E2%E2%E2%FF%E2%E2%E2%FF%E2%E2%E2%FF%E2%E2%E2%FF%E2%E2%E2%FF%E2%E2%E2%FF%E2%E2%E2%FF%E2%E2%E2%FF%E2%E2%E2%FF%E2%E2%E2%FF%E2%E2%E2%FF%E2%E2%E2%FF%E2%E2%E2%FF%E2%E2%E2%FF%E2%E2%E2%FF%E2%E2%E2%FF%E3%DF%DD%FF%E1%E0%DD%FF%DD%DF%E1%FF%DD%E1%E4%FF%DF%E0%E4%FF%E8%D0%D2%FFn%22%1C%FF%9D%25%1A%FF%D66%28%FF%ED%3F1%FF%E0%3F5%FF%EBOD%FF%E5%3D1%FF%E2%3D4%FF%CE30%FF%9F%25+%FFi*%25%FF%EB%D4%CF%FF%E1%D9%D7%FF%E3%E3%E3%FF%E0%E0%E2%FF%E0%E0%E2%FF%E1%DF%E2%FF%E1%DF%E2%FF%E0%E0%E0%FF%E0%E0%E0%FF%E0%E0%E0%FF%E0%E0%E0%FF%E0%E0%E0%FF%E0%E0%E0%FF%E0%E0%E0%FF%E0%E0%E0%FF%E0%E0%E0%FF%E0%E0%E0%FF%E0%E0%E0%FF%E0%E0%E0%FF%E0%E0%E0%FF%E0%E0%E0%FF%E0%E0%E0%FF%E0%E0%E0%FF%E0%E0%E0%FF%E0%E0%E0%FF%E0%E0%E0%FF%E0%E0%E0%FF%E3%DD%DD%FF%E2%DE%DD%FF%DC%DD%DF%FF%DB%DF%E0%FF%DC%DD%DF%FF%E7%CD%CD%FFi%17%0C%FF%B97%2C%FF%E6%401%FF%F5A1%FF%F8LC%FF%FCQH%FF%FBL%3E%FF%EFD7%FF%E9C%3E%FF%B2%2C%2B%FF_%1A%0F%FF%E7%CD%C7%FF%E5%DD%DA%FF%DD%E0%DD%FF%DD%DF%DD%FF%DE%DE%E0%FF%DF%DD%E0%FF%DF%DD%DE%FF%DE%DE%DE%FF%DE%DE%DE%FF%DF%DD%DE%FF%DF%DD%DE%FF%DE%DE%DE%FF%DE%DE%DE%FF%DE%DE%DE%FF%DE%DE%DE%FF%DE%DE%DE%FF%DE%DE%DE%FF%DE%DE%DE%FF%DE%DE%DE%FF%DE%DE%DE%FF%DE%DE%DE%FF%DE%DE%DE%FF%DE%DE%DE%FF%DE%DE%DE%FF%DE%DE%DE%FF%DE%DE%DE%FF%DE%DE%DE%FF%DE%DD%DB%FF%DD%DC%DA%FF%D9%DB%DA%FF%D9%DD%DE%FF%DD%DE%E0%FF%E7%CF%CE%FF%842%2F%FF%B281%FF%E3OA%FF%F8%5DM%FF%FCpg%FF%FF%7Cr%FF%FFqe%FF%FA%5BP%FF%EAQO%FF%B8%3E%3A%FF%7C%3C7%FF%E5%CF%C7%FF%E1%D9%D6%FF%D8%DA%D7%FF%DB%DD%DC%FF%DB%DD%DC%FF%DD%DB%DC%FF%DD%DB%DC%FF%DC%DC%DC%FF%DC%DC%DC%FF%DD%DB%DE%FF%DD%DB%DE%FF%DC%DC%DC%FF%DC%DC%DC%FF%DC%DC%DC%FF%DC%DC%DC%FF%DC%DC%DC%FF%DC%DC%DC%FF%DC%DC%DC%FF%DC%DC%DC%FF%DC%DC%DC%FF%DC%DC%DC%FF%DC%DC%DC%FF%DC%DC%DC%FF%DC%DC%DC%FF%DC%DC%DC%FF%DC%DC%DC%FF%DC%DC%DC%FF%DB%DB%D9%FF%DA%DB%D8%FF%D8%DA%D7%FF%DA%DC%DB%FF%D8%D8%DA%FF%E4%D1%D1%FF%A4dd%FF%9A%3A0%FF%E3f%5E%FF%FAwm%FF%FF%8E%88%FF%FF%95%90%FF%FF%89%81%FF%FCvn%FF%E5fe%FF%9B53%FF%9Afd%FF%E4%D1%CD%FF%E0%D8%D6%FF%DB%DB%DB%FF%D7%DB%DA%FF%D7%DB%DA%FF%DA%DB%D8%FF%DB%DB%D8%FF%DA%DB%DA%FF%DA%DB%DA%FF%DB%D9%DC%FF%DB%D9%DC%FF%DA%DB%DA%FF%DA%DB%DA%FF%DA%DB%DA%FF%DA%DB%DA%FF%DA%DB%DA%FF%DA%DB%DA%FF%DA%DB%DA%FF%DA%DB%DA%FF%DA%DB%DA%FF%DA%DB%DA%FF%DA%DB%DA%FF%DA%DB%DA%FF%DA%DB%DA%FF%DA%DB%DA%FF%DA%DB%DA%FF%DA%DB%DA%FF%D9%D9%D9%FF%D7%D7%D5%FF%D8%D8%D6%FF%D9%D8%D8%FF%DA%D5%DB%FF%E8%D8%DB%FF%DB%B7%B6%FF%88ID%FF%C4d%5E%FF%F3%86%83%FF%FE%96%98%FF%FF%A1%A3%FF%FF%99%96%FF%F4%8D%8B%FF%BDba%FF%97PQ%FF%DA%BC%BB%FF%DC%D3%D1%FF%E0%D8%DA%FF%D8%D7%D9%FF%D5%D9%DA%FF%D4%DA%D8%FF%D7%D9%D6%FF%D8%D8%D6%FF%D7%D9%D8%FF%D8%D8%D8%FF%D9%D8%DA%FF%D9%D8%DA%FF%D8%D8%D8%FF%D8%D8%D8%FF%D8%D8%D8%FF%D8%D8%D8%FF%D8%D8%D8%FF%D8%D8%D8%FF%D8%D8%D8%FF%D8%D8%D8%FF%D8%D8%D8%FF%D8%D8%D8%FF%D8%D8%D8%FF%D8%D8%D8%FF%D8%D8%D8%FF%D8%D8%D8%FF%D8%D8%D8%FF%D8%D8%D8%FF%D7%D8%D7%FF%D4%D6%D3%FF%D6%D6%D4%FF%D7%D5%D6%FF%DA%D4%D8%FF%DB%D1%D4%FF%E7%D5%D3%FF%C6%A3%A0%FF%9AXV%FF%C8z%7B%FF%DE%8F%95%FF%E9%9E%A3%FF%DD%96%96%FF%BDyx%FF%9A%60b%FF%C5%9C%9E%FF%E7%D4%D5%FF%DC%D7%D8%FF%D8%D1%D6%FF%D7%D5%D8%FF%D3%D7%D8%FF%D2%D8%D6%FF%D5%D7%D6%FF%D5%D7%D4%FF%D5%D7%D6%FF%D5%D7%D6%FF%D6%D7%D8%FF%D7%D5%D8%FF%D6%D7%D6%FF%D6%D7%D6%FF%D6%D7%D6%FF%D6%D7%D6%FF%D6%D7%D6%FF%D6%D7%D6%FF%D6%D7%D6%FF%D6%D7%D6%FF%D6%D7%D6%FF%D6%D7%D6%FF%D6%D7%D6%FF%D6%D7%D6%FF%D6%D7%D6%FF%D6%D7%D6%FF%D6%D7%D6%FF%D6%D7%D6%FF%D1%D3%D2%FF%D4%D6%D5%FF%D4%D6%D5%FF%D4%D4%D4%FF%D4%D2%D3%FF%D6%D0%D0%FF%DD%D4%D2%FF%EA%D8%D6%FF%DC%BE%BD%FF%A2y%7C%FF%9Fw%7C%FF%A4%7C%81%FF%9Auy%FF%9D%7F%81%FF%D9%C1%C3%FF%E9%D7%D8%FF%DC%D3%D3%FF%D7%D3%D4%FF%D6%D4%D5%FF%D1%D3%D2%FF%D1%D5%D4%FF%D1%D5%D4%FF%D1%D5%D4%FF%D3%D5%D4%FF%D3%D5%D4%FF%D3%D5%D4%FF%D4%D4%D4%FF%D4%D4%D4%FF%D4%D4%D4%FF%D4%D4%D4%FF%D4%D4%D4%FF%D4%D4%D4%FF%D4%D4%D4%FF%D4%D4%D4%FF%D4%D4%D4%FF%D4%D4%D4%FF%D4%D4%D4%FF%D4%D4%D4%FF%D4%D4%D4%FF%D4%D4%D4%FF%D4%D4%D4%FF%D4%D4%D4%FF%D4%D4%D4%FF%D4%D4%D4%FF%D4%D6%D5%FF%D1%D3%D2%FF%D0%D2%D1%FF%D2%D4%D3%FF%D2%D2%D0%FF%D6%D5%D3%FF%D4%CF%CC%FF%D6%CE%CC%FF%E0%D5%D4%FF%E7%D9%D9%FF%F3%E4%E4%FF%EF%E0%E2%FF%EC%E0%E4%FF%E3%D8%DC%FF%DE%D5%D8%FF%D2%CC%CE%FF%D7%D3%D4%FF%D3%D1%D2%FF%CF%CF%CF%FF%D6%D8%D7%FF%D1%D3%D2%FF%CF%D3%D2%FF%CF%D3%D2%FF%CF%D3%D2%FF%D1%D3%D2%FF%D1%D3%D2%FF%D2%D2%D2%FF%D2%D2%D2%FF%D2%D2%D2%FF%D2%D2%D2%FF%D2%D2%D2%FF%D2%D2%D2%FF%D2%D2%D2%FF%D2%D2%D2%FF%D2%D2%D2%FF%D2%D2%D2%FF%D2%D2%D2%FF%D2%D2%D2%FF%D2%D2%D2%FF%D2%D2%D2%FF%D2%D2%D2%FF%D2%D2%D2%FF%D2%D2%D2%FF%D2%D2%D2%FF%CE%D0%CF%FF%D0%D2%D1%FF%D0%D2%D1%FF%D0%D2%D1%FF%D0%D0%CE%FF%D2%D1%CF%FF%D4%D0%CF%FF%D6%D0%D0%FF%D7%CD%CE%FF%DC%D3%D3%FF%D9%CD%CF%FF%DB%CF%D0%FF%D9%D0%D3%FF%DB%D5%D7%FF%D5%CF%D1%FF%D4%D0%D1%FF%D8%D4%D5%FF%D1%CF%D0%FF%CF%CF%CF%FF%D0%D2%D1%FF%D0%D2%D1%FF%D0%D2%D1%FF%D0%D2%D1%FF%D0%D2%D1%FF%D1%D1%D1%FF%D1%D1%D1%FF%D2%D0%D1%FF%D2%D0%D1%FF%D1%D1%D1%FF%D1%D1%D1%FF%D1%D1%D1%FF%D1%D1%D1%FF%D1%D1%D1%FF%D1%D1%D1%FF%D1%D1%D1%FF%D1%D1%D1%FF%D1%D1%D1%FF%D1%D1%D1%FF%D1%D1%D1%FF%D1%D1%D1%FF%D1%D1%D1%FF%D1%D1%D1%FF%D1%D1%D1%FF%D1%D1%D1" )</imagedata>
<script>urldecode( "--%3E+all+handlers%0D%0A%0D%0Aon+mouseDown+pMouseBtnNum%0D%0A++++grab+the+owner+of+me%0D%0Aend+mouseDown%0D%0A%0D%0Aon+mouseUp+pMouseBtnNum%0D%0A++++lock+screen%0D%0A++++send+%22resizeTreeImage%22+to+fld+%22work+spaces%22+of+the+owner+of+me%0D%0A++++unlock+screen%0D%0Aend+mouseUp%0D%0A" )</script>
</image>
