<button name="Show rev stacks" id="1006">
<traversalOn>true</traversalOn>
<ink>srcCopy</ink>
<threeD>true</threeD>
<hiliteBorder>false</hiliteBorder>
<blendLevel>0</blendLevel>
<rect>19,32,190,55</rect>
<mnemonic>0</mnemonic>
<armFill>false</armFill>
<visitedIcon>0</visitedIcon>
<showName>true</showName>
<showIcon>false</showIcon>
<hilited>false</hilited>
<sharedHilite>true</sharedHilite>
<shadow>false</shadow>
<textAlign>left</textAlign>
<armed>false</armed>
<menuMouseButton>1</menuMouseButton>
<id>1006</id>
<altId>0</altId>
<labelWidth>0</labelWidth>
<armedIcon>0</armedIcon>
<lockLoc>false</lockLoc>
<visited>false</visited>
<showHilite>false</showHilite>
<label>Show Revolution Stacks Also</label>
<autoHilite>true</autoHilite>
<style>checkbox</style>
<disabledIcon>0</disabledIcon>
<armBorder>true</armBorder>
<name>button "Show rev stacks"</name>
<icon>0</icon>
<layer>2</layer>
<visible>true</visible>
<cantSelect>false</cantSelect>
<borderWidth>2</borderWidth>
<menuLines>5</menuLines>
<margins>3,5,4,4</margins>
<opaque>false</opaque>
<shadowOffset>4</shadowOffset>
<default>false</default>
<hiliteFill>true</hiliteFill>
<showBorder>false</showBorder>
<hiliteIcon>0</hiliteIcon>
<disabled>false</disabled>
<autoArm>false</autoArm>
<family>0</family>
<hoverIcon>0</hoverIcon>
<showFocusBorder>true</showFocusBorder>
<menuHistory>1</menuHistory>
<custompropertyset name= "cGlx2TimeStamp">
<checksum>urldecode( "%AA%1Ce0%9Fe%09%FF%BBs%FE%DE%12%83%5B%A4" )</checksum>
</custompropertyset>
<script>urldecode( "--%3E++*History%0D%0A%0D%0A%2F*%0D%0A24+February+2009+mdw%0D%0A++added+portable+reference+for+%22revmenubar%22%0D%0A*%2F%0D%0A%0D%0A--%3E+all+handlers%0D%0A%0D%0Aon+mouseUp+pMouseBtnNo%0D%0A++++local+tMenuBar%0D%0A++++%0D%0A++++put+glx2GetIDEStackName%28%22revmenubar%22%29+into+tMenuBar%0D%0A++++set+the+hilited+of+btn+%28the+short+name+of+me%29+of+grp+%22vab+empty%22+of+stack+%22revGLX2+vab%22+to+the+hilited+of+me%0D%0A++++if+there+is+a+button+%22View%22+of+stack+tMenuBar+then%0D%0A++++++++send+%22menuPick%22++%26%26+quote+%26+%22Revolution+UI+Elements+in+Lists%22+%26+quote+to+btn+%22view%22+of+stack+tMenubar%0D%0A++++end+if%0D%0Aend+mouseUp%0D%0A" )</script>
</button>
