<field name="preview title" id="745889">
<traversalOn>false</traversalOn>
<ink>srcCopy</ink>
<firstIndent>0</firstIndent>
<dontSearch>false</dontSearch>
<toggleHilites>false</toggleHilites>
<threeD>false</threeD>
<scrollbarWidth>20</scrollbarWidth>
<blendLevel>0</blendLevel>
<textHeight>13</textHeight>
<rect>214,456,791,474</rect>
<multipleHilites>false</multipleHilites>
<colors>urldecode( "0%2C0%2C0%0D%0A%0D%0A%0D%0A87%2C87%2C87%0D%0A%0D%0A%0D%0A%0D%0A" )</colors>
<shadow>false</shadow>
<hScroll>0</hScroll>
<textAlign>center</textAlign>
<vScrollbar>false</vScrollbar>
<hScrollbar>false</hScrollbar>
<id>745889</id>
<altId>0</altId>
<autoTab>false</autoTab>
<textStyle>plain</textStyle>
<hGrid>false</hGrid>
<lockLoc>false</lockLoc>
<dontWrap>true</dontWrap>
<autoHilite>false</autoHilite>
<style>transparent</style>
<showLines>false</showLines>
<sharedText>false</sharedText>
<noncontiguousHilites>false</noncontiguousHilites>
<lockText>true</lockText>
<scroll>0</scroll>
<name>field "preview title"</name>
<vGrid>false</vGrid>
<listBehavior>false</listBehavior>
<layer>184</layer>
<visible>true</visible>
<cantSelect>false</cantSelect>
<borderWidth>1</borderWidth>
<margins>5,8,5,2</margins>
<htmlText>urldecode( "%3Cp%3EAnimation+Builder+%28No+Animation+Loaded%29+%28100.0%25%29%3C%2Fp%3E" )</htmlText>
<threeDHilite>false</threeDHilite>
<opaque>false</opaque>
<shadowOffset>4</shadowOffset>
<showBorder>false</showBorder>
<textSize>10</textSize>
<disabled>false</disabled>
<fixedLineHeight>true</fixedLineHeight>
<textFont>lucida grande</textFont>
<vScroll>0</vScroll>
<showFocusBorder>false</showFocusBorder>
<custompropertyset name= "cGlx2TimeStamp">
<checksum>urldecode( "%95%90%03%BFg%E7%CD%87%D0%C7I%08q%CB%B65" )</checksum>
</custompropertyset>
<script>urldecode( "--%3E+all+handlers%0D%0A%0D%0Aon+mouseDown+pMouseBtnNum%0D%0A++++if+pMouseBtnNum+is+3+then%0D%0A++++++++--+set+the+textsize+of+btn+%22preview+menu%22+to+the+textsize+of+fld+%22preview+title%22%0D%0A++++++++--+set+the+textfont+of+btn+%22preview+menu%22+to+the+textfont+of+fld+%22preview+title%22%0D%0A++++++++--+set+the+textstyle+of+btn+%22preview+menu%22+to+plain%0D%0A++++++++put+the+cObjectID+of+img+%22zzz%22+into+theObjectID%0D%0A++++++++put+the+number+of+cards+of+theObjectID+into+theNoCds%0D%0A++++++++put+the+cCurrentCard+of+img+%22zzz%22+into+theCurrentCard%0D%0A++++++++put+the+cCdObjectID+of+img+%22zzz%22+into+theCdObjectID%0D%0A++++++++put+word+3+of+theCdObjectID+into+theCurrentCdID%0D%0A++++++++if+theCurrentCard+is+empty+then%0D%0A++++++++++++put+the+currentcard+of+theObjectID+into+theCurrentCard%0D%0A++++++++end+if%0D%0A++++++++repeat+with+theCdNo+%3D+1+to+theNoCds%0D%0A++++++++++++put+the+name+of+cd+theCdNo+of+theObjectID+into+theCdName%0D%0A++++++++++++put+the+id+of+cd+theCdNo+of+theObjectID+into+theCdID%0D%0A++++++++++++put+the+short+name+of+cd+theCdNo+of+theObjectID+into+theShortCdName%0D%0A++++++++++++if+theCdID+is+theCurrentCdID+then%0D%0A++++++++++++++++put+%22%21c%22+%26+theCdNo+%26%26+%22-%22+%26%26+theShortCdName+%26+cr+after+theCdNames%0D%0A++++++++++++else%0D%0A++++++++++++++++put+theCdNo+%26%26+%22-%22+%26%26+theShortCdName+%26+cr+after+theCdNames%0D%0A++++++++++++end+if%0D%0A++++++++end+repeat%0D%0A++++++++put+word+1+to+-1+of+theCdNames+into+theCdNames%0D%0A++++++++if+the+mouseloc+is+not+within+the+rect+of+me+then%0D%0A++++++++++++put+%22Open+this+stack%22+%26+cr+%26+%22-%22+%26+cr+%26+%5C%0D%0A++++++++++++++++++++%22Edit+Script+of+this+Stack%22+%26+cr+%26+%5C%0D%0A++++++++++++++++++++%22Edit+Properties+of+this+Stack%22+%26+cr+%26+%5C%0D%0A++++++++++++++++++++%22-%22+%26+cr+%26+%5C%0D%0A++++++++++++++++++++%22Edit+Script+of+this+Card%22+%26+cr+%26+%5C%0D%0A++++++++++++++++++++%22Edit+Properties+of+this+Card%22+%26+cr+%26+%5C%0D%0A++++++++++++++++++++%22-%22+%26+cr+%26+theCdNames+into+btn+%22preview+menu%22%0D%0A++++++++else%0D%0A++++++++++++put+%22Open+this+stack%22+%26+cr+%26+%22-%22+%26+cr+%26+%5C%0D%0A++++++++++++++++++++%22Edit+Script+of+this+Stack%22+%26+cr+%26+%5C%0D%0A++++++++++++++++++++%22Edit+Properties+of+this+Stack%22+%26+cr+%26+%5C%0D%0A++++++++++++++++++++%22-%22+%26+cr+%26+%5C%0D%0A++++++++++++++++++++%22Edit+Script+of+this+Card%22+%26+cr+%26+%5C%0D%0A++++++++++++++++++++%22Edit+Properties+of+this+Card%22+into+btn+%22preview+menu%22%0D%0A++++++++end+if%0D%0A++++++++if+the+visible+of+fld+%22card+controls%22+is+true+then%0D%0A++++++++++++selectorTheWindow%0D%0A++++++++++++set+the+showborder+of+grp+%22object+tree%22+to+the+hilited+of+btn+%22edit+home%22%0D%0A++++++++end+if%0D%0A++++++++popup+btn+%22preview+menu%22%0D%0A++++else%0D%0A++++++++lock+screen%0D%0A++++++++if+the+visible+of+fld+%22card+controls%22+is+true+then%0D%0A++++++++++++selectorTheWindow%0D%0A++++++++++++set+the+showborder+of+grp+%22object+tree%22+to+the+hilited+of+btn+%22edit+home%22%0D%0A++++++++end+if%0D%0A++++++++grab+the+owner+of+me%0D%0A++++++++unlock+screen%0D%0A++++end+if%0D%0Aend+mouseDown%0D%0A%0D%0Aon+selectorTheWindow%0D%0A++++lock+screen%0D%0A++++put+the+rect+of+img+%22zzz%22+into+theRect%0D%0A++++put+the+top+of+img+%22drag+left%22-1+into+item+2+of+theRect%0D%0A++++subtract+1+from+item+1+of+theRect%0D%0A++++add+1+to+item+3+of+theRect%0D%0A++++add+1+to+item+4+of+theRect%0D%0A++++set+the+rect+of+grc+%22selector%22+to+theRect%0D%0A++++show+grc+%22selector%22%0D%0A++++if+the+visible+of+fld+%22card+controls%22+is+false+then%0D%0A++++++++send+%22mouseup+1%22+to+btn+%22card+controls%22%0D%0A++++end+if%0D%0A++++set+the+hilitedline+of+fld+%22card+controls%22+to+1%0D%0A++++set+the+chilitedLine+of+fld+%22card+controls%22+to+1%0D%0A++++put+the+cObjectID+of+img+%22zzz%22+into+theStackObjectID%0D%0A++++set+the+cObjectID+of+grc+%22selector%22+to+theStackObjectID%0D%0A++++lock+screen%0D%0Aend+selectorTheWindow%0D%0A%0D%0Aon+mouseUp+pMouseBtnNum%0D%0A++++lock+screen%0D%0A++++send+%22resizeTreeImage%22+to+fld+%22work+spaces%22+of+the+owner+of+me%0D%0A++++put+true+into+resizeOnly%0D%0A++++send+%22glx2RefreshHomey+resizeOnly%22+to+the+owner+of+me%0D%0A++++if+the+visible+of+fld+%22card+controls%22+is+true+then%0D%0A++++++++selectorTheWindow%0D%0A++++++++set+the+showborder+of+grp+%22object+tree%22+to+the+hilited+of+btn+%22edit+home%22%0D%0A++++end+if%0D%0A++++unlock+screen%0D%0Aend+mouseUp%0D%0A" )</script>
</field>
