<image name="collapsed locals" id="103279">
<traversalOn>false</traversalOn>
<palindromeFrames>false</palindromeFrames>
<ink>srcCopy</ink>
<threeD>true</threeD>
<blendLevel>0</blendLevel>
<rect>160,52,176,68</rect>
<angle>0</angle>
<yHot>1</yHot>
<id>103279</id>
<altId>0</altId>
<frameCount>0</frameCount>
<constantMask>false</constantMask>
<lockLoc>false</lockLoc>
<repeatCount>0</repeatCount>
<size>890</size>
<name>image "collapsed locals"</name>
<hotSpot>1,1</hotSpot>
<alwaysBuffer>true</alwaysBuffer>
<layer>11</layer>
<dontDither>false</dontDither>
<visible>false</visible>
<cantSelect>false</cantSelect>
<borderWidth>2</borderWidth>
<opaque>false</opaque>
<currentFrame>1</currentFrame>
<showBorder>false</showBorder>
<disabled>false</disabled>
<xHot>1</xHot>
<showFocusBorder>true</showFocusBorder>
<custompropertyset name= "cGlx2TimeStamp">
</custompropertyset>
<imagedata>urldecode( "%00i%BB%FF%00i%BB%FF%00i%BB%FF%00i%BB%FF%00i%BB%FF%00i%BB%FF%00i%BB%FF%00i%BB%FF%00i%BB%FF%00i%BB%FF%00i%BB%FF%00i%BB%FF%00i%BB%FF%00i%BB%FF%00i%BB%FF%00i%BB%FF%00i%BB%FF%00i%BB%FF%00i%BB%FF%00i%BB%FF%00i%BB%FF%00Q%9E%EA%00M%9A%E4%00%2F%87%DE%00%5B%9C%DB%00%1Ax%D4%00%00c%CC%00%00a%D6%00i%BB%FF%00i%BB%FF%00i%BB%FF%00i%BB%FF%00i%BB%FF%00i%BB%FF%00i%BB%FF%00%9C%E6%FF%00%80%BE%FB%00%F0%F5%F9%00%7B%B2%EA%00%F1%EF%ED%00%F4%EF%E9%00M%93%D9%00%B3%C6%D9%00%0Ei%CB%00%00_%DE%00i%BB%FF%00i%BB%FF%00i%BB%FF%00i%BB%FF%00i%BB%FF%00%9F%E8%FF%00%B8%DD%FF%00%CE%E2%F8%00_%A7%EF%00i%AA%EA%00%96%BF%E7%00%BD%D1%E7%00K%93%D9%00%D4%D9%DB%00%A4%B8%CF%00%00U%BF%00%00R%D1%00i%BB%FF%00i%BB%FF%00i%BB%FF%00z%BA%FF%00%8A%C3%FB%00%FF%F8%EF%00%DB%E7%F1%00%A3%CA%EF%00%FF%FB%EF%00%A8%C9%E9%00%86%B3%DF%00%0D%0Ao%D5%00%2C%7F%D1%00%83%A7%CD%005s%BF%003h%B8%00%00%3C%AA%00i%BB%FF%00i%BB%FF%00Y%A7%ED%00%D1%DC%E9%00%FF%F6%E9%00%7B%B6%EC%00%F4%F0%EB%00%E5%E7%EA%00%D4%DE%E7%00%ED%E8%E2%00W%98%D6%00%B6%C7%D8%00%9B%B3%CC%00%08W%B8%00+Z%AF%00%006%A3%00i%BB%FF%00i%BB%FF%00J%97%E7%00u%AF%E7%00%8E%BA%E6%00m%AC%E8%00%F9%EF%E4%00%CD%D9%E4%00%F0%E8%DF%00%A1%BD%DA%00%87%B0%D5%00%A6%BB%D1%00%E9%DD%CF%00%3Ao%B9%00%E2%D7%C5%00%003%9D%00i%BB%FF%00i%BB%FF%00P%97%DE%00%FF%ED%DB%00%9F%BF%DF%00s%AB%E1%00b%A1%DE%007%8B%DC%00z%AA%D8%00%40%8A%D3%00%D3%D2%D2%00%A4%B9%CE%00%EA%DD%CB%004j%B4%00%D3%CD%C1%00%19E%9D%00i%BB%FF%00i%BB%FF%00A%8E%D8%00%F5%E4%D5%00x%A9%D9%00%C5%CF%D8%00%E5%DF%D7%00%B4%C5%D5%00%C2%CB%D2%00%0D%0An%CE%00-y%C9%00%0Fb%C0%00r%92%BE%00%19S%AD%00%EE%DE%C3%00%1AC%98%00i%BB%FF%00i%BB%FF%00%11s%D5%00%F9%E3%CF%00b%9C%D3%00%D2%D1%D2%00%C1%C9%D0%00%B4%C0%CD%00%D2%D0%CD%007%7F%CA%00%D4%CD%C5%00%AB%B5%C2%00%98%A7%BC%00%00%3B%A4%00.U%A2%00%00%25%8E%00i%BB%FF%00i%BB%FF%00%00h%CF%00%1Fy%CF%00%0Co%CF%00c%9A%CE%00%8B%A8%C9%00%D0%CB%C6%00%7D%A0%C6%00%89%A5%C3%00%95%A5%BD%00%CA%C7%C1%00%7B%90%B3%00v%8A%AE%00%9C%A1%AE%00%00%1C%8C%00i%BB%FF%00i%BB%FF%00%00o%E4%00%29w%CA%00%8E%AA%C5%00b%94%C6%00B%7F%C2%00+l%C1%00%00Q%BB%00d%87%B8%00%87%98%B6%00%DB%D0%BE%00%15G%A3%00%D6%CE%B9%00%138%93%00%00%15%89%00i%BB%FF%00i%BB%FF%00i%BB%FF%00%00a%E0%00%2Co%C0%00V%85%BD%00%B4%B1%B7%00%C7%C0%BA%00%24a%B2%00b%7E%AE%00Mt%AE%00%00.%9C%00%27M%9C%009S%9B%00%00%1D%A2%00i%BB%FF%00i%BB%FF%00i%BB%FF%00i%BB%FF%00i%BB%FF%00%00U%D7%00%00I%B3%00%92%99%AE%00Or%AB%00bx%A8%00%D3%C8%B7%00Ee%A3%00Wo%A1%00%23B%95%00%00%21%9F%00i%BB%FF%00i%BB%FF%00i%BB%FF%00i%BB%FF%00i%BB%FF%00i%BB%FF%00i%BB%FF%00%00C%B7%00%006%A4%00%00-%9D%003V%9E%00%074%96%00%00%21%8F%00%00%21%8A%00%00%1E%A0%00i%BB%FF%00i%BB%FF%00i%BB%FF%00i%BB%FF%00i%BB%FF%00i%BB%FF%00i%BB%FF%00i%BB%FF%00i%BB%FF%00i%BB%FF%00i%BB%FF%00i%BB%FF%00i%BB%FF%00i%BB%FF%00i%BB%FF%00i%BB%FF%00i%BB%FF%00i%BB%FF%00i%BB%FF%00i%BB%FF" )</imagedata>
</image>
