{"stackFileArray": {"model_ScriptMetadata": "models/model_ScriptMetadata.livecodescript","model_Script": "models/model_Script.livecodescript","model_HandlerCalls": "models/model_HandlerCalls.livecodescript","lib_DisplayObject": "libraries/lib_DisplayObject.livecodescript","Global_Script_Help_Menu": "controllers/Global_Script_Help_Menu.livecodescript","Global_Script_Editor_Menu": "controllers/Global_Script_Editor_Menu.livecodescript","Global | Watch | Menu": "controllers/Global_Watch_Menu.livecodescript","Global_Script_Tree_Menu": "controllers/Global_Script_Tree_Menu.livecodescript","Global_Handler_Menu": "controllers/Global_Handler_Menu.livecodescript","model_ScriptHierarchy": "models/model_ScriptHierarchy.livecodescript","Global_Object_Export_Test_Menu": "controllers/Global_Object_Export_Test_Menu.livecodescript","lib_Help": "libraries/lib_Help.livecodescript","model_HkeyFiles": "models/model_HkeyFiles.livecodescript","Global_ScriptEditor_List_Menu": "controllers/Global_ScriptEditor_List_Menu.livecodescript","Global_Script_Changes_Line_Menu": "controllers/Global_Script_Changes_Line_Menu.livecodescript","lib_Handler": "libraries/lib_Handler.livecodescript","lib_DisplayStack": "libraries/lib_DisplayStack.livecodescript","Global_Script_Menu": "controllers/Global_Script_Menu.livecode","model_ScriptExport": "models/model_ScriptExport.livecodescript","Global_Script_Exported_Menu": "controllers/Global_Script_Exported_Menu.livecodescript","Global_Script_Mainstack_Menu": "controllers/Global_Script_Mainstack_Menu.livecodescript","lib_MenuHelp": "libraries/lib_MenuHelp.livecodescript","Global_Hkey_Help_Menu": "controllers/Global_Hkey_Help_Menu.livecodescript","Global_ScriptEditor_Recent_Watch_Menu": "controllers/Global_ScriptEditor_Recent_Watch_Menu.livecodescript","lib_Script": "libraries/lib_Script.livecode","Global_Script_Changes_Menu": "controllers/Global_Script_Changes_Menu.livecodescript","lib_HandlerCalls": "libraries/lib_HandlerCalls.livecode","model_ScriptMenu": "models/model_ScriptMenu.livecodescript","lib_ScriptEditor": "libraries/lib_ScriptEditor.livecodescript","model_ScriptFiles": "models/model_ScriptFiles.livecodescript","lib_ScriptArray": "libraries/lib_ScriptArray.livecodescript","model_ScriptMetadataFiles": "models/model_ScriptMetadataFiles.livecodescript","Global_ScriptEditor_Header_Menu": "controllers/Global_ScriptEditor_Header_Menu.livecodescript","Global_Handler_Calls_Menu": "controllers/Global_Handler_Calls_Menu.livecodescript","lib_HandlerTable": "libraries/lib_HandlerTable.livecodescript","model_HandlerLibrary": "models/model_HandlerLibrary.livecodescript","Global | ScriptEditor | Create | Menu": "controllers/Global_ScriptEditor_Create_Menu.livecodescript","model_ScriptSuite": "models/model_ScriptSuite.livecodescript","Global_Script_PlaceArray_Menu": "controllers/Global_Script_PlaceArray_Menu.livecodescript","Global_Script_Dep_Menu": "controllers/Global_Script_Dep_Menu.livecodescript","lib_DisplayHandler": "libraries/lib_DisplayHandler.livecodescript","model_HkeyLine": "models/model_HkeyLine.livecodescript","Global_Script_Tree_Line_Menu": "controllers/Global_Script_Tree_Line_Menu.livecodescript","Global | Script | Template | Menu": "controllers/Global_Script_Template_Menu.livecodescript","Global_ScriptEditor_Panes_Menu": "controllers/Global_ScriptEditor_Panes_Menu.livecodescript","Global_Script Editor_Extras_Menu": "controllers/Global_Script Editor_Extras_Menu.livecodescript","lib_Hkey": "libraries/lib_Hkey.livecode","lib_Scaffolding": "libraries/lib_Scaffolding.livecodescript","model_Hkey": "models/model_Hkey.livecodescript","Global_ScriptEditor_Hkey_Menu": "controllers/Global_ScriptEditor_Hkey_Menu.livecodescript","Global_Script_Folders_Menu": "controllers/Global_Script_Folders_Menu.livecodescript"},"Global Menus": {"Global | Script | Tree | Menu": {"mController": "stack \"/Users/fortyfoxes/Documents/git-repos/LiveCodeWorld/lcw_Script/controllers/Global_Script_Tree_Menu.livecodescript\"","gMenuTable": "Edit Object Script\tmenu_EditObjectScript mTarget\tstack \"Global_Script_Tree_Menu\"\tGlobal | Script | Tree | Menu\t\t\t\t\tEdit Object Script\nDisplay Object Graph\tmenu_DisplayObjectGraph mTarget\tstack \"Global_Script_Tree_Menu\"\tGlobal | Script | Tree | Menu\t\t\t\t\tDisplay Object Graph\nDisplay Template\tmenu_DisplayTemplate subMenuPath, mTarget\tstack \"Global_Script_Tree_Menu\"\tGlobal | Script | Tree | Menu\t\tcustom submenu\ttemplate_Names\ttemplate_Name\tDisplay Template\n-\nScript\t\tstack \"Global_Script_Tree_Menu\"\tGlobal | Script | Tree | Menu\t\tsubmenu\tGlobal | Script | Menu\tstack \"Global_Script_Tree_Menu\"\tScript\nFolders\t\tstack \"Global_Script_Tree_Menu\"\tGlobal | Script | Tree | Menu\t\tsubmenu\tGlobal | Script | Folders | Menu\tstack \"Global_Script_Tree_Menu\"\tFolders\nScript Deps\t\tstack \"Global_Script_Tree_Menu\"\tGlobal | Script | Tree | Menu\t\tsubmenu\tGlobal | Script | Dep | Menu\tstack \"Global_Script_Tree_Menu\"\tScript Deps\nOverlay\t\tstack \"Global_Script_Tree_Menu\"\tGlobal | Script | Tree | Menu\t\tsubmenu\tGlobal | Overlay | Menu\tstack \"Global_Script_Tree_Menu\"\tOverlay\n-\nScript Export\t\tstack \"Global_Script_Tree_Menu\"\tGlobal | Script | Tree | Menu\t\tsubmenu\tGlobal | Script | Exported | Menu\tstack \"Global_Script_Tree_Menu\"\tScript Export\nTest Export\t\tstack \"Global_Script_Tree_Menu\"\tGlobal | Script | Tree | Menu\t\tsubmenu\tGlobal | Object | Export | Test | Menu\tstack \"Global_Script_Tree_Menu\"\tTest Export\n-\n-\nProject\t\tstack \"Global_Script_Tree_Menu\"\tGlobal | Script | Tree | Menu\t\tsubmenu\tGlobal | Project | Stack | Menu\tstack \"Global_Script_Tree_Menu\"\tProject\nScript Mainstack\t\tstack \"Global_Script_Tree_Menu\"\tGlobal | Script | Tree | Menu\t\tsubmenu\tGlobal | Script | Mainstack | Menu\tstack \"Global_Script_Tree_Menu\"\tScript Mainstack"},"Global | ScriptEditor | Create | Menu": {"mController": "stack \"/Users/fortyfoxes/Documents/git-repos/LiveCodeWorld/lcw_Script/controllers/Global_ScriptEditor_Create_Menu.livecodescript\"","gMenuTable": "Create New Project\tmenu_CreateNewProject mTarget\tstack \"Global | ScriptEditor | Create | Menu\"\tGlobal | ScriptEditor | Create | Menu\t\t\t\t\tCreate New Project\n-\nCreate View\tmenu_CreateView mTarget\tstack \"Global | ScriptEditor | Create | Menu\"\tGlobal | ScriptEditor | Create | Menu\tdisabled_CreateView\t\t\t\tCreate View\nCreate Model\tmenu_CreateModel subMenuPath, mTarget\tstack \"Global | ScriptEditor | Create | Menu\"\tGlobal | ScriptEditor | Create | Menu\t\tcustom submenu\tproject_Choices\tproject_Choice\tCreate Model\nCreate Behavior\tmenu_CreateBehavior mTarget\tstack \"Global | ScriptEditor | Create | Menu\"\tGlobal | ScriptEditor | Create | Menu\t\t\t\t\tCreate Behavior\nCreate Library\tmenu_CreateLibrary mTarget\tstack \"Global | ScriptEditor | Create | Menu\"\tGlobal | ScriptEditor | Create | Menu\t\t\t\t\tCreate Library\nCreate Menu Stack\tmenu_CreateMenuStack mTarget\tstack \"Global | ScriptEditor | Create | Menu\"\tGlobal | ScriptEditor | Create | Menu\t\t\t\t\tCreate Menu Stack\n-\nSet Working Project\tmenu_SetWorkingProject subMenuPath, mTarget\tstack \"Global | ScriptEditor | Create | Menu\"\tGlobal | ScriptEditor | Create | Menu\t\tcustom submenu\tproject_Choices\tproject_Choice\tSet Working Project"},"Global | Hkey | Help | Menu": {"mController": "stack \"/Users/fortyfoxes/Documents/git-repos/LiveCodeWorld/lcw_Script/controllers/Global_Hkey_Help_Menu.livecodescript\"","gMenuTable": "Handler Help\tmenu_HandlerHelp mTarget\tstack \"Global_Hkey_Help_Menu\"\tGlobal | Hkey | Help | Menu\tdisabled_HandlerHelp\t\t\t\tHandler Help\nMenu Handler Help\tmenu_MenuHandlerHelp mTarget\tstack \"Global_Hkey_Help_Menu\"\tGlobal | Hkey | Help | Menu\tdisabled_MenuHandlerHelp\t\t\t\tMenu Handler Help\n-\nTransporter Help\tmenu_TransporterHelp mTarget\tstack \"Global_Hkey_Help_Menu\"\tGlobal | Hkey | Help | Menu\tdisabled_TransporterHelp\t\t\t\tTransporter Help\nUpdate Help Graph\tmenu_UpdateHelpGraph mTarget\tstack \"Global_Hkey_Help_Menu\"\tGlobal | Hkey | Help | Menu\tdisabled_UpdateHelpGraph\t\t\t\tUpdate Help Graph\nUpdate Metadata\tmenu_UpdateMetadata mTarget\tstack \"Global_Hkey_Help_Menu\"\tGlobal | Hkey | Help | Menu\t\t\t\t\tUpdate Metadata\n-\nDev\t\tstack \"Global_Hkey_Help_Menu\"\tGlobal | Hkey | Help | Menu\t\tsubmenu\tDev | Menu\tstack \"Global_Hkey_Help_Menu\"\tDev"},"Global | Script | Folders | Menu": {"mController": "stack \"/Users/fortyfoxes/Documents/git-repos/LiveCodeWorld/lcw_Script/controllers/Global_Script_Folders_Menu.livecodescript\"","gMenuTable": "Script Overlay Folder\tmenu_ScriptOverlayFolder mTarget\tstack \"Global_Script_Folders_Menu\"\tGlobal | Script | Folders | Menu\tdisabled_ScriptOverlayFolder\t\t\t\tScript Overlay Folder\nProject Overlay Folder\tmenu_ProjectOverlayFolder mTarget\tstack \"Global_Script_Folders_Menu\"\tGlobal | Script | Folders | Menu\tdisabled_ProjectOverlayFolder\t\t\t\tProject Overlay Folder\nOverlay Folder\tmenu_OverlayFolder mTarget\tstack \"Global_Script_Folders_Menu\"\tGlobal | Script | Folders | Menu\t\t\t\t\tOverlay Folder\n-\nData Object Folder\tmenu_DataObjectFolder mTarget\tstack \"Global_Script_Folders_Menu\"\tGlobal | Script | Folders | Menu\t\t\t\t\tData Object Folder\nMeta Data Object Folder\tmenu_MetaDataObjectFolder mTarget\tstack \"Global_Script_Folders_Menu\"\tGlobal | Script | Folders | Menu\t\t\t\t\tMeta Data Object Folder\n-\nData Objects Folder\tmenu_DataObjectsFolder mTarget\tstack \"Global_Script_Folders_Menu\"\tGlobal | Script | Folders | Menu\t\t\t\t\tData Objects Folder\nMeta Data Objects Folder\tmenu_MetaDataObjectsFolder mTarget\tstack \"Global_Script_Folders_Menu\"\tGlobal | Script | Folders | Menu\t\t\t\t\tMeta Data Objects Folder\n-\nProject Overlay Svg\tmenu_ProjectOverlaySvg mTarget\tstack \"Global_Script_Folders_Menu\"\tGlobal | Script | Folders | Menu\tdisabled_ProjectOverlaySvg\t\t\t\tProject Overlay Svg\nProject Overlay Dot\tmenu_ProjectOverlayDot mTarget\tstack \"Global_Script_Folders_Menu\"\tGlobal | Script | Folders | Menu\tdisabled_ProjectOverlayDot\t\t\t\tProject Overlay Dot\nProcessed Hkey Array\tmenu_ProcessedHkeyArray mTarget\tstack \"Global_Script_Folders_Menu\"\tGlobal | Script | Folders | Menu\tdisabled_ProcessedHkeyArray\t\t\t\tProcessed Hkey Array\nProject Overlay Data\tmenu_ProjectOverlayData mTarget\tstack \"Global_Script_Folders_Menu\"\tGlobal | Script | Folders | Menu\tdisabled_ProjectOverlayData\t\t\t\tProject Overlay Data\nProject Overlay File\tmenu_ProjectOverlayFile mTarget\tstack \"Global_Script_Folders_Menu\"\tGlobal | Script | Folders | Menu\tdisabled_ProjectOverlayFile\t\t\t\tProject Overlay File\n-\nTextstack Metadata Folder\tmenu_TextstackMetadataFolder mTarget\tstack \"Global_Script_Folders_Menu\"\tGlobal | Script | Folders | Menu\t\t\t\t\tTextstack Metadata Folder\nTextstack Data Folder\tmenu_TextstackDataFolder mTarget\tstack \"Global_Script_Folders_Menu\"\tGlobal | Script | Folders | Menu\t\t\t\t\tTextstack Data Folder\nTextstack Folder\tmenu_TextstackFolder mTarget\tstack \"Global_Script_Folders_Menu\"\tGlobal | Script | Folders | Menu\t\t\t\t\tTextstack Folder\n-\nDev\t\tstack \"Global_Script_Folders_Menu\"\tGlobal | Script | Folders | Menu\t\tsubmenu\tDev | Menu\tstack \"Global_Script_Folders_Menu\"\tDev"},"Global | Handler | Menu": {"mController": "stack \"/Users/fortyfoxes/Documents/git-repos/LiveCodeWorld/lcw_Script/controllers/Global_Handler_Menu.livecodescript\"","gMenuTable": "Delete Handler\tmenu_DeleteHandler mTarget\tstack \"Global_Handler_Menu\"\tGlobal | Handler | Menu\t\t\t\t\tDelete Handler\n-\nDisplay Handler Gist\tmenu_DisplayHandlerGist mTarget\tstack \"Global_Handler_Menu\"\tGlobal | Handler | Menu\t\t\t\t\tDisplay Handler Gist\nSave As Gist\tmenu_SaveAsGist mTarget\tstack \"Global_Handler_Menu\"\tGlobal | Handler | Menu\t\t\t\t\tSave As Gist\nSave As Private Gist\tmenu_SaveAsPrivateGist mTarget\tstack \"Global_Handler_Menu\"\tGlobal | Handler | Menu\t\t\t\t\tSave As Private Gist\n-\nTest Handler\tmenu_TestHandler mTarget\tstack \"Global_Handler_Menu\"\tGlobal | Handler | Menu\t\t\t\t\tTest Handler\nUnit Tests\tmenu_UnitTests mTarget\tstack \"Global_Handler_Menu\"\tGlobal | Handler | Menu\t\t\t\t\tUnit Tests\nOther Objects With Handler\tmenu_OtherObjectsWithHandler subMenuPath, mTarget\tstack \"Global_Handler_Menu\"\tGlobal | Handler | Menu\tdisabled_OtherObjectsWithHandler\tcustom submenu\tother_Places\tother_Place\tOther Objects With Handler\n-\nDev\t\tstack \"Global_Handler_Menu\"\tGlobal | Handler | Menu\t\tsubmenu\tDev | Menu\tstack \"Global_Handler_Menu\"\tDev"},"Global | ScriptEditor | Recent | Watch | Menu": {"mController": "stack \"/Users/fortyfoxes/Documents/git-repos/LiveCodeWorld/lcw_Script/controllers/Global_ScriptEditor_Recent_Watch_Menu.livecodescript\"","gMenuTable": "insert\t\tstack \"Global_ScriptEditor_Recent_Watch_Menu\"\tGlobal | ScriptEditor | Recent | Watch | Menu\t\tinsert\tGlobal | ScriptEditor | Header | Menu\tstack \"Global_ScriptEditor_Recent_Watch_Menu\"\tinsert\n-\nDisplay Rig Controllers\tmenu_DisplayRigControllers mTarget\tstack \"Global_ScriptEditor_Recent_Watch_Menu\"\tGlobal | ScriptEditor | Recent | Watch | Menu\t\t\t\t\tDisplay Rig Controllers\nDisplay Script\tmenu_DisplayScript mTarget\tstack \"Global_ScriptEditor_Recent_Watch_Menu\"\tGlobal | ScriptEditor | Recent | Watch | Menu\t\t\t\t\tDisplay Script\n-\nGit\t\tstack \"Global_ScriptEditor_Recent_Watch_Menu\"\tGlobal | ScriptEditor | Recent | Watch | Menu\t\tsubmenu\tGlobal | GIT | Menu\tstack \"Global_ScriptEditor_Recent_Watch_Menu\"\tGit\nView Tools\tmenu_ViewTools mTarget\tstack \"Global_ScriptEditor_Recent_Watch_Menu\"\tGlobal | ScriptEditor | Recent | Watch | Menu\t\t\t\t\tView Tools"},"Global | Script | Changes | Line | Menu": {"mController": "stack \"/Users/fortyfoxes/Documents/git-repos/LiveCodeWorld/lcw_Script/controllers/Global_Script_Changes_Line_Menu.livecodescript\"","gMenuTable": "Display Local Changes\tmenu_DisplayLocalChanges mTarget\tstack \"Global_Script_Changes_Line_Menu\"\tGlobal | Script | Changes | Line | Menu\t\t\t\t\tDisplay Local Changes\n-\nTidy Script Lines\tmenu_TidyScriptLines mTarget\tstack \"Global_Script_Changes_Line_Menu\"\tGlobal | Script | Changes | Line | Menu\t\t\t\t\tTidy Script Lines"},"Global | Script | PlaceArray | Menu": {"mController": "stack \"/Users/fortyfoxes/Documents/git-repos/LiveCodeWorld/lcw_Script/controllers/Global_Script_PlaceArray_Menu.livecodescript\"","gMenuTable": "Export Handlers And Calls\tmenu_ExportHandlersAndCalls mTarget\tstack \"Global_Script_PlaceArray_Menu\"\tGlobal | Script | PlaceArray | Menu\t\t\t\t\tExport Handlers And Calls\nUpdate Handler Hash Array\tmenu_UpdateHandlerHashArray mTarget\tstack \"Global_Script_PlaceArray_Menu\"\tGlobal | Script | PlaceArray | Menu\t\t\t\t\tUpdate Handler Hash Array\n-\nDisplay Hkey Place Array\tmenu_DisplayHkeyPlaceArray mTarget\tstack \"Global_Script_PlaceArray_Menu\"\tGlobal | Script | PlaceArray | Menu\t\t\t\t\tDisplay Hkey Place Array\nExport Script And Index Menus\tmenu_ExportScriptAndIndexMenus mTarget\tstack \"Global_Script_PlaceArray_Menu\"\tGlobal | Script | PlaceArray | Menu\t\t\t\t\tExport Script And Index Menus\n-\n-\nDev\t\tstack \"Global_Script_PlaceArray_Menu\"\tGlobal | Script | PlaceArray | Menu\t\tsubmenu\tDev | Menu\tstack \"Global_Script_PlaceArray_Menu\"\tDev"},"Global | Script | Help | Menu": {"mController": "stack \"/Users/fortyfoxes/Documents/git-repos/LiveCodeWorld/lcw_Script/controllers/Global_Script_Help_Menu.livecodescript\"","gMenuTable": "Help\tmenu_Help mTarget\tstack \"Global_Script_Help_Menu\"\tGlobal | Script | Help | Menu\tdisabled_Help\t\t\t\tHelp\nCreate Help\tmenu_CreateHelp mTarget\tstack \"Global_Script_Help_Menu\"\tGlobal | Script | Help | Menu\tdisabled_CreateHelp\t\t\t\tCreate Help\nUpdate Help\tmenu_UpdateHelp mTarget\tstack \"Global_Script_Help_Menu\"\tGlobal | Script | Help | Menu\t\t\t\t\tUpdate Help"},"Global | Script | Menu": {"mController": "stack \"/Users/fortyfoxes/Documents/git-repos/LiveCodeWorld/lcw_Script/controllers/Global_Script_Menu.livecode\"","gMenuTable": "Edit Behavior\tmenu_EditBehavior subMenuPath, mTarget\tstack \"Global_Script_Menu\"\tGlobal | Script | Menu\t\tfixed\tsubmenu_Fixed[menu_EditBehavior]\twhich_Behavior\tEdit Behavior"},"Global | ScriptEditor | Hkey | Menu": {"mController": "stack \"/Users/fortyfoxes/Documents/git-repos/LiveCodeWorld/lcw_Script/controllers/Global_ScriptEditor_Hkey_Menu.livecodescript\"","gMenuTable": "insert\t\tstack \"Global_ScriptEditor_Hkey_Menu\"\tGlobal | ScriptEditor | Hkey | Menu\t\tinsert\tGlobal | Hkey | Send | Menu\tstack \"Global_ScriptEditor_Hkey_Menu\"\tinsert\n-\ninsert\t\tstack \"Global_ScriptEditor_Hkey_Menu\"\tGlobal | ScriptEditor | Hkey | Menu\t\tinsert\tGlobal | Hkey | Help | Menu\tstack \"Global_ScriptEditor_Hkey_Menu\"\tinsert\n-\nDisplay Hkey Svg\tmenu_DisplayHkeySvg mTarget\tstack \"Global_ScriptEditor_Hkey_Menu\"\tGlobal | ScriptEditor | Hkey | Menu\tdisabled_DisplayHkeySvg\t\t\t\tDisplay Hkey Svg\n-\nHandler Files\t\tstack \"Global_ScriptEditor_Hkey_Menu\"\tGlobal | ScriptEditor | Hkey | Menu\t\tsubmenu\tGlobal | Handler | Calls | Menu\tstack \"Global_ScriptEditor_Hkey_Menu\"\tHandler Files\nHandler Library\t\tstack \"Global_ScriptEditor_Hkey_Menu\"\tGlobal | ScriptEditor | Hkey | Menu\t\tsubmenu\tGlobal | Handler | Library | Menu\tstack \"Global_ScriptEditor_Hkey_Menu\"\tHandler Library\nHandler Calls\t\tstack \"Global_ScriptEditor_Hkey_Menu\"\tGlobal | ScriptEditor | Hkey | Menu\t\tsubmenu\tGlobal | Handler | Calls | Menu\tstack \"Global_ScriptEditor_Hkey_Menu\"\tHandler Calls\nHandler Walk\t\tstack \"Global_ScriptEditor_Hkey_Menu\"\tGlobal | ScriptEditor | Hkey | Menu\t\tsubmenu\tGlobal | Hkey | Walk | Menu\tstack \"Global_ScriptEditor_Hkey_Menu\"\tHandler Walk\nHandler Test\t\tstack \"Global_ScriptEditor_Hkey_Menu\"\tGlobal | ScriptEditor | Hkey | Menu\t\tsubmenu\tGlobal | Handler | Menu\tstack \"Global_ScriptEditor_Hkey_Menu\"\tHandler Test\nPanes\t\tstack \"Global_ScriptEditor_Hkey_Menu\"\tGlobal | ScriptEditor | Hkey | Menu\t\tsubmenu\tGlobal | ScriptEditor | Panes | Menu\tstack \"Global_ScriptEditor_Hkey_Menu\"\tPanes\n-\nDev\t\tstack \"Global_ScriptEditor_Hkey_Menu\"\tGlobal | ScriptEditor | Hkey | Menu\t\tsubmenu\tDev | Menu\tstack \"Global_ScriptEditor_Hkey_Menu\"\tDev"},"Global | Script | Dep | Menu": {"mController": "stack \"/Users/fortyfoxes/Documents/git-repos/LiveCodeWorld/lcw_Script/controllers/Global_Script_Dep_Menu.livecodescript\"","gMenuTable": "Display Script\tmenu_DisplayScript mTarget\tstack \"Global_Script_Dep_Menu\"\tGlobal | Script | Dep | Menu\t\t\t\t\tDisplay Script\n-\nDisplay Object Graph\tmenu_DisplayObjectGraph mTarget\tstack \"Global_Script_Dep_Menu\"\tGlobal | Script | Dep | Menu\t\t\t\t\tDisplay Object Graph\nDisplay Svg\tmenu_DisplaySvg mTarget\tstack \"Global_Script_Dep_Menu\"\tGlobal | Script | Dep | Menu\t\t\t\t\tDisplay Svg\n-\nDisplay Text Stack Hkey Array\tmenu_DisplayTextStackHkeyArray mTarget\tstack \"Global_Script_Dep_Menu\"\tGlobal | Script | Dep | Menu\t\t\t\t\tDisplay Text Stack Hkey Array\nDisplay Script Hkey Array\tmenu_DisplayScriptHkeyArray mTarget\tstack \"Global_Script_Dep_Menu\"\tGlobal | Script | Dep | Menu\t\t\t\t\tDisplay Script Hkey Array\nDisplay Textstack Hkey Object Array\tmenu_DisplayTextstackHkeyObjectArray mTarget\tstack \"Global_Script_Dep_Menu\"\tGlobal | Script | Dep | Menu\t\t\t\t\tDisplay Textstack Hkey Object Array\n-\nScript Library Dependencies\tmenu_ScriptLibraryDependencies mTarget\tstack \"Global_Script_Dep_Menu\"\tGlobal | Script | Dep | Menu\t\t\t\t\tScript Library Dependencies\nDisplay Stack Dep Array\tmenu_DisplayStackDepArray mTarget\tstack \"Global_Script_Dep_Menu\"\tGlobal | Script | Dep | Menu\t\t\t\t\tDisplay Stack Dep Array\n-\nDev\t\tstack \"Global_Script_Dep_Menu\"\tGlobal | Script | Dep | Menu\t\tsubmenu\tDev | Menu\tstack \"Global_Script_Dep_Menu\"\tDev"},"Global | Object | Export | Test | Menu": {"mController": "stack \"/Users/fortyfoxes/Documents/git-repos/LiveCodeWorld/lcw_Script/controllers/Global_Object_Export_Test_Menu.livecodescript\"","gMenuTable": "Reveal Text Stack Folder\tmenu_RevealTextStackFolder mTarget\tstack \"Global_Object_Export_Test_Menu\"\tGlobal | Object | Export | Test | Menu\tdisabled_RevealTextStackFolder\t\t\t\tReveal Text Stack Folder\nReveal Object Folder\tmenu_RevealObjectFolder mTarget\tstack \"Global_Object_Export_Test_Menu\"\tGlobal | Object | Export | Test | Menu\tdisabled_RevealObjectFolder\t\t\t\tReveal Object Folder\n-\nFetch Manifest Array For Stack\tmenu_FetchManifestArrayForStack subMenuPath, mTarget\tstack \"Global_Object_Export_Test_Menu\"\tGlobal | Object | Export | Test | Menu\t\tcustom submenu\tstack_Objects\tstack_Object\tFetch Manifest Array For Stack\nFetch Main Stack Manifest Array\tmenu_FetchMainStackManifestArray mTarget\tstack \"Global_Object_Export_Test_Menu\"\tGlobal | Object | Export | Test | Menu\t\t\t\t\tFetch Main Stack Manifest Array\nObject Property Array\tmenu_ObjectPropertyArray mTarget\tstack \"Global_Object_Export_Test_Menu\"\tGlobal | Object | Export | Test | Menu\t\t\t\t\tObject Property Array\nObject Array\tmenu_ObjectArray mTarget\tstack \"Global_Object_Export_Test_Menu\"\tGlobal | Object | Export | Test | Menu\t\t\t\t\tObject Array\n-\nLive Main Stack Array\tmenu_LiveMainStackArray mTarget\tstack \"Global_Object_Export_Test_Menu\"\tGlobal | Object | Export | Test | Menu\t\t\t\t\tLive Main Stack Array\nLive Stack Array\tmenu_LiveStackArray mTarget\tstack \"Global_Object_Export_Test_Menu\"\tGlobal | Object | Export | Test | Menu\t\t\t\t\tLive Stack Array\nLive Card Array\tmenu_LiveCardArray mTarget\tstack \"Global_Object_Export_Test_Menu\"\tGlobal | Object | Export | Test | Menu\t\t\t\t\tLive Card Array\n-\nObject Property Text\tmenu_ObjectPropertyText mTarget\tstack \"Global_Object_Export_Test_Menu\"\tGlobal | Object | Export | Test | Menu\t\t\t\t\tObject Property Text\n-\nDev\t\tstack \"Global_Object_Export_Test_Menu\"\tGlobal | Object | Export | Test | Menu\t\tsubmenu\tDev | Menu\tstack \"Global_Object_Export_Test_Menu\"\tDev"},"Global | ScriptEditor | Panes | Menu": {"mController": "stack \"/Users/fortyfoxes/Documents/git-repos/LiveCodeWorld/lcw_Script/controllers/Global_ScriptEditor_Panes_Menu.livecodescript\"","gMenuTable": "Create Deps Pane\tmenu_CreateDepsPane mTarget\tstack \"Global_ScriptEditor_Panes_Menu\"\tGlobal | ScriptEditor | Panes | Menu\tdisabled_CreateDepsPane\t\t\t\tCreate Deps Pane\nRemove Pane\tmenu_RemovePane subMenuPath, mTarget\tstack \"Global_ScriptEditor_Panes_Menu\"\tGlobal | ScriptEditor | Panes | Menu\tdisabled_RemovePane\tcustom submenu\ttab_Names\ttab_Name\tRemove Pane\n-\nEdit\tmenu_Edit subMenuPath, mTarget\tstack \"Global_ScriptEditor_Panes_Menu\"\tGlobal | ScriptEditor | Panes | Menu\t\tfixed\tsubmenu_Fixed[menu_Edit]\tsome_Name\tEdit\nDev\t\tstack \"Global_ScriptEditor_Panes_Menu\"\tGlobal | ScriptEditor | Panes | Menu\t\tsubmenu\tDev | Menu\tstack \"Global_ScriptEditor_Panes_Menu\"\tDev"},"Global | Handler | Calls | Menu": {"mController": "stack \"/Users/fortyfoxes/Documents/git-repos/LiveCodeWorld/lcw_Script/controllers/Global_Handler_Calls_Menu.livecodescript\"","gMenuTable": "Edit Handler Calls\tmenu_EditHandlerCalls mTarget\tstack \"Global_Handler_Calls_Menu\"\tGlobal | Handler | Calls | Menu\tdisabled_EditHandlerCalls\t\t\t\tEdit Handler Calls\nExport Handler Calls\tmenu_ExportHandlerCalls mTarget\tstack \"Global_Handler_Calls_Menu\"\tGlobal | Handler | Calls | Menu\tdisabled_ExportHandlerCalls\t\t\t\tExport Handler Calls\nList Handler Calls\tmenu_ListHandlerCalls mTarget\tstack \"Global_Handler_Calls_Menu\"\tGlobal | Handler | Calls | Menu\tdisabled_ListHandlerCalls\t\t\t\tList Handler Calls\nReveal Handler Folder\tmenu_RevealHandlerFolder mTarget\tstack \"Global_Handler_Calls_Menu\"\tGlobal | Handler | Calls | Menu\t\t\t\t\tReveal Handler Folder\n-\nDictionary\t\tstack \"Global_Handler_Calls_Menu\"\tGlobal | Handler | Calls | Menu\t\tsubmenu\tGlobal | Handler | Dictionary | Menu\tstack \"Global_Handler_Calls_Menu\"\tDictionary"},"Global | Watch | Menu": {"mController": "stack \"/Users/fortyfoxes/Documents/git-repos/LiveCodeWorld/lcw_Script/controllers/Global_Watch_Menu.livecodescript\"","gMenuTable": "Display Local Changes\tmenu_DisplayLocalChanges mTarget\tstack \"Global | Watch | Menu\"\tGlobal | Watch | Menu\tdisabled_DisplayLocalChanges\t\t\t\tDisplay Local Changes\nReveal Project Folder\tmenu_RevealProjectFolder mTarget\tstack \"Global | Watch | Menu\"\tGlobal | Watch | Menu\t\t\t\t\tReveal Project Folder\nFossil Common\t\tstack \"Global | Watch | Menu\"\tGlobal | Watch | Menu\t\tsubmenu\tScript Editor | Watch | Menu\tstack \"Global | Watch | Menu\"\tFossil Common\n-\nEdit Scripts\t\tstack \"Global | Watch | Menu\"\tGlobal | Watch | Menu\t\tsubmenu\tGlobal | Script | Edit | Menu\tstack \"Global | Watch | Menu\"\tEdit Scripts\nTeamster\t\tstack \"Global | Watch | Menu\"\tGlobal | Watch | Menu\t\tsubmenu\tGlobal | Teamster | Menu\tstack \"Global | Watch | Menu\"\tTeamster\nScript\t\tstack \"Global | Watch | Menu\"\tGlobal | Watch | Menu\t\tsubmenu\tGlobal | Script | Menu\tstack \"Global_Script_Menu\"\tScript\n-\nCreate Fossil\t\tstack \"Global | Watch | Menu\"\tGlobal | Watch | Menu\t\tsubmenu\tGlobal | Fossil | Menu\tstack \"Global | Watch | Menu\"\tCreate Fossil\nNew Fossil\t\tstack \"Global | Watch | Menu\"\tGlobal | Watch | Menu\t\tsubmenu\tGlobal | Fossil | New | Menu\tstack \"Global | Watch | Menu\"\tNew Fossil\n-\nScript\t\tstack \"Global | Watch | Menu\"\tGlobal | Watch | Menu\t\tsubmenu\tGlobal | Script | Menu\tstack \"Global_Script_Menu\"\tScript\nExport\t\tstack \"Global | Watch | Menu\"\tGlobal | Watch | Menu\t\tsubmenu\tGlobal | Object | Export | Menu\tstack \"Global | Watch | Menu\"\tExport"},"Global | Script | Exported | Menu": {"mController": "stack \"/Users/fortyfoxes/Documents/git-repos/LiveCodeWorld/lcw_Script/controllers/Global_Script_Exported_Menu.livecodescript\"","gMenuTable": "Check Recent Script Exports\tmenu_CheckRecentScriptExports mTarget\tstack \"Global_Script_Exported_Menu\"\tGlobal | Script | Exported | Menu\t\t\t\t\tCheck Recent Script Exports\nDisplay Merge Script\tmenu_DisplayMergeScript mTarget\tstack \"Global_Script_Exported_Menu\"\tGlobal | Script | Exported | Menu\t\t\t\t\tDisplay Merge Script\n-\nEdit Exported Script\tmenu_EditExportedScript mTarget\tstack \"Global_Script_Exported_Menu\"\tGlobal | Script | Exported | Menu\t\t\t\t\tEdit Exported Script\nEdit Raw Exported Script\tmenu_EditRawExportedScript mTarget\tstack \"Global_Script_Exported_Menu\"\tGlobal | Script | Exported | Menu\t\t\t\t\tEdit Raw Exported Script"},"Global | Script | Template | Menu": {"mController": "stack \"/Users/fortyfoxes/Documents/git-repos/LiveCodeWorld/lcw_Script/controllers/Global_Script_Template_Menu.livecodescript\"","gMenuTable": "Save\tmenu_Save mTarget\tstack \"Global | Script | Template | Menu\"\tGlobal | Script | Template | Menu\t\t\t\t\tSave\nDisplay Template\tmenu_DisplayTemplate subMenuPath, mTarget\tstack \"Global | Script | Template | Menu\"\tGlobal | Script | Template | Menu\t\tcustom submenu\ttemplate_Names\ttemplate_Name\tDisplay Template\nReveal Template\tmenu_RevealTemplate mTarget\tstack \"Global | Script | Template | Menu\"\tGlobal | Script | Template | Menu\t\t\t\t\tReveal Template\n-\nNew Template From Clipboard\tmenu_NewTemplateFromClipboard mTarget\tstack \"Global | Script | Template | Menu\"\tGlobal | Script | Template | Menu\t\t\t\t\tNew Template From Clipboard\nCopy Template To Clipboard\tmenu_CopyTemplateToClipboard subMenuPath, mTarget\tstack \"Global | Script | Template | Menu\"\tGlobal | Script | Template | Menu\t\tcustom submenu\ttemplate_Names\ttemplate_Name\tCopy Template To Clipboard\n-\nDelete Template\tmenu_DeleteTemplate subMenuPath, mTarget\tstack \"Global | Script | Template | Menu\"\tGlobal | Script | Template | Menu\t\tcustom submenu\ttemplate_Names\ttemplate_Name\tDelete Template\n-\nSave As\tmenu_SaveAs mTarget\tstack \"Global | Script | Template | Menu\"\tGlobal | Script | Template | Menu\t\t\t\t\tSave As\n-\nDev\t\tstack \"Global | Script | Template | Menu\"\tGlobal | Script | Template | Menu\t\tsubmenu\tDev | Menu\tstack \"Global | Script | Template | Menu\"\tDev"},"Global | ScriptEditor | Header | Menu": {"mController": "stack \"/Users/fortyfoxes/Documents/git-repos/LiveCodeWorld/lcw_Script/controllers/Global_ScriptEditor_Header_Menu.livecodescript\"","gMenuTable": "Display Local Changes\tmenu_DisplayLocalChanges mTarget\tstack \"Global_ScriptEditor_Header_Menu\"\tGlobal | ScriptEditor | Header | Menu\tdisabled_DisplayLocalChanges\t\t\t\tDisplay Local Changes\nRecent Scripts\tmenu_RecentScripts subMenuPath, mTarget\tstack \"Global_ScriptEditor_Header_Menu\"\tGlobal | ScriptEditor | Header | Menu\tdisabled_RecentScripts\tcustom submenu\trecent_Objects\trecent_Object\tRecent Scripts\nSave Edited\tmenu_SaveEdited mTarget\tstack \"Global_ScriptEditor_Header_Menu\"\tGlobal | ScriptEditor | Header | Menu\tdisabled_SaveEdited\t\t\t\tSave Edited\nHelp\t\tstack \"Global_ScriptEditor_Header_Menu\"\tGlobal | ScriptEditor | Header | Menu\t\tsubmenu\tGlobal | Script | Help | Menu\tstack \"Global_Script_Help_Menu\"\tHelp\n-\nGo\t\tstack \"Global_ScriptEditor_Header_Menu\"\tGlobal | ScriptEditor | Header | Menu\t\tsubmenu\tScriptEditor | Go | Menu\tstack \"Global_ScriptEditor_Header_Menu\"\tGo\nTabs\t\tstack \"Global_ScriptEditor_Header_Menu\"\tGlobal | ScriptEditor | Header | Menu\t\tsubmenu\tScriptEditor | Tabs | Menu\tstack \"Global_ScriptEditor_Header_Menu\"\tTabs\nMy Menu\t\tstack \"Global_ScriptEditor_Header_Menu\"\tGlobal | ScriptEditor | Header | Menu\t\tsubmenu\tGlobal | ScriptEditor | Recent | Custom | Menu\tstack \"Global_ScriptEditor_Header_Menu\"\tMy Menu"},"Global | Script | Mainstack | Menu": {"mController": "stack \"/Users/fortyfoxes/Documents/git-repos/LiveCodeWorld/lcw_Script/controllers/Global_Script_Mainstack_Menu.livecodescript\"","gMenuTable": "Display Main Stack Overlay\tmenu_DisplayMainStackOverlay mTarget\tstack \"Global_Script_Mainstack_Menu\"\tGlobal | Script | Mainstack | Menu\tdisabled_DisplayMainStackOverlay\t\t\t\tDisplay Main Stack Overlay\n-\nDependency Array From Objects\tmenu_DependencyArrayFromObjects subMenuPath, mTarget\tstack \"Global_Script_Mainstack_Menu\"\tGlobal | Script | Mainstack | Menu\t\tcustom submenu\tproject_Names\tproject_Name\tDependency Array From Objects\n-\nSave Mainstack And Export Arrays\tmenu_SaveMainstackAndExportArrays mTarget\tstack \"Global_Script_Mainstack_Menu\"\tGlobal | Script | Mainstack | Menu\t\t\t\t\tSave Mainstack And Export Arrays\nReindex Mainstack Hkey Array\tmenu_ReindexMainstackHkeyArray mTarget\tstack \"Global_Script_Mainstack_Menu\"\tGlobal | Script | Mainstack | Menu\t\t\t\t\tReindex Mainstack Hkey Array\nCreate Mainstack Graph\tmenu_CreateMainstackGraph mTarget\tstack \"Global_Script_Mainstack_Menu\"\tGlobal | Script | Mainstack | Menu\t\t\t\t\tCreate Mainstack Graph\nCreate Plain Mainstack Graph\tmenu_CreatePlainMainstackGraph mTarget\tstack \"Global_Script_Mainstack_Menu\"\tGlobal | Script | Mainstack | Menu\t\t\t\t\tCreate Plain Mainstack Graph\n-\nDisplay External Dependencies\tmenu_DisplayExternalDependencies mTarget\tstack \"Global_Script_Mainstack_Menu\"\tGlobal | Script | Mainstack | Menu\t\t\t\t\tDisplay External Dependencies\nDisplay Mainstack Missing\tmenu_DisplayMainstackMissing mTarget\tstack \"Global_Script_Mainstack_Menu\"\tGlobal | Script | Mainstack | Menu\t\t\t\t\tDisplay Mainstack Missing\nDisplay Mainstack Harray\tmenu_DisplayMainstackHarray mTarget\tstack \"Global_Script_Mainstack_Menu\"\tGlobal | Script | Mainstack | Menu\t\t\t\t\tDisplay Mainstack Harray\nDisplay Mainstack Hkey Array\tmenu_DisplayMainstackHkeyArray mTarget\tstack \"Global_Script_Mainstack_Menu\"\tGlobal | Script | Mainstack | Menu\t\t\t\t\tDisplay Mainstack Hkey Array\nDisplay Mainstack Walk Array\tmenu_DisplayMainstackWalkArray mTarget\tstack \"Global_Script_Mainstack_Menu\"\tGlobal | Script | Mainstack | Menu\t\t\t\t\tDisplay Mainstack Walk Array\nDisplay Mainstack Manifest Array\tmenu_DisplayMainstackManifestArray mTarget\tstack \"Global_Script_Mainstack_Menu\"\tGlobal | Script | Mainstack | Menu\t\t\t\t\tDisplay Mainstack Manifest Array\n-\nAdd Mainstack Handlers To Library\tmenu_AddMainstackHandlersToLibrary mTarget\tstack \"Global_Script_Mainstack_Menu\"\tGlobal | Script | Mainstack | Menu\t\t\t\t\tAdd Mainstack Handlers To Library\n-\nProject Overlay\t\tstack \"Global_Script_Mainstack_Menu\"\tGlobal | Script | Mainstack | Menu\t\tsubmenu\tGlobal | Project | Overlay | Menu\tstack \"Global_Script_Mainstack_Menu\"\tProject Overlay\nDev\t\tstack \"Global_Script_Mainstack_Menu\"\tGlobal | Script | Mainstack | Menu\t\tsubmenu\tDev | Menu\tstack \"Global_Script_Mainstack_Menu\"\tDev"},"Global | Script | Changes | Menu": {"mController": "stack \"/Users/fortyfoxes/Documents/git-repos/LiveCodeWorld/lcw_Script/controllers/Global_Script_Changes_Menu.livecodescript\"","gMenuTable": "Display Recent Changes\tmenu_DisplayRecentChanges mTarget\tstack \"Global_Script_Changes_Menu\"\tGlobal | Script | Changes | Menu\t\t\t\t\tDisplay Recent Changes\nFilter For Changed\tmenu_FilterForChanged mTarget\tstack \"Global_Script_Changes_Menu\"\tGlobal | Script | Changes | Menu\t\t\t\t\tFilter For Changed\n-\nDisplay Recent Exports\tmenu_DisplayRecentExports subMenuPath, mTarget\tstack \"Global_Script_Changes_Menu\"\tGlobal | Script | Changes | Menu\t\tcustom submenu\thow_Longs\thow_Long\tDisplay Recent Exports\nDev\t\tstack \"Global_Script_Changes_Menu\"\tGlobal | Script | Changes | Menu\t\tsubmenu\tDev | Menu\tstack \"Global_Script_Changes_Menu\"\tDev"},"Global | ScriptEditor | List | Authoring | Menu": {"mController": "stack \"/Users/fortyfoxes/Documents/git-repos/LiveCodeWorld/lcw_Script/controllers/Global_ScriptEditor_List_Menu.livecodescript\"","gMenuTable": "insert\t\tstack \"Global_ScriptEditor_List_Menu\"\tGlobal | ScriptEditor | List | Authoring | Menu\t\tinsert\tGlobal | ScriptEditor | Hkey | Menu\tstack \"Global_ScriptEditor_Hkey_Menu\"\tinsert\n-\nSet Menu\tmenu_SetMenu subMenuPath, mTarget\tstack \"Global_ScriptEditor_List_Menu\"\tGlobal | ScriptEditor | List | Authoring | Menu\t\tcustom submenu\tm_Titles\tm_Title\tSet Menu\nDev\t\tstack \"Global_ScriptEditor_List_Menu\"\tGlobal | ScriptEditor | List | Authoring | Menu\t\tsubmenu\tDev | Menu\tstack \"Global_ScriptEditor_List_Menu\"\tDev"},"Global | Script Editor | Extras | Menu": {"mController": "stack \"/Users/fortyfoxes/Documents/git-repos/LiveCodeWorld/lcw_Script/controllers/Global_Script Editor_Extras_Menu.livecodescript\"","gMenuTable": "Find Handler In Hierarchy\tmenu_FindHandlerInHierarchy mTarget\tstack \"Global_Script Editor_Extras_Menu\"\tGlobal | Script Editor | Extras | Menu\t\t\t\t\tFind Handler In Hierarchy\nSearchkey Words\tmenu_SearchkeyWords mTarget\tstack \"Global_Script Editor_Extras_Menu\"\tGlobal | Script Editor | Extras | Menu\t\t\t\t\tSearchkey Words\nMenu\t\tstack \"Global_Script Editor_Extras_Menu\"\tGlobal | Script Editor | Extras | Menu\t\tsubmenu\tGlobal | Menu | Table | Menu\tstack \"Global_Script Editor_Extras_Menu\"\tMenu\n-\nScript Array\t\tstack \"Global_Script Editor_Extras_Menu\"\tGlobal | Script Editor | Extras | Menu\t\tsubmenu\tGlobal | Script | Array | Menu\tstack \"Global_Script Editor_Extras_Menu\"\tScript Array\nDependencies\t\tstack \"Global_Script Editor_Extras_Menu\"\tGlobal | Script Editor | Extras | Menu\t\tsubmenu\tGlobal | Script | Dependency | Menu\tstack \"Global_Script Editor_Extras_Menu\"\tDependencies\n-\nSearch\t\tstack \"Global_Script Editor_Extras_Menu\"\tGlobal | Script Editor | Extras | Menu\t\tsubmenu\tGlobal | Search | Scripts | Menu\tstack \"Global_Script Editor_Extras_Menu\"\tSearch\nView\t\tstack \"Global_Script Editor_Extras_Menu\"\tGlobal | Script Editor | Extras | Menu\t\tsubmenu\tGlobal | View | Update | Menu\tstack \"Global_Script Editor_Extras_Menu\"\tView\nCard\t\tstack \"Global_Script Editor_Extras_Menu\"\tGlobal | Script Editor | Extras | Menu\t\tsubmenu\tGlobal | Card | Menu\tstack \"Global_Script Editor_Extras_Menu\"\tCard\nEdit Script Editor Menu\tmenu_EditScriptEditorMenu mTarget\tstack \"Global_Script Editor_Extras_Menu\"\tGlobal | Script Editor | Extras | Menu\t\t\t\t\tEdit Script Editor Menu"},"Global | Script | Tree | Line | Menu": {"mController": "stack \"/Users/fortyfoxes/Documents/git-repos/LiveCodeWorld/lcw_Script/controllers/Global_Script_Tree_Line_Menu.livecodescript\"","gMenuTable": "Edit Handler\tmenu_EditHandler mTarget\tstack \"Global_Script_Tree_Line_Menu\"\tGlobal | Script | Tree | Line | Menu\t\t\t\t\tEdit Handler\n-\nGraph Handler\tmenu_GraphHandler mTarget\tstack \"Global_Script_Tree_Line_Menu\"\tGlobal | Script | Tree | Line | Menu\t\t\t\t\tGraph Handler\n-\nHandler Svg\tmenu_HandlerSvg mTarget\tstack \"Global_Script_Tree_Line_Menu\"\tGlobal | Script | Tree | Line | Menu\tdisabled_HandlerSvg\t\t\t\tHandler Svg\nHandler Overlay Array\tmenu_HandlerOverlayArray mTarget\tstack \"Global_Script_Tree_Line_Menu\"\tGlobal | Script | Tree | Line | Menu\tdisabled_HandlerOverlayArray\t\t\t\tHandler Overlay Array\n-\nHandler Folder\tmenu_HandlerFolder mTarget\tstack \"Global_Script_Tree_Line_Menu\"\tGlobal | Script | Tree | Line | Menu\t\t\t\t\tHandler Folder\nHandler Metadata Folder\tmenu_HandlerMetadataFolder mTarget\tstack \"Global_Script_Tree_Line_Menu\"\tGlobal | Script | Tree | Line | Menu\t\t\t\t\tHandler Metadata Folder\nObject Metadata Folder\tmenu_ObjectMetadataFolder mTarget\tstack \"Global_Script_Tree_Line_Menu\"\tGlobal | Script | Tree | Line | Menu\t\t\t\t\tObject Metadata Folder"},"Global | Script | Editor | Menu": {"mController": "stack \"/Users/fortyfoxes/Documents/git-repos/LiveCodeWorld/lcw_Script/controllers/Global_Script_Editor_Menu.livecodescript\"","gMenuTable": "Find Library Handler\tmenu_FindLibraryHandler subMenuPath, mTarget\tstack \"Global_Script_Editor_Menu\"\tGlobal | Script | Editor | Menu\t\tcustom submenu\tfind_Whats\tfind_What\tFind Library Handler\nFind Project Handler\tmenu_FindProjectHandler subMenuPath, mTarget\tstack \"Global_Script_Editor_Menu\"\tGlobal | Script | Editor | Menu\t\tcustom submenu\tfind_Whats\tfind_What\tFind Project Handler\n-\nHierarchy Object\tmenu_HierarchyObject subMenuPath, mTarget\tstack \"Global_Script_Editor_Menu\"\tGlobal | Script | Editor | Menu\tdisabled_HierarchyObject\tcustom submenu\tsome_Things\tsome_Thing\tHierarchy Object\nCard View\tmenu_CardView subMenuPath, mTarget\tstack \"Global_Script_Editor_Menu\"\tGlobal | Script | Editor | Menu\tdisabled_CardView\tcustom submenu\tview_Things\tview_Thing\tCard View\n-\nScript\t\tstack \"Global_Script_Editor_Menu\"\tGlobal | Script | Editor | Menu\t\tsubmenu\tGlobal | Script | Edit | Menu\tstack \"Global_Script_Editor_Menu\"\tScript\nBehavior\t\tstack \"Global_Script_Editor_Menu\"\tGlobal | Script | Editor | Menu\t\tsubmenu\tGlobal | Script | Behavior | Menu\tstack \"Global_Script_Editor_Menu\"\tBehavior\nScript Behavior\t\tstack \"Global_Script_Editor_Menu\"\tGlobal | Script | Editor | Menu\t\tsubmenu\tGlobal | Dependency | Behavior | Menu\tstack \"Global_Script_Editor_Menu\"\tScript Behavior\nTemplate\t\tstack \"Global_Script_Editor_Menu\"\tGlobal | Script | Editor | Menu\t\tsubmenu\tGlobal | Script | Template | Menu\tstack \"Global | Script | Template | Menu\"\tTemplate\n-\nGo\tmenu_Go subMenuPath, mTarget\tstack \"Global_Script_Editor_Menu\"\tGlobal | Script | Editor | Menu\t\tfixed\tsubmenu_Fixed[menu_Go]\twhich_Stack\tGo\nGo To Object\tmenu_GoToObject mTarget\tstack \"Global_Script_Editor_Menu\"\tGlobal | Script | Editor | Menu\t\t\t\t\tGo To Object\nObject\t\tstack \"Global_Script_Editor_Menu\"\tGlobal | Script | Editor | Menu\t\tsubmenu\tGlobal | Script | Object | Menu\tstack \"Global_Script_Editor_Menu\"\tObject\nEdit Behavior\tmenu_EditBehavior subMenuPath, mTarget\tstack \"Global_Script_Editor_Menu\"\tGlobal | Script | Editor | Menu\t\tfixed\tsubmenu_Fixed[menu_EditBehavior]\twhich_Behavior\tEdit Behavior\n-\nStack History\t\tstack \"Global_Script_Editor_Menu\"\tGlobal | Script | Editor | Menu\t\tsubmenu\tGlobal | Git | Stack | History | Menu\tstack \"Global_Script_Editor_Menu\"\tStack History\nArchive\t\tstack \"Global_Script_Editor_Menu\"\tGlobal | Script | Editor | Menu\t\tsubmenu\tGlobal | OPN | Save Count | Menu\tstack \"Global_Script_Editor_Menu\"\tArchive\n-\nLibrary\t\tstack \"Global_Script_Editor_Menu\"\tGlobal | Script | Editor | Menu\t\tsubmenu\tGlobal | Library | Menu\tstack \"Global_Script_Editor_Menu\"\tLibrary\nManage Library\t\tstack \"Global_Script_Editor_Menu\"\tGlobal | Script | Editor | Menu\t\tsubmenu\tGlobal | Library | Manage | Menu\tstack \"Global_Script_Editor_Menu\"\tManage Library\nStack\t\tstack \"Global_Script_Editor_Menu\"\tGlobal | Script | Editor | Menu\t\tsubmenu\tGlobal | Stack | Menu\tstack \"Global_Script_Editor_Menu\"\tStack\n-\nDev\t\tstack \"Global_Script_Editor_Menu\"\tGlobal | Script | Editor | Menu\t\tsubmenu\tDev | Menu\tstack \"Global_Script_Editor_Menu\"\tDev"}}}