<button name="Chalkboard" id="1020">
<traversalOn>false</traversalOn>
<ink>srcCopy</ink>
<threeD>true</threeD>
<hiliteBorder>false</hiliteBorder>
<blendLevel>0</blendLevel>
<rect>168,72,303,93</rect>
<mnemonic>0</mnemonic>
<armFill>false</armFill>
<visitedIcon>0</visitedIcon>
<showName>true</showName>
<showIcon>false</showIcon>
<hilited>true</hilited>
<sharedHilite>true</sharedHilite>
<shadow>false</shadow>
<textAlign>left</textAlign>
<armed>false</armed>
<menuMouseButton>1</menuMouseButton>
<id>1020</id>
<altId>0</altId>
<labelWidth>0</labelWidth>
<armedIcon>0</armedIcon>
<lockLoc>false</lockLoc>
<visited>false</visited>
<showHilite>false</showHilite>
<label>Use Chalkboard Motif</label>
<autoHilite>true</autoHilite>
<style>checkbox</style>
<disabledIcon>0</disabledIcon>
<armBorder>true</armBorder>
<name>button "Chalkboard"</name>
<icon>0</icon>
<layer>24</layer>
<visible>true</visible>
<cantSelect>false</cantSelect>
<borderWidth>2</borderWidth>
<menuLines>5</menuLines>
<margins>3,4,4,4</margins>
<opaque>false</opaque>
<shadowOffset>4</shadowOffset>
<default>false</default>
<hiliteFill>true</hiliteFill>
<showBorder>false</showBorder>
<hiliteIcon>0</hiliteIcon>
<disabled>false</disabled>
<autoArm>false</autoArm>
<family>0</family>
<hoverIcon>0</hoverIcon>
<showFocusBorder>true</showFocusBorder>
<menuHistory>1</menuHistory>
<custompropertyset name= "cGlx2TimeStamp">
<checksum>urldecode( "%A9xa%0B%D0%E7%A4%0D%A8%93%8E%90%28%19z%3A" )</checksum>
</custompropertyset>
<script>urldecode( "--%3E+all+handlers%0D%0A%0D%0Aon+mouseUp+pMouseBtnNum%0D%0A++++set+the+cursor+to+watch%0D%0A++++lock+screen%0D%0A++++put+the+scroll+of+fld+%22code+storage%22+of+stack+%22revGLX2+code%22+into+theScroll%0D%0A++++put+the+hscroll+of+fld+%22code+storage%22+of+stack+%22revGLX2+code%22+into+theHScroll%0D%0A++++put+the+cSelectedChunk+of+fld+%22code+storage%22+of+stack+%22revGLX2+code%22+into+theChunk%0D%0A++++put+the+short+name+of+this+stack+into+theDefStack%0D%0A++++set+the+defaultstack+to+%28the+short+owner+of+this+stack%29%0D%0A++++if+the+hilited+of+me+is+true+then%0D%0A++++++++put+%22chalkboard%22+into+theMotif%0D%0A++++else%0D%0A++++++++put+%22alabaster%22+into+theMotif%0D%0A++++end+if%0D%0A++++set+the+cMotif+of+stack+%22revGLX2+code%22+to+theMotif%0D%0A++++defaultColors%0D%0A++++toggleMotif+theMotif%0D%0A++++set+the+cMotif+of+this+stack+to+theMotif%0D%0A++++formatAllOpenScripts%0D%0A++++--+if+fld+%22code+storage%22+is+not+empty+then%0D%0A++++put+the+currentcard+of+stack+%22revGLX2+code%22+into+theCdName%0D%0A++++put+the+cTabNo+of+cd+theCdName+of+stack+%22revGLX2+code%22+into+theActiveTabNo+++++++++%0D%0A++++lock+screen%0D%0A++++activateTheTab+theActiveTabNo+%0D%0A++++--+end+if%0D%0A++++if+theChunk+is+not+empty+then%0D%0A++++++++try%0D%0A++++++++++++do+%22select%22+%26%26+theChunk%0D%0A++++++++catch+e%0D%0A++++++++end+try%0D%0A++++end+if%0D%0A++++glx2SavePrefs%0D%0A++++set+the+scroll+of+fld+%22code+storage%22+of+stack+%22revGLX2+code%22+to+theScroll%0D%0A++++set+the+hscroll+of+fld+%22code+storage%22+of+stack+%22revGLX2+code%22+to+theHScroll%0D%0A++++put+the+cObjectID+of+fld+%22code+storage+2%22+into+theObjectID%0D%0A++++if+theObjectID+is+not+empty+then%0D%0A++++++++put+glx2GetCdNoByObject%28theObjectID%29+into+theCdNo%0D%0A++++++++--++glx2UpdateSplitPane+theCdNo%0D%0A++++end+if%0D%0A++++put+the+cQTEffect+of+stack+%22revGLX2+Code%22+into+theEffect%0D%0A++++put+the+systemversion+into+theOSVersion%0D%0A++++set+the+itemdel+to+%22.%22%0D%0A++++%0D%0A++++put+the+number+of+cds+of+stack+%22revGLX2+code%22+into+theNoCds%0D%0A++++set+the+cEnablePanes+of+stack+%22revGLX2+Code%22+to+false%0D%0A++++repeat+with+theCdNo+%3D+1+to+%28theNoCds-1%29%0D%0A++++++++hide+fld+%22handlers+2%22of+cd+theCdNo+of+stack+%22revGLX2+Code%22%0D%0A++++++++hide+img+%22resize+2%22of+cd+theCdNo+of+stack+%22revGLX2+Code%22%0D%0A++++end+repeat%0D%0A++++%0D%0A++++if+the+platform+is+%22macos%22+then%0D%0A++++++++if+item+1+of+theOSVersion+%3E%3D+10+and+item+2+of+theOSVersion+%3E%3D+4+then%0D%0A++++++++++++if+%22implode%22+is+among+the+lines+of+the+qteffects+and+the+shiftkey+is+up+then%0D%0A++++++++++++++++if+the+processor+is+%22Motorola+PowerPC%22+then%0D%0A++++++++++++++++++++unlock+screen+with+visual+theEffect%0D%0A++++++++++++++++else%0D%0A++++++++++++++++++++unlock+screen+with+visual+theEffect+slow%0D%0A++++++++++++++++end+if%0D%0A++++++++++++else%0D%0A++++++++++++++++unlock+screen+with+visual+dissolve+very+fast%0D%0A++++++++++++end+if%0D%0A++++++++else%0D%0A++++++++++++unlock+screen+with+visual+dissolve+very+fast%0D%0A++++++++end+if%0D%0A++++else%0D%0A++++++++unlock+screen%0D%0A++++end+if%0D%0A++++if+theDefStack+is+among+the+lines+of+the+openstacks+then%0D%0A++++++++go+to+stack+theDefStack%0D%0A++++++++set+the+defaultstack+to+theDefStack%0D%0A++++end+if%0D%0Aend+mouseUp%0D%0A" )</script>
</button>
