<image name="collapsed alabaster" id="68758">
<traversalOn>false</traversalOn>
<palindromeFrames>false</palindromeFrames>
<ink>srcCopy</ink>
<threeD>true</threeD>
<blendLevel>0</blendLevel>
<rect>50,22,56,35</rect>
<angle>0</angle>
<yHot>1</yHot>
<id>68758</id>
<altId>0</altId>
<frameCount>0</frameCount>
<constantMask>false</constantMask>
<lockLoc>false</lockLoc>
<repeatCount>0</repeatCount>
<size>224</size>
<name>image "collapsed alabaster"</name>
<hotSpot>1,1</hotSpot>
<alwaysBuffer>false</alwaysBuffer>
<layer>8</layer>
<dontDither>false</dontDither>
<visible>false</visible>
<cantSelect>false</cantSelect>
<borderWidth>2</borderWidth>
<opaque>true</opaque>
<currentFrame>1</currentFrame>
<showBorder>false</showBorder>
<disabled>false</disabled>
<xHot>1</xHot>
<showFocusBorder>true</showFocusBorder>
<custompropertyset name= "cGlx2TimeStamp">
</custompropertyset>
<custompropertyset name= "uRIP">
<creator>urldecode( "%0D%0Ajerry%40daniels-mara.com" )</creator>
</custompropertyset>
<imagedata>urldecode( "%00%2B%2B%FB%00%2B%2B%FB%00%2B%2B%FB%00%2B%2B%FB%00%2B%2B%FB%00%2B%2B%FB%00%2B%2B%FB%00%2B%2B%FB%00%2B%2B%FB%00%2B%2B%FB%00%2B%2B%FB%00%2B%2B%FB%00%2B%2B%FB%00%2B%2B%FB%00%2B%2B%FB%00%2B%2B%FB%00%2B%2B%FB%00%2B%2B%FB%00%2B%2B%FB%00%2B%2B%FB%00%2B%2B%FB%00%2B%2B%FB%00%2B%2B%FB%00%2B%2B%FB%00%2B%2B%FB%00%2B%2B%FB%00%2B%2B%FB%00%2B%2B%FB%00%2B%2B%FB%00%2B%2B%FB%00%2B%2B%FB%00%2B%2B%FB%00%2B%2B%FB%00%2B%2B%FB%00%2B%2B%FB%00%2B%2B%FB%00%2B%2B%FB%00%2B%2B%FB%00%2B%2B%FB%00%2B%2B%FB%00%2B%2B%FB%00%2B%2B%FB%00%2B%2B%FB%00%2B%2B%FB%00%2B%2B%FB%00%2B%2B%FB%00%2B%2B%FB%00%2B%2B%FB%00%2B%2B%FB%00%2B%2B%FB%00%2B%2B%FB%00%2B%2B%FB%00%2B%2B%FB%00%2B%2B%FB%00%2B%2B%FB%00%2B%2B%FB%00%2B%2B%FB%00%2B%2B%FB%00%2B%2B%FB%00%2B%2B%FB%00%2B%2B%FB%00%2B%2B%FB%00%2B%2B%FB%00%2B%2B%FB%00%2B%2B%FB%00%2B%2B%FB%00%2B%2B%FB%00%2B%2B%FB%00%2B%2B%FB%00%2B%2B%FB%00%2B%2B%FB%00%2B%2B%FB%00%2B%2B%FB%00%2B%2B%FB%00%2B%2B%FB%00%2B%2B%FB%00%2B%2B%FB%00%2B%2B%FB" )</imagedata>
</image>
