<button name="split" id="356900">
<traversalOn>false</traversalOn>
<ink>srcCopy</ink>
<threeD>true</threeD>
<hiliteBorder>true</hiliteBorder>
<blendLevel>0</blendLevel>
<rect>0,101,907,109</rect>
<mnemonic>0</mnemonic>
<armFill>false</armFill>
<visitedIcon>0</visitedIcon>
<showName>false</showName>
<showIcon>false</showIcon>
<hilited>false</hilited>
<sharedHilite>false</sharedHilite>
<shadow>false</shadow>
<textAlign>center</textAlign>
<armed>false</armed>
<menuMouseButton>1</menuMouseButton>
<id>356900</id>
<altId>0</altId>
<labelWidth>0</labelWidth>
<armedIcon>0</armedIcon>
<textStyle>plain</textStyle>
<lockLoc>false</lockLoc>
<visited>false</visited>
<showHilite>false</showHilite>
<label>: : :</label>
<autoHilite>false</autoHilite>
<style>transparent</style>
<disabledIcon>0</disabledIcon>
<armBorder>true</armBorder>
<name>button "split"</name>
<icon>0</icon>
<layer>50</layer>
<visible>false</visible>
<cantSelect>false</cantSelect>
<borderWidth>2</borderWidth>
<menuLines>5</menuLines>
<margins>4,6,4,4</margins>
<opaque>false</opaque>
<shadowOffset>4</shadowOffset>
<default>false</default>
<hiliteFill>true</hiliteFill>
<showBorder>false</showBorder>
<textSize>6</textSize>
<hiliteIcon>0</hiliteIcon>
<disabled>false</disabled>
<autoArm>false</autoArm>
<family>0</family>
<textFont>Verdana</textFont>
<hoverIcon>0</hoverIcon>
<showFocusBorder>true</showFocusBorder>
<menuHistory>1</menuHistory>
<custompropertyset name= "cGlx2TimeStamp">
<checksum>urldecode( "%87%FE%91IlQ%3C%BD%BEl%EB%D4q%E3i%E3" )</checksum>
</custompropertyset>
<script>urldecode( "--%3E+variables+%26+constants%0D%0A%0D%0Alocal+sResizing%2CsDiffH%2CsDiffV%0D%0A%0D%0A--%3E+all+handlers%0D%0A%0D%0Aon+mouseDoubleUp%0D%0A++++lock+screen%0D%0A++++if+the+mousev+%3C+the+bottom+of+grc+%22top+bg%22+%2B+65+then%0D%0A++++++++glx2OpenSplitPane%0D%0A++++else%0D%0A++++++++glx2CloseSplitPane%0D%0A++++++++focus+on+fld+%22code+storage%22%0D%0A++++++++put+the+cVscroll+of+fld+%22code+storage%22%2B0+into+theVScroll%0D%0A++++++++put+the+cHscroll+of+fld+%22code+storage%22%2B0+into+theHScroll%0D%0A++++++++put+the+cSelectedChunk+of+fld+%22code+storage%22+into+theChunk%0D%0A++++++++do+%22select%22+%26%26+theChunk%0D%0A++++++++set+the+cVscroll+of+fld+%22code+storage%22+to+theVScroll%0D%0A++++++++set+the+cHscroll+of+fld+%22code+storage%22+to+theHScroll%0D%0A++++++++set+the+cHotPane+of+this+stack+to+%22code+storage%22%0D%0A++++end+if%0D%0A++++unlock+screen%0D%0Aend+mouseDoubleUp%0D%0A%0D%0Aon+mouseUp%0D%0A++++--+test%0D%0A++++stopResizing+%0D%0Aend+mouseUp%0D%0A%0D%0Aon+mouseRelease%0D%0A++++stopResizing%0D%0A++++set+the+defaultcursor+to+arrow%0D%0Aend+mouseRelease%0D%0A%0D%0Aon+mouseDown%0D%0A++++put+the+right+of+me+-+the+mouseh+into+sDiffH%0D%0A++++put+the+bottom+of+me+-+the+mousev+into+sDiffV%0D%0A++++put+true+into+sResizing%0D%0Aend+mouseDown%0D%0A%0D%0Aon+mouseEnter%0D%0A++++set+the+defaultcursor+to+the+id+of+img+%22up-down.png%22+of+cd+%22images%22%0D%0Aend+mouseEnter%0D%0A%0D%0Aon+mouseLeave%0D%0A++++set+the+defaultcursor+to+arrow%0D%0Aend+mouseLeave%0D%0A%0D%0Aon+doResize+theH%2CtheV%0D%0A++++%0D%0A++++add+sDiffV%2B0+to+theV%0D%0A++++if+theV+%3C+the+bottom+of+grc+%22top+bg%22+%2B+8+then%0D%0A++++++++put+the+bottom+of+grc+%22top+bg%22+%2B+8+into+theV%0D%0A++++end+if%0D%0A++++%0D%0A++++if+theV+%3E+the+height+of+this+stack+-+85+then%0D%0A++++++++put+the+height+of+this+stack+-+85+into+theV%0D%0A++++end+if%0D%0A++++%0D%0A++++if+the+lockscreen+is+false+then%0D%0A++++++++put+true+into+doUnlock%0D%0A++++++++lock+screen%0D%0A++++end+if%0D%0A++++%0D%0A++++set+the+bottom+of+me+to+theV%0D%0A++++set+the+bottom+of+img+%22resize+2%22+to+theV+%0D%0A++++set+the+bottom+of+img+%22resize+right+2%22+to+theV+%0D%0A+++++%0D%0A++++%0D%0A++++if+the+bottom+of+me+-+the+bottom+of+grc+%22top+bg%22+%3E+63+then%0D%0A+++++++++%0D%0A++++++++put+the+rect+of+fld+%22code+storage+2%22+into+theRect%0D%0A++++++++if+the+visible+of+grp+%22find%22+is+true+then%0D%0A++++++++++++put+the+bottom+of+grc+%22top+bg%22+into+item+2+of+theRect+%0D%0A++++++++else%0D%0A++++++++++++put+the+bottom+of+grc+%22top+bg%22+%2B+2+into+item+2+of+theRect+%0D%0A++++++++end+if%0D%0A++++++++put+the+bottom+of+me+into+item+4+of+theRect+%0D%0A++++++++set+the+rect+of+fld+%22code+storage+2%22+to+theRect%0D%0A+++++++++%0D%0A++++++++put+the+rect+of+fld+%22code+storage%22+into+theRect+%0D%0A++++++++put+the+bottom+of+me+into+item+2+of+theRect+%0D%0A++++++++set+the+rect+of+fld+%22code+storage%22+to+theRect+%0D%0A+++++++++%0D%0A++++++++--if+the+cHandlerList+of+this+cd+is+true+then%0D%0A+++++++++%0D%0A++++++++put+the+rect+of+fld+%22handlers+2%22+into+theRect%0D%0A++++++++if+the+visible+of+grp+%22find%22+is+true+then%0D%0A++++++++++++put+the+bottom+of+grc+%22top+bg%22+into+item+2+of+theRect+%0D%0A++++++++else%0D%0A++++++++++++put+the+bottom+of+grc+%22top+bg%22+%2B+2+into+item+2+of+theRect+%0D%0A++++++++end+if%0D%0A++++++++put+the+bottom+of+me+into+item+4+of+theRect+%0D%0A++++++++set+the+rect+of+fld+%22handlers+2%22+to+theRect%0D%0A+++++++++%0D%0A++++++++put+the+rect+of+fld+%22handlers%22+into+theRect+%0D%0A++++++++put+the+bottom+of+me+into+item+2+of+theRect+%0D%0A++++++++set+the+rect+of+fld+%22handlers%22+to+theRect+%0D%0A+++++++++%0D%0A++++++++--end+if%0D%0A++++++++%0D%0A++++else%0D%0A+++++++++%0D%0A++++++++set+the+bottom+of+fld+%22handlers+2%22+to+the+bottom+of+me%0D%0A++++++++set+the+bottom+of+fld+%22code+storage+2%22+to+the+bottom+of+me%0D%0A+++++++++%0D%0A++++++++put+the+rect+of+fld+%22code+storage%22+into+theRect+%0D%0A++++++++put+the+bottom+of+me+into+item+2+of+theRect+%0D%0A++++++++set+the+rect+of+fld+%22code+storage%22+to+theRect+%0D%0A+++++++++%0D%0A++++++++put+the+rect+of+fld+%22handlers%22+into+theRect+%0D%0A++++++++put+the+bottom+of+me+into+item+2+of+theRect+%0D%0A++++++++set+the+rect+of+fld+%22handlers%22+to+theRect+%0D%0A+++++++++%0D%0A++++++++--set+the+vgrid+of+fld+%22code+storage+2%22+to+false+%0D%0A++++++++put+empty+into+fld+%22handlers+2%22%0D%0A++++++++put+empty+into+fld+%22code+storage+2%22%0D%0A++++++++put+the+cTabNo+of+this+cd+into+theTabNo%0D%0A++++++++glx2UnderlineTabNo+%0D%0A++++++++%0D%0A++++end+if%0D%0A++++%0D%0A++++if+doUnlock+is+true+then%0D%0A++++++++unlock+screen%0D%0A++++end+if%0D%0A++++%0D%0Aend+doResize%0D%0A%0D%0Aon+stopResizing%0D%0A++++if+the+lockscreen+is+false+then%0D%0A++++++++put+true+into+doUnlock%0D%0A++++++++lock+screen%0D%0A++++end+if%0D%0A++++if+the+bottom+of+me+-+the+bottom+of+grc+%22top+bg%22+%3E+63+then%0D%0A++++++++if+the+text+of+fld+%22code+storage+2%22+is+empty+then%0D%0A++++++++++++if+the+number+of+chars+in+fld+%22code+storage%22+%3E+25000+then%0D%0A++++++++++++++++set+the+cursor+to+watch+%0D%0A++++++++++++end+if%0D%0A++++++++++++glx2UpdateSplitPane+%0D%0A++++++++end+if%0D%0A++++else%0D%0A++++++++put+empty+into+fld+%22handlers+2%22%0D%0A++++++++put+empty+into+fld+%22code+storage+2%22%0D%0A++++++++put+the+cTabNo+of+this+cd+into+theTabNo%0D%0A++++++++glx2UnderlineTabNo+%0D%0A++++++++set+the+tabstops+of+fld+%22code+storage+2%22+to+the+tabstops+of+fld+%22code+storage%22%0D%0A++++++++set+the+cObjectID+of+fld+%22code+storage+2%22+to+empty+%0D%0A++++end+if%0D%0A++++--+set+the+vgrid+of+fld+%22code+storage+2%22+to+true%0D%0A++++unlock+screen%0D%0A++++put+empty+into+sDiffH%0D%0A++++put+empty+into+sDiffV%0D%0A++++put+false+into+sResizing++++%0D%0A++++if+doUnlock+is+true+then%0D%0A++++++++unlock+screen%0D%0A++++end+if%0D%0Aend+stopResizing%0D%0A%0D%0Aon+mouseMove+theH%2CtheV%0D%0A++++if+sResizing+is+true+then%0D%0A++++++++set+the+defaultcursor+to+the+id+of+img+%22up-down.png%22+of+cd+%22images%22%0D%0A++++++++if+sResizing+is+true+then%0D%0A++++++++++++doResize+theH%2CtheV%0D%0A++++++++end+if%0D%0A++++end+if%0D%0Aend+mouseMove+%0D%0A" )</script>
</button>
