<image name="wait3.gif" id="848537">
<traversalOn>false</traversalOn>
<palindromeFrames>false</palindromeFrames>
<ink>srcCopy</ink>
<threeD>true</threeD>
<blendLevel>12</blendLevel>
<rect>212,34,228,46</rect>
<angle>0</angle>
<yHot>1</yHot>
<id>848537</id>
<altId>0</altId>
<frameCount>0</frameCount>
<constantMask>false</constantMask>
<lockLoc>false</lockLoc>
<repeatCount>0</repeatCount>
<size>1248</size>
<name>image "wait3.gif"</name>
<hotSpot>1,1</hotSpot>
<alwaysBuffer>true</alwaysBuffer>
<layer>87</layer>
<dontDither>false</dontDither>
<visible>false</visible>
<cantSelect>false</cantSelect>
<borderWidth>2</borderWidth>
<opaque>true</opaque>
<currentFrame>1</currentFrame>
<showBorder>false</showBorder>
<disabled>false</disabled>
<xHot>1</xHot>
<showFocusBorder>true</showFocusBorder>
<custompropertyset name= "cGlx2TimeStamp">
<checksum>urldecode( "xx%BDG%F7%3F%E8b%87%10%B8%3C%C9%9BR%11" )</checksum>
</custompropertyset>
<imagedata>urldecode( "%00%92nQ%00%9B%7D_%00%9B%7D_%00%9F%81b%00%A1%82b%00%9F%81%60%00%9F%80%60%00%9E%80%60%00%9D%7F%60%00%9C%7E%60%00%99%7B%5E%00%93vZ%00%8BoU%00%82gO%00%7BbL%00fK7%00%A2%82b%00%AA%90r%00%AA%8Fq%00%B0%94u%00%B1%94v%00%B0%93t%00%B0%92t%00%B0%92t%00%B0%91s%00%AE%90r%00%AB%8Ep%00%A6%88l%00%A0%82g%00%96ya%00%96x_%00zV%3D%00%A8%87f%00%B0%96z%00%AE%94x%00%B4%98x%00%B6%99x%00%B5%98x%00%B5%97w%00%B5%97v%00%B4%97v%00%B2%95t%00%AF%92r%00%AB%8Cn%00%A4%84g%00%9F%7C_%00%A5%7B%5C%00%89X9%00%9EsS%00%AB%89i%00%E2%D6%A6%00%E5%D6%9F%00%BB%8Ea%00%E6%CF%97%00%E6%CE%96%00%B6%88%5C%00%E6%CC%94%00%E6%C9%93%00%B2%80W%00%E3%BD%87%00%DF%B3%80%00%9CiH%00%9FeA%00%85I%29%00%88O%2B%00%A6k%3F%00%E5%B9d%00%E6%B3c%00%BBp9%00%E6%A9W%00%E6%A6S%00%B6g2%00%E6%A3Q%00%E5%A2N%00%B0d1%00%E2%99I%00%DE%93Q%00%94T%2F%00%8FG%24%00%7D8%1A%00xL%2B%00%85S%2B%00%DC%A8%3D%00%E1%A0E%00%A7Y%27%00%E0%8E%3A%00%E0%896%00%A5S+%00%DF%873%00%DE%843%00%99N+%00%DAt%2B%00%D4e%26%00q0%12%00j%2C%10%00g%29%0E%00oD%26%00zJ%24%00%D9%A3.%00%DD%9D8%00%A5Z%19%00%E1%93%26%00%E1%90%23%00%A7W%15%00%E0%8E%21%00%DF%8B%21%00%9DO%13%00%DB%7C%1E%00%D7t%23%00s%2F%0E%00l%29%0D%00j%27%0C%00i%3D%1F%00tD%1B%00%D6%A0%1F%00%D9%94%2C%00%99Q%14%00%DB%83%1E%00%DC%81%1C%00%9DN%11%00%DC%7F%1A%00%DB%7C%1A%00%94H%0F%00%D8r%19%00%D7r%1F%00u1%0C%00o%2C%0D%0A%00o%2B%0D%0A%00b%3B%16%00mA%11%00%D3%93%12%00%D5%83%21%00%8EH%0F%00%D7t%17%00%D8v%15%00%91G%0D%00%D9t%15%00%D8r%14%00%8CC%0B%00%D6m%14%00%D5o%1A%00y9%0D%0A%00u5%09%00s3%08%00Y8%0B%00f%3F%0D%0A%00uP%08%00%80L%0D%0A%00%88L%09%00%8DM%09%00%90N%09%00%8FM%08%00%8EM%08%00%8EL%09%00%8CK%09%00%8BI%08%00%8AJ%09%00%85F%08%00%81A%09%00z%3D%08%00S7%06%00_%3E%07%00kF%06%00wE%07%00%80G%07%00%87J%07%00%8AK%07%00%8AK%07%00%8AL%07%00%8AK%07%00%89K%07%00%89J%07%00%88J%06%00%87I%06%00%82H%06%00%7DE%06%00N7%04%00Z%3C%04%00eA%05%00qE%05%00%7BI%06%00%82L%06%00%85N%06%00%86N%06%00%86O%06%00%86O%06%00%86O%06%00%85O%06%00%86O%06%00%86P%06%00%81N%05%00%7CM%05" )</imagedata>
<script>urldecode( "--%3E+all+handlers%0D%0A%0D%0Aon+mouseUp+pMouseBtnNum%0D%0A++++hide+me%0D%0Aend+mouseUp%0D%0A" )</script>
</image>
