<card name="source main cd" id="1002">
<ink>srcCopy</ink>
<mark>false</mark>
<dontSearch>false</dontSearch>
<threeD>true</threeD>
<blendLevel>0</blendLevel>
<rect>0,0,705,489</rect>
<colors>urldecode( "%0D%0A90%2C90%2C90%0D%0A%0D%0A%0D%0A%0D%0A%0D%0A%0D%0A" )</colors>
<cantDelete>false</cantDelete>
<id>1002</id>
<altId>0</altId>
<name>card "source main cd"</name>
<layer>1</layer>
<borderWidth>2</borderWidth>
<showBorder>false</showBorder>
<custompropertyset name= "cREVGeometryCacheIDs">
<xml_num_1194407638383>1006</xml_num_1194407638383>
<xml_num_1194407651131>1008</xml_num_1194407651131>
<xml_num_1194407728540>1010</xml_num_1194407728540>
</custompropertyset>
<custompropertyset name= "cREVGeometrycache">
<total>3</total>
</custompropertyset>
<custompropertyset name= "cGlx2General">
<cHscrollScript>0</cHscrollScript>
<cHscrollHandlers>0</cHscrollHandlers>
<cSelectedChunk>char 1413 to 1412</cSelectedChunk>
<cHtmlScript>urldecode( "%1F%8B%08%00%00%00%00%00%00%03%ED%95MK%C3%40%10%86%CF%E6W%0C%F5%E0%A5%81%B6%8A%88%A0R%FB%95BM%C1F%EAu%9B%9D6K%93%DD%90l-%F5%D7%3B%F9%B4%8DZ%03%82%17%CDivf%F7%99w%DFa%89i%DE%02%F3%7D%F0%98%E4%3EF%B1a%28%09%11%C6%E2%15g%9A%B9k%08m%DC%CE%05%D7%5E3%89%2C%14%2BO7%C3%A9%CF%F3%24EY%D20%80%3E%D3%04%7B%EA%0Cf%D7%27%A7%C0%A4%EB%A9%08n+%60k%84X3-%94d%D1.%DDHu%ED%89%18%5C%C5%11V%28%CF8%2Cv0%9A%3Cw%8A%F2%8B%C0-l%85%F6%A0%A7%FCM%40%27%29%08%02%94%3A%06%25%CBvs%AB%EB%40%CF%EA%DA%A3A%1F%EE%D2l%B8%D1%EF%BA%C1%84R.%08%A9%15%F5%C5t%D5%A3K%AF%90%3A%B9i%40EjG%F9%03Fv%B9%1C%92%2F%0D%0AJ%B6%FC%04%E3%1D%3A2%1C%0F%26%7Dh%0C%C7v%BFQ%C2%E9%3C%19%EDjPKX%0D%0A%F49%08%0E%EDV%EB%B2%C4%3FR%B5%400%CE%2B%BA%816%09%8D%01%B4%13B%BE%3DQ%91y%04*%E9%A1%8A%21%F8%B8%AC%B2%F6%D5%97%B0N%1D%98Va%CA%3A%22%EA%BC%0E%27J%5D%AA%A1%EA%A2%0Em%A1%B4VA%8A%8B%F1%98%BF%15w%0B%01%F7O%8E3%B5%8F%8Di%B1%A1%0E2%E7%5C%7D%9C%D3%FF%90%7E2%A4%8A%BB_L%29%7FK%96%F30%F9%F6-%B5%5B%7F%F1-%FD%D2C%22s%AB%23B%C9%F7%FF%1Do%A8%E6%25%7F%5C%06%00%00" )</cHtmlScript>
<cHandlersListWidth>135</cHandlersListWidth>
<cHtmlHandlers>urldecode( "%1F%8B%08%00%00%00%00%00%00%03%B3%29%B0%B3I%B2%B3%29.%05%12%99%B9%E9%0D%0A%C5E%C9%B6J%C6%C6%C6%86%C6%96Jv6%FA+q%85%C4%9C%1C%85%8C%C4%BC%94%9C%D4%A2b%1B%7D%A0B%FD%02%3B.%9B%02%3B5eKk4%9D%A6%86f%96%26%C6p%9DE%A9%C5%99U%A9%C1%25%89%C9%D9+M%00A%02%3C%FDm%00%00%00" )</cHtmlHandlers>
<cDirtyFlag>false</cDirtyFlag>
<cFolders>all handlers</cFolders>
<cHandlers>resizeStack</cHandlers>
<cVscrollScript>0</cVscrollScript>
<cVscrollHandlers>0</cVscrollHandlers>
<cHilitedLine>1</cHilitedLine>
</custompropertyset>
<custompropertyset name= "cGlx2TimeStamp">
<xml_num_1194387779>start</xml_num_1194387779>
<xml_num_1197472630>end</xml_num_1197472630>
<xml_num_1217232744>end</xml_num_1217232744>
<xml_num_1217232429>start</xml_num_1217232429>
<xml_num_1226822865>end</xml_num_1226822865>
<xml_num_1217232432>end</xml_num_1217232432>
<checksum>urldecode( "c3+%F1%9C%7B%AA%C6%3Cu%24%98%80L%C7%02" )</checksum>
<xml_num_1216405693>end</xml_num_1216405693>
<xml_num_1216399773>start</xml_num_1216399773>
<xml_num_1194386712>start</xml_num_1194386712>
<xml_num_1216405709>start</xml_num_1216405709>
<xml_num_1216405710>start</xml_num_1216405710>
<xml_num_1197503929>start</xml_num_1197503929>
<xml_num_1197472614>start</xml_num_1197472614>
<xml_num_1216410435>start</xml_num_1216410435>
<xml_num_1216410436>start</xml_num_1216410436>
<xml_num_1194386368>start</xml_num_1194386368>
<xml_num_1226822778>start</xml_num_1226822778>
<xml_num_1217232741>start</xml_num_1217232741>
<xml_num_1226822862>start</xml_num_1226822862>
<xml_num_1226822781>end</xml_num_1226822781>
</custompropertyset>
<script>urldecode( "--%3E+all+handlers%0D%0A%0D%0Aon+resizeStack+pNewWidth%2CpNewHeight%2CpOldWidth%2CpOldHeight%0D%0A%0D%0A++++--+NOTES%3A%09%23+anchor+%3D+make+stationary%0D%0A++++%09%23+this+code+gen%27d+by+GLX2%0D%0A++++%09%23+view+with+Columnar+Comments+on%0D%0A%0D%0A++++--+WHAT+CHANGED+%3F%0D%0A++++put+pNewWidth+-+pOldWidth+into+theWidthChange%09%23+change+in+width%0D%0A++++put+pNewHeight+-+pOldHeight+into+theHeightChange%09%23+change+in+height%0D%0A%0D%0A++++--+FIELD+%22FIND%22%0D%0A++++put+the+rect+of+field+id+1006+into+theRect%0D%0A++++--+add+theWidthChange+to+item+1+of+theRect%09%23+comment+out+to+anchor+left%0D%0A++++--+add+theHeightChange+to+item+2+of+theRect%09%23+comment+out+to+anchor+top%0D%0A++++add+theWidthChange+to+item+3+of+theRect%09%23+comment+out+to+anchor+right%0D%0A++++--+add+theHeightChange+to+item+4+of+theRect%09%23+comment+out+to+anchor+bottom%0D%0A++++set+the+rect+of+field+id+1006+to+theRect%0D%0A++++%0D%0A++++--+BUTTON+%22FIND%22%0D%0A++++put+the+rect+of+button+id+1008+into+theRect%0D%0A++++add+theWidthChange+to+item+1+of+theRect%09%23+comment+out+to+anchor+left%0D%0A++++--+add+theHeightChange+to+item+2+of+theRect%09%23+comment+out+to+anchor+top%0D%0A++++add+theWidthChange+to+item+3+of+theRect%09%23+comment+out+to+anchor+right%0D%0A++++--+add+theHeightChange+to+item+4+of+theRect%09%23+comment+out+to+anchor+bottom%0D%0A++++set+the+rect+of+button+id+1008+to+theRect%0D%0A++++%0D%0A++++--+FIELD+%22HTML%22%0D%0A++++put+the+rect+of+field+id+1010+into+theRect%0D%0A++++--+add+theWidthChange+to+item+1+of+theRect%09%23+comment+out+to+anchor+left%0D%0A++++--+add+theHeightChange+to+item+2+of+theRect%09%23+comment+out+to+anchor+top%0D%0A++++add+theWidthChange+to+item+3+of+theRect%09%23+comment+out+to+anchor+right%0D%0A++++add+theHeightChange+to+item+4+of+theRect%09%23+comment+out+to+anchor+bottom%0D%0A++++set+the+rect+of+field+id+1010+to+theRect%0D%0A++++%0D%0Aend+resizeStack%0D%0A" )</script>
</card>
