<button name="fonts" id="1027">
<traversalOn>false</traversalOn>
<ink>srcCopy</ink>
<threeD>true</threeD>
<hiliteBorder>true</hiliteBorder>
<blendLevel>0</blendLevel>
<rect>230,101,332,119</rect>
<mnemonic>0</mnemonic>
<armFill>false</armFill>
<visitedIcon>0</visitedIcon>
<showName>true</showName>
<showIcon>false</showIcon>
<colors>urldecode( "0%2C0%2C0%0D%0A%0D%0A%0D%0A%0D%0A%0D%0A%0D%0A%0D%0A" )</colors>
<hilited>false</hilited>
<sharedHilite>true</sharedHilite>
<shadow>false</shadow>
<textAlign>center</textAlign>
<armed>false</armed>
<menuMouseButton>1</menuMouseButton>
<id>1027</id>
<altId>0</altId>
<labelWidth>0</labelWidth>
<armedIcon>0</armedIcon>
<textStyle>plain</textStyle>
<lockLoc>false</lockLoc>
<visited>false</visited>
<showHilite>false</showHilite>
<label>Verdana</label>
<autoHilite>false</autoHilite>
<style>menu</style>
<disabledIcon>0</disabledIcon>
<armBorder>false</armBorder>
<name>button "fonts"</name>
<icon>0</icon>
<layer>7</layer>
<visible>true</visible>
<cantSelect>false</cantSelect>
<borderWidth>2</borderWidth>
<menuLines>15</menuLines>
<margins>4,3,4,4</margins>
<opaque>true</opaque>
<text>urldecode( "Arial%0D%0AArial+Black%0D%0ACourier%0D%0ACourier+New%0D%0AHelvetica%0D%0ALucida+Grande%0D%0AMonaco%0D%0ASkia%0D%0ATahoma%0D%0AVerdana" )</text>
<shadowOffset>4</shadowOffset>
<default>false</default>
<hiliteFill>true</hiliteFill>
<showBorder>true</showBorder>
<textSize>10</textSize>
<hiliteIcon>0</hiliteIcon>
<disabled>false</disabled>
<autoArm>false</autoArm>
<menuMode>option</menuMode>
<family>0</family>
<textFont>Verdana</textFont>
<hoverIcon>0</hoverIcon>
<showFocusBorder>true</showFocusBorder>
<menuHistory>10</menuHistory>
<custompropertyset name= "cGlx2TimeStamp">
<checksum>urldecode( "%28%E4%CC%7F%B4%CD%F39%09H%7F%D5%80%98%CCn" )</checksum>
</custompropertyset>
<script>urldecode( "--%3E+all+handlers%0D%0A%0D%0Aon+menuPick++pChosen%2CpPrevChosen%0D%0A++++put+the+mainstack+of+this+stack+into+theParentStack++++++++%0D%0A++++set+the+cFontName+of+stack+theParentStack+to+pChosen+++%0D%0A++++glx2SavePrefs%0D%0A++++updateEveryTab%0D%0Aend+menuPick%0D%0A" )</script>
</button>
