<group name="info" id="714268">
<traversalOn>true</traversalOn>
<ink>srcCopy</ink>
<dontSearch>false</dontSearch>
<threeD>false</threeD>
<scrollbarWidth>20</scrollbarWidth>
<blendLevel>0</blendLevel>
<rect>139,91,164,116</rect>
<showName>false</showName>
<hScroll>0</hScroll>
<backgroundBehavior>false</backgroundBehavior>
<cantDelete>false</cantDelete>
<vScrollbar>false</vScrollbar>
<tabGroupBehavior>true</tabGroupBehavior>
<hScrollbar>false</hScrollbar>
<id>714268</id>
<altId>0</altId>
<radioBehavior>false</radioBehavior>
<lockLoc>false</lockLoc>
<name>group "info"</name>
<layer>154</layer>
<visible>true</visible>
<cantSelect>false</cantSelect>
<borderWidth>2</borderWidth>
<margins>4</margins>
<opaque>false</opaque>
<showBorder>false</showBorder>
<disabled>false</disabled>
<vScroll>0</vScroll>
<hilitedButton>0</hilitedButton>
<custompropertyset name= "cGlx2TimeStamp">
<checksum>urldecode( "%D4%1D%8C%D9%8F%00%B2%04%E9%80%09%98%EC%F8B%7E" )</checksum>
</custompropertyset>
</group>
