<button name="Others" id="1047">
<traversalOn>true</traversalOn>
<ink>srcCopy</ink>
<threeD>true</threeD>
<hiliteBorder>false</hiliteBorder>
<blendLevel>0</blendLevel>
<rect>196,13,259,36</rect>
<mnemonic>0</mnemonic>
<armFill>false</armFill>
<visitedIcon>0</visitedIcon>
<showName>true</showName>
<showIcon>false</showIcon>
<hilited>true</hilited>
<sharedHilite>true</sharedHilite>
<shadow>false</shadow>
<textAlign>left</textAlign>
<armed>false</armed>
<menuMouseButton>1</menuMouseButton>
<id>1047</id>
<altId>0</altId>
<labelWidth>0</labelWidth>
<armedIcon>0</armedIcon>
<lockLoc>false</lockLoc>
<visited>false</visited>
<showHilite>false</showHilite>
<autoHilite>true</autoHilite>
<style>checkbox</style>
<disabledIcon>0</disabledIcon>
<armBorder>true</armBorder>
<name>button "Others"</name>
<icon>0</icon>
<layer>16</layer>
<visible>true</visible>
<cantSelect>false</cantSelect>
<borderWidth>2</borderWidth>
<menuLines>5</menuLines>
<margins>3,4,4,4</margins>
<opaque>false</opaque>
<shadowOffset>4</shadowOffset>
<default>false</default>
<hiliteFill>true</hiliteFill>
<showBorder>false</showBorder>
<hiliteIcon>0</hiliteIcon>
<disabled>false</disabled>
<autoArm>false</autoArm>
<family>0</family>
<hoverIcon>0</hoverIcon>
<showFocusBorder>true</showFocusBorder>
<menuHistory>1</menuHistory>
<custompropertyset name= "cGlx2TimeStamp">
<checksum>urldecode( "%91F%89%29%F7%8Dp+%3Fy%FB%19%E7%D60%E1" )</checksum>
</custompropertyset>
<script>urldecode( "--%3E+all+handlers%0D%0A%0D%0Aon+mouseUp+pMouseBtnNo%0D%0A++++if+pMouseBtnNo+is+1+then%0D%0A++++++++DisplaySnapshot%0D%0A++++end+if%0D%0A++++set+the+cSnapshotOthers+of+stack+%22revGLX2+code%22+to+the+hilited+of+me+%0D%0A++++glx2SavePrefs%0D%0Aend+mouseUp%0D%0A" )</script>
</button>
