{"stackFileArray": {"lib_HkeyArray": "libraries/lib_HkeyArray.livecode","lib_OldCalls": "libraries/lib_OldCalls.livecodescript","model_OverlayFiles": "models/model_OverlayFiles.livecodescript","lib_LinkArray": "libraries/lib_LinkArray.livecode","Global_Overlay_Menu": "controllers/Global_Overlay_Menu.livecodescript","lib_GraphVizTools": "libraries/lib_GraphVizTools.livecode","Global_Hkey_Dependency_Menu": "controllers/Global_Hkey_Dependency_Menu.livecodescript","Global_Hkey_Walk_Menu": "controllers/Global_Hkey_Walk_Menu.livecodescript","model_HandlerCalls": "models/model_HandlerCalls.livecodescript","lib_GraphViz": "libraries/lib_GraphViz.livecodescript","model_Harray": "models/model_Harray.livecodescript","lib_DisplayHkeyDeps": "libraries/lib_DisplayHkeyDeps.livecodescript","model_Overlay": "models/model_Overlay.livecodescript","lib_Deps": "libraries/lib_Deps.livecode","lib_HandlerDeps": "libraries/lib_HandlerDeps.livecodescript","lib_HarrayWalk": "libraries/lib_HarrayWalk.livecode","lib_DisplayGraph": "libraries/lib_DisplayGraph.livecode","model_OverlayScript": "models/model_OverlayScript.livecodescript","lib_Graph": "libraries/lib_Graph.livecodescript","model_Dot": "models/model_Dot.livecodescript","model_OverlayArray": "models/model_OverlayArray.livecodescript","model_Deps": "models/model_Deps.livecodescript","lib_ScriptDeps": "libraries/lib_ScriptDeps.livecodescript","lib_DisplayHkeyArray": "libraries/lib_DisplayHkeyArray.livecodescript","lib_HandlerCalls": "libraries/lib_HandlerCalls.livecode"},"Global Menus": {"Global | Hkey | Dependency | Menu": {"mController": "stack \"/Users/BabyBlue/Desktop/git-repos/lcw_Graph/controllers/Global_Hkey_Dependency_Menu.livecodescript\"","gMenuTable": "Create Dependency Graph From Exported\tmenu_CreateDependencyGraphFromExported subMenuPath, mTarget\tstack \"Global_Hkey_Dependency_Menu\"\tGlobal | Hkey | Dependency | Menu\t\tcustom submenu\tfetch_Hows\tfetch_How\tCreate Dependency Graph From Exported\nCreate Without Object Clusters\tmenu_CreateWithoutObjectClusters mTarget\tstack \"Global_Hkey_Dependency_Menu\"\tGlobal | Hkey | Dependency | Menu\t\t\t\t\tCreate Without Object Clusters\n-\nFetch Hkey Dependencies\tmenu_FetchHkeyDependencies mTarget\tstack \"Global_Hkey_Dependency_Menu\"\tGlobal | Hkey | Dependency | Menu\t\t\t\t\tFetch Hkey Dependencies\nDeps From Exported Links\tmenu_DepsFromExportedLinks mTarget\tstack \"Global_Hkey_Dependency_Menu\"\tGlobal | Hkey | Dependency | Menu\t\t\t\t\tDeps From Exported Links\nTest Same\tmenu_TestSame mTarget\tstack \"Global_Hkey_Dependency_Menu\"\tGlobal | Hkey | Dependency | Menu\t\t\t\t\tTest Same\n-\nFetch Dependency Script\tmenu_FetchDependencyScript mTarget\tstack \"Global_Hkey_Dependency_Menu\"\tGlobal | Hkey | Dependency | Menu\t\t\t\t\tFetch Dependency Script\nDependency Script From Array\tmenu_DependencyScriptFromArray subMenuPath, mTarget\tstack \"Global_Hkey_Dependency_Menu\"\tGlobal | Hkey | Dependency | Menu\t\tcustom submenu\toverlay_Names\toverlay_Name\tDependency Script From Array\n-\nStrip Hkey Props\tmenu_StripHkeyProps subMenuPath, mTarget\tstack \"Global_Hkey_Dependency_Menu\"\tGlobal | Hkey | Dependency | Menu\t\tboolean\tsubmenu_Boolean\tstrip_HkeyProps\tStrip Hkey Props\nStrip Hkey Components\tmenu_StripHkeyComponents subMenuPath, mTarget\tstack \"Global_Hkey_Dependency_Menu\"\tGlobal | Hkey | Dependency | Menu\t\tboolean\tsubmenu_Boolean\tstrip_HkeyComponents\tStrip Hkey Components\nInclude Handlers From\tmenu_IncludeHandlersFrom subMenuPath, mTarget\tstack \"Global_Hkey_Dependency_Menu\"\tGlobal | Hkey | Dependency | Menu\t\tcustom submenu\tinclude_HandlersFroms\tinclude_HandlersFrom\tInclude Handlers From\n-\nDev\t\tstack \"Global_Hkey_Dependency_Menu\"\tGlobal | Hkey | Dependency | Menu\t\tsubmenu\tDev | Menu\tstack \"Global_Hkey_Dependency_Menu\"\tDev"},"Global | Overlay | Menu": {"mController": "stack \"/Users/BabyBlue/Desktop/git-repos/lcw_Graph/controllers/Global_Overlay_Menu.livecodescript\"","gMenuTable": "Display Interactive Overlay\tmenu_DisplayInteractiveOverlay subMenuPath, mTarget\tstack \"Global_Overlay_Menu\"\tGlobal | Overlay | Menu\tdisabled_DisplayInteractiveOverlay\tcustom submenu\toverlay_Names\toverlay_Name\tDisplay Interactive Overlay\nOpen Image File\tmenu_OpenImageFile subMenuPath, mTarget\tstack \"Global_Overlay_Menu\"\tGlobal | Overlay | Menu\tdisabled_OpenImageFile\tcustom submenu\toverlay_Names\toverlay_Name\tOpen Image File\n-\nReveal Overlay Folder\tmenu_RevealOverlayFolder mTarget\tstack \"Global_Overlay_Menu\"\tGlobal | Overlay | Menu\t\t\t\t\tReveal Overlay Folder\nReveal Image File\tmenu_RevealImageFile subMenuPath, mTarget\tstack \"Global_Overlay_Menu\"\tGlobal | Overlay | Menu\tdisabled_RevealImageFile\tcustom submenu\toverlay_Names\toverlay_Name\tReveal Image File\nReveal Overlay Data File\tmenu_RevealOverlayDataFile mTarget\tstack \"Global_Overlay_Menu\"\tGlobal | Overlay | Menu\tdisabled_RevealOverlayDataFile\t\t\t\tReveal Overlay Data File\n-\nDev\t\tstack \"Global_Overlay_Menu\"\tGlobal | Overlay | Menu\t\tsubmenu\tDev | Menu\tstack \"Global_Overlay_Menu\"\tDev"},"Global | Hkey | Walk | Menu": {"mController": "stack \"/Users/BabyBlue/Desktop/git-repos/lcw_Graph/controllers/Global_Hkey_Walk_Menu.livecodescript\"","gMenuTable": "Graph Handler\tmenu_GraphHandler mTarget\tstack \"Global_Hkey_Walk_Menu\"\tGlobal | Hkey | Walk | Menu\t\t\t\t\tGraph Handler\nDisplay Svg\tmenu_DisplaySvg mTarget\tstack \"Global_Hkey_Walk_Menu\"\tGlobal | Hkey | Walk | Menu\tdisabled_DisplaySvg\t\t\t\tDisplay Svg\nDisplay Dot\tmenu_DisplayDot mTarget\tstack \"Global_Hkey_Walk_Menu\"\tGlobal | Hkey | Walk | Menu\tdisabled_DisplayDot\t\t\t\tDisplay Dot\nUpdate Help Graph\tmenu_UpdateHelpGraph mTarget\tstack \"Global_Hkey_Walk_Menu\"\tGlobal | Hkey | Walk | Menu\t\t\t\t\tUpdate Help Graph\n-\nDev\t\tstack \"Global_Hkey_Walk_Menu\"\tGlobal | Hkey | Walk | Menu\t\tsubmenu\tDev | Menu\tstack \"Global_Hkey_Walk_Menu\"\tDev"}}}