<image name="collapsed globals" id="103277">
<traversalOn>false</traversalOn>
<palindromeFrames>false</palindromeFrames>
<ink>srcCopy</ink>
<threeD>true</threeD>
<blendLevel>0</blendLevel>
<rect>146,33,162,49</rect>
<angle>0</angle>
<yHot>1</yHot>
<id>103277</id>
<altId>0</altId>
<frameCount>0</frameCount>
<constantMask>false</constantMask>
<lockLoc>false</lockLoc>
<repeatCount>0</repeatCount>
<size>876</size>
<name>image "collapsed globals"</name>
<hotSpot>1,1</hotSpot>
<alwaysBuffer>true</alwaysBuffer>
<layer>9</layer>
<dontDither>false</dontDither>
<visible>false</visible>
<cantSelect>false</cantSelect>
<borderWidth>2</borderWidth>
<opaque>false</opaque>
<currentFrame>1</currentFrame>
<showBorder>false</showBorder>
<disabled>false</disabled>
<xHot>1</xHot>
<showFocusBorder>true</showFocusBorder>
<custompropertyset name= "cGlx2TimeStamp">
</custompropertyset>
<imagedata>urldecode( "%00%AD%EE%FF%00%AD%EE%FF%00%AD%EE%FF%00%AD%EE%FF%00%AD%EE%FF%00%AD%EE%FF%00%AD%EE%FF%00%AD%EE%FF%00%AD%EE%FF%00%AD%EE%FF%00%AD%EE%FF%00%AD%EE%FF%00%AD%EE%FF%00%AD%EE%FF%00%AD%EE%FF%00%AD%EE%FF%00%AD%EE%FF%00%AD%EE%FF%00%AD%EE%FF%00%AD%EE%FF%00%AD%EE%FF%00%98%C1%F7%00b%A8%F3%00M%9B%EB%00C%94%DC%00B%8C%D2%00%5B%8A%CB%00Y%84%D8%00%AD%EE%FF%00%AD%EE%FF%00%AD%EE%FF%00%AD%EE%FF%00%AD%EE%FF%00%AD%EE%FF%00%AD%EE%FF%00%D8%FF%FF%00%7B%D2q%00%3F%A8%AA%00Q%BEL%00D%B3o%00%19%90%E9%00%03%88%DB%00%00%7E%D4%00%29z%CD%00S%87%E7%00%AD%EE%FF%00%AD%EE%FF%00%AD%EE%FF%00%AD%EE%FF%00%AD%EE%FF%00%CA%FE%FF%00s%D1b%00h%D3%18%00x%C3%C5%00%83%DDD%00t%D1B%00N%A7%F3%00+%93%E1%00%02%86%E0%00%00w%E0%00%15z%8B%00Av%E2%00%AD%EE%FF%00%AD%EE%FF%00%AD%EE%FF%00%B2%D5%FF%00y%CD%8C%00g%D4%11%00%7D%CA%B8%00%9D%CB%FF%00%A3%D7%DD%00%7E%D5i%00v%B9%F8%00%3A%9E%EB%00%18%98%94%00%06%8A%88%00%00%873%004o%B3%00%1AT%C8%00%AD%EE%FF%00%AD%EE%FF%00%84%B6%E2%00_%CE%15%00S%B0%D0%00t%D6M%00%A4%CF%FB%00%A8%D3%F8%00%A7%D2%FB%00%86%C3%F3%00E%A3%ED%00%1D%98%A0%00%09%94N%00%00q%BF%00%27%93%11%00%27S%B8%00%AD%EE%FF%00%AD%EE%FF%00b%B1%8E%00P%BFD%00J%A8%E7%00%84%D2%B3%00%A2%CE%FF%00%A3%D1%FB%00%96%CB%F5%00r%BA%EE%00%3B%9F%E6%00%0F%89%EB%00%02%89%91%00%00%91%01%00%16%95%00%002f%83%00%AD%EE%FF%00%AD%EE%FF%00Q%A8w%00T%C6%17%00r%D8%2C%00%7E%E5%3D%00y%E0%3D%00%83%C3%F3%00o%B7%F0%00R%AA%E9%00%24%94%E1%00%08%86%E7%00%01%80%B2%00%00%90%00%00%11%7FK%001kk%00%AD%EE%FF%00%AD%EE%FF%00C%A0s%00%40%BC%14%00b%CA0%00o%D49%00m%D63%00P%AE%CD%00%3D%A0%EA%00%27%96%E1%00%13%8B%DC%00%00%7F%E1%00%04%A1%00%00%00%84-%00%16o%91%00%2CX%A6%00%AD%EE%FF%00%AD%EE%FF%00%3C%8F%8C%00%25%B1%00%00E%BC%1B%00%5D%C9%1B%00b%CC%1D%00%25%94%E2%00%1D%90%E1%00%10%8A%DA%00%00%82%D7%00%00u%E1%00%00%97%00%00%00n%7B%00*%7EW%00%24%5Cn%00%AD%EE%FF%00%AD%EE%FF%00My%DA%00%00%8An%00%08%8A%A8%00%1E%9Fg%00%13%91%B1%00%04%85%E3%00%02%83%D7%00%00%7F%D4%00%00x%CD%00%00n%D0%00%00c%C8%00%04%7E%25%00B%97%04%00%087%A4%00%AD%EE%FF%00%AD%EE%FF%00Nw%D7%00%1E%7E%87%00%00%7C%97%00%00p%EA%00%00u%E2%00%00x%D3%00%00w%CC%00%00q%C9%00%00k%C4%00%00b%C4%00%00f%86%001%99%00%00*g%60%00%00%2B%B0%00%AD%EE%FF%00%AD%EE%FF%00%AD%EE%FF%00Dy%E3%00%0D%7FP%00%00%7E%5D%00%00%86%3B%00%00g%D3%00%00h%C4%00%00c%C1%00%00%5C%BE%00%06%5C%B6%007i%AB%00%3Bk%7E%00%005%BE%00%AD%EE%FF%00%AD%EE%FF%00%AD%EE%FF%00%AD%EE%FF%00%AD%EE%FF%003i%DF%00%27zU%00%28%9E%00%00%15g%B6%00%14e%B3%00%21g%AB%00%3Cq%A1%00Ux%96%00.W%99%00%007%BA%00%AD%EE%FF%00%AD%EE%FF%00%AD%EE%FF%00%AD%EE%FF%00%AD%EE%FF%00%AD%EE%FF%00%AD%EE%FF%00%17U%C0%00%27S%A2%00Bkz%00Bc%98%00%3B%5E%95%00%2CU%96%00%088%99%00%000%A0%00%AD%EE%FF%00%AD%EE%FF%00%AD%EE%FF%00%AD%EE%FF%00%AD%EE%FF%00%AD%EE%FF%00%AD%EE%FF%00%AD%EE%FF%00%AD%EE%FF%00%AD%EE%FF%00%AD%EE%FF%00%AD%EE%FF%00%AD%EE%FF%00%AD%EE%FF%00%AD%EE%FF%00%AD%EE%FF%00%AD%EE%FF%00%AD%EE%FF%00%AD%EE%FF%00%AD%EE%FF" )</imagedata>
</image>
