<button name="Stacks" id="755075">
<traversalOn>false</traversalOn>
<ink>srcCopy</ink>
<threeD>false</threeD>
<hiliteBorder>false</hiliteBorder>
<blendLevel>0</blendLevel>
<rect>17,458,80,474</rect>
<mnemonic>0</mnemonic>
<armFill>false</armFill>
<visitedIcon>0</visitedIcon>
<showName>true</showName>
<showIcon>false</showIcon>
<hilited>true</hilited>
<sharedHilite>false</sharedHilite>
<shadow>false</shadow>
<textAlign>left</textAlign>
<armed>false</armed>
<menuMouseButton>1</menuMouseButton>
<id>755075</id>
<altId>0</altId>
<labelWidth>0</labelWidth>
<armedIcon>0</armedIcon>
<textStyle>bold</textStyle>
<lockLoc>false</lockLoc>
<visited>false</visited>
<showHilite>false</showHilite>
<autoHilite>true</autoHilite>
<style>radiobutton</style>
<disabledIcon>0</disabledIcon>
<armBorder>true</armBorder>
<name>button "Stacks"</name>
<icon>0</icon>
<layer>188</layer>
<visible>true</visible>
<cantSelect>false</cantSelect>
<borderWidth>2</borderWidth>
<menuLines>5</menuLines>
<margins>4</margins>
<opaque>false</opaque>
<shadowOffset>4</shadowOffset>
<default>false</default>
<hiliteFill>true</hiliteFill>
<showBorder>false</showBorder>
<textSize>10</textSize>
<hiliteIcon>0</hiliteIcon>
<disabled>false</disabled>
<autoArm>false</autoArm>
<family>0</family>
<textFont>arial</textFont>
<hoverIcon>0</hoverIcon>
<showFocusBorder>true</showFocusBorder>
<menuHistory>1</menuHistory>
<custompropertyset name= "cGlx2TimeStamp">
<checksum>urldecode( "%1E%CE%B6%EF%11%3A%82%A51%14%EC%5BU%DD%3E+" )</checksum>
</custompropertyset>
<script>urldecode( "--%3E+all+handlers%0D%0A%0D%0Aon+mouseUp+pMouseBtnNo%0D%0A++++lock+screen%0D%0A++++hide+fld+%22card+controls%22+of+grp+%22object+tree%22%0D%0A++++show+fld+%22work+spaces%22+of+grp+%22object+tree%22%0D%0A++++set+the+textcolor+of+me+to+empty%0D%0A++++set+the+textcolor+of+btn+%22card+controls%22+to+empty%0D%0A++++set+the+blendlevel+of+me+to+0%0D%0A++++set+the+blendlevel+of+btn+%22card+controls%22+to+0%0D%0A++++send+%22glx2RefreshHomey%22+to+the+owner+of+me%0D%0A++++--+send+%22snapwindow%22+to+fld+%22work+spaces%22+of+grp+%22object+tree%22%0D%0A++++focus+on+fld+%22work+spaces%22+of+grp+%22object+tree%22%0D%0A++++unlock+screen%0D%0A++++pass+mouseUp%0D%0Aend+mouseUp%0D%0A" )</script>
</button>
