<stack name="revGLX2 Browser prefs" id="1024">
<windowManagerPlace>false</windowManagerPlace>
<menubar>VAB menu</menubar>
<blendLevel>0</blendLevel>
<rect>368,342,717,488</rect>
<maxWidth>65535</maxWidth>
<cantAbort>false</cantAbort>
<colors>urldecode( "0%2C0%2C0%0D%0A230%2C230%2C230%0D%0A%0D%0A%0D%0A%0D%0A%0D%0A%0D%0A" )</colors>
<decorations>default</decorations>
<iconic>false</iconic>
<shadow>true</shadow>
<cantDelete>false</cantDelete>
<id>1024</id>
<altId>0</altId>
<hcAddressing>false</hcAddressing>
<startUpIconic>false</startUpIconic>
<windowShape>0</windowShape>
<title>GLX2 Browser Prefs</title>
<textStyle>plain</textStyle>
<cantModify>false</cantModify>
<maxHeight>65535</maxHeight>
<style>toplevel</style>
<destroyWindow>true</destroyWindow>
<liveresizing>false</liveresizing>
<scroll>0</scroll>
<passkey>true</passkey>
<resizable>false</resizable>
<name>stack "revGLX2 Browser prefs"</name>
<icon>0</icon>
<formatForPrinting>false</formatForPrinting>
<alwaysBuffer>true</alwaysBuffer>
<visible>true</visible>
<metal>false</metal>
<minWidth>32</minWidth>
<textSize>11</textSize>
<destroyStack>true</destroyStack>
<textFont>tahoma</textFont>
<minHeight>32</minHeight>
<dynamicPaths>false</dynamicPaths>
<custompropertyset name= "cGlx2TimeStamp">
<checksum>urldecode( "%D4%1D%8C%D9%8F%00%B2%04%E9%80%09%98%EC%F8B%7E" )</checksum>
</custompropertyset>
<custompropertyset name= "cREVGeometryCache">
<stackID>1024</stackID>
</custompropertyset>
<mainstack>revGLX2 Code</mainstack>
</stack>
