<button name="Crumbs" id="394223">
<traversalOn>false</traversalOn>
<ink>srcCopy</ink>
<threeD>true</threeD>
<hiliteBorder>true</hiliteBorder>
<blendLevel>0</blendLevel>
<rect>259,1,310,20</rect>
<mnemonic>0</mnemonic>
<armFill>false</armFill>
<visitedIcon>0</visitedIcon>
<showName>true</showName>
<showIcon>false</showIcon>
<hilited>false</hilited>
<sharedHilite>true</sharedHilite>
<shadow>false</shadow>
<textAlign>center</textAlign>
<armed>false</armed>
<menuMouseButton>1</menuMouseButton>
<id>394223</id>
<altId>0</altId>
<labelWidth>0</labelWidth>
<armedIcon>0</armedIcon>
<lockLoc>true</lockLoc>
<visited>false</visited>
<showHilite>false</showHilite>
<label>Crumbs</label>
<autoHilite>true</autoHilite>
<style>menu</style>
<disabledIcon>0</disabledIcon>
<armBorder>true</armBorder>
<name>button "Crumbs"</name>
<icon>0</icon>
<layer>96</layer>
<visible>true</visible>
<cantSelect>false</cantSelect>
<borderWidth>2</borderWidth>
<menuLines>5</menuLines>
<margins>4</margins>
<opaque>true</opaque>
<text>urldecode( "Add+Handler+to+Bar+%28opt%2Bclick+script%29%0D%0A-%0D%0A%28Remove+All+Crumbs%0D%0A%28Remove+Hot+Crumb+%28opt%2Bclick+crumb%29%0D%0A%28Remove+All+except+Hot+Crumb" )</text>
<shadowOffset>4</shadowOffset>
<default>false</default>
<hiliteFill>true</hiliteFill>
<showBorder>false</showBorder>
<hiliteIcon>0</hiliteIcon>
<disabled>false</disabled>
<autoArm>false</autoArm>
<menuMode>pulldown</menuMode>
<family>0</family>
<hoverIcon>0</hoverIcon>
<showFocusBorder>true</showFocusBorder>
<menuHistory>1</menuHistory>
<custompropertyset name= "cGlx2TimeStamp">
<checksum>urldecode( "%E5wk%DF%E6%0D%0A%5E%C1%0F%8B-r%9AA%5B%7B" )</checksum>
</custompropertyset>
<script>urldecode( "--%3E+all+handlers%0D%0A%0D%0Aon+menuPick+pChosen%2CpPrevChosen%0D%0A++++lock+screen%0D%0A++++switch+pChosen%0D%0A++++++++case+%22Add+Handler+to+Bar+%28opt%2Bclick+script%29%22%0D%0A++++++++++++put+getHandlerNameFromScript%28%29+into+theHandlerName%0D%0A++++++++++++if+theHandlerName+is+not+empty+then%0D%0A++++++++++++++++addCrumb+theHandlerName%0D%0A++++++++++++end+if%0D%0A++++++++++++break%0D%0A++++++++case+%22Remove+All+Crumbs%22%0D%0A++++++++++++clearCrumbs%0D%0A++++++++++++break%0D%0A++++++++case+%22Remove+Hot+Crumb+%28opt%2Bclick+crumb%29%22%0D%0A++++++++++++put+getHotCrumbNo%28%29%2B0+into+theCrumbNo%0D%0A++++++++++++if+theCrumbNo+is+not+zero+then%0D%0A++++++++++++++++put+word+theCrumbNo+of+fld+%22crumbs%22+into+theHandlerName%0D%0A++++++++++++++++put+urldecode%28the+linktext+of+word+theCrumbNo+of+fld+%22crumbs%22%29+into+theObjectID%0D%0A++++++++++++++++deleteCrumb+theHandlerName%2CtheObjectID%0D%0A++++++++++++end+if%0D%0A++++++++++++break%0D%0A++++++++case+%22Remove+All+except+Hot+Crumb%22%0D%0A++++++++++++put+getHotCrumbNo%28%29%2B0+into+theCrumbNo%0D%0A++++++++++++if+theCrumbNo+is+not+zero+then%0D%0A++++++++++++++++put+word+theCrumbNo+of+fld+%22crumbs%22+into+theHandlerName%0D%0A++++++++++++++++put+urldecode%28the+linktext+of+word+theCrumbNo+of+fld+%22crumbs%22%29+into+theObjectID%0D%0A++++++++++++end+if%0D%0A++++++++++++clearCrumbs%0D%0A++++++++++++if+theHandlerName+is+not+empty+then%0D%0A++++++++++++++++addCrumb+theHandlerName%2CtheObjectID%0D%0A++++++++++++end+if%0D%0A++++++++++++break%0D%0A++++end+switch%0D%0A++++unlock+screen%0D%0Aend+menuPick%0D%0A" )</script>
</button>
