<stack name="No-click Keys Mac" id="1056">
<windowManagerPlace>false</windowManagerPlace>
<blendLevel>0</blendLevel>
<rect>102,135,492,425</rect>
<maxWidth>65535</maxWidth>
<cantAbort>false</cantAbort>
<colors>urldecode( "%0D%0A242%2C242%2C242%0D%0A%0D%0A%0D%0A%0D%0A%0D%0A%0D%0A" )</colors>
<decorations>default</decorations>
<iconic>false</iconic>
<shadow>true</shadow>
<cantDelete>false</cantDelete>
<id>1056</id>
<altId>0</altId>
<hcAddressing>false</hcAddressing>
<startUpIconic>false</startUpIconic>
<windowShape>0</windowShape>
<title>No-click Inspection Keys</title>
<textStyle>plain</textStyle>
<cantModify>false</cantModify>
<maxHeight>65535</maxHeight>
<style>toplevel</style>
<destroyWindow>true</destroyWindow>
<liveresizing>false</liveresizing>
<scroll>0</scroll>
<passkey>true</passkey>
<resizable>false</resizable>
<name>stack "No-click Keys Mac"</name>
<icon>0</icon>
<formatForPrinting>false</formatForPrinting>
<alwaysBuffer>false</alwaysBuffer>
<visible>true</visible>
<metal>false</metal>
<minWidth>32</minWidth>
<textSize>11</textSize>
<destroyStack>true</destroyStack>
<textFont>Arial</textFont>
<minHeight>32</minHeight>
<dynamicPaths>false</dynamicPaths>
<custompropertyset name= "cGlx2TimeStamp">
</custompropertyset>
<custompropertyset name= "cREVGeometryCache">
<stackID>1056</stackID>
</custompropertyset>
<mainstack>revGLX2 Code</mainstack>
</stack>
