<button name="Find" id="1008">
<traversalOn>true</traversalOn>
<ink>srcCopy</ink>
<threeD>true</threeD>
<hiliteBorder>true</hiliteBorder>
<blendLevel>0</blendLevel>
<rect>642,7,698,30</rect>
<mnemonic>0</mnemonic>
<armFill>false</armFill>
<visitedIcon>0</visitedIcon>
<showName>true</showName>
<showIcon>false</showIcon>
<colors>urldecode( "0%2C0%2C0%0D%0A%0D%0A%0D%0A%0D%0A%0D%0A%0D%0A%0D%0A" )</colors>
<hilited>false</hilited>
<sharedHilite>true</sharedHilite>
<shadow>false</shadow>
<textAlign>center</textAlign>
<armed>false</armed>
<menuMouseButton>1</menuMouseButton>
<id>1008</id>
<altId>0</altId>
<labelWidth>0</labelWidth>
<armedIcon>0</armedIcon>
<textStyle>plain</textStyle>
<lockLoc>false</lockLoc>
<visited>false</visited>
<showHilite>false</showHilite>
<autoHilite>true</autoHilite>
<style>standard</style>
<disabledIcon>0</disabledIcon>
<armBorder>true</armBorder>
<name>button "Find"</name>
<icon>0</icon>
<layer>1</layer>
<visible>true</visible>
<cantSelect>false</cantSelect>
<borderWidth>2</borderWidth>
<menuLines>5</menuLines>
<margins>4,7,4,4</margins>
<opaque>true</opaque>
<shadowOffset>4</shadowOffset>
<default>true</default>
<hiliteFill>true</hiliteFill>
<showBorder>true</showBorder>
<textSize>12</textSize>
<hiliteIcon>0</hiliteIcon>
<disabled>false</disabled>
<autoArm>false</autoArm>
<family>0</family>
<textFont>Arial</textFont>
<hoverIcon>0</hoverIcon>
<showFocusBorder>true</showFocusBorder>
<menuHistory>1</menuHistory>
<custompropertyset name= "cGlx2TimeStamp">
<checksum>urldecode( "%1CS%0B%9D%0Do2%E1%92%FDC-%89%E8%E5%AD" )</checksum>
</custompropertyset>
<script>urldecode( "--%3E+mouse+msgs%0D%0A%0D%0Aon+mouseUp+pMouseBtnNo%0D%0A++++doFind%0D%0Aend+mouseUp%0D%0A%0D%0Aon+mouseEnter%0D%0A++++set+the+doubleclickinterval+to+10%0D%0Aend+mouseEnter%0D%0A%0D%0Aon+mouseLeave%0D%0A++++set+the+doubleclickinterval+to+250%0D%0Aend+mouseLeave%0D%0A%0D%0A" )</script>
</button>
