<button name="contextual handler menu" id="1071774">
<traversalOn>true</traversalOn>
<ink>srcCopy</ink>
<threeD>true</threeD>
<hiliteBorder>true</hiliteBorder>
<blendLevel>0</blendLevel>
<rect>356,151,458,173</rect>
<mnemonic>0</mnemonic>
<armFill>false</armFill>
<visitedIcon>0</visitedIcon>
<showName>true</showName>
<showIcon>false</showIcon>
<colors>urldecode( "0%2C0%2C0%0D%0A250%2C250%2C250%0D%0A%0D%0A%0D%0A%0D%0A%0D%0A%0D%0A" )</colors>
<hilited>false</hilited>
<sharedHilite>true</sharedHilite>
<shadow>false</shadow>
<textAlign>center</textAlign>
<armed>false</armed>
<menuMouseButton>1</menuMouseButton>
<id>1071774</id>
<altId>0</altId>
<labelWidth>0</labelWidth>
<armedIcon>0</armedIcon>
<textStyle>plain</textStyle>
<lockLoc>false</lockLoc>
<visited>false</visited>
<showHilite>false</showHilite>
<autoHilite>true</autoHilite>
<style>menu</style>
<disabledIcon>0</disabledIcon>
<armBorder>true</armBorder>
<name>button "contextual handler menu"</name>
<icon>0</icon>
<layer>110</layer>
<visible>false</visible>
<cantSelect>false</cantSelect>
<borderWidth>2</borderWidth>
<menuLines>5</menuLines>
<margins>4</margins>
<opaque>true</opaque>
<text>urldecode( "Copy+Handler%0D%0ACut+Handler%0D%0A-%0D%0ADelete+Handler...%0D%0A-%0D%0AExport+Handler...%0D%0AImport+Handler...%0D%0A-%0D%0AEmail+Handler..." )</text>
<shadowOffset>4</shadowOffset>
<default>false</default>
<hiliteFill>true</hiliteFill>
<showBorder>true</showBorder>
<textSize>11</textSize>
<hiliteIcon>0</hiliteIcon>
<disabled>false</disabled>
<autoArm>false</autoArm>
<menuMode>popup</menuMode>
<family>0</family>
<textFont>Arial</textFont>
<hoverIcon>0</hoverIcon>
<showFocusBorder>true</showFocusBorder>
<menuHistory>1</menuHistory>
<custompropertyset name= "cGlx2TimeStamp">
<checksum>urldecode( "%28K%80%CB%D5%FB%0Cv%9D2%BA8%F6%17%80%CC" )</checksum>
</custompropertyset>
<script>urldecode( "--%3E+all+handlers%0D%0A%0D%0A%2F*+about+this+menu*%0D%0Athis+is+a+note+about%0D%0Athis+menu%0D%0A*%2F%0D%0A%0D%0Afunction+getHandlerName%0D%0A++++-----%0D%0A++++local+tHandlerName%0D%0A++++local+tLineNo%0D%0A++++-----%0D%0A++++put+the+hilitedline+of+fld+%22handlers%22+into+tLineNo%0D%0A++++put+word+1+to+-1+of+line+tLineNo+of+fld+%22Handlers%22+into+tHandlerName%0D%0A++++return+tHandlerName%0D%0Aend+getHandlerName%0D%0A%0D%0Aon+menuPick+pChosen%2CpPrevChosen%0D%0A++++-----%0D%0A++++local+tBody%0D%0A++++local+tCC%2CtTo%0D%0A++++local+tCharPos%0D%0A++++local+tChunk%0D%0A++++local+tCurrentLineNo%0D%0A++++local+tEndLineNo%0D%0A++++local+tFilePath%2C+tFileType%0D%0A++++local+tHandler%2C+tHandlerName%0D%0A++++local+tHandlerLineNos%0D%0A++++local+tScript%0D%0A++++local+tScroll%0D%0A++++local+tStartLineNo%0D%0A++++local+tSubject%0D%0A++++-----%0D%0A++++lock+screen%0D%0A++++focus+on+fld+%22code+storage%22%0D%0A++++put+the+selectedchunk+into+tChunk%0D%0A++++put+word+2+of+tChunk+into+tCharPos%0D%0A++++put+the+number+of+lines+in+char+1+to+tCharPos+of+fld+%22code+storage%22+into+tCurrentLineNo%0D%0A++++put+getHandlerLineNos%28tCurrentLineNo%29+into+tHandlerLineNos%0D%0A++++put+item+1+of+tHandlerLineNos+into+tStartLineNo%0D%0A++++put+item+2+of+tHandlerLineNos+into+tEndLineNo%0D%0A++++put+getHandler%28tStartLineNo%2CtEndLineNo%29+into+tHandler%0D%0A++++-----%0D%0A++++switch+pChosen%0D%0A++++++++case+%22delete+handler...%22%0D%0A++++++++++++put+getHandlerName%28%29+into+tHandlerName%0D%0A++++++++++++if+the+optionkey+is+up+then%0D%0A++++++++++++++++setGLX2AppIcons%0D%0A++++++++++++++++answer+warning+%22Really+delete+handler%22+%26%26+quote+%26+tHandlerName+%26+quote+%26+%22%3F%22+%5C%0D%0A++++++++++++++++++++++++with+%22Cancel%22+or+%22Delete%22+as+sheet%0D%0A++++++++++++++++put+it+into+theAnswer%0D%0A++++++++++++++++setREVAppIcons%0D%0A++++++++++++else%0D%0A++++++++++++++++put+%22delete%22+into+theAnswer%0D%0A++++++++++++end+if%0D%0A++++++++++++if+theAnswer+is+%22delete%22+then%0D%0A++++++++++++++++put+the+scroll+of+fld+%22code+storage%22+into+tScroll%0D%0A++++++++++++++++delete+line+tStartLineNo+to+tEndLineNo+of+fld+%22code+storage%22%0D%0A++++++++++++++++updateHandlerList%0D%0A++++++++++++++++set+the+scroll+of+fld+%22code+storage%22+to+tScroll%0D%0A++++++++++++++++select+line+tStartLineNo+of+fld+%22code+storage%22%0D%0A++++++++++++++++doSelectHandlerName%0D%0A++++++++++++++++glx2SetDirtyFlag%0D%0A++++++++++++end+if%0D%0A++++++++++++break%0D%0A++++++++case+%22Copy+Handler%22%0D%0A++++++++++++set+the+clipboarddata+to+tHandler%0D%0A++++++++++++break%0D%0A++++++++case+%22Cut+Handler%22%0D%0A++++++++++++set+the+clipboarddata+to+tHandler%0D%0A++++++++++++delete+line+tStartLineNo+to+tEndLineNo+of+fld+%22code+storage%22%0D%0A++++++++++++break%0D%0A++++++++case+%22Export+Handler...%22%0D%0A++++++++++++put+getHandlerName%28%29+into+tHandlerName%0D%0A++++++++++++put+%22.txt%22+after+tHandlerName%0D%0A++++++++++++ask+file+%22Type+a+name+for+the+file+storing+this+handler%3A%22+with+tHandlerName%0D%0A++++++++++++put+it+into+tFilePath%0D%0A++++++++++++if+tFilePath+is+not+empty+then%0D%0A++++++++++++++++put+the+filetype+into+tFileType%0D%0A++++++++++++++++set+the+filetype+to+%22ttxtTEXT%22%0D%0A++++++++++++++++put+tHandler+into+URL+%28%22file%3A%22+%26+tFilePath%29%0D%0A++++++++++++++++set+the+filetype+to+tFiletype%0D%0A++++++++++++end+if%0D%0A++++++++++++break%0D%0A++++++++case+%22Email+Handler...%22%0D%0A++++++++++++put+getHandlerName%28%29+into+tHandlerName%0D%0A++++++++++++put+empty+into+tTo%0D%0A++++++++++++put+empty+into+tCC%0D%0A++++++++++++put+%22Code+for%22+%26%26+tHandlerName+%26%26+%22Handler%22+into+tSubject%0D%0A++++++++++++put+tHandler+into+tBody%0D%0A++++++++++++revMail+tTo%2CtCC%2CtSubject%2CtBody%0D%0A++++++++++++break%0D%0A++++++++case+%22import+Handler...%22%0D%0A++++++++++++if+the+platform+is+%22macos%22+then%0D%0A++++++++++++++++answer+file+%22Choose+a+text+file+with+a+script+in+it%3A%22+of+type+%22TEXT%22%0D%0A++++++++++++else%0D%0A++++++++++++++++answer+file+%22Choose+a+text+file+with+a+script+in+it%3A%22+with+filter+%22Text%2C*.txt%22%0D%0A++++++++++++end+if%0D%0A++++++++++++put+it+into+tFilePath%0D%0A++++++++++++if+tFilePath+is+not+empty+then%0D%0A++++++++++++++++put+URL+%28%22file%3A%22+%26+tFilePath%29+into+tHandler%0D%0A++++++++++++++++focus+on+fld+%22code+storage%22%0D%0A++++++++++++++++put+return+%26+return+after+tHandler%0D%0A++++++++++++++++put+the+scroll+of+fld+%22code+storage%22+into+tScroll%0D%0A++++++++++++++++put+tHandler+before+line+tStartLineNo+of+fld+%22code+storage%22%0D%0A++++++++++++++++put+fld+%22code+storage%22+into+tScript%0D%0A++++++++++++++++doColorizeScript+tScript%0D%0A++++++++++++++++updateHandlerList%0D%0A++++++++++++++++set+the+scroll+of+fld+%22code+storage%22+to+tScroll%0D%0A++++++++++++++++select+line+tStartLineNo+of+fld+%22code+storage%22%0D%0A++++++++++++++++doSelectHandlerName%0D%0A++++++++++++++++glx2SetDirtyFlag%0D%0A++++++++++++end+if%0D%0A++++++++++++break%0D%0A++++end+switch%0D%0A++++unlock+screen%0D%0A++++-----%0D%0A++++pass+menuPick%0D%0A++++-----%0D%0Aend+menuPick%0D%0A%0D%0Afunction+getHandler+pStartLineNo%2CpEndLineNo%0D%0A++++-----%0D%0A++++local+tHandler%0D%0A++++-----%0D%0A++++put+line+pStartLineNo+to+pEndLineNo+of+fld+%22code+storage%22+into+tHandler%0D%0A++++return+tHandler%0D%0Aend+getHandler%0D%0A%0D%0A" )</script>
</button>
