<group name="views" id="755074">
<traversalOn>true</traversalOn>
<ink>srcCopy</ink>
<dontSearch>false</dontSearch>
<threeD>true</threeD>
<scrollbarWidth>20</scrollbarWidth>
<blendLevel>0</blendLevel>
<rect>13,455,199,478</rect>
<showName>false</showName>
<colors>urldecode( "255%2C255%2C255%0D%0A69%2C69%2C69%0D%0A%0D%0A%0D%0A%0D%0A%0D%0A%0D%0A" )</colors>
<hScroll>0</hScroll>
<backgroundBehavior>false</backgroundBehavior>
<cantDelete>false</cantDelete>
<vScrollbar>false</vScrollbar>
<tabGroupBehavior>true</tabGroupBehavior>
<hScrollbar>false</hScrollbar>
<id>755074</id>
<altId>0</altId>
<radioBehavior>true</radioBehavior>
<textStyle>bold</textStyle>
<lockLoc>true</lockLoc>
<name>group "views"</name>
<layer>187</layer>
<visible>true</visible>
<cantSelect>false</cantSelect>
<borderWidth>1</borderWidth>
<margins>4</margins>
<opaque>true</opaque>
<showBorder>false</showBorder>
<textSize>11</textSize>
<disabled>false</disabled>
<textFont>Lucida Grande</textFont>
<vScroll>0</vScroll>
<hilitedButton>1</hilitedButton>
<custompropertyset name= "cGlx2TimeStamp">
<checksum>urldecode( "%D4%1D%8C%D9%8F%00%B2%04%E9%80%09%98%EC%F8B%7E" )</checksum>
</custompropertyset>
</group>
