<graphic name="spaces mask" id="714273">
<traversalOn>false</traversalOn>
<ink>srcCopy</ink>
<threeD>true</threeD>
<startAngle>0</startAngle>
<blendLevel>88</blendLevel>
<rect>16,87,32766,345</rect>
<angle>0</angle>
<filled>true</filled>
<showName>false</showName>
<colors>urldecode( "0%2C0%2C0%0D%0A0%2C0%2C0%0D%0A%0D%0A%0D%0A%0D%0A%0D%0A%0D%0A" )</colors>
<arcAngle>360</arcAngle>
<dontResize>false</dontResize>
<startArrow>false</startArrow>
<editMode>none</editMode>
<id>714273</id>
<markerDrawn>false</markerDrawn>
<arrowSize>3</arrowSize>
<altId>0</altId>
<antiAliased>true</antiAliased>
<markerFilled>false</markerFilled>
<markerLineSize>1</markerLineSize>
<fillRule>none</fillRule>
<lockLoc>false</lockLoc>
<roundRadius>8</roundRadius>
<style>roundrect</style>
<endArrow>false</endArrow>
<name>graphic "spaces mask"</name>
<lineSize>1</lineSize>
<polySides>4</polySides>
<capStyle>round</capStyle>
<layer>159</layer>
<visible>false</visible>
<cantSelect>false</cantSelect>
<borderWidth>2</borderWidth>
<margins>4</margins>
<roundEnds>true</roundEnds>
<opaque>true</opaque>
<showBorder>false</showBorder>
<miterLimit>10</miterLimit>
<disabled>false</disabled>
<joinStyle>round</joinStyle>
<showFocusBorder>true</showFocusBorder>
<custompropertyset name= "cGlx2TimeStamp">
<checksum>urldecode( "%A0%1E%CA%0Fu%9B%FA%EDc%DA%A0%E6%F4%DA%BC%00" )</checksum>
</custompropertyset>
<script>urldecode( "--%3E+all+handlers%0D%0A%0D%0Aon+mouseDown%0D%0A++++if+the+visible+of+fld+%22edit+space%22+is+true+then%0D%0A++++++++send+%22saveChanges%22+to+fld+%22edit+space%22%0D%0A++++else%0D%0A++++++++lock+screen%0D%0A++++++++hide+me%0D%0A++++++++hide+grp+%22spaces+dlog%22%0D%0A++++++++set+the+margins+of+the+owner+of+me+to+4%0D%0A++++++++unlock+screen%0D%0A++++end+if%0D%0Aend+mouseDown%0D%0A%0D%0Aon+mouseMove%0D%0A++++if+the+visible+of+grp+%22spaces+dlog%22+is+false+then%0D%0A++++++++glx2SetStatus+%22Click+here+to+STOP+editing+and+SAVE+changes%22%0D%0A++++else%0D%0A++++++++glx2SetStatus+%22Click+here+to+cancel+this+operation%22%0D%0A++++end+if%0D%0Aend+mouseMove%0D%0A%0D%0Aon+mouseEnter%0D%0A++++if+the+visible+of+grp+%22spaces+dlog%22+is+false+then%0D%0A++++++++glx2SetStatus+%22Click+here+to+STOP+editing+and+SAVE+changes%22%0D%0A++++else%0D%0A++++++++glx2SetStatus+%22Click+here+to+cancel+this+operation%22%0D%0A++++end+if%0D%0Aend+mouseEnter%0D%0A%0D%0Aon+mouseLeave%0D%0A++++glx2SetStatus+%0D%0Aend+mouseLeave%0D%0A" )</script>
</graphic>
