<button name="GLX2" id="280015">
<traversalOn>false</traversalOn>
<ink>srcCopy</ink>
<threeD>false</threeD>
<hiliteBorder>false</hiliteBorder>
<blendLevel>0</blendLevel>
<rect>877,53,907,75</rect>
<mnemonic>0</mnemonic>
<armFill>false</armFill>
<visitedIcon>0</visitedIcon>
<showName>false</showName>
<showIcon>true</showIcon>
<hilited>false</hilited>
<sharedHilite>false</sharedHilite>
<shadow>false</shadow>
<textAlign>center</textAlign>
<armed>false</armed>
<menuMouseButton>1</menuMouseButton>
<id>280015</id>
<altId>0</altId>
<labelWidth>0</labelWidth>
<armedIcon>0</armedIcon>
<lockLoc>false</lockLoc>
<visited>false</visited>
<showHilite>false</showHilite>
<autoHilite>false</autoHilite>
<style>transparent</style>
<disabledIcon>0</disabledIcon>
<armBorder>false</armBorder>
<name>button "GLX2"</name>
<icon>560155</icon>
<layer>35</layer>
<visible>true</visible>
<cantSelect>false</cantSelect>
<borderWidth>2</borderWidth>
<menuLines>5</menuLines>
<margins>4</margins>
<opaque>false</opaque>
<shadowOffset>4</shadowOffset>
<default>false</default>
<hiliteFill>true</hiliteFill>
<showBorder>false</showBorder>
<hiliteIcon>560152</hiliteIcon>
<disabled>false</disabled>
<autoArm>false</autoArm>
<family>0</family>
<hoverIcon>560152</hoverIcon>
<showFocusBorder>false</showFocusBorder>
<menuHistory>1</menuHistory>
<custompropertyset name= "testset">
</custompropertyset>
<custompropertyset name= "cGlx2TimeStamp">
<xml_num_1281515576>start</xml_num_1281515576>
<checksum>urldecode( "%C1%E5595%60%F3%D7%A5%0D%0AE%C9%F4%93%85%5C" )</checksum>
<xml_num_1281515644>end</xml_num_1281515644>
</custompropertyset>
<custompropertyset name= "cGlx2General">
<cHscrollScript>0</cHscrollScript>
<cLocals>urldecode( "gLocalTest%0D%0AgLocalTest2%0D%0AglocalTest3" )</cLocals>
<cHscrollHandlers>0</cHscrollHandlers>
<cSelectedChunk>char 91 to 90</cSelectedChunk>
<cHtmlScript>urldecode( "%1F%8B%08%00%00%00%00%00%00%03%ADV%5Bo%DB6%14%7E%9E%7E%C5%01%3B%0C%99%11%B5%AB%F7%5E+i%8Dt%98%D3%0EM2%0C%18%F6%40IG6%1B%8A%14%C8%23%C5%06%F6w%F6%3FwH%5D%22%DBJ%96%02%23%2C%83%E2%F9%CE%FDB%A5%E9%3BX%14%98k%E9%24%29k%FC%22I%DE%2C%40f%B6%218%3C%A7-%C2F%DBLj%0F%5Bt%08%92%9F%D2%3A+%F4%A4%CC%06%EA%C6%D5%D6%A3%07k%F4%FEu%C4%AFm%1E%E0%01%19%5E%BD%AC%F0u%B2x%93%24%9D+%D8%DC2%EFU%DC%9FO%F6%CBD%07F%D8D%FEp%7E%FE%B8%5D%9Eo%F4%B0%FF9IR%F6%40j%0D%5Bi%0D%0A%8D%CEO%EC%AFp%91%DCn%95%87%AC%21%B2%06%FC%D6%3E%F8hHG%CF%EC.%89%0E%F0%C9%D5%FA%8F%25%F8%DC%A9%9A%60U%28%B2%AE34M%D3%BF%F9I%12%E6%AFl%E3q%8D%B2%C5%04x%A92r%E6%AB%1D%A13R%DF%90%A4%C6_J%07%B6%04O2%BF%07%E1%B0%8D%92s%5B%A0%006%85%5C%13ca%A2%88%B06z%B7%BCA%EA%B8%21%1E%A3%29%82t%5EI%D8N%F4%9E%DA%B32%AC%3Dr%A5a%C5%5D%17%3D%BA%92Z%EE%F6%BFsP8%83S%C2%AD%B5%FAV%D5G%5C5%87%E4%C1%BA%02%96%40%16%D2%B7%C1%8DR%17+%DAN%82%98%F1%2B%06%92%1D3%CC1%A3%2FM%C1a%ADe%8E+%A4%80%07E%5B%10%A9L%03%C7%7F%E1%B3%11%9F%BD%08%9F%8F%F8%FCEx7%E2%DD%93%F8%3E%C5hZ%E5%AC%A9%D0P%C8%A1%28%B0Em%EB%F0.%0E%93%19b%28bdZ%01%3F%1C%89%E4%83%DC%F1%9F%08E%F7%05%5B%AB%9B%D0%5B%3D%94%F5%B4%03%8E1Y%A3t%21%C26P%E2%9Bi%AA%0C%5D%1F%ECi%0EQ%7B%7C%A1%093%CC%B1%D8%0E*%FA%86%1B%25%40H%D5%FE%DB%8A%B9%97%C0%21%26v%B2%8A%D1%AAdn%FDQ%9C%06C%BBx%FC%03%EF%B5b%0DC3%5E%C4%F6%BC%B4%3B%01%B2%E4%F2%3E4%F8%C4%E3Ca%8Bo%17%F6%18%81%99%60%FC%AF%ED%7D%A2%DB%23E5%D4%85%3B%C8%AE%C2%1B%60U%D3%FE4%BBO%E2%E7r%3A%0E%8FnH%9C%0E%8F%BB%1A%EA%EB%B0%B9%24%F3%C9%CEO%91%0F%92p%FA%FE%B1%1B%B4%D3%A3%CFu%A8%E3_q%3F3Q%82%B1%05%8B%E8%2B%2FH%FBS%90-%E4%5E%FC%F5%3CH%FA%A2%EC1%230D%F3%0D%0A%E9%03%96%B2%D1%83%29g%B4V%06%7F%EC%99%A7%F6%0D%2C%BF%F8p%0F%5C%DBB%95%0D%0A%1D%A7%E3%22%27%D5%E2%99%B0%D1r1%F0%1E%3A2X%D6%81%EEq%1F2%5C%D8%07%03%AC%02%CE%BE%BF%BBY%7D%E1%D4%1B%92%CAp%9D%7FE%E7%F6%3C%24%1DD%CA%A7%8B%EB%D5%09u%5EQ%D2e%96%85%B2Ah%7EsX%FA%09F%84%FCV%218%F0%F6%27%A8%94%D6%CAc%EE%BF%7B%05%1B%AE%86L%2Bs%0FG%AB%13%3B%E6%FF%AE%0E%C9%E7%8B%198_%B9%B7%15%D2%96%AF%ECa%26%06Z%C0%1E%12%7B%C21%D3X%8EO1F%40G%7C%07%3C%E1%B4%8F%05%F7%E8Y%FDT%BD%F4%E5%C4W%FD%29%E1%1E%F2%C6y%DB%E5%95%AFx%0D%0A%17%3B%FFd%F8%AA%A85%82%B1%7D%9D%D2V%12%ECm%C3V%99%F8%04%CD%F0%99S%A5%F9%F3%A4%0B%0D_%EDc%98%B8%D1%1F-%9Ao%E2%A1%EB%D8%8E%99%EE%27%99%05%D9%06%5D%CCT%FC%D2%C9%1D%A2%D1%BD%23%B1%98%A4F%E2%0D%0A%7F%86w%7E%96%1F%88%EB%CBg%3D%11%FC%BCm%FD%05%7D%CCTq%03%EAy%EC%889%1E%88%F1%AF1%C7%B9%88U6%26%F7_%E1%8D%E0%1BQ%0D%0A%00%00" )</cHtmlScript>
<cHandlersListWidth>145</cHandlersListWidth>
<cHtmlHandlers>urldecode( "%1F%8B%08%00%00%00%00%00%00%03%B3%29%B0%B3I%B2%B3%29.%05%12%99%B9%E9%0D%0A%C5E%C9%B6J%26%06%96%96%E6%26Jv6%FA+q%05%AD%94%D4%E4%9C%C4%A2%C4%92%CC%FC%BCb-%1B%7D%A0R%FD%02%3B.%1BlZ%8D%8D%8D%0D%8D%CD%E1Z%13sr%142%12%F3RrR%8B%8AI%D2XZ%92%99%03%D7%01%00%83%DB%ECN%A5%00%00%00" )</cHtmlHandlers>
<cDirtyFlag>false</cDirtyFlag>
<cFolders>urldecode( "*declarations*%0D%0Aall+handlers%0D%0Autils" )</cFolders>
<cHandlers>urldecode( "about+declarations*%0D%0Aabout+me*%0D%0AmouseEnter%0D%0AmouseLeave%0D%0AmouseUp%0D%0AopenPrefs" )</cHandlers>
<cVscrollScript>233</cVscrollScript>
<cVscrollHandlers>0</cVscrollHandlers>
<cHilitedLine>1</cHilitedLine>
<cGlobals>urldecode( "gTestGlobal%0D%0AgTestGlobal2" )</cGlobals>
</custompropertyset>
<script>urldecode( "--%3E+*declarations*%0D%0A%0D%0A%2F*+about+declarations*%0D%0Athe+globals+here+are+for+testing+purposes+only.%0D%0Athe+Locals+are+the+same.%0D%0A*%2F%0D%0A%0D%0Aglobal+gTestGlobal%2CgTestGlobal2%0D%0Alocal+gLocalTest%2CgLocalTest2%2CglocalTest3%0D%0A%0D%0A--%3E+all+handlers%0D%0A%0D%0A%2F*+about+me*%0D%0AThis+button+shows+the+about+box%0D%0Afor+the+GLX2+script+Editor.%0D%0A*%2F%0D%0A%0D%0A---%7C---%0D%0A%0D%0Aon+mouseLeave%0D%0A++++if+the+cExternalStatusBar+of+stack+%22revGLX2+code%22+is+true+then%0D%0A++++++++glx2SetStatus+%0D%0A++++end+if++++%0D%0Aend+mouseLeave%0D%0A%0D%0A---%7C---%0D%0A%0D%0Aon+mouseEnter%0D%0A++++-----%0D%0A++++local+tGalaxyVersion%0D%0A++++local+tToolTip%0D%0A++++-----%0D%0A++++put+word+2+to+-1+of+fld+%22version%22+of+stack+%22revGLX2+about%22+into+tGalaxyVersion%0D%0A++++--+replace+%22a%22+with+%22-a-%22+in+tGalaxyVersion%0D%0A++++--+replace+%22b%22+with+%22-b-%22+in+tGalaxyVersion%0D%0A++++--+replace+%22c%22+with+%22-c-%22+in+tGalaxyVersion%0D%0A++++--+replace+%22r%22+with+%22-r-%22+in+tGalaxyVersion%0D%0A++++if+the+environment+is+%22development%22+then%0D%0A++++++++put+%22GLX2+v%22+%26+tGalaxyVersion+%26+cr+%26+%22for+Revolution+v%22+%26+the+version+%26%26+%22build%22+%26%26+the+buildnumber+into+tToolTip%0D%0A++++else%0D%0A++++++++put+%22GLX2+v%22+%26+tGalaxyVersion+into+tToolTip%0D%0A++++end+if%0D%0A++++if+the+cShowTooltips+of+stack+%22revGLX2+code%22+is+true+then%0D%0A++++++++if+the+platform+is+%22macos%22+then%0D%0A++++++++++++put+cr+%26+%22%A5+Click+for+the+About+Box%22+after+tToolTip%0D%0A++++++++else%0D%0A++++++++++++put+cr+%26+%22*+Click+for+the+About+Box%22+after+tToolTip%0D%0A++++++++end+if%0D%0A++++end+if%0D%0A++++if+the+cExternalStatusBar+of+stack+%22revGLX2+code%22+is+true+then%0D%0A++++++++glx2SetStatus+tToolTip%0D%0A++++++++set+the+tooltip+of+me+to+empty%0D%0A++++else%0D%0A++++++++set+the+tooltip+of+me+to+tToolTip%0D%0A++++end+if%0D%0Aend+mouseEnter%0D%0A%0D%0A---%7C---%0D%0A%0D%0Aon+mouseUp+pMouseBtnNo%0D%0A++++-----%0D%0A++++local+tDate%0D%0A++++local+tHandler%0D%0A++++local+tOptionKey%0D%0A++++-----%0D%0A++++put+the+date+into+tDate%5B%22today%22%5D%0D%0A++++put+the+date+into+tDate%5B%22asdf%22%5D%0D%0A++++%0D%0A++++put+glx2GetDefaultHandler%28tLine%29+into+tHandler%0D%0A++++put+glx2IsThisModifierSetActive%28%22option%22%29+into+tOptionKey%0D%0A++++put+the+optionkey+is+down+and+%28%24USER+contains+%22jerry%22+or+%24USERNAME+contains+%22jerry%22%29+into+tOptionKey%0D%0A++++%0D%0A++++send+%22openPrefs+tOptionKey%22+to+me+in+10+millisecs%09%23+get+blink++++++++++++++++%0D%0A++++%0D%0Aend+mouseUp%0D%0A%0D%0A--+on+calcsomething%0D%0A++++--+%0D%0A--+end+calcsomething%0D%0A--+%0D%0A--+on+calcsomethingelse%0D%0A++++--+%0D%0A--+end+calcsomethingelse%0D%0A--+%0D%0A--%3E+utils%0D%0A%0D%0Aon+openPrefs+pOptionKey%0D%0A++++-----%0D%0A++++local+tLoc%0D%0A++++-----%0D%0A++++lock+cursor%0D%0A++++%2F*+this+is+a+sample+note%0D%0A++++that+you+can+can+open+OR+close+%0D%0A++++*%2F%0D%0A++++%0D%0A++++if+pOptionKey+is+true+then%0D%0A++++++++set+the+loc+of+stack+%22revGLX2+tab+cloner%22+to+the+screenloc%0D%0A++++++++palette+stack+%22revGLX2+tab+cloner%22+%0D%0A++++else%0D%0A++++++++put+the+screenloc+into+tLoc%0D%0A++++++++set+the+loc+of+stack+%22revGLX2+about%22+to+tLoc%0D%0A++++++++modal+stack+%22revGLX2+about%22%0D%0A++++++++%0D%0A++++end+if%0D%0A++++%0D%0A++++unlock+cursor%0D%0A++++%0D%0Aend+openPrefs%0D%0A" )</script>
</button>
