<button name="delete space" id="700276">
<traversalOn>false</traversalOn>
<ink>srcCopy</ink>
<threeD>true</threeD>
<hiliteBorder>true</hiliteBorder>
<blendLevel>0</blendLevel>
<rect>308,143,355,161</rect>
<mnemonic>0</mnemonic>
<armFill>false</armFill>
<visitedIcon>0</visitedIcon>
<showName>true</showName>
<showIcon>false</showIcon>
<colors>urldecode( "0%2C0%2C0%0D%0A%0D%0A%0D%0A%0D%0A%0D%0A%0D%0A%0D%0A" )</colors>
<hilited>false</hilited>
<sharedHilite>true</sharedHilite>
<shadow>false</shadow>
<textAlign>center</textAlign>
<armed>false</armed>
<menuMouseButton>1</menuMouseButton>
<id>700276</id>
<altId>0</altId>
<labelWidth>0</labelWidth>
<armedIcon>0</armedIcon>
<textStyle>plain</textStyle>
<lockLoc>false</lockLoc>
<visited>false</visited>
<showHilite>false</showHilite>
<label>Delete</label>
<autoHilite>true</autoHilite>
<style>standard</style>
<disabledIcon>0</disabledIcon>
<armBorder>true</armBorder>
<name>button "delete space"</name>
<icon>0</icon>
<layer>148</layer>
<visible>true</visible>
<cantSelect>false</cantSelect>
<borderWidth>2</borderWidth>
<menuLines>5</menuLines>
<margins>4,5,4,4</margins>
<opaque>true</opaque>
<shadowOffset>4</shadowOffset>
<default>true</default>
<hiliteFill>true</hiliteFill>
<showBorder>true</showBorder>
<textSize>11</textSize>
<hiliteIcon>0</hiliteIcon>
<disabled>false</disabled>
<autoArm>false</autoArm>
<family>0</family>
<textFont>arial</textFont>
<hoverIcon>0</hoverIcon>
<showFocusBorder>true</showFocusBorder>
<menuHistory>1</menuHistory>
<custompropertyset name= "cGlx2TimeStamp">
<checksum>urldecode( "%3C%D9%1CbRa%11%2B%D0j%A0%CD%F0w%D7%BB" )</checksum>
</custompropertyset>
<script>urldecode( "--%3E+all+handlers%0D%0A%0D%0Aon+mouseUp+pMouseBtnNo%0D%0A++++lock+screen%0D%0A++++put+the+filename+of+stack+%22revGLX2+code%22+into+theFilePath%0D%0A++++set+the+itemdel+to+%22%2F%22%0D%0A++++put+line+2+of+fld+%22question%22+of+the+owner+of+me+into+theSpace%0D%0A++++put+%22GLX2+Work+Spaces%2F%22+%26+theSpace+%26+%22.glx%22+into+item+-1+of+theFilePath%0D%0A++++if+the+cWorkSpaceFilePath+of+this+stack+is+theFilePath+then%0D%0A++++++++set+the+cWorkSpaceFilePath+of+this+stack+to+empty%0D%0A++++++++glx2SetTitle%0D%0A++++end+if%0D%0A++++set+the+itemdel+to+comma%0D%0A++++delete+file+theFilePath%0D%0A++++glx2RefreshHomey%0D%0A++++set+the+margins+of+grp+%22work+spaces+homey%22+to+4%0D%0A++++hide+grc+%22spaces+mask%22%0D%0A++++hide+grp+%22spaces+dlog%22%0D%0A++++unlock+screen%0D%0Aend+mouseUp%0D%0A%0D%0Aon+mouseEnter%0D%0A++++glx2SetStatus+%22Click+to+delete+this+work+space%22%0D%0Aend+mouseEnter%0D%0A%0D%0Aon+mouseLeave%0D%0A++++glx2SetStatus+%0D%0Aend+mouseLeave%0D%0A" )</script>
</button>
