<field name="Html Code Storage" id="316739">
<traversalOn>true</traversalOn>
<ink>srcCopy</ink>
<firstIndent>0</firstIndent>
<dontSearch>false</dontSearch>
<toggleHilites>false</toggleHilites>
<threeD>true</threeD>
<scrollbarWidth>16</scrollbarWidth>
<blendLevel>0</blendLevel>
<rect>275,100,525,156</rect>
<multipleHilites>false</multipleHilites>
<shadow>false</shadow>
<hScroll>0</hScroll>
<textAlign>left</textAlign>
<vScrollbar>true</vScrollbar>
<hScrollbar>false</hScrollbar>
<id>316739</id>
<altId>0</altId>
<autoTab>false</autoTab>
<hGrid>false</hGrid>
<lockLoc>false</lockLoc>
<dontWrap>true</dontWrap>
<autoHilite>true</autoHilite>
<style>scrolling</style>
<showLines>false</showLines>
<sharedText>false</sharedText>
<noncontiguousHilites>false</noncontiguousHilites>
<lockText>false</lockText>
<scroll>0</scroll>
<name>field "Html Code Storage"</name>
<vGrid>true</vGrid>
<listBehavior>false</listBehavior>
<layer>116</layer>
<visible>false</visible>
<cantSelect>false</cantSelect>
<borderWidth>2</borderWidth>
<margins>8</margins>
<htmlText>urldecode( "%3Cp%3E%3C%2Fp%3E" )</htmlText>
<threeDHilite>false</threeDHilite>
<opaque>true</opaque>
<shadowOffset>4</shadowOffset>
<showBorder>true</showBorder>
<disabled>false</disabled>
<fixedLineHeight>true</fixedLineHeight>
<vScroll>0</vScroll>
<showFocusBorder>true</showFocusBorder>
<custompropertyset name= "cGlx2TimeStamp">
</custompropertyset>
<script>urldecode( "ON+doExpandAll%0D%0A++++put+the+long+id+of+me+into+theActiveFld%0D%0A++++lock+screen%0D%0A++++REPEAT%0D%0A++++++++put+the+htmltext+of+me+into+theHtmlHandler%0D%0A++++++++put+lineOffset%28%22%3Ca+name%3D%22%2CtheHtmlHandler%29+into+theLineNo%0D%0A++++++++IF+theLineNo+is+not+zero+THEN%0D%0A++++++++++++put+getHotImgChar%28theLineNo%29+into+theHotCharPos%0D%0A++++++++++++add+the+number+of+chars+in+line+1+to+theLineNo-1+of+me+to+theHotCharPos%0D%0A++++++++++++add+1+to+theHotCharPos%0D%0A++++++++++++doExpand+theHotCharPos%2CtheLineNo%0D%0A++++++++ELSE%0D%0A++++++++++++exit+REPEAT%0D%0A++++++++END+IF%0D%0A++++END+REPEAT%0D%0A++++unlock+screen%0D%0AEND+doExpandAll%0D%0A%0D%0AON+doExpand+theCharPos%2CtheLineNo%0D%0A++++IF+theLineNo+is+empty+THEN%0D%0A++++++++put+word+2+of+the+clickline+into+theLineNo%0D%0A++++END+IF%0D%0A++++IF+the+cMotif+of+this+stack+is+%22chalkboard%22+THEN%0D%0A++++++++put+the+id+of+img+%22expanded+chalkboard%22+into+theNewImgID%0D%0A++++ELSE%0D%0A++++++++put+the+id+of+img+%22expanded+alabaster%22+into+theNewImgID%0D%0A++++END+IF%0D%0A++++set+the+imagesource+of+char+theCharPos+of+me+to+theNewImgID%0D%0A++++IF+the+linktext+of+char+theCharPos+of+me+is+not+empty+THEN%0D%0A++++++++put+the+linktext+of+char+theCharPos+of+me+into+theHtmlText%0D%0A++++++++put+urlDecode%28theHtmlText%29+into+theHtmlText%0D%0A++++++++put+return+after+line+theLineNo+of+me%0D%0A++++++++set+the+htmltext+of+line+theLineNo%2B1+of+me+to+theHtmlText%0D%0A++++++++set+the+linktext+of+char+theCharPos+of+me+to+empty%0D%0A++++END+IF%0D%0AEND+doExpand%0D%0A%0D%0AFUNCTION+getHotImgChar+theLineNo%0D%0A++++put+the+number+of+chars+in+line+theLineNo+of+me+into+theNoChars%0D%0A++++REPEAT+with+theHotCharPos+%3D+1+to+theNoChars%0D%0A++++++++IF+the+imagesource+of+char+theHotCharPos+of+line+theLineNo+of+me+is+not+empty+THEN%0D%0A++++++++++++return+theHotCharPos%0D%0A++++++++END+IF%0D%0A++++END+REPEAT%0D%0A++++return+zero%0D%0AEND+getHotImgChar%0D%0A%0D%0AFUNCTION+getHotChar+theLineNo%0D%0A++++put+the+number+of+chars+in+line+theLineNo+of+me+into+theNoChars%0D%0A++++REPEAT+with+theHotCharPos+%3D+1+to+theNoChars%0D%0A++++++++IF+the+linktext+of+char+theHotCharPos+of+line+theLineNo+of+me+is+not+empty+THEN%0D%0A++++++++++++return+theHotCharPos%0D%0A++++++++END+IF%0D%0A++++END+REPEAT%0D%0A++++return+zero%0D%0AEND+getHotChar%0D%0A" )</script>
</field>
