<button name="spaces menu" id="714271">
<traversalOn>true</traversalOn>
<ink>srcCopy</ink>
<threeD>true</threeD>
<hiliteBorder>true</hiliteBorder>
<blendLevel>0</blendLevel>
<rect>40,109,142,131</rect>
<mnemonic>0</mnemonic>
<armFill>false</armFill>
<visitedIcon>0</visitedIcon>
<showName>true</showName>
<showIcon>false</showIcon>
<hilited>false</hilited>
<sharedHilite>true</sharedHilite>
<shadow>false</shadow>
<textAlign>center</textAlign>
<armed>false</armed>
<menuMouseButton>0</menuMouseButton>
<id>714271</id>
<altId>0</altId>
<labelWidth>0</labelWidth>
<armedIcon>0</armedIcon>
<lockLoc>false</lockLoc>
<visited>false</visited>
<showHilite>false</showHilite>
<autoHilite>true</autoHilite>
<style>menu</style>
<disabledIcon>0</disabledIcon>
<armBorder>true</armBorder>
<name>button "spaces menu"</name>
<icon>0</icon>
<layer>157</layer>
<visible>false</visible>
<cantSelect>false</cantSelect>
<borderWidth>2</borderWidth>
<menuLines>5</menuLines>
<margins>4</margins>
<opaque>true</opaque>
<text>urldecode( "Small%0D%0A%21cMedium%0D%0ALarge" )</text>
<shadowOffset>4</shadowOffset>
<default>false</default>
<hiliteFill>true</hiliteFill>
<showBorder>true</showBorder>
<hiliteIcon>0</hiliteIcon>
<disabled>false</disabled>
<autoArm>false</autoArm>
<menuMode>popup</menuMode>
<family>0</family>
<hoverIcon>0</hoverIcon>
<showFocusBorder>true</showFocusBorder>
<menuHistory>1</menuHistory>
<custompropertyset name= "cGlx2TimeStamp">
<checksum>urldecode( "%3B%E2%21J%24%F9%2F%C3d%86Q%C8%9C%5D%B6%F7" )</checksum>
</custompropertyset>
<script>urldecode( "--%3E+all+handlers%0D%0A%0D%0Aon+menuPick+pChosen%2CpPrevChosen%0D%0A++++lock+screen%0D%0A++++switch+pChosen%0D%0A++++++++case+%22Small%22%0D%0A++++++++++++send+%22glx2RefreshHomey%22+to+grp+%22news+widget%22%0D%0A++++++++++++set+the+textsize+of+fld+%22work+spaces%22+of+grp+%22news+widget%22+to+11%0D%0A++++++++++++set+the+textsize+of+char+1+to+-1+of+fld+%22work+spaces%22+of+grp+%22news+widget%22+to+11%0D%0A++++++++++++break%0D%0A++++++++case+%22medium%22%0D%0A++++++++++++send+%22glx2RefreshHomey%22+to+grp+%22news+widget%22%0D%0A++++++++++++set+the+textsize+of+fld+%22work+spaces%22+of+grp+%22news+widget%22+to+12%0D%0A++++++++++++set+the+textsize+of+char+1+to+-1+of+fld+%22work+spaces%22+of+grp+%22news+widget%22+to+12%0D%0A++++++++++++break%0D%0A++++++++case+%22Large%22%0D%0A++++++++++++send+%22glx2RefreshHomey%22+to+grp+%22news+widget%22%0D%0A++++++++++++set+the+textsize+of+fld+%22work+spaces%22+of+grp+%22news+widget%22+to+13%0D%0A++++++++++++set+the+textsize+of+char+1+to+-1+of+fld+%22work+spaces%22+of+grp+%22news+widget%22+to+13%0D%0A++++++++++++break%0D%0A++++end+switch%0D%0A++++put+the+rect+of+fld+%22work+spaces%22+of+grp+%22news+widget%22+of+grp+%22homies%22+into+theRect%0D%0A++++put+item+1+of+theRect+%2B+the+formattedwidth+of+word+1+to+-1+of+fld+%22work+spaces%22+of+grp+%22news+widget%22+of+grp+%22homies%22%2B6+into+item+3+of+theRect%0D%0A++++put+item+2+of+theRect+%2B+the+formattedheight+of+word+1+to+-1+of+fld+%22work+spaces%22+of+grp+%22news+widget%22+of+grp+%22homies%22%2B3+into+item+4+of+theRect%0D%0A++++set+the+rect+of+fld+%22work+spaces%22+of+grp+%22news+widget%22+of+grp+%22homies%22+to+theRect%0D%0A++++if+the+mouseloc+is+not+within+the+rect+of+img+%22i.png%22+of+grp+%22news+widget%22+then%0D%0A++++++++set+the+forecolor+of+grc+1+of+grp+%22info%22+of+grp+%22news+widget%22+to+the+backcolor+of+grc+1+of+grp+%22info%22+of+grp+%22news+widget%22%0D%0A++++++++--hide+grc+1+of+grp+%22info%22+of+grp+%22news+widget%22%0D%0A++++end+if%0D%0A++++unlock+screen%0D%0A++++pass+menuPick%0D%0Aend+menuPick%0D%0A" )</script>
</button>
