<stack name="revGLX2 Code Docs" id="1151">
<windowManagerPlace>false</windowManagerPlace>
<menubar>GLX2 Menubar</menubar>
<blendLevel>0</blendLevel>
<rect>465,437,815,979</rect>
<maxWidth>65535</maxWidth>
<cantAbort>false</cantAbort>
<colors>urldecode( "black%0D%0A243%2C243%2C243%0D%0A182%2C213%2C255%0D%0A%0D%0A%0D%0A%0D%0A%0D%0A159%2C184%2C207" )</colors>
<decorations>default</decorations>
<iconic>false</iconic>
<shadow>true</shadow>
<cantDelete>false</cantDelete>
<id>1151</id>
<altId>0</altId>
<hcAddressing>false</hcAddressing>
<startUpIconic>false</startUpIconic>
<windowShape>0</windowShape>
<title>GLX2 Script Editor Preferences</title>
<textStyle>plain</textStyle>
<cantModify>false</cantModify>
<maxHeight>65535</maxHeight>
<style>palette</style>
<destroyWindow>false</destroyWindow>
<liveresizing>false</liveresizing>
<scroll>0</scroll>
<passkey>true</passkey>
<resizable>false</resizable>
<name>stack "revGLX2 Code Docs"</name>
<icon>0</icon>
<formatForPrinting>false</formatForPrinting>
<alwaysBuffer>true</alwaysBuffer>
<visible>true</visible>
<metal>false</metal>
<minWidth>32</minWidth>
<textSize>11</textSize>
<destroyStack>false</destroyStack>
<textFont>Arial</textFont>
<minHeight>32</minHeight>
<dynamicPaths>false</dynamicPaths>
<custompropertyset name= "cGlx2TimeStamp">
<checksum>urldecode( "%AF%29_%CB7%EB%93%97z%27%FC%FA%12b%B8%29" )</checksum>
</custompropertyset>
<custompropertyset name= "cREVGeometryCache">
<stackID>1151</stackID>
</custompropertyset>
<mainstack>revGLX2 Code</mainstack>
<script>urldecode( "--%3E+all+handlers%0D%0A+%0D%0Aon+updateEveryTab%0D%0A++++-----%0D%0A++++local+doForceDirty%2C+forceReload%0D%0A++++local+handlersOnly%0D%0A++++local+resettingFont%2C+tFontName%2C+tFontSize%0D%0A++++local+tCdNo%2CtNoCds%0D%0A++++local+tChunk%0D%0A++++local+tCodeTextHeight%0D%0A++++local+tDefStack%0D%0A++++local+tDirtyFlag%0D%0A++++local+tHScroll%2C+tScroll%0D%0A++++local+tNoTabs%2C+tTabNo%0D%0A++++local+tObjectID%0D%0A++++local+tOrigCdNo%0D%0A++++local+tParentStack%0D%0A++++local+tScript%0D%0A++++local+tTextHeight%0D%0A++++-----%0D%0A++++set+the+cursor+to+watch%0D%0A++++put+the+short+name+of+this+stack+into+tDefStack%0D%0A++++put+the+short+owner+of+this+stack+into+tParentStack%0D%0A++++set+the+defaultstack+to+tParentStack%0D%0A++++put+the+number+of+this+cd+into+tOrigCdNo%0D%0A++++put+glx2GetNoActiveTabs%28%29+into+tNoTabs%0D%0A++++%0D%0A++++if+tNoTabs+is+zero+then%0D%0A++++++++exit+updateEveryTab%0D%0A++++end+if%0D%0A++++%0D%0A++++lock+screen%0D%0A++++lock+messages%0D%0A++++repeat+with+tTabNo+%3D+2+to+tNoTabs%0D%0A++++++++put+the+cCdNo+of+fld+tTabNo+of+grp+%22tabs%22+into+tCdNo%0D%0A++++++++if+tCdNo+is+not+tOrigCdNo+and+tCdNo+is+not+empty+then%0D%0A++++++++++++go+to+cd+tCdNo%0D%0A++++++++++++put+the+cDirtyFlag+of+cd+tCdNo+into+tDirtyFlag%0D%0A++++++++++++put+the+cObjectID+of+cd+tCdNo+into+tObjectID%0D%0A++++++++++++glx2SaveDevResources+tObjectID%0D%0A++++++++++++put+false+into+handlersOnly%0D%0A++++++++++++put+fld+%22code+storage%22+into+tScript%0D%0A++++++++++++put+true+into+forceReload%0D%0A++++++++++++put+false+into+resettingFont%0D%0A++++++++++++setAllCode+tObjectID%2ChandlersOnly%2CtScript%2CforceReload%2CresettingFont%0D%0A++++++++++++--+JD+ADDED%3A%0D%0A++++++++++++--+set+the+defaultstack+to+tParentStack%0D%0A++++++++++++--+put+round%28%28the+cFontsize+of+this+stack%29+*+1.5%29+into+tTextHeight%0D%0A++++++++++++--+if+the+cFontsize+of+this+stack+%3C+11+then%0D%0A++++++++++++--+put+round%28%2810%29+*+1.5%29+-1+into+tTextHeight%0D%0A++++++++++++--+end+if%0D%0A++++++++++++--+set+the+fixedlineheight+of+fld+%22handlers%22+of+cd+tCdNo+to+true%0D%0A++++++++++++--+set+the+fixedlineheight+of+fld+%22handlers+2%22+of+cd+tCdNo+to+true%0D%0A++++++++++++--+set+the+textheight+of+fld+%22handlers%22+of+cd+tCdNo+to+tTextHeight%0D%0A++++++++++++--+set+the+textheight+of+fld+%22handlers+2%22+of+cd+tCdNo+to+tTextHeight%0D%0A++++++++++++if+tDirtyFlag+is+true+then%0D%0A++++++++++++++++put+true+into+doForceDirty%0D%0A++++++++++++++++glx2SetDirtyFlag+doForceDirty%0D%0A++++++++++++else%0D%0A++++++++++++++++glx2SetCleanFlag+%0D%0A++++++++++++end+if%0D%0A++++++++end+if%0D%0A++++end+repeat%0D%0A+++++%0D%0A++++--+set+font%2C+size+and+line+size+of+each+card%27s+fields%21%0D%0A++++set+the+defaultstack+to+tParentStack%0D%0A++++put+the+number+of+flds+in+group+%22tabs%22+into+tNoCds%0D%0A++++put+the+cFontSize+of+this+stack+into+tFontSize%0D%0A++++put+the+cFontName+of+this+stack+into+tFontName%0D%0A++++repeat+with+tCdNo+%3D+1+to+tNoCds%0D%0A++++++++set+the+textfont+of+fld+%22handlers%22+to+tFontName%0D%0A++++++++set+the+textfont+of+fld+%22handlers+2%22+to+tFontName%0D%0A++++++++set+the+textfont+of+fld+%22code+storage%22+to+tFontName%0D%0A++++++++set+the+textsize+of+fld+%22handlers%22+to+tFontSize%0D%0A++++++++set+the+textsize+of+fld+%22handlers+2%22+to+tFontSize%0D%0A++++++++set+the+textsize+of+fld+%22code+storage%22+to+tFontSize%0D%0A++++++++put+round%28%28tFontSize%29+*+1.5%29+into+tTextHeight%0D%0A++++++++if+tFontSize+%3C+11+then%0D%0A++++++++++++put+round%28%2810%29+*+1.5%29+-1+into+tTextHeight%0D%0A++++++++end+if%0D%0A++++++++set+the+fixedlineheight+of+fld+%22handlers%22+of+cd+tCdNo+to+true%0D%0A++++++++set+the+fixedlineheight+of+fld+%22handlers+2%22+of+cd+tCdNo+to+true%0D%0A++++++++set+the+textheight+of+fld+%22handlers%22+of+cd+tCdNo+to+tTextHeight%0D%0A++++++++set+the+textheight+of+fld+%22handlers+2%22+of+cd+tCdNo+to+tTextHeight%0D%0A++++++++if+tFontSize+%3C+11+then%0D%0A++++++++++++put+round%28%2810%29+*+1.5%29+-1+into+tCodeTextHeight%0D%0A++++++++++++set+the+textheight+of+fld+%22code+storage%22+of+cd+tCdNo+to+tCodeTextHeight%0D%0A++++++++++++set+the+textheight+of+fld+%22code+storage+2%22+of+cd+tCdNo+to+tCodeTextHeight%0D%0A++++++++end+if%0D%0A++++end+repeat%0D%0A+++++%0D%0A++++unlock+messages%0D%0A++++%0D%0A++++go+to+cd+tOrigCdNo%0D%0A++++put+the+scroll+of+fld+%22code+storage%22+into+tScroll%0D%0A++++put+the+hscroll+of+fld+%22code+storage%22+into+tHScroll%0D%0A++++focus+on+fld+%22code+storage%22%0D%0A++++put+the+selectedchunk+of+fld+%22code+storage%22+into+tChunk%0D%0A++++%0D%0A++++put+the+cDirtyFlag+of+cd+tOrigCdNo+into+tDirtyFlag%0D%0A++++put+the+cObjectID+of+cd+tOrigCdNo+into+tObjectID%0D%0A++++glx2SaveDevResources+tObjectID%0D%0A++++put+false+into+handlersOnly%0D%0A++++put+fld+%22code+storage%22+into+tScript%0D%0A++++put+true+into+forceReload%0D%0A++++put+false+into+resettingFont%0D%0A++++setAllCode+tObjectID%2ChandlersOnly%2CtScript%2CforceReload%2CresettingFont%0D%0A++++set+the+defaultstack+to+tParentStack%0D%0A++++put+round%28%28the+cFontsize+of+this+stack%29+*+1.5%29+into+tTextHeight%0D%0A++++if+the+cFontsize+of+this+stack+%3C+11+then%0D%0A++++++++put+round%28%2810%29+*+1.5%29-1+into+tTextHeight%0D%0A++++end+if%0D%0A++++set+the+fixedlineheight+of+fld+%22handlers%22+of+cd+tOrigCdNo+to+true%0D%0A++++set+the+fixedlineheight+of+fld+%22handlers+2%22+of+cd+tOrigCdNo+to+true%0D%0A++++set+the+textheight+of+fld+%22handlers%22+of+cd+tOrigCdNo+to+tTextHeight%0D%0A++++set+the+textheight+of+fld+%22handlers+2%22+of+cd+tOrigCdNo+to+tTextHeight%0D%0A++++if+the+cFontsize+of+this+stack+%3C+11+then%0D%0A++++++++put+round%28%2810%29+*+1.5%29+-1+into+tCodeTextHeight%0D%0A++++++++set+the+textheight+of+fld+%22code+storage%22+of+cd+tOrigCdNo+to+tCodeTextHeight%0D%0A++++++++set+the+textheight+of+fld+%22code+storage+2%22+of+cd+tOrigCdNo+to+tCodeTextHeight%0D%0A++++end+if%0D%0A++++if+tDirtyFlag+is+true+then%0D%0A++++++++put+true+into+doForceDirty%0D%0A++++++++glx2SetDirtyFlag+doForceDirty%0D%0A++++else%0D%0A++++++++glx2SetCleanFlag+%0D%0A++++end+if%0D%0A++++%0D%0A++++set+the+scroll+of+fld+%22code+storage%22+to+tScroll%0D%0A++++do+%22select%22+%26%26+tChunk%0D%0A++++set+the+hscroll+of+fld+%22code+storage%22+to+tHScroll%0D%0A++++%0D%0A++++set+the+defaultstack+to+tDefStack%0D%0A++++go+to+stack+tDefStack%0D%0A++++unlock+screen%0D%0A++++%0D%0Aend+updateEveryTab%0D%0A+%0D%0Aon+colorizeEachTab%0D%0A++++%0D%0A++++set+the+cursor+to+watch%0D%0A++++%0D%0A++++put+the+short+name+of+this+stack+into+tDefStack%0D%0A++++set+the+defaultstack+to+%28the+short+owner+of+this+stack%29%0D%0A++++put+the+number+of+this+cd+into+tOrigCdNo%0D%0A++++put+glx2GetNoActiveTabs%28%29+into+tNoTabs%0D%0A++++%0D%0A++++if+tNoTabs+is+zero+then%0D%0A++++++++exit+colorizeEachTab%0D%0A++++end+if%0D%0A++++%0D%0A++++lock+screen%0D%0A++++lock+messages%0D%0A++++initScriptColors%0D%0A++++%0D%0A++++repeat+with+tTabNo+%3D+2+to+tNoTabs%0D%0A++++++++put+the+cCdNo+of+fld+tTabNo+of+grp+%22tabs%22+into+tCdNo%0D%0A++++++++if+tCdNo+is+not+tOrigCdNo+then%0D%0A++++++++++++set+the+currentcard+of+this+stack+to+tCdNo%0D%0A++++++++++++set+the+textcolor+of+fld+%22code+storage%22+to+empty%0D%0A++++++++++++set+the+textcolor+of+char+1+to+-1+of+fld+%22code+storage%22+to+empty%0D%0A++++++++++++doColorizeScript%0D%0A++++++++end+if%0D%0A++++end+repeat%0D%0A++++unlock+messages%0D%0A++++%0D%0A++++go+to+cd+tOrigCdNo%0D%0A++++put+the+scroll+of+fld+%22code+storage%22+into+tScroll%0D%0A++++put+the+hscroll+of+fld+%22code+storage%22+into+tHScroll%0D%0A++++focus+on+fld+%22code+storage%22%0D%0A++++put+the+selectedchunk+of+fld+%22code+storage%22+into+tChunk%0D%0A++++%0D%0A++++set+the+textcolor+of+fld+%22code+storage%22+to+empty%0D%0A++++set+the+textcolor+of+char+1+to+-1+of+fld+%22code+storage%22+to+empty%0D%0A++++doColorizeScript%0D%0A++++%0D%0A++++do+%22select%22+%26%26+tChunk%0D%0A++++set+the+scroll+of+fld+%22code+storage%22+to+tScroll%0D%0A++++set+the+hscroll+of+fld+%22code+storage%22+to+tHScroll%0D%0A++++%0D%0A++++%0D%0A++++set+the+defaultstack+to+tDefStack%0D%0A++++go+to+stack+tDefStack%0D%0A++++%0D%0A++++unlock+screen%0D%0A++++%0D%0Aend+colorizeEachTab%0D%0A" )</script>
</stack>
