<button name="Tree Menu" id="747410">
<traversalOn>true</traversalOn>
<ink>srcCopy</ink>
<threeD>true</threeD>
<hiliteBorder>true</hiliteBorder>
<blendLevel>0</blendLevel>
<rect>67,568,169,590</rect>
<mnemonic>0</mnemonic>
<armFill>false</armFill>
<visitedIcon>0</visitedIcon>
<showName>true</showName>
<showIcon>false</showIcon>
<hilited>false</hilited>
<sharedHilite>true</sharedHilite>
<shadow>false</shadow>
<textAlign>left</textAlign>
<armed>false</armed>
<menuMouseButton>0</menuMouseButton>
<id>747410</id>
<altId>0</altId>
<labelWidth>0</labelWidth>
<armedIcon>0</armedIcon>
<lockLoc>false</lockLoc>
<visited>false</visited>
<showHilite>false</showHilite>
<autoHilite>true</autoHilite>
<style>menu</style>
<disabledIcon>0</disabledIcon>
<armBorder>true</armBorder>
<name>button "Tree Menu"</name>
<icon>0</icon>
<layer>185</layer>
<visible>false</visible>
<cantSelect>false</cantSelect>
<borderWidth>2</borderWidth>
<menuLines>5</menuLines>
<margins>4</margins>
<opaque>true</opaque>
<text>urldecode( "field+id+1119%0D%0A-%0D%0AEdit+Script%0D%0AEdit+Properties%0D%0A-%0D%0ACopy+Object%0D%0AClone+Object%0D%0AHide+Object%0D%0A-%0D%0Acard+%22card+id+1002%22+%28%28owner%29%0D%0A-%0D%0AEdit+Script+of+Owner%0D%0AEdit+Props+of+Owner%0D%0A-%0D%0ACopy+Owner%0D%0AClone+Owner%0D%0AHide+Owner" )</text>
<shadowOffset>4</shadowOffset>
<default>false</default>
<hiliteFill>true</hiliteFill>
<showBorder>true</showBorder>
<hiliteIcon>0</hiliteIcon>
<disabled>false</disabled>
<autoArm>false</autoArm>
<menuMode>popup</menuMode>
<family>0</family>
<hoverIcon>0</hoverIcon>
<showFocusBorder>true</showFocusBorder>
<menuHistory>1</menuHistory>
<custompropertyset name= "cGlx2General">
<cHscrollScript>0</cHscrollScript>
<cHscrollHandlers>0</cHscrollHandlers>
<cSelectedChunk>char 142 to 141</cSelectedChunk>
<cHtmlScript>urldecode( "%1F%8B%08%00%00%00%00%00%00%03%DDWKo%D3%40%10%BE%FBW%8C%7C%88R%89%1E%E8%91%03%12J%AB%10%A9%A2%11E%88%EB%C6%1E%C7K6%BB%2B%EF%06%93%7F%CF%CC%1A%1B%3F%5B%8C*%11%98C%E4%CC%FB%1B%7F%D2%8C%AF%AF%DF%82P%0D%0Ar%A1S%85%85%8B%A2%BD2%3B%A1%60%BFV%DFo%1Ev_1%F1%9B%DB%282%1A%8E%A8O%5B%99%1C%C0%AEr%E3P%BF%B2%DB%02%BFU%CF%11%90%28%93P%A0%CF%B1%09%EBh%D7%85%1D7%7C%10G%0C%9A%F0cO%9E%95%90%D4%CE%602%AA%0DR%7B3H%CE%CE%7Bjt%8D%FE%DE%E8%FD%E6%F6%A1%D4X%2C%5BnWM%60%BF%BE%2B%A5O%F2%1AMP%B1%24%C2%21%C4%AB%02%85GxL%0D%0Ai%7D%DC3%DE%A5%D2%0FL%2C%C8%06n%DE%05%23w%DE%EF%B8%96%1D%158%8C%E5%DD%16%C6b%E1%25%BAnn%86%C9%0Elw%B3%D2v%B0%40f%0D%0A%08Sz%02%157%DE%F3%99%86%D7%9F%EBo%21t%13%25%06%28%E7d_%19%7B%86%CA%BB%9B5a%C3%9C%91%25%CAh%1CME%AC%3D0%7ElQ%26%C4%85%88%A9%1AD%B0%14b%A7%85-%A5NM%19%03q2%93%A8H%5B%9A%822Z%91%D0%1B%FF9R0%3C%99%8A%F8%9D%3C%27%3DU%7F%0C%C5%7B%99%CE%03%91s%C0eax%CCM9%0B%83%E3%80%CB%C2%10xi%86d%AFi9%87%E3%15%CFF%92%3DK%CC%A9*%7F%91%9B3%60%D4%D4%BC%2C%14%81%9D3P%D4%E4%BC%14%14%29f%E2%A4%7C%C7Cf%F5N%24%82j%2F%A4v%10%2FC%A5%AB%98%ABv%13Vm%FB%F5%FD%97%9Bw%D6n%28%C4%0D%EC%C2%1Dh%0D%D3%E69%0D%0A%2F%E9%94%88%3F%9D-%82%00%8D%25h%DA%FEa%29u%F0%F8%5C%12%CA%C5%02%08u%0D%0A%AF%7B%9B%14%16%10%BF%89%81%16x%0E%CB%B0%90rS%F8vtk%FF%0BGfD%3F%E8%8A%8F%07ZG%F5%7D%D0%9C%21%3Dd%1F%EF%3EO%02%93Y%1D%09%D2%816%1E%F0h%FDy%7CJ%2CS%AF%A5U%2F%0C%22Le%B0_%E1%89N%AB%E8%97%A1O-%D34b%E1b2%EB%5E%08%CA%0D3%09%EDJ*%13%0B%97f%F1%F4%EBx%21%12%FD%01oZ%C3%FE%7Fh%F3%EFp%E6%97%8A%1F%AB%B3%BC%BA%EE%85s%CDgG%C4%C6%E6O%F4%03%85%FE%AB.%B9%0C%00%00" )</cHtmlScript>
<cHandlersListWidth>123</cHandlersListWidth>
<cHtmlHandlers>urldecode( "%1F%8B%08%00%00%00%00%00%00%03%B3%29%B0%B3I%B2%B3%29.%05%12%99%B9%E9%0D%0A%C5E%C9%B6J%C6%C6%C6%86%C6%96Jv6%FA+q%85%C4%9C%1C%85%8C%C4%BC%94%9C%D4%A2b%1B%7D%A0B%FD%02%3B.%9B%02%3B5eKk4%9D%A6%86f%96%26%C6p%9D%B9%A9y%A5%01%99%C9%D9+%1D%00*%A2%02Yj%00%00%00" )</cHtmlHandlers>
<cDirtyFlag>false</cDirtyFlag>
<cFolders>all handlers</cFolders>
<cHandlers>menuPick</cHandlers>
<cVscrollScript>966</cVscrollScript>
<cVscrollHandlers>0</cVscrollHandlers>
<cHilitedLine>2</cHilitedLine>
<cGlobals>gGlx2ObjectID</cGlobals>
</custompropertyset>
<custompropertyset name= "cGlx2TimeStamp">
<xml_num_1283548476>end</xml_num_1283548476>
<checksum>urldecode( "ZrEj%7D%FB%AC7h%CFT%D1%D2%A2h%12" )</checksum>
<xml_num_1283548453>start</xml_num_1283548453>
<xml_num_1283548355>start</xml_num_1283548355>
<xml_num_1283548383>start</xml_num_1283548383>
<xml_num_1283548446>working</xml_num_1283548446>
</custompropertyset>
<script>urldecode( "--%3E+all+handlers%0D%0A%0D%0Aglobal+gGlx2ObjectID%0D%0A%0D%0Aon+menuPick+pChosen%2CpPrevChosen%0D%0A++++local+theObjectID%0D%0A++++local+theGrpObjectID%0D%0A++++local+theName%0D%0A++++%0D%0A++++put+the+cObjectID+of+me+into+theObjectID%0D%0A++++put+glx2GetLongIDOwner%28theObjectID%29+into+theGrpObjectID%0D%0A++++switch+pChosen%0D%0A++++++++case+%22Create+Script%22%0D%0A++++++++case+%22Edit+Script%22%0D%0A++++++++++++edit+the+script+of+theObjectID%0D%0A++++++++++++break%0D%0A++++++++case+%22Edit+Properties%22%0D%0A++++++++++++glx2EditProps+theObjectID%0D%0A++++++++++++break%0D%0A++++++++case+%22Create+Script+for+Owner%22%0D%0A++++++++case+%22Edit+Script+of+Owner%22%0D%0A++++++++++++edit+the+script+of+theGrpObjectID%0D%0A++++++++++++break%0D%0A++++++++case+%22Edit+Props+of+Owner%22%0D%0A++++++++++++glx2EditProps+theGrpObjectID%0D%0A++++++++++++break%0D%0A++++++++case+%22Copy+Object%22%0D%0A++++++++++++copy+theObjectID%0D%0A++++++++++++break%0D%0A++++++++case+%22clone+Object%22%0D%0A++++++++++++lock+screen%0D%0A++++++++++++clone+theObjectID%0D%0A++++++++++++send+%22snapwindow%22+to+field+%22work+spaces%22+of+the+owner+of+me%0D%0A++++++++++++unlock+screen%0D%0A++++++++++++break%0D%0A++++++++case+%22Hide+Object%22%0D%0A++++++++++++lock+screen%0D%0A++++++++++++hide+theObjectID%0D%0A++++++++++++send+%22snapwindow%22+to+field+%22work+spaces%22+of+the+owner+of+me%0D%0A++++++++++++unlock+screen%0D%0A++++++++++++break%0D%0A++++++++case+%22Show+Object%22%0D%0A++++++++++++lock+screen%0D%0A++++++++++++show+theObjectID%0D%0A++++++++++++send+%22snapwindow%22+to+field+%22work+spaces%22+of+the+owner+of+me%0D%0A++++++++++++unlock+screen%0D%0A++++++++++++break%0D%0A++++++++case+%22Copy+owner%22%0D%0A++++++++++++copy+theGrpObjectID%0D%0A++++++++++++break%0D%0A++++++++case+%22clone+owner%22%0D%0A++++++++++++lock+screen%0D%0A++++++++++++clone+theGrpObjectID%0D%0A++++++++++++send+%22snapwindow%22+to+field+%22work+spaces%22+of+the+owner+of+me%0D%0A++++++++++++unlock+screen%0D%0A++++++++++++break%0D%0A++++++++case+%22Hide+owner%22%0D%0A++++++++++++lock+screen%0D%0A++++++++++++hide+theGrpObjectID%0D%0A++++++++++++send+%22snapwindow%22+to+field+%22work+spaces%22+of+the+owner+of+me%0D%0A++++++++++++unlock+screen%0D%0A++++++++++++break%0D%0A++++++++case+%22Show+owner%22%0D%0A++++++++++++lock+screen%0D%0A++++++++++++show+theGrpObjectID%0D%0A++++++++++++send+%22snapwindow%22+to+field+%22work+spaces%22+of+the+owner+of+me%0D%0A++++++++++++unlock+screen%0D%0A++++++++++++break%0D%0A++++++++default%0D%0A++++++++++++if+pChosen+contains+%22%28owner%29%22+then%0D%0A++++++++++++++++setGLX2AppIcons%0D%0A++++++++++++++++ask+information+%22Type+a+new+name+for+the+owner+of+this%22+%26%26+word+1+of+theObjectID+%26+%22%3A%22+with+%28the+short+owner+of+theObjectID%29+as+sheet%0D%0A++++++++++++++++put+it+into+theName%0D%0A++++++++++++++++setREVAppIcons%0D%0A++++++++++++++++if+theName+is+not+empty+then%0D%0A++++++++++++++++++++lock+screen%0D%0A++++++++++++++++++++set+the+name+of+theGrpObjectID+to+theName%0D%0A++++++++++++++++++++send+%22snapwindow%22+to+field+%22work+spaces%22+of+the+owner+of+me%0D%0A++++++++++++++++++++unlock+screen%0D%0A++++++++++++++++end+if%0D%0A++++++++++++else%0D%0A++++++++++++++++answer+%22asdf%22+as+sheet%0D%0A++++++++++++++++setGLX2AppIcons%0D%0A++++++++++++++++ask+information+%22Type+a+new+name+for+this%22+%26%26+word+1+of+theObjectID+%26+%22%3A%22+with+%28the+short+name+of+theObjectID%29+as+sheet%0D%0A++++++++++++++++put+it+into+theName%0D%0A++++++++++++++++setREVAppIcons%0D%0A++++++++++++++++if+theName+is+not+empty+then%0D%0A++++++++++++++++++++lock+screen%0D%0A++++++++++++++++++++set+the+name+of+theObjectID+to+theName%0D%0A++++++++++++++++++++send+%22snapwindow%22+to+field+%22work+spaces%22+of+the+owner+of+me%0D%0A++++++++++++++++++++unlock+screen%0D%0A++++++++++++++++end+if%0D%0A++++++++++++end+if%0D%0A++++end+switch%0D%0A++++pass+menuPick%0D%0Aend+menuPick%0D%0A%0D%0A" )</script>
</button>
