<button name="Help" id="250624">
<traversalOn>false</traversalOn>
<ink>srcCopy</ink>
<threeD>true</threeD>
<hiliteBorder>true</hiliteBorder>
<blendLevel>0</blendLevel>
<rect>360,1,394,20</rect>
<mnemonic>1</mnemonic>
<armFill>false</armFill>
<visitedIcon>0</visitedIcon>
<showName>true</showName>
<showIcon>false</showIcon>
<hilited>false</hilited>
<sharedHilite>true</sharedHilite>
<shadow>false</shadow>
<textAlign>center</textAlign>
<armed>false</armed>
<menuMouseButton>1</menuMouseButton>
<id>250624</id>
<altId>0</altId>
<labelWidth>0</labelWidth>
<armedIcon>0</armedIcon>
<lockLoc>true</lockLoc>
<visited>false</visited>
<showHilite>false</showHilite>
<label>Help</label>
<autoHilite>true</autoHilite>
<style>menu</style>
<disabledIcon>0</disabledIcon>
<armBorder>true</armBorder>
<name>button "Help"</name>
<icon>0</icon>
<layer>98</layer>
<visible>true</visible>
<cantSelect>false</cantSelect>
<borderWidth>2</borderWidth>
<menuLines>5</menuLines>
<margins>4</margins>
<opaque>true</opaque>
<text>urldecode( "GLX2+Documentation%0D%0A-%0D%0AComponents%0D%0A%09Crumb+Bar%0D%0A%09Find+%26%26+Replace%0D%0A%09Handlers%0D%0A%09Menu+Bar%0D%0A%09Preferences%0D%0A%09Script+Snapshot%0D%0A%09Scripts%0D%0ALessons%0D%0A%09Clairvoyance%0D%0A%09Default+Handlers%0D%0AStop+Using+GLX2%0D%0A-%0D%0ASupport+Site%0D%0A-%0D%0ARead+Change+History%0D%0A-%0D%0ACheck+for+Latest+Beta...%0D%0ACheck+for+Latest+Release...%0D%0A-%0D%0AAbout+GLX2..." )</text>
<shadowOffset>4</shadowOffset>
<default>false</default>
<hiliteFill>true</hiliteFill>
<showBorder>false</showBorder>
<hiliteIcon>0</hiliteIcon>
<disabled>false</disabled>
<autoArm>false</autoArm>
<menuMode>pulldown</menuMode>
<family>0</family>
<hoverIcon>0</hoverIcon>
<showFocusBorder>true</showFocusBorder>
<menuHistory>1</menuHistory>
<custompropertyset name= "cGlx2TimeStamp">
<xml_num_1285173409>working</xml_num_1285173409>
<xml_num_1285173499>working</xml_num_1285173499>
<checksum>urldecode( "U%F2%97r%F6%97J%3F%98%B1%BE%C8p%BB%DF%7B" )</checksum>
<xml_num_1285173648>start</xml_num_1285173648>
<xml_num_1285173415>working</xml_num_1285173415>
<xml_num_1285173686>start</xml_num_1285173686>
<xml_num_1285173472>working</xml_num_1285173472>
<xml_num_1285173715>working</xml_num_1285173715>
<xml_num_1285173636>working</xml_num_1285173636>
<xml_num_1285173790>start</xml_num_1285173790>
<xml_num_1285173721>start</xml_num_1285173721>
<xml_num_1285173326>start</xml_num_1285173326>
<xml_num_1285173426>working</xml_num_1285173426>
<xml_num_1285174003>working</xml_num_1285174003>
</custompropertyset>
<custompropertyset name= "cGlx2General">
<cHscrollScript>0</cHscrollScript>
<cHscrollHandlers>0</cHscrollHandlers>
<cSelectedChunk>char 1342 to 1341</cSelectedChunk>
<cHtmlScript>urldecode( "%1F%8B%08%00%00%00%00%00%00%03%B5%96Mo%DB0%0C%86%EF%F9%15%84%0F%3D%0C%8D%83%15%3B%0D%D8%80-E%DB%01%DDP%24%2B%B6%5B%C0%C8tlT%96%04%89nZ%A0%3F%7E%94%1D%A7I%D6%8F8%DDtH%FC%21%3D%EF%2BJ%22%3D%1C%7E%86w%CA%9A%C0h8%0C%06%DD%25%DCLk%E7%AC%E7%EB%C9%25%7C%82%A4%60v%1FG%A3%85%BE%3B%29H%BB%D4%94f%91*%5B%25%1B%23%26%D6%EEt_.%97i%86%A6%24%1D%86%15z%8C%23%1AF2%18%0CE%19%B5%86%02M%A6%C9%8B%B65P%91%A9%AFJu%03n%5C%D8%40%E6%D8%5Dy%BAm%AF%07+M%5B%85%1A%F8%AC%D4t%85%5Cl%3E%2Bhl%2Bg%0D%19%FE%81%155%AF%9A%9F%B0%2CY%15%1D%B2y%14%9B%C2%40%90x%C2%0C%94%98X%10%14e%60%EB%EF%93u%97%D8%5C%CD%91%0D%B9H%1A%E1%82%CDA%26%2C%1Ee%EC%ED%F9%E5%EF%13P6%A3%04J%C3v%C7Y%D7%02%B5%8C%92%A9%CAH%BCZHF%7F%CB%24%0Dm%DC%9A%B9h%CD%A4%7C%C7%2Bv%1C%0D%C3%F7%D1%C0%DE2%12%F0%0D%0A%B7%3A%C5%F0Od%D2%3F%E9%AE%A1%3C%C3%9AK%60nvb%A5%0D%0A%92i%E7%D6%83F%A6%C0%E0I%93%BCI%D34Y%C5zk%3AA%F9%D2q%E8B%F3%D4%02%3DZ7%D9J%E0%C3%B5%CB%22%1E%A8r%7C%7F%BC%86%08b%27%EEu%D3%D1%27%FD%8D%CF%89%F1%3F%B9f_%D31%FC%0B%D7%A1%3D%81%10d%3Dw%9D%C6U%3C%B7%F1%B4m%1C%D4W%89%8D%FE%A9U%B5%9C3F.%ADI%9E%C5v%A7%F9H%B6jN%C8%B5%A70z%DD%F4%25%85+%19%E1a%AC%B1%F4%B7%F6%1E%8D%A2%9E%22%BAE%8C%D4%06%22-%B8%D2%AF%AB%9F%13%B3d%26%982z%A6%EC%85%A8%3D%A9%BC+C%1E%B5%FC7%98Yh1%7B%8A%AF%F7Ix%986%CB%0FS%83.%14%96%7B%06%40%ADA%A3v%1F%CD%C2%0D%0A%14%0E%B5%12%DEj%E1%00%E5%B1%AF%AB9%7CE%7F%B8%B6%8A%88%03%A4%A5j%E4%E4I6%CE%1B%26%EE%1E%21%FD%1D%9C%95%92%1A%8E%60BNc%EF%13%B0a%22%17%CE%CC%B7%94%FE..V%C5%F5p%FD%AE%3C%F7%D7%FE.%B5%FCm%AB%1F%BF%06%E6%E8%F7%94%EE2%CF%29%E5Xk%86%03%E7%DEe%9F%AC%C5%CCz%06%60%CA%D6%C1u%88I%28f%DB%9E%E2%5D%02%92%D2%EFfu%A4%EC%29%FBen%A5vE%C5X%D6%B6%BAW6%93%CF%A3%9D%22%84%B1%FFK%D8%D5%F4%B7%ED%B7w%B1%E8M%7F%7D%FB9%BE%18%C4%CB%EE%9B%ED%0F%7Bn%F77K%0D%0A%00%00" )</cHtmlScript>
<cHandlersListWidth>123</cHandlersListWidth>
<cConstants>urldecode( "kSupportURL%0D%0AkRootURL" )</cConstants>
<cHtmlHandlers>urldecode( "%1F%8B%08%00%00%00%00%00%00%03%B3%29%B0%B3I%B2%B3%29.%05%12%99%B9%E9%0D%0A%C5E%C9%B6J%26%06%96%96%E6%26Jv6%FA+q%05%AD%E4%FC%BC%E2%92%C4%BC%92b%1B%7D%A02%FD%02%3B.%1Bl%DA%8C%8D%8D%0D%8D-%E1%DA%12sr%142%12%F3RrR%8BP4%AA%29%5BZ%A3%E9454%B341%86%EB%CCM%CD%2B%0D%C8L%CE%06%E9%00%00k%CD%06%C6%A1%00%00%00" )</cHtmlHandlers>
<cDirtyFlag>false</cDirtyFlag>
<cFolders>urldecode( "*constants%0D%0Aall+handlers" )</cFolders>
<cHandlers>menuPick</cHandlers>
<cVscrollScript>364</cVscrollScript>
<cVscrollHandlers>0</cVscrollHandlers>
<cHilitedLine>3</cHilitedLine>
</custompropertyset>
<script>urldecode( "--%3E+*constants%0D%0A%0D%0Aconstant+kSupportURL+%3D+%22http%3A%2F%2Fglx2help.ning.com%22%0D%0Aconstant+kRootURL+%3D+%22http%3A%2F%2Fwww.daniels-mara.com%2Fglx2%22%0D%0A%0D%0A--%3E+all+handlers%0D%0A%0D%0Aon+menuPick+pChosen%2CpPrevChosen%0D%0A++++local+tFilePath%0D%0A++++local+theComponentName%0D%0A++++%0D%0A++++switch+pChosen%0D%0A++++++++case+%22read+change+history%22%0D%0A++++++++++++put+the+filename+of+stack+%22revGLX2+code%22+into+tFilePath%0D%0A++++++++++++set+the+itemdel+to+%22%2F%22%0D%0A++++++++++++put+%22GLX2+Change+History.txt%22+into+item+-1+of+tFilePath%0D%0A++++++++++++set+the+itemdel+to+comma%0D%0A++++++++++++glx2ReadTextFile+tFilePath%0D%0A++++++++++++break%0D%0A++++++++case+%22check+for+latest+release...%22++%0D%0A++++++++++++put+%22scripts%22+into+theComponentName%0D%0A++++++++++++send+%22check4Updates+empty%2Cscripts%22+to+stack+%22revGLX2+updater%22%0D%0A++++++++++++break%0D%0A++++++++case+%22check+for+latest+beta...%22++%0D%0A++++++++++++put+%22scripts%22+into+theComponentName%0D%0A++++++++++++send+%22check4Updates+true%2C+scripts%22+to+stack+%22revGLX2+updater%22%0D%0A++++++++++++break%0D%0A++++++++case+%22support+site%22++%0D%0A++++++++++++glx2GoURL+kSupportURL%0D%0A++++++++++++break%0D%0A++++++++case+%22GLX2+Documentation%22+%0D%0A++++++++++++glx2GoURL+kRootURL+%26+%22%2Ffeatures%2F%22%0D%0A++++++++++++break%0D%0A++++++++case+%22Lessons%7CClairvoyance%22+%0D%0A++++++++++++glx2GoURL+kRootURL+%26+%22%2Ffeatures%2Flessons%2Fclairvoyance.html%22%0D%0A++++++++++++break%0D%0A++++++++case+%22Getting+Started%22++%0D%0A++++++++++++glx2GoURL+kRootURL+%26+%22%2Ffeatures%2Fgeneral%2Fgetting_started.html%22%0D%0A++++++++++++break%0D%0A++++++++case+%22Components%7CScript+Snapshot%22+%0D%0A++++++++++++glx2GoURL+kRootURL+%26+%22%2Ffeatures%2Fcomponents%2Fscript_snapshots.html%22%0D%0A++++++++++++break%0D%0A++++++++case+%22Components%7CScripts%22+%0D%0A++++++++++++glx2GoURL+kRootURL+%26+%22%2Ffeatures%2Fcomponents%2Fscripts.html%22%0D%0A++++++++++++break%0D%0A++++++++case+%22Components%7CCrumb+Bar%22+%0D%0A++++++++++++glx2GoURL+kRootURL+%26+%22%2Ffeatures%2Fcomponents%2Fcrumbs.html%22%0D%0A++++++++++++break%0D%0A++++++++case+%22Components%7CPreferences%22+%0D%0A++++++++++++glx2GoURL+kRootURL+%26+%22%2Ffeatures%2Fcomponents%2Fpreferences.html%22%0D%0A++++++++++++break%0D%0A++++++++case+%22Components%7CFind+%26+Replace%22+%0D%0A++++++++++++glx2GoURL+kRootURL+%26+%22%2Ffeatures%2Fcomponents%2Ffind_replace.html%22%0D%0A++++++++++++break%0D%0A++++++++case+%22Components%7CHandlers%22+%0D%0A++++++++++++glx2GoURL+kRootURL+%26+%22%2Ffeatures%2Fcomponents%2Fhandlers.html%22%0D%0A++++++++++++break%0D%0A++++++++case+%22Components%7CMenu+Bar%22+%0D%0A++++++++++++glx2GoURL+kRootURL+%26+%22%2Ffeatures%2Fcomponents%2Fmenubar.html%22%0D%0A++++++++++++break%0D%0A++++++++case+%22Lessons%7CDefault+Handlers%22+%0D%0A++++++++++++glx2GoURL+kRootURL+%26+%22%2Ffeatures%2Flessons%2Fdefault_handlers.html%22%0D%0A++++++++++++break%0D%0A++++++++case+%22Stop+Using+GLX2%22+%0D%0A++++++++++++glx2GoURL+kRootURL+%26+%22%2Ffeatures%2Fgeneral%2Fstop_using.html%22%0D%0A++++++++++++break%0D%0A++++++++case+%22About+GLX2...%22%0D%0A++++++++++++modal+stack+%22revGLX2+about%22%0D%0A++++++++++++break%0D%0A++++++++default+%0D%0A+++++++++++++%0D%0A++++end+SWITCH%0D%0Aend+menuPick%0D%0A" )</script>
</button>
