<button name="Revert" id="238016">
<traversalOn>false</traversalOn>
<ink>srcCopy</ink>
<threeD>true</threeD>
<hiliteBorder>false</hiliteBorder>
<blendLevel>0</blendLevel>
<rect>28,50,85,73</rect>
<mnemonic>0</mnemonic>
<armFill>false</armFill>
<visitedIcon>0</visitedIcon>
<showName>false</showName>
<showIcon>true</showIcon>
<hilited>false</hilited>
<sharedHilite>false</sharedHilite>
<shadow>false</shadow>
<textAlign>center</textAlign>
<armed>false</armed>
<menuMouseButton>1</menuMouseButton>
<id>238016</id>
<altId>0</altId>
<labelWidth>0</labelWidth>
<armedIcon>0</armedIcon>
<lockLoc>false</lockLoc>
<visited>false</visited>
<showHilite>false</showHilite>
<autoHilite>true</autoHilite>
<style>transparent</style>
<disabledIcon>238013</disabledIcon>
<armBorder>false</armBorder>
<name>button "Revert"</name>
<icon>238009</icon>
<layer>34</layer>
<visible>false</visible>
<cantSelect>false</cantSelect>
<borderWidth>2</borderWidth>
<menuLines>5</menuLines>
<margins>4,3,4,4</margins>
<opaque>false</opaque>
<shadowOffset>4</shadowOffset>
<default>false</default>
<hiliteFill>true</hiliteFill>
<showBorder>false</showBorder>
<hiliteIcon>238014</hiliteIcon>
<disabled>true</disabled>
<autoArm>false</autoArm>
<family>0</family>
<hoverIcon>238012</hoverIcon>
<showFocusBorder>false</showFocusBorder>
<menuHistory>1</menuHistory>
<custompropertyset name= "cGlx2TimeStamp">
</custompropertyset>
<script>urldecode( "--%3E+variables+%26+constants%0D%0A%0D%0Aglobal+gCurrentScript%0D%0A%0D%0A--%3E+all+handlers%0D%0A%0D%0AON+mouseUp+pMouseBtnNum%0D%0A++++send+%22glxRevertScript%22+to+me+in+10+millisecs%0D%0AEND+mouseUp%0D%0A" )</script>
</button>
