<button name="Import" id="1004">
<traversalOn>false</traversalOn>
<ink>srcCopy</ink>
<threeD>true</threeD>
<hiliteBorder>true</hiliteBorder>
<blendLevel>0</blendLevel>
<rect>14,14,96,37</rect>
<mnemonic>0</mnemonic>
<armFill>false</armFill>
<visitedIcon>0</visitedIcon>
<showName>true</showName>
<showIcon>false</showIcon>
<hilited>false</hilited>
<sharedHilite>true</sharedHilite>
<shadow>false</shadow>
<textAlign>center</textAlign>
<armed>false</armed>
<menuMouseButton>1</menuMouseButton>
<id>1004</id>
<altId>0</altId>
<labelWidth>0</labelWidth>
<armedIcon>0</armedIcon>
<lockLoc>false</lockLoc>
<visited>false</visited>
<showHilite>false</showHilite>
<autoHilite>true</autoHilite>
<style>standard</style>
<disabledIcon>0</disabledIcon>
<armBorder>true</armBorder>
<name>button "Import"</name>
<icon>0</icon>
<layer>5</layer>
<visible>true</visible>
<cantSelect>false</cantSelect>
<borderWidth>2</borderWidth>
<menuLines>5</menuLines>
<margins>4</margins>
<opaque>true</opaque>
<shadowOffset>4</shadowOffset>
<default>false</default>
<hiliteFill>true</hiliteFill>
<showBorder>true</showBorder>
<hiliteIcon>0</hiliteIcon>
<disabled>false</disabled>
<autoArm>false</autoArm>
<family>0</family>
<hoverIcon>0</hoverIcon>
<showFocusBorder>true</showFocusBorder>
<menuHistory>1</menuHistory>
<custompropertyset name= "cGlx2TimeStamp">
<checksum>urldecode( "x%C645%C6%BA%0F%9F4%2Cc%AA%95%89%DDV" )</checksum>
</custompropertyset>
<script>urldecode( "--%3E+all+handlers%0D%0A%0D%0Aon+mouseUp+pMouseBtnNo%0D%0A++++set+the+cursor+to+watch%0D%0A++++set+the+cPaneNames+of+grp+%22control+properties%22+of+stack+%22revGLX2+vab%22+to+the+cardnames+of+stack+%22revTemplatePalette%22%0D%0A++++put+the+number+of+controls+in+grp+%22control+properties%22+of+stack+%22revGLX2+vab%22+into+theNoControls%0D%0A++++lock+messages%0D%0A++++lock+screen%0D%0A++++repeat+with+theControlNo+%3D+theNoControls+down+to+2%0D%0A++++++++delete+control+theControlNo+of+grp+%22control+properties%22+of+stack+%22revGLX2+vab%22%0D%0A++++end+repeat%0D%0A++++unlock+screen%0D%0A++++if+the+optionkey+is+down+then%0D%0A++++++++exit+mouseUp%0D%0A++++end+if%0D%0A++++wait+1+secs%0D%0A++++lock+screen%0D%0A++++put+the+topleft+of+fld+%22control+title%22+of+stack+%22revGLX2+vab%22+into+theTopLeft%0D%0A++++put+the+bottomright+of+cd+1+of+stack+%22revGLX2+vab%22+into+theBottomRight%0D%0A++++put+theTopLeft+%26+comma+%26+theBottomRight+into+theGrpRect%0D%0A++++put+the+bottom+of+fld+%22control+title%22+of+stack+%22revGLX2+vab%22+%2B+5+into+item+2+of+theTopLeft%0D%0A++++subtract+10+from+item+1+of+theTopLeft%0D%0A++++put+the+number+of+cds+in+stack+%22revTemplatePalette%22+into+theNoCards%0D%0A++++put+the+script+of+stack+%22revTemplatePalette%22+into+theStackScript%0D%0A++++set+the+script+of+grp+%22control+properties%22+of+stack+%22revGLX2+vab%22+to+theStackScript%0D%0A++++repeat+with+theCdNo+%3D+1+to+theNoCards%0D%0A++++++++put+the+short+name+of+cd+theCdNo+of+stack+%22revTemplatePalette%22+into+theGrpName%0D%0A++++++++put+the+script+of+cd+theCdNo+of+stack+%22revTemplatePalette%22+into+theCdScript%0D%0A++++++++create+invisible+grp+theGrpName+in+grp+%22control+properties%22+of+stack+%22revGLX2+vab%22%0D%0A++++++++set+the+opaque+of+grp+theGrpName+of+grp+%22control+properties%22+of+stack+%22revGLX2+vab%22+to+false%0D%0A++++++++set+the+rect+of+grp+theGrpName+of+grp+%22control+properties%22+of+stack+%22revGLX2+vab%22+to+theGrpRect%0D%0A++++++++set+the+lockloc+of+grp+theGrpName+of+grp+%22control+properties%22+of+stack+%22revGLX2+vab%22+to+true%0D%0A++++++++set+the+margins+of+grp+theGrpName+of+grp+%22control+properties%22+of+stack+%22revGLX2+vab%22+to+zero%0D%0A++++++++set+the+script+of+grp+theGrpName+of+grp+%22control+properties%22+of+stack+%22revGLX2+vab%22+to+theCdScript%0D%0A++++++++put+the+number+of+controls+on+cd+theCdNo+of+stack+%22revTemplatePalette%22+into+theNoControls%0D%0A++++++++repeat+with+theControlNo+%3D+1+to+theNoControls%0D%0A++++++++++++if+the+name+of+control+theControlNo+of+cd+theCdNo+of+stack+%22revTemplatePalette%22+is+%22graphic%22+%26%26+quote+%26+%22Marqui%22+%26+quote+then%0D%0A++++++++++++++++next+repeat%0D%0A++++++++++++end+if%0D%0A++++++++++++put+the+id+of+control+theControlNo+of+cd+theCdNo+of+stack+%22revTemplatePalette%22+into+theID+%0D%0A++++++++++++if+theID+is+among+the+lines+of+theIDs+then%0D%0A++++++++++++++++--next+repeat%0D%0A++++++++++++end+if%0D%0A++++++++++++put+theID+%26+cr+after+theIDs%0D%0A++++++++++++copy+control+theControlNo+of+cd+theCdNo+of+stack+%22revTemplatePalette%22+to+grp+theGrpName+of+grp+%22control+properties%22+of+stack+%22revGLX2+vab%22%0D%0A++++++++++++put+the+left+of+control+theControlNo+of+cd+theCdNo+of+stack+%22revTemplatePalette%22+%2B+item+1+of+theGrpRect+into+theLeft%0D%0A++++++++++++put+the+top+of+control+theControlNo+of+cd+theCdNo+of+stack+%22revTemplatePalette%22+%2B+item+2+of+theGrpRect+%2B+10+into+theTop%0D%0A++++++++++++put+the+number+of+controls+in+grp+%22control+properties%22+of+stack+%22revGLX2+vab%22+into+theNewControlNo%0D%0A++++++++++++set+the+left+of+control+theNewControlNo+of+grp+%22control+properties%22+of+stack+%22revGLX2+vab%22+to+theLeft%0D%0A++++++++++++set+the+top+of+control+theNewControlNo+of+grp+%22control+properties%22+of+stack+%22revGLX2+vab%22+to+theTop%0D%0A++++++++++++if+word+1+of+the+name+of+control+theNewControlNo+of+of+grp+%22control+properties%22+of+stack+%22revGLX2+vab%22+is+%22group%22+then%0D%0A++++++++++++++++try%0D%0A++++++++++++++++++++set+the+backgroundbehavior+of+control+theNewControlNo+of+grp+%22control+properties%22+of+stack+%22revGLX2+vab%22+to+false%0D%0A++++++++++++++++catch+e%0D%0A++++++++++++++++++++put+e%0D%0A++++++++++++++++end+try%0D%0A++++++++++++end+if%0D%0A++++++++++++if+word+1+of+the+long+id+of+control+theControlNo+of+cd+theCdNo+of+stack+%22revTemplatePalette%22+is+%22group%22+then%0D%0A++++++++++++++++add+the+number+of+controls+in+control+theControlNo+of+cd+theCdNo+of+stack+%22revTemplatePalette%22+to+theControlNo%0D%0A++++++++++++end+if%0D%0A++++++++end+repeat%0D%0A++++end+repeat%0D%0A++++put+the+number+of+controls+in+grp+%22control+properties%22+of+stack+%22revGLX2+vab%22+into+theNoControls%0D%0A++++repeat+with+theControlNo+%3D+1+to+theNoControls%0D%0A++++++++if+word+1+of+the+name+of+control+theControlNo+of+grp+%22control+properties%22+of+stack+%22revGLX2+vab%22+is+%22button%22+then%0D%0A++++++++++++if+the+style+of+control+theControlNo+of+grp+%22control+properties%22+of+stack+%22revGLX2+vab%22+is+among+the+items+of+%22standard%2Cmenu%22+then%0D%0A++++++++++++++++set+the+textsize+of+control+theControlNo+of+grp+%22control+properties%22+of+stack+%22revGLX2+vab%22+to+11%0D%0A++++++++++++++++set+the+textstyle+of+control+theControlNo+of+grp+%22control+properties%22+of+stack+%22revGLX2+vab%22+to+plain%0D%0A++++++++++++++++set+the+textcolor+of+control+theControlNo+of+grp+%22control+properties%22+of+stack+%22revGLX2+vab%22+to+black%0D%0A++++++++++++end+if%0D%0A++++++++else+if+word+1+of+the+name+of+control+theControlNo+of+grp+%22control+properties%22+of+stack+%22revGLX2+vab%22+is+%22field%22+then%0D%0A++++++++++++if+the+showborder+of+control+theControlNo+of+grp+%22control+properties%22+of+stack+%22revGLX2+vab%22+is+true+and+%5C%0D%0A++++++++++++++++++++the+opaque+of+control+theControlNo+of+grp+%22control+properties%22+of+stack+%22revGLX2+vab%22+is+true+then%0D%0A++++++++++++++++set+the+textsize+of+control+theControlNo+of+grp+%22control+properties%22+of+stack+%22revGLX2+vab%22+to+11%0D%0A++++++++++++++++set+the+textstyle+of+control+theControlNo+of+grp+%22control+properties%22+of+stack+%22revGLX2+vab%22+to+plain%0D%0A++++++++++++++++set+the+textcolor+of+control+theControlNo+of+grp+%22control+properties%22+of+stack+%22revGLX2+vab%22+to+black%0D%0A++++++++++++end+if%0D%0A++++++++end+if%0D%0A++++end+repeat%0D%0A++++set+the+visible+of+grp+%22revButton%22+of+grp+%22control+properties%22+of+stack+%22revGLX2+vab%22+to+true%0D%0A++++unlock+messages%0D%0A++++unlock+screen%0D%0Aend+mouseUp%0D%0A" )</script>
</button>
