{"stackFileArray": {"Global_Governance_Person_Menu": "controllers/Global_Governance_Person_Menu.livecodescript","behavior_ViewGovernancePerson": "behaviors/behavior_ViewGovernancePerson.livecodescript"},"Global Menus": {"Global | Governance | Person | Menu": {"mController": "stack \"/Users/BabyBlue/Desktop/git-repos/lcw_Governance/modules/View_Governance_Person/controllers/Global_Governance_Person_Menu.livecodescript\"","gMenuTable": "Person Type\tmenu_PersonType subMenuPath, mTarget\tstack \"Global_Governance_Person_Menu\"\tGlobal | Governance | Person | Menu\t\tcustom submenu\tsome_Types\tsome_Type\tPerson Type\n-\nBurn Image\tmenu_BurnImage mTarget\tstack \"Global_Governance_Person_Menu\"\tGlobal | Governance | Person | Menu\tdisabled_BurnImage\t\t\t\tBurn Image\nRestore Image File\tmenu_RestoreImageFile mTarget\tstack \"Global_Governance_Person_Menu\"\tGlobal | Governance | Person | Menu\tdisabled_RestoreImageFile\t\t\t\tRestore Image File\nSize Image\tmenu_SizeImage subMenuPath, mTarget\tstack \"Global_Governance_Person_Menu\"\tGlobal | Governance | Person | Menu\t\tcustom submenu\tsome_Sizes\tsome_Size\tSize Image\n-\nChoose Image\tmenu_ChooseImage subMenuPath, mTarget\tstack \"Global_Governance_Person_Menu\"\tGlobal | Governance | Person | Menu\t\tfixed\tsubmenu_Fixed[menu_ChooseImage]\tchoose_How\tChoose Image\n-\nShow Rounded\tmenu_ShowRounded subMenuPath, mTarget\tstack \"Global_Governance_Person_Menu\"\tGlobal | Governance | Person | Menu\t\tboolean\tsubmenu_Boolean\tshow_Rounded\tShow Rounded\nShow Image\tmenu_ShowImage subMenuPath, mTarget\tstack \"Global_Governance_Person_Menu\"\tGlobal | Governance | Person | Menu\t\tboolean\tsubmenu_Boolean\tshow_Image\tShow Image\nShow Image Border\tmenu_ShowImageBorder subMenuPath, mTarget\tstack \"Global_Governance_Person_Menu\"\tGlobal | Governance | Person | Menu\t\tboolean\tsubmenu_Boolean\tshow_ImageBorder\tShow Image Border\n-\nResize Graphic\tmenu_ResizeGraphic subMenuPath, mTarget\tstack \"Global_Governance_Person_Menu\"\tGlobal | Governance | Person | Menu\t\tboolean\tsubmenu_Boolean\tresize_Graphic\tResize Graphic\nResize Quality\tmenu_ResizeQuality subMenuPath, mTarget\tstack \"Global_Governance_Person_Menu\"\tGlobal | Governance | Person | Menu\tdisabled_ResizeQuality\tcustom submenu\tsome_Qualities\tsome_Quality\tResize Quality\nConstrain Graphic\tmenu_ConstrainGraphic subMenuPath, mTarget\tstack \"Global_Governance_Person_Menu\"\tGlobal | Governance | Person | Menu\t\tboolean\tsubmenu_Boolean\tconstrain_Graphic\tConstrain Graphic\n-\nImage\t\tstack \"Global_Governance_Person_Menu\"\tGlobal | Governance | Person | Menu\t\tsubmenu\tGlobal | Image | Menu\tstack \"Global_Governance_Person_Menu\"\tImage\n-\nDev\t\tstack \"Global_Governance_Person_Menu\"\tGlobal | Governance | Person | Menu\t\tsubmenu\tDev | Menu\tstack \"Global_Governance_Person_Menu\"\tDev"}}}