<group name="tab bg" id="125308">
<traversalOn>true</traversalOn>
<ink>srcCopy</ink>
<dontSearch>false</dontSearch>
<threeD>true</threeD>
<scrollbarWidth>20</scrollbarWidth>
<blendLevel>0</blendLevel>
<rect>163,28,306,53</rect>
<showName>false</showName>
<colors>urldecode( "255%2C255%2C255%0D%0A%0D%0A%0D%0A%0D%0A%0D%0A%0D%0A%0D%0A" )</colors>
<hScroll>0</hScroll>
<backgroundBehavior>true</backgroundBehavior>
<cantDelete>false</cantDelete>
<vScrollbar>false</vScrollbar>
<tabGroupBehavior>false</tabGroupBehavior>
<hScrollbar>false</hScrollbar>
<id>125308</id>
<altId>0</altId>
<radioBehavior>true</radioBehavior>
<lockLoc>true</lockLoc>
<name>group "tab bg"</name>
<layer>61</layer>
<visible>true</visible>
<cantSelect>false</cantSelect>
<borderWidth>2</borderWidth>
<margins>0</margins>
<opaque>false</opaque>
<showBorder>false</showBorder>
<disabled>false</disabled>
<vScroll>0</vScroll>
<hilitedButton>0</hilitedButton>
<custompropertyset name= "cGlx2TimeStamp">
<checksum>urldecode( "%99d%F3%0D%3F%B3%BE%7D%16%25%84C%5B%17%0B%05" )</checksum>
</custompropertyset>
<script>urldecode( "--%3E+all+handlers%0D%0A%0D%0Aon+mouseEnter%0D%0A++++set+the+tooltip+of+me+to+empty%0D%0Aend+mouseEnter%0D%0A" )</script>
</group>
