<image name="gray-edit.png" id="1105">
<traversalOn>false</traversalOn>
<palindromeFrames>false</palindromeFrames>
<ink>srcCopy</ink>
<threeD>true</threeD>
<blendLevel>0</blendLevel>
<rect>264,341,280,357</rect>
<angle>0</angle>
<yHot>1</yHot>
<id>1105</id>
<altId>0</altId>
<frameCount>0</frameCount>
<constantMask>false</constantMask>
<lockLoc>false</lockLoc>
<repeatCount>0</repeatCount>
<size>814</size>
<name>image "gray-edit.png"</name>
<hotSpot>1,1</hotSpot>
<alwaysBuffer>true</alwaysBuffer>
<layer>42</layer>
<dontDither>false</dontDither>
<visible>false</visible>
<cantSelect>false</cantSelect>
<borderWidth>2</borderWidth>
<opaque>false</opaque>
<currentFrame>1</currentFrame>
<showBorder>false</showBorder>
<disabled>false</disabled>
<xHot>1</xHot>
<showFocusBorder>true</showFocusBorder>
<custompropertyset name= "cGlx2TimeStamp">
</custompropertyset>
<imagedata>urldecode( "%00%7B%7B%7B%00%7B%7B%7B%00%7B%7B%7B%00%7B%7B%7B%00%7B%7B%7B%00%7B%7B%7B%00%7B%7B%7B%00%7B%7B%7B%00%7B%7B%7B%00%7B%7B%7B%00%7B%7B%7B%00%7B%7B%7B%00%7B%7B%7B%00%7B%7B%7B%00%7B%7B%7B%00%7B%7B%7B%00%7B%7B%7B%00%7B%7B%7B%00ZZZ%00ZZZ%00%5D%5D%5D%00%5E%5E%5E%00%5B%5B%5B%00XXX%00fff%00%7B%7B%7B%00%7B%7B%7B%00mmm%00___%00RRR%00SSS%00%7B%7B%7B%00%7B%7B%7B%00nnn%00rrr%00PPP%00MMM%00PPP%00OOO%00QQQ%00VVV%00PPP%00%AC%AC%AC%00%8A%8A%8A%00%9A%9A%9A%00hhh%00RRR%00%7B%7B%7B%00%7B%7B%7B%00%8F%8F%8F%00%B4%B4%B4%00yyy%00bbb%00%5D%5D%5D%00zzz%00sss%00mmm%00VVV%00%C7%C7%C7%00%AB%AB%AB%00%95%95%95%00sss%00SSS%00%7B%7B%7B%00%7B%7B%7B%00%89%89%89%00%DB%DB%DB%00%E2%E2%E2%00%B6%B6%B6%00%AD%AD%AD%00%9C%9C%9C%00%9D%9D%9D%00%A8%A8%A8%00%A7%A7%A7%00%AF%AF%AF%00%D1%D1%D1%00%88%88%88%00ggg%00%5D%5D%5D%00%7B%7B%7B%00%7B%7B%7B%00%82%82%82%00%E8%E8%E8%00%F4%F4%F4%00%C4%C4%C4%00%F3%F3%F3%00%EE%EE%EE%00%EA%EA%EA%00%B5%B5%B5%00%DB%DB%DB%00%E6%E6%E6%00%8E%8E%8E%00ggg%00ooo%00%7B%7B%7B%00%7B%7B%7B%00%7B%7B%7B%00yyy%00%EB%EB%EB%00%FD%FD%FD%00%C4%C4%C4%00%F5%F5%F5%00%F3%F3%F3%00%BA%BA%BA%00%CD%CD%CD%00%E3%E3%E3%00%BA%BA%BA%00zzz%00kkk%00%7B%7B%7B%00%7B%7B%7B%00%7B%7B%7B%00%7B%7B%7B%00sss%00%E3%E3%E3%00%F9%F9%F9%00%C4%C4%C4%00%F9%F9%F9%00%C8%C8%C8%00%C3%C3%C3%00%E6%E6%E6%00%C1%C1%C1%00%7F%7F%7F%00jjj%00%7B%7B%7B%00%7B%7B%7B%00%7B%7B%7B%00%7B%7B%7B%00%7B%7B%7B%00mmm%00%D7%D7%D7%00%F1%F1%F1%00%B9%B9%B9%00%EF%EF%EF%00%A5%A5%A5%00%E7%E7%E7%00%C9%C9%C9%00%86%86%86%00ddd%00%00%00%00%00%7B%7B%7B%00%7B%7B%7B%00%7B%7B%7B%00%7B%7B%7B%00%7B%7B%7B%00jjj%00%D1%D1%D1%00%F6%F6%F6%00%B7%B7%B7%00%EE%EE%EE%00%98%98%98%00%91%91%91%00%83%83%83%00kkk%00zzz%00%7B%7B%7B%00%7B%7B%7B%00%7B%7B%7B%00%7B%7B%7B%00%7B%7B%7B%00%7B%7B%7B%00hhh%00%C4%C4%C4%00%FC%FC%FC%00%C2%C2%C2%00%E4%E4%E4%00JJJ%00jjj%00%A5%A5%A5%00%D6%D6%D6%00sss%00%7B%7B%7B%00%7B%7B%7B%00%7B%7B%7B%00%7B%7B%7B%00%7B%7B%7B%00%7B%7B%7B%00ggg%00%B7%B7%B7%00%F0%F0%F0%00%B3%B3%B3%00%DD%DD%DD%00%C4%C4%C4%00%F6%F6%F6%00%E7%E7%E7%00%DC%DC%DC%00ooo%00%7B%7B%7B%00%7B%7B%7B%00%7B%7B%7B%00%7B%7B%7B%00%7B%7B%7B%00%7B%7B%7B%00fff%00%AF%AF%AF%00%F2%F2%F2%00%B1%B1%B1%00%EB%EB%EB%00%DC%DC%DC%00%E8%E8%E8%00%F3%F3%F3%00%E5%E5%E5%00lll%00%7B%7B%7B%00%7B%7B%7B%00%7B%7B%7B%00%7B%7B%7B%00%7B%7B%7B%00%7B%7B%7B%00fff%00%A8%A8%A8%00%FF%FF%FF%00%BE%BE%BE%00%D5%D5%D5%00%AE%AE%AE%00%92%92%92%00yyy%00jjj%00xxx%00%7B%7B%7B%00%7B%7B%7B%00%7B%7B%7B%00%7B%7B%7B%00%7B%7B%7B%00%7B%7B%7B%00ddd%00www%00%82%82%82%00hhh%00iii%00hhh%00%5D%5D%5D%00%7B%7B%7B%00%7B%7B%7B%00%7B%7B%7B%00%7B%7B%7B%00%7B%7B%7B%00%7B%7B%7B%00%7B%7B%7B%00%7B%7B%7B%00%7B%7B%7B%00%7B%7B%7B%00%7B%7B%7B%00%7B%7B%7B%00%7B%7B%7B%00%7B%7B%7B%00%7B%7B%7B%00%7B%7B%7B%00%7B%7B%7B%00%7B%7B%7B%00%7B%7B%7B%00%7B%7B%7B%00%7B%7B%7B%00%7B%7B%7B%00%7B%7B%7B%00%7B%7B%7B" )</imagedata>
</image>
