<group name="news widget" id="714264">
<traversalOn>true</traversalOn>
<ink>srcCopy</ink>
<dontSearch>false</dontSearch>
<threeD>true</threeD>
<scrollbarWidth>20</scrollbarWidth>
<blendLevel>0</blendLevel>
<rect>16,87,32766,345</rect>
<showName>false</showName>
<colors>urldecode( "255%2C255%2C255%0D%0A%0D%0A%0D%0A0%2C102%2C204%0D%0A%0D%0A%0D%0A%0D%0A" )</colors>
<hScroll>0</hScroll>
<backgroundBehavior>false</backgroundBehavior>
<cantDelete>false</cantDelete>
<vScrollbar>false</vScrollbar>
<tabGroupBehavior>false</tabGroupBehavior>
<hScrollbar>false</hScrollbar>
<id>714264</id>
<altId>0</altId>
<radioBehavior>false</radioBehavior>
<textStyle>plain</textStyle>
<lockLoc>false</lockLoc>
<name>group "news widget"</name>
<layer>151</layer>
<visible>true</visible>
<cantSelect>false</cantSelect>
<borderWidth>2</borderWidth>
<margins>4</margins>
<opaque>false</opaque>
<showBorder>false</showBorder>
<textSize>10</textSize>
<disabled>false</disabled>
<textFont>arial</textFont>
<vScroll>0</vScroll>
<hilitedButton>0</hilitedButton>
<custompropertyset name= "cGlx2General">
<cHscrollScript>0</cHscrollScript>
<cHscrollHandlers>0</cHscrollHandlers>
<cSelectedChunk>char 7106 to 7105</cSelectedChunk>
<cHtmlScript>urldecode( "%1F%8B%08%00%00%00%00%00%00%03%BDXKo%DC6%10%3E%C7%BF%82%D0%21%B0ao%11%3Bm%0FF%DBCa%C3%09%EA%B8%85%9B%A6%3D%F4BI%A3%15%1BJ%14Hj%D7%1B%F4%C7wHJZR%AF%DD%F5%BAY%C0%F6Z%9A%F9%E6%F5%CD%F0%B1X%FCD%28%E7%24%A7e%CAA%AA%93%13Q%92%25%7F%BA%BAU%09%AD%E0%17%D8%9C%10%FC%B0%8C%E8%1C%C8%8A%29%16s+%22%23K%29%EA%8AD%AA%A2%09%28%92r%B1%8C%08SD%CB%1A%8Chi%D5%CCGA%99%92%A8%10%B5%82%3F%AA%88hA%E2Zk%B4%12%25%B4L%80%13%0B%11M%60Z%18%83%C0%B2%13%F3%27t%EDd%B1X%FC%8B%3F%5B%AFK%0D%F2%7Fu%3A%05%0E%1A%F6p%DA%7C%24%E8Z%A2%12%3C1%3D%1EJ%EBo%10%89%B5%FBA%AC%C0%0F%C3%3E%E4%221%0E%97B%935%D39%2B%ED%2B%09%896%AE%B0%82.%81D%EC%9B%AA%5C%FA%BE%AD%85%FCL%1A%07sQ%C0%26%EAG%AB-N%26%10Ip%21%9D.%ADr%96%90K%0F%88%95%99%D8%05%2C%C8%DF%1Dp%FB1%E01M%3E%1F%09%DE%CF%E06O%C3%F4%DD%88u%E9%A7%2Fg%9CiH%0D%7E%5BJH%99%B6%C8%93%24%E0%98%D8%02F%CDZ%FC%C0l+%7E%18%F7%C2%8Ca%2B%0E*%3ER%ED1%C0%C0%7F%C3%BA%D1+%CCW%C4%C5%EC%26%12%E0%D845%9APR%8C4%D0%94P%60qZf%A0rF%B9%EAi%3B%B7%8C%EA%B8%DA6%9A%AD%EF%9EU%95%8Bu%2Cd%0D%0A%96V%05%CCXiY%1E%AA%CC2%D9%22%ED%01%82vQ%DA%A4f%CC%5D%EF%2B%F2%3E%26M1Z%A8%E4O%96.A%7F%14%D5%3Dd%FA%01%D6%CA%40b%B9%15Q%1A%9B%C6B%E7%C6B%C5Q%C0%D9%3B%D9N%29%C5%8A%0F%86%29v%96D%9D4%95%08j%C5%EA%D2%2F%B6%D1%E9H1%18%A0%8F%90IP%F9%3B%93%02%92%8AO%B8%240Q%AA%8FB%B4%AC%A1%DC%E0%3F%C2%EA%9E%95%F00%7ClTf%5E%21Z%FFy%E2%DC%7CaZ%DA%F1%8A26%14W%07%BF%98%E6%F5%0DS%15%A7%1BOb%5B%A9%AAv%D5%A1q%2CIJq%E4%B3%12S%CB127%B52%06%3C%0D%88%13y%A5%B1%BF%16%0Brw%FF%D7%D5%B5%FF%C4%E0%3A%82Z%BCa%8A%DB%B0%837%E3%21%92%EE%1BZj%1D%E6%A2%5C%12fS%E5%E8%83%FD%B42n%E0%E0X2%A5%25%D5%08%1A9%F3%A8%F0%BB%11%FA5%FE%07%CB%F0%FE%A6%0F%B8%A2%BC%86%D3%08%99t%FBT1%A7z%83%C98%3D%8B.%FA%BAg%1D%24%CA%1A%21%1F%CC%D5%B1ya%A2%81%A2%D2%9B0%9C%C6ft%CF%12%281A%D6%24%A4%D1%1C%AE%ABX%90%08%09X%D4%04%D7%C1%A2H%D3%0D6%B2%99%9D%81%F5%92d3%A5%F3%5C1%D5%16Y%86%9Dz%AA%B1q_%9B%95%DC%F8%A4%AEIt1%81%11%A4%C1k%84%7E%22%DC%ABv5%FF%02R%8Cf%23%F0%1Bq%D1%60J%16W%A6%CD%17%96%87%96%91%01%A4%21%E7%EE%F8z%F3tw%E8I-%25%94z%AF%D0%EF%B0%BBz%83+%88%3F%7C%BF3%09%D1*B%0Fl%E8%5E%E4%D6%8B%95k%92h%84%EF4%16%B5%DE%B2%E7%8Er%FA%B4%F1gP%98%E6%E0%BD%97%EC%91%5C%F7%DC%7FV%C2I%2F%2Bf+%BD%A3%2Bx%FF%5B%22%CA%12%3B%EA%F4l%8F%AEwK%40%5D%99%09e%96%0E%B7%96%D8U%A0%97%0D%27%23M%3E%C8%E5%9B7%A4%60%9C3%05%89%9A%82%FB%194%3D%16%F2%C0%09%E5%01%1E4%9C%EEQK%E9%A6t%0Fb%7E%3Aub%BB%29%CF-.N%14%0ET%C1%5E%CCw%AE%3C%3A%8D%29%FA%8F%08%CD%F6%40s%E8h%E9%E7%D4M%7D%26%ED%B8A%EA%DCo%84%AE%B1%87%5E%07%09%F0H%7E9%24%F9%98%93%CFb%3A%3E%F9%9A40y%D9%93%0D%0A%81%E8%DEt%88Q%EB%00.%CC%D6%C9%E7%C3%40p%F7%5Cl*l4%BB%F2%06A%EDS%E2%A1%DD%E3%07%9A%7B%F7%EA%D5%B8%90%F7%B0%DD%28%3D%DE%7E%BA%0E%B6%C5%EB%5Cp%28%A8Nr%DC%92%FB%BB%EB%5Em%0Ck%04%AF%ED%A6fwI%C2%7D%EB%94%AD%ED%BE%FF%B9K%E1%85o%2B0%DF%5B%16%1D%01%82%E7%D3e%A7i%1A%04A%A6P%5B%D7%DD%C2iO%A2%CD%BA%86%1C%89%E2%9A%F1%B4%A5%0B%B1%FF%95u%11%E3Y%A6%E7%A7%BFP6m%BB%7D3%BFD%86%11%ED%DC%2F%F7%19%D1%0E%89%F6%B0%3B%91f%CF%E1%E6%14a%14%F1%A8P%B8Mz%F3%86%9C%B7%F7%1BXd%3CG%ACY%8A%5BB%7C%9F%E4T%FA%8D1%E9%249%FF%DE%D9%B2%D8o%3D%EC%D0%EAUh%F540%9B%03%5B%E6%FA+%BBg%E7o%3D%BB%DF%F6%ED%22%7B%06%0E%91%1F%9CY%D9%1AC%EF%17%B8%3E%9F%85%5C%EA2%DC%13%9B%0B%D3%ABR%DB%3A%5D%81%263%D7%2BP_q%29%93%EE%12%A3%A0%EAs%A8%D6%89%85%F7*%1A%9EvX%1D%3Fb%E4%2C%05%B4%E8%DF6y3%CD%1C%EAI%AC%F1pi%1Am%3DE%D0%E1y%BA%7Fr%1E%B9%98%0CN%A2%FDS%AE%B7*6%8D%D8t%92%9A9%ACt%DC%7F%10%A6%CBT%8B%D4%26%D8%E4H%B1%2F0%CA%B7%E9Z%D9%AC%8Dau%97w%2F%0D%0A6%A3%BC%CEYs%D8s%A7%3A%A0%BA%3B%CB5s%E5G%E7G%2F%09%5EJ%27W%BE%5D%0B%9Dw%DC%DFG%7C%B02%E3%D7%08w%0D%0A%E6J%F5y%28m%B6%EC%A5%AE%12%B5L%FCJ%1E%14J%D3Jn%AF%C5%8A%25%1E%8DYY%2B%A2%0D%0As%F5%FF%9D%15KP%D5%99%8A%C6%BC%B0d%CAY%A6%8F%F0%E1r%12Xo%DC%1D%E9%F3%AB%85*Q%2CpUk%F9b%DA%D2q%A6%7D2%DD%FB%C6%9D%99%D6%1F%EF%F7mG%0F%9A%7Dp%AF%D4%5Dv%F9%2C%9D%9A%04%5B%3F%83%AB%DD%C0%DDFftr%06%EB%E7%D88%99%9E%99%23%03e%B4N%B3%C3%DE%AB%C3%A8%F2%FEkn0%40%F6%1Ak%87CMO%B5%23%B0%E6%F3c%E7%DAK%25%28d%FD%21S%D2%DDE%7E%D5%01%B9X%BC%7C%DB%9B%F8%27%9A%7E%EE%B2%7E%BB%C5o%BB%7Fj4%D8%5E%3Bh4%F8%FD%FF%1F%D7%81%3A%99a%1D%00%00" )</cHtmlScript>
<cHandlersListWidth>177</cHandlersListWidth>
<cHtmlHandlers>urldecode( "%1F%8B%08%00%00%00%00%00%00%03%9D%CE%BD%0D%0A%C20%14%05%E0%DD%A7%08%15%5CC%8D%0D%0A%C1%98%A9%82+.%BEAL%AFm+%7F%E4%A6j%DF%DE%EA%E0%E0d%5C%CEp8%1F%1C%11%A5%B8H%81%C3%14%C6u%04%93%DEU%8C%B1%9A%F1J%0D%0A%FA%EA%89%B2%96%F4%CA%B7%16%12%0D%0A%3A%0Di%943%11%E5b%CE%B7_r%5Do%F8%8A%7Ddg%1F%CB%C6%60%B4j%3C%04%07c%99%DC%B7%26%FF%C3%7C%86t%2CV%A8U%84bv%86k%02%EC%0Bo%BA0+4%E1%EE%0B%C9%29%DC%E0w%82%60Ag%F7%16Os%B9%21%D8%E8%01%00%00" )</cHtmlHandlers>
<cDirtyFlag>false</cDirtyFlag>
<cFolders>all handlers</cFolders>
<cHandlers>urldecode( "glx2DisplayHomey%0D%0Aglx2EditHomey%0D%0Aglx2EnterKey%0D%0Aglx2EscapeKey%0D%0Aglx2RefreshHomey%0D%0AmouseDown%0D%0AmouseMove%0D%0Aselectme" )</cHandlers>
<cVscrollScript>2374</cVscrollScript>
<cVscrollHandlers>0</cVscrollHandlers>
<cHilitedLine>2</cHilitedLine>
</custompropertyset>
<custompropertyset name= "cGlx2TimeStamp">
<xml_num_1285171878>working</xml_num_1285171878>
<xml_num_1285172026>working</xml_num_1285172026>
<xml_num_1285171998>working</xml_num_1285171998>
<checksum>urldecode( "%7C%0D%0A%C0%E8w%CF%B4%07c%3C%11%C7%CB%DB%CA%97" )</checksum>
<xml_num_1285172063>working</xml_num_1285172063>
<xml_num_1285172099>working</xml_num_1285172099>
<xml_num_1285171615>working</xml_num_1285171615>
<xml_num_1285172147>working</xml_num_1285172147>
<xml_num_1285172151>start</xml_num_1285172151>
<xml_num_1285171545>working</xml_num_1285171545>
<xml_num_1285171897>working</xml_num_1285171897>
<xml_num_1285171468>start</xml_num_1285171468>
<xml_num_1285171984>working</xml_num_1285171984>
<xml_num_1285171833>start</xml_num_1285171833>
<xml_num_1285172132>working</xml_num_1285172132>
<xml_num_1285172053>working</xml_num_1285172053>
<xml_num_1285172140>start</xml_num_1285172140>
</custompropertyset>
<script>urldecode( "--%3E+all+handlers%0D%0A%0D%0Aon+glx2EscapeKey%0D%0A++++if+the+visible+of+group+%22spaces+dlog%22+is+true+then%0D%0A++++++++send+%22mouseUp%22+to+button+%22cancel+space%22+of+group+%22spaces+dlog%22%0D%0A++++end+if%0D%0Aend+glx2EscapeKey%0D%0A%0D%0A---%7C---%0D%0A%0D%0Aon+glx2EnterKey%0D%0A++++if+the+visible+of+group+%22spaces+dlog%22+is+true+then%0D%0A++++++++send+%22mouseUp%22+to+button+%22delete+space%22+of+group+%22spaces+dlog%22%0D%0A++++++++return+%22exit%22%0D%0A++++end+if%0D%0Aend+glx2EnterKey%0D%0A%0D%0A---%7C---%0D%0A%0D%0Aon+mouseMove%0D%0A++++if+the+mouseloc+is+not+within+the+rect+of+image+%22i.png%22+of+group+%22work+spaces+homey%22+then%0D%0A++++++++set+the+forecolor+of+graphic+1+of+group+%22info%22+of+group+%22work+spaces+homey%22+to+%5C%0D%0A++++++++++++++++the+backcolor+of+graphic+1+of+group+%22info%22+of+group+%22work+spaces+homey%22%0D%0A++++end+if%0D%0Aend+mouseMove%0D%0A%0D%0A---%7C---%0D%0A%0D%0Aon+mouseDown%0D%0A++++if+the+hilited+of+button+%22edit+home%22+is+true+then%0D%0A++++++++selectme%0D%0A++++end+if%0D%0Aend+mouseDown%0D%0A%0D%0A---%7C---%0D%0A%0D%0Aon+selectme%0D%0A++++if+the+visible+of+group+%22spaces+dlog%22+is+true+%5C%0D%0A++++++++++++and+the+mouseloc+is+within+the+rect+of+group+%22spaces+dlog%22+then%0D%0A++++++++exit+selectme%0D%0A++++end+if%0D%0A++++lock+screen%0D%0A++++if+the+hilited+of+button+%22edit+home%22+is+true+then%0D%0A++++++++if+the+enabled+of+button+%22remove+homey%22+is+false+then%0D%0A++++++++++++enable+button+%22remove+homey%22%0D%0A++++++++end+if%0D%0A++++++++if+the+showborder+of+me+is+false+then%0D%0A++++++++++++set+the+showborder+of+group+%22work+spaces+homey%22+to+false%0D%0A++++++++++++set+the+showborder+of+me+to+true%0D%0A++++++++end+if%0D%0A++++end+if%0D%0A++++grab+me%0D%0A++++set+the+cWidgetTopLeftNews+of+this+stack+to+the+topleft+of+me%0D%0A++++send+%22simMouseEnter%22+to+the+target%0D%0A++++unlock+screen%0D%0Aend+selectme%0D%0A%0D%0A---%7C---%0D%0A%0D%0Aon+glx2RefreshHomey+doVersionsToo%0D%0A++++local+theRevLineNo%0D%0A++++local+theRevVersLineNo%0D%0A++++local+theRevVersion%0D%0A++++local+theRect%0D%0A++++%0D%0A++++lock+screen%0D%0A++++if+the+hilited+of+button+%22edit+home%22+is+true+then%0D%0A++++++++glx2EditHomey%0D%0A++++else%0D%0A++++++++glx2DisplayHomey%0D%0A++++end+if%0D%0A++++put+the+abbr+date+into+line+1+of+field+%22work+spaces%22+of+me%0D%0A++++%0D%0A++++--+GLX2%3A%0D%0A++++%0D%0A++++--put+false+into+doVersionsToo%0D%0A++++%0D%0A++++if+doVersionsToo+is+true+then%0D%0A+++++++++%0D%0A++++++++--+put+the+long+id+of+stack+%22revGLX2+registration%22+into+theStackObjectID%0D%0A++++++++--+put+value%28%22getExpirationDate%28%29%22%2CtheStackObjectID%29+into+theExpDate%0D%0A++++++++--+if+theExpDate+is+empty+then%0D%0A++++++++--+put+%22License+Expired%22+into+theExpDate%0D%0A++++++++--+end+if+%0D%0A++++++++--+replace+%22mmddyy%22+with+theExpDate+in+fld+%22work+spaces%22+of+me%0D%0A++++++++--+put+lineoffset%28tab+%26+%22expires%3A+%22%2Cfld+%22work+spaces%22+of+me%29+into+theExpLineNo%0D%0A++++++++--+if+theExpLineNo+is+not+zero+then%0D%0A++++++++--+put+theExpDate+into+word+-2+to+-1+of+line+theExpLineNo+of+fld+%22work+spaces%22+of+me%0D%0A++++++++--+end+if%0D%0A++++++++%0D%0A++++++++--+put+lineoffset%28tab+%26+%22current%3A+%22%2Cfld+%22work+spaces%22+of+me%29+into+theGlx2VersLineNo%0D%0A++++++++--+if+theGlx2VersLineNo+is+not+zero+then%0D%0A++++++++--+put+%22v%22+%26+word+2+to+-1+of+fld+%22version%22+of+stack+%22revGLX2+about%22+into+theGalaxyVersion%0D%0A++++++++--+put+theGalaxyVersion+into+word+2+to+-1+of+line+theGlx2VersLineNo+of+fld+%22work+spaces%22+of+me%0D%0A++++++++--+end+if%0D%0A+++++++++%0D%0A++++++++--+if+glx2HaveIPconnect%28%29+is+true+then%0D%0A+++++++++%0D%0A++++++++--+send+%22updateNewsWidget%22+to+stack+%22revGLX2+updater%22+in+100+millisecs%0D%0A++++++++--+send+%22updateBetaNewsWidget%22+to+stack+%22revGLX2+updater%22+in+100+millisecs%0D%0A+++++++++%0D%0A++++++++--+put+the+long+id+of+stack+%22revGLX2+updater%22+into+theStackObjectID%0D%0A++++++++--+put+value%28%22getLatestVersionNo%28%29%22%2CtheStackObjectID%29+into+theVersionNo%0D%0A++++++++--+put+lineoffset%28tab+%26+%22latest+release%3A+%22%2Cfld+%22work+spaces%22+of+me%29+into+theLatestReleaseLineNo%0D%0A++++++++--+if+theLatestReleaseLineNo+is+not+zero+then%0D%0A++++++++--+delete+line+theLatestBetaReleaseLineNo%0D%0A++++++++--+put+%22Latest+Release%3A%22+%26%26+theVersionNo+into+word+1+to+-1+of+line+theLatestReleaseLineNo+of+fld+%22work+spaces%22+of+me%0D%0A++++++++--+end+if%0D%0A++++++++--+%0D%0A++++++++--+put+the+long+id+of+stack+%22revGLX2+updater%22+into+theStackObjectID%0D%0A++++++++--+put+value%28%22getLatestBetaVersionNo%28%29%22%2CtheStackObjectID%29+into+theBetaVersionNo%0D%0A++++++++--+put+lineoffset%28tab+%26+%22latest+beta%3A+%22%2Cfld+%22work+spaces%22+of+me%29+into+theLatestBetaReleaseLineNo%0D%0A++++++++--+if+theLatestBetaReleaseLineNo+is+not+zero+then%0D%0A++++++++--+put+%22Latest+Beta%3A%22+%26%26+theBetaVersionNo+into+word+1+to+-1+of+line+theLatestBetaReleaseLineNo+of+fld+%22work+spaces%22+of+me%0D%0A++++++++--+end+if%0D%0A+++++++++%0D%0A++++++++--+end+if%09%09+end+if%0D%0A+++++++++%0D%0A++++end+if%0D%0A++++%0D%0A++++--+REV%3A%0D%0A++++set+the+wholematches+to+true%0D%0A++++put+lineoffset%28%22revolution%22%2Cfld+%22work+spaces%22+of+me%29+into+theRevLineNo%0D%0A++++set+the+wholematches+to+false%0D%0A++++put+lineoffset%28tab+%26+%22current%3A+%22%2Cfld+%22work+spaces%22+of+me%2CtheRevLineNo%29+into+theRevVersLineNo%0D%0A++++if+theRevVersLineNo+is+not+zero+then%0D%0A++++++++add+theRevLineNo+to+theRevVersLineNo%0D%0A++++++++put+%22v%22+%26+the+version+%26%26+%22build%22+%26%26+the+buildnumber+into+theRevVersion%0D%0A++++++++put+theRevVersion+into+word+2+to+-1+of+line+theRevVersLineNo+of+field+%22work+spaces%22+of+me%0D%0A++++end+if%0D%0A++++%0D%0A++++put+the+rect+of+fld+%22work+spaces%22+of+me+into+theRect%0D%0A++++put+item+1+of+theRect+%2B+the+formattedwidth+of+char+1+to+-1+of+field+%22work+spaces%22+of+me+%2B6+into+item+3+of+theRect%0D%0A++++put+item+2+of+theRect+%2B+%28the+formattedheight+of+char+1+to+-1+of+field+%22work+spaces%22+of+me%29%2B3+into+item+4+of+theRect%0D%0A++++if+item+3+of+theRect+%3C+%28the+right+of+me+-+10%29+then%0D%0A++++++++put+the+right+of+me+-+10+into+item+3+of+theRect%0D%0A++++end+if%0D%0A++++set+the+rect+of+field+%22work+spaces%22+of+me+to+theRect%0D%0A++++set+the+rect+of+grc+%22spaces+mask%22+of+me+to+the+rect+of+me%0D%0A++++if+the+text+of+field+%22work+spaces%22+of+me+is+empty+then%0D%0A++++++++hide+grp+%22info%22+of+me%0D%0A++++++++show+btn+%22add+ws%22+of+me%0D%0A++++end+if%0D%0A++++unlock+screen%0D%0Aend+glx2RefreshHomey%0D%0A%0D%0A---%7C---%0D%0A%0D%0Aon+glx2EditHomey%0D%0A++++lock+screen%0D%0A++++--+put+the+number+of+lines+in+fld+%22work+spaces%22+of+me+into+theNoLines%0D%0A++++--+set+the+textsize+of+char+1+to+-1+of+fld+%22work+spaces%22+of+me+to+empty%0D%0A++++--+set+the+textcolor+of+char+1+to+-1+of+fld+%22work+spaces%22+of+me+to+empty%0D%0A++++--+set+the+textcolor+of+fld+%22work+spaces%22+of+me+to+white%0D%0A++++--+repeat+with+theLineNo+%3D+1+to+theNoLines%0D%0A++++++++--+put+word+1+to+-1+of+line+theLineNo+of+fld+%22work+spaces%22+of+me+into+line+theLineNo+of+fld+%22work+spaces%22+of+me%0D%0A++++++++--+put+%22+++%22+before+line+theLineNo+of+fld+%22work+spaces%22+of+me%0D%0A++++++++--+set+the+imagesource+of+char+1+of+line+theLineNo+of+fld+%22work+spaces%22+of+me+to+the+id+of+img+%22minus+small+5%22+of+cd+%22images%22%0D%0A++++++++--+set+the+textshift+of+char+1+of+line+theLineNo+of+fld+%22work+spaces%22+of+me+to+1%0D%0A++++++++--+set+the+textstyle+of+word+1+to+-1+of+line+theLineNo+of+fld+%22work+spaces%22+of+me+to+%22bold%22%0D%0A++++--+end+repeat%0D%0A++++--+hide+grp+%22info%22+of+me%0D%0A++++--+show+btn+%22add+ws%22+of+me%0D%0A++++unlock+screen%0D%0Aend+glx2EditHomey%0D%0A%0D%0A---%7C---%0D%0A%0D%0Aon+glx2DisplayHomey%0D%0A++++local+theNoLines%0D%0A++++%0D%0A++++lock+screen%0D%0A++++--+hide+grp+%22spaces+dlog%22+of+me%0D%0A++++--+hide+grc+%22spaces+mask%22+of+me%0D%0A++++put+the+number+of+lines+in+field+%22work+spaces%22+of+me+into+theNoLines%0D%0A++++set+the+textstyle+of+field+%22work+spaces%22+of+me+to+%22bold%22%0D%0A++++set+the+textstyle+of+char+1+to+-1+of+field+%22work+spaces%22+of+me+to+empty%0D%0A++++set+the+textsize+of+char+1+to+-1+of+field+%22work+spaces%22+of+me+to+empty%0D%0A++++set+the+textcolor+of+char+1+to+-1+of+field+%22work+spaces%22+of+me+to+empty%0D%0A++++set+the+textcolor+of+field+%22work+spaces%22+of+me+to+%22white%22%0D%0A++++set+the+textstyle+of+char+1+to+-1+of+field+%22work+spaces%22+of+me+to+%22bold%22%0D%0A++++--+repeat+with+theLineNo+%3D+1+to+theNoLines%0D%0A++++--put+word+1+to+-1+of+line+theLineNo+of+fld+%22work+spaces%22+of+me+into+line+theLineNo+of+fld+%22work+spaces%22+of+me%0D%0A++++--set+the+textstyle+of+word+1+to+-1+of+line+theLineNo+of+fld+%22work+spaces%22+of+me+to+bold%0D%0A++++--+end+repeat%0D%0A++++set+the+showborder+of+me+to+false%0D%0A++++--+show+grp+%22info%22+of+me%0D%0A++++--+hide+btn+%22add+ws%22+of+me%0D%0A++++unlock+screen%0D%0Aend+glx2DisplayHomey%0D%0A" )</script>
</group>
