{"stackFileArray": {"behavior_ViewGovernanceNapkin": "behaviors/behavior_ViewGovernanceNapkin.livecodescript","Global_Governance_Napkin_Menu": "controllers/Global_Governance_Napkin_Menu.livecodescript"},"Global Menus": {"Global | Governance | Napkin | Menu": {"mController": "stack \"/Users/BabyBlue/Desktop/git-repos/lcw_Governance/modules/View_Governance_Napkin/controllers/Global_Governance_Napkin_Menu.livecodescript\"","gMenuTable": "Test\tmenu_Test mTarget\tstack \"Global_Governance_Napkin_Menu\"\tGlobal | Governance | Napkin | Menu\t\t\t\t\tTest"}}}