<graphic name="_drop indicator" id="962279">
<traversalOn>false</traversalOn>
<ink>srcCopy</ink>
<threeD>true</threeD>
<startAngle>0</startAngle>
<blendLevel>0</blendLevel>
<rect>7,496,190,500</rect>
<angle>0</angle>
<filled>false</filled>
<showName>false</showName>
<colors>urldecode( "255%2C255%2C0%0D%0A%0D%0A%0D%0A%0D%0A%0D%0A%0D%0A%0D%0A" )</colors>
<arcAngle>360</arcAngle>
<dontResize>false</dontResize>
<startArrow>false</startArrow>
<editMode>none</editMode>
<points>urldecode( "9%2C498%0D%0A188%2C498" )</points>
<id>962279</id>
<markerDrawn>false</markerDrawn>
<arrowSize>3</arrowSize>
<altId>0</altId>
<antiAliased>true</antiAliased>
<markerFilled>false</markerFilled>
<markerLineSize>1</markerLineSize>
<fillRule>none</fillRule>
<lockLoc>false</lockLoc>
<roundRadius>15</roundRadius>
<style>line</style>
<endArrow>false</endArrow>
<name>graphic "_drop indicator"</name>
<lineSize>2</lineSize>
<polySides>4</polySides>
<capStyle>round</capStyle>
<layer>194</layer>
<visible>false</visible>
<cantSelect>false</cantSelect>
<borderWidth>2</borderWidth>
<margins>4</margins>
<roundEnds>true</roundEnds>
<opaque>false</opaque>
<showBorder>false</showBorder>
<miterLimit>10</miterLimit>
<disabled>false</disabled>
<joinStyle>round</joinStyle>
<showFocusBorder>true</showFocusBorder>
<custompropertyset name= "cGlx2TimeStamp">
</custompropertyset>
</graphic>
