<group name="group id 1017" id="1017">
<traversalOn>true</traversalOn>
<ink>srcCopy</ink>
<dontSearch>false</dontSearch>
<threeD>true</threeD>
<scrollbarWidth>20</scrollbarWidth>
<blendLevel>0</blendLevel>
<rect>10,10,300,41</rect>
<showName>false</showName>
<hScroll>0</hScroll>
<backgroundBehavior>false</backgroundBehavior>
<cantDelete>false</cantDelete>
<vScrollbar>false</vScrollbar>
<tabGroupBehavior>false</tabGroupBehavior>
<hScrollbar>false</hScrollbar>
<id>1017</id>
<altId>0</altId>
<radioBehavior>true</radioBehavior>
<lockLoc>false</lockLoc>
<name>group id 1017</name>
<layer>4</layer>
<visible>true</visible>
<cantSelect>false</cantSelect>
<borderWidth>2</borderWidth>
<margins>4</margins>
<opaque>false</opaque>
<showBorder>false</showBorder>
<disabled>false</disabled>
<vScroll>0</vScroll>
<hilitedButton>0</hilitedButton>
<custompropertyset name= "cGlx2TimeStamp">
</custompropertyset>
</group>
