<image name="remove token" id="333459">
<traversalOn>false</traversalOn>
<palindromeFrames>false</palindromeFrames>
<ink>srcCopy</ink>
<threeD>true</threeD>
<blendLevel>0</blendLevel>
<rect>53,40,65,52</rect>
<angle>0</angle>
<yHot>1</yHot>
<id>333459</id>
<altId>0</altId>
<frameCount>0</frameCount>
<constantMask>false</constantMask>
<lockLoc>false</lockLoc>
<repeatCount>0</repeatCount>
<size>767</size>
<name>image "remove token"</name>
<hotSpot>1,1</hotSpot>
<alwaysBuffer>true</alwaysBuffer>
<layer>127</layer>
<dontDither>false</dontDither>
<visible>false</visible>
<cantSelect>false</cantSelect>
<borderWidth>2</borderWidth>
<opaque>false</opaque>
<currentFrame>1</currentFrame>
<showBorder>false</showBorder>
<disabled>false</disabled>
<xHot>1</xHot>
<showFocusBorder>true</showFocusBorder>
<custompropertyset name= "cGlx2TimeStamp">
</custompropertyset>
<imagedata>urldecode( "%00%F6%10%00%00%F6%10%00%00%F6%10%00%00%E4%15%03%00%E5*%14%00%E73%17%00%E3%2B%10%00%D7%1C%06%00%CA%0E%02%00%D3%09%00%00%F6%10%00%00%F6%10%00%00%F6%10%00%00%FF%11%00%00%F5%29%11%00%F9mI%00%FF%88%60%00%FFuL%00%FF%5E3%00%FFG%1A%00%EB%1C%00%00%D4%0F%00%00%D8%09%00%00%F6%10%00%00%FF%0B%00%00%F4%2B%10%00%F9%86b%00%F2%7F%5D%00%E8C%21%00%FDK%1E%00%FF%40%13%00%FC6%10%00%FF%5E%3D%00%F0%28%06%00%CD%09%00%00%C5%00%00%00%E9%15%06%00%F6qM%00%FFwM%00%DAcP%00%D2%B0%AF%00%F6A%1D%00%FE1%08%00%FA%C3%BA%00%FD%C5%B6%00%FF%27%04%00%D5%11%00%00%AD%03%00%00%DD%2B%14%00%FF%87a%00%FFN+%00%EAX%3A%00%DF%E6%E9%00%EF%A0%91%00%F9%B1%A5%00%FE%FC%F8%00%FFiJ%00%FF%17%00%00%E6%17%00%00%A2%07%00%00%E33%18%00%FFmF%00%FFH%1B%00%FD%27%00%00%EB%A5%9B%00%EE%FD%FE%00%FA%FF%FF%00%FE%92y%00%FF%13%00%00%FF%1E%00%00%DE%15%00%00%A3%05%00%00%DF%2C%12%00%FFW%2B%00%FD1%09%00%F1Q2%00%E5%CF%CB%00%ED%FF%FF%00%FA%FF%FF%00%FF%B0%9B%00%FE0%16%00%F8%19%00%00%CB%10%00%00%9A%04%00%00%D0%1D%08%00%FF%3A%0E%00%EDM3%00%D0%E4%EA%00%DF%F9%FC%00%F3%BA%AB%00%F8%F6%F2%00%FE%FF%FF%00%FF%D1%BE%00%EC%24%05%00%B5%04%00%00%8C%02%00%00%BF%0C%02%00%F0%1A%00%00%F3bI%00%D5%D4%CF%00%EF%8At%00%FF%1D%00%00%FC%80e%00%FF%E1%D0%00%FB%95%7B%00%CA%17%09%00%99%00%00%00%89%01%00%00%BF%03%00%00%CC%08%00%00%ED1%16%00%FCE%24%00%FE%17%00%00%F8%14%00%00%F3%18%00%00%EB%3E%21%00%C9%0B%00%00%9C%00%00%00%92%01%00%00%94%00%00%00%F6%10%00%00%CE%06%00%00%C0%04%00%00%D3%08%00%00%E2%14%00%00%DA%15%00%00%CA%0E%00%00%B4%00%00%00%98%00%00%00%92%01%00%00%9E%00%00%00%F6%10%00%00%F6%10%00%00%F6%10%00%00%B7%02%00%00%9C%02%00%00%9A%04%00%00%9C%05%00%00%94%03%00%00%88%01%00%00%7F%00%00%00%92%00%00%00%F6%10%00%00%F6%10%00" )</imagedata>
</image>
