<field name="Replace" id="280027">
<traversalOn>true</traversalOn>
<ink>srcCopy</ink>
<firstIndent>0</firstIndent>
<dontSearch>false</dontSearch>
<toggleHilites>false</toggleHilites>
<threeD>false</threeD>
<scrollbarWidth>20</scrollbarWidth>
<blendLevel>0</blendLevel>
<textHeight>13</textHeight>
<rect>437,81,810,102</rect>
<multipleHilites>false</multipleHilites>
<colors>urldecode( "%0D%0A36%2C36%2C36%0D%0A%0D%0A%0D%0A%0D%0A%0D%0A%0D%0A" )</colors>
<shadow>false</shadow>
<hScroll>0</hScroll>
<textAlign>left</textAlign>
<vScrollbar>false</vScrollbar>
<hScrollbar>false</hScrollbar>
<id>280027</id>
<altId>0</altId>
<autoTab>false</autoTab>
<textStyle>plain</textStyle>
<hGrid>false</hGrid>
<lockLoc>false</lockLoc>
<dontWrap>true</dontWrap>
<autoHilite>true</autoHilite>
<style>rectangle</style>
<showLines>false</showLines>
<sharedText>true</sharedText>
<noncontiguousHilites>false</noncontiguousHilites>
<lockText>false</lockText>
<scroll>0</scroll>
<name>field "Replace"</name>
<vGrid>false</vGrid>
<listBehavior>false</listBehavior>
<layer>40</layer>
<visible>true</visible>
<cantSelect>false</cantSelect>
<borderWidth>1</borderWidth>
<margins>7,9,8,5</margins>
<htmlText>urldecode( "%3Cp%3E%3C%2Fp%3E" )</htmlText>
<threeDHilite>false</threeDHilite>
<opaque>true</opaque>
<shadowOffset>4</shadowOffset>
<showBorder>true</showBorder>
<textSize>10</textSize>
<disabled>false</disabled>
<fixedLineHeight>true</fixedLineHeight>
<textFont>Verdana</textFont>
<vScroll>0</vScroll>
<showFocusBorder>false</showFocusBorder>
<custompropertyset name= "cGlx2TimeStamp">
<checksum>urldecode( "%3FD%8B%B7%0D%0A%F0%BE%BF%A1%E1%60%F9%9D%C5%F1%A6" )</checksum>
</custompropertyset>
<script>urldecode( "--%3E+keys%0D%0A%0D%0Aon+escapeKey%0D%0A++++send+%22mouseUp%22+to+btn+%22Search+Mode%22%0D%0Aend+escapeKey%0D%0A%0D%0Aon+SimEnterKey%0D%0A++++send+%22mouseDown%22+to+fld+%22replace+btn%22%0D%0A++++wait+300+millisecs%0D%0A++++send+%22mouseUp%22+to+fld+%22replace+btn%22%0D%0Aend+SimEnterKey%0D%0A%0D%0Aon+enterInField%0D%0A++++SimEnterKey%0D%0Aend+enterInField%0D%0A%0D%0Aon+tabKey%0D%0A++++lock+screen%0D%0A++++focus+on+fld+%22find%22%0D%0A++++select+char+1+to+-1+of+fld+%22find%22%0D%0A++++unlock+screen%0D%0Aend+tabKey%0D%0A%0D%0Aon+returnInField%0D%0A+++++SimEnterKey%0D%0Aend+returnInField%0D%0A%0D%0A--%3E+close%2Fexit%0D%0A%0D%0Aon+closeField%0D%0A++++lock+screen%0D%0A++++set+the+textstyle+of+char+1+to+-1+of+me+to+empty%0D%0A++++set+the+textcolor+of+char+1+to+-1+of+me+to+empty%0D%0A++++set+the+textsize+of+char+1+to+-1+of+me+to+empty%0D%0A++++unlock+screen%0D%0A++++put+me+into+gGlx2LastFind%0D%0Aend+closeField%0D%0A%0D%0Aon+exitField%0D%0A++++lock+screen%0D%0A++++set+the+textstyle+of+char+1+to+-1+of+me+to+empty%0D%0A++++set+the+textcolor+of+char+1+to+-1+of+me+to+empty%0D%0A++++set+the+textsize+of+char+1+to+-1+of+me+to+empty%0D%0A++++unlock+screen%0D%0A++++put+me+into+gGlx2LastFind%0D%0Aend+exitField%0D%0A%0D%0A--%3E+mouse%0D%0A%0D%0Aon+mouseEnter%0D%0A+++setIBeamCursor%0D%0Aend+mouseEnter%0D%0A%0D%0Aon+mouseMove%0D%0A++++setIBeamCursor+%0D%0Aend+mouseMove%0D%0A%0D%0Aon+mouseLeave%0D%0A++++unlock+cursor%0D%0Aend+mouseLeave%0D%0A%0D%0A--%3E+selection%0D%0A%0D%0Aon+selectionChanged%0D%0A++++put+getBrowserID%28%29+into+theBrowserID%0D%0A++++if+theBrowserID+is+not+empty+and+revBrowserGet%28theBrowserID%2C%22visible%22%29+is+true+then%0D%0A++++++++revBrowserRedraw+theBrowserID%0D%0A++++++++focus+on+me%0D%0A++++end+if%0D%0A+++setIBeamCursor%0D%0Aend+selectionChanged%0D%0A" )</script>
</field>
