<field name="Filter" id="1037">
<traversalOn>true</traversalOn>
<ink>srcCopy</ink>
<firstIndent>0</firstIndent>
<dontSearch>false</dontSearch>
<toggleHilites>false</toggleHilites>
<threeD>true</threeD>
<scrollbarWidth>20</scrollbarWidth>
<blendLevel>0</blendLevel>
<rect>263,38,475,56</rect>
<multipleHilites>false</multipleHilites>
<shadow>false</shadow>
<hScroll>0</hScroll>
<textAlign>left</textAlign>
<vScrollbar>false</vScrollbar>
<hScrollbar>false</hScrollbar>
<id>1037</id>
<altId>0</altId>
<autoTab>true</autoTab>
<hGrid>false</hGrid>
<lockLoc>false</lockLoc>
<dontWrap>true</dontWrap>
<autoHilite>true</autoHilite>
<style>rectangle</style>
<showLines>false</showLines>
<sharedText>false</sharedText>
<noncontiguousHilites>false</noncontiguousHilites>
<lockText>false</lockText>
<scroll>0</scroll>
<name>field "Filter"</name>
<vGrid>false</vGrid>
<listBehavior>false</listBehavior>
<layer>11</layer>
<visible>true</visible>
<cantSelect>false</cantSelect>
<borderWidth>1</borderWidth>
<margins>6,8,8,6</margins>
<htmlText>urldecode( "%3Cp%3E%3C%2Fp%3E" )</htmlText>
<threeDHilite>false</threeDHilite>
<opaque>true</opaque>
<shadowOffset>4</shadowOffset>
<showBorder>true</showBorder>
<disabled>false</disabled>
<fixedLineHeight>true</fixedLineHeight>
<vScroll>0</vScroll>
<showFocusBorder>false</showFocusBorder>
<custompropertyset name= "cGlx2TimeStamp">
<checksum>urldecode( "pV%AD%EA%B4%FA%E9%12i%8C%B5%11%EC%DB%E5%5D" )</checksum>
</custompropertyset>
<script>urldecode( "--%3E+all+handlers%0D%0A%0D%0Aon+returnInField%0D%0A++++DisplaySnapshot%0D%0Aend+returnInField%0D%0A%0D%0A%0D%0Aon+enterInField%0D%0A++++DisplaySnapshot%0D%0Aend+enterInField%0D%0A%0D%0Aon+closeField%0D%0A++++DisplaySnapshot%0D%0Aend+closeField%0D%0A%0D%0Aon+rawKeyUp+pKeyCode%0D%0A++++send+%22doResultsUpdate%22+to+me+in+10+millisecs%0D%0Aend+rawKeyUp%0D%0A%0D%0Aon+doResultsUpdate%0D%0A++++put+glx2KeysDown%28%29+into+theKeysDown%0D%0A++++if+%22doResultsUpdate%22+is+not+in+the+pendingmessages+and+theKeysDown+is+empty+then%0D%0A++++++++DisplaySnapshot%0D%0A++++end+if%0D%0Aend+doResultsUpdate%0D%0A%0D%0A%0D%0Aon+escapeKey%0D%0A++++put+empty+into+me%0D%0A++++DisplaySnapshot%0D%0Aend+escapeKey%0D%0A" )</script>
</field>
