<field name="My field" id="1012">
<traversalOn>true</traversalOn>
<ink>srcCopy</ink>
<firstIndent>0</firstIndent>
<dontSearch>false</dontSearch>
<toggleHilites>false</toggleHilites>
<threeD>true</threeD>
<scrollbarWidth>12</scrollbarWidth>
<blendLevel>0</blendLevel>
<rect>14,73,449,212</rect>
<multipleHilites>false</multipleHilites>
<shadow>false</shadow>
<hScroll>0</hScroll>
<textAlign>left</textAlign>
<vScrollbar>true</vScrollbar>
<hScrollbar>true</hScrollbar>
<id>1012</id>
<altId>0</altId>
<autoTab>false</autoTab>
<hGrid>false</hGrid>
<lockLoc>false</lockLoc>
<dontWrap>true</dontWrap>
<autoHilite>true</autoHilite>
<style>scrolling</style>
<showLines>false</showLines>
<sharedText>false</sharedText>
<noncontiguousHilites>false</noncontiguousHilites>
<lockText>true</lockText>
<scroll>0</scroll>
<name>field "My field"</name>
<toolTip>This is a test</toolTip>
<vGrid>false</vGrid>
<listBehavior>true</listBehavior>
<layer>2</layer>
<visible>true</visible>
<cantSelect>false</cantSelect>
<borderWidth>1</borderWidth>
<margins>8</margins>
<htmlText>urldecode( "%3Cp%3Etest%3C%2Fp%3E%0D%0A%3Cp%3Etest+2%3C%2Fp%3E%0D%0A%3Cp%3Etest+3%3C%2Fp%3E" )</htmlText>
<threeDHilite>false</threeDHilite>
<opaque>true</opaque>
<shadowOffset>4</shadowOffset>
<showBorder>true</showBorder>
<disabled>false</disabled>
<fixedLineHeight>true</fixedLineHeight>
<vScroll>0</vScroll>
<showFocusBorder>false</showFocusBorder>
<custompropertyset name= "cGlx2TimeStamp">
<checksum>urldecode( "%D4%1D%8C%D9%8F%00%B2%04%E9%80%09%98%EC%F8B%7E" )</checksum>
</custompropertyset>
<custompropertyset name= "cREVTable">
<currentview>urldecode( "test%0D%0Atest+2%0D%0Atest+3" )</currentview>
</custompropertyset>
</field>
