[{
        "orders": [{
                "currency": "pounds",
                "book": "Walking in Scotland",
                "payments": [10.0]
            },
            {
                "currency": "pounds",
                "book": "The Great Outdoors",
                "payments": [15.0]
            },
            {
                "currency": "pounds",
                "book": "Kilts and Stuff",
                "payments": [7.0, 7.0]
            }
        ],
        "address": {
            "last_name": "Smith",
            "country": "Scotland",
            "first_name": "John"
        }
    },
    {
        "orders": [
            { "currency": "euro", "book": "1001 Jokes", "payments": [5.0, 5.0] }
        ],
        "address": {
            "last_name": "Brown",
            "country": "Germany",
            "first_name": "Peter"
        }
    },
    {
        "orders": [
            { "currency": "pounds", "book": "Makeup and Fashion", "payments": [20.0] }
        ],
        "address": {
            "last_name": "Adamson",
            "country": "England",
            "first_name": "Martin"
        }
    },
    {
        "orders": [
            { "currency": "krona", "book": "Meat Ball Recipes", "payments": [12.0] },
            { "currency": "krona", "book": "Ice Hotels DIY", "payments": [17.0] }
        ],
        "address": {
            "last_name": "King",
            "country": "Sweden",
            "first_name": "Julia"
        }
    }
]