<button name="spaces menu" id="739219">
<traversalOn>true</traversalOn>
<ink>srcCopy</ink>
<threeD>true</threeD>
<hiliteBorder>true</hiliteBorder>
<blendLevel>0</blendLevel>
<rect>39,449,141,471</rect>
<mnemonic>0</mnemonic>
<armFill>false</armFill>
<visitedIcon>0</visitedIcon>
<showName>true</showName>
<showIcon>false</showIcon>
<hilited>false</hilited>
<sharedHilite>true</sharedHilite>
<shadow>false</shadow>
<textAlign>center</textAlign>
<armed>false</armed>
<menuMouseButton>0</menuMouseButton>
<id>739219</id>
<altId>0</altId>
<labelWidth>0</labelWidth>
<armedIcon>0</armedIcon>
<lockLoc>false</lockLoc>
<visited>false</visited>
<showHilite>false</showHilite>
<autoHilite>true</autoHilite>
<style>menu</style>
<disabledIcon>0</disabledIcon>
<armBorder>true</armBorder>
<name>button "spaces menu"</name>
<icon>0</icon>
<layer>172</layer>
<visible>false</visible>
<cantSelect>false</cantSelect>
<borderWidth>2</borderWidth>
<menuLines>5</menuLines>
<margins>4</margins>
<opaque>true</opaque>
<text>urldecode( "%21cSmall%0D%0AMedium%0D%0ALarge%0D%0A-%0D%0A%21cRev+Stacks%0D%0A%21cOpen+Stacks" )</text>
<shadowOffset>4</shadowOffset>
<default>false</default>
<hiliteFill>true</hiliteFill>
<showBorder>true</showBorder>
<hiliteIcon>0</hiliteIcon>
<disabled>false</disabled>
<autoArm>false</autoArm>
<menuMode>popup</menuMode>
<family>0</family>
<hoverIcon>0</hoverIcon>
<showFocusBorder>true</showFocusBorder>
<menuHistory>1</menuHistory>
<custompropertyset name= "cGlx2TimeStamp">
<checksum>urldecode( "%E9%AD%B6%A0%A0%C1%BF%BF%D2%16%26t%D2%BA%CA%92" )</checksum>
</custompropertyset>
<script>urldecode( "--%3E+all+handlers%0D%0A%0D%0Aconstant+kWidgetGrpName+%3D+%22object+tree%22%0D%0Aconstant+kGrpName+%3D+%22info%22%0D%0A%0D%0Aon+menuPick+pChosen%2CpPrevChosen%0D%0A++++lock+screen%0D%0A++++answer+pChosen%0D%0A++++switch+pChosen%0D%0A++++++++case+%22Small%22%0D%0A++++++++++++set+the+textsize+of+fld+%22work+spaces%22+of+grp+kWidgetGrpName+to+10%0D%0A++++++++++++send+%22glx2RefreshHomey%22+to+grp+kWidgetGrpName%0D%0A++++++++++++break%0D%0A++++++++case+%22medium%22%0D%0A++++++++++++set+the+textsize+of+fld+%22work+spaces%22+of+grp+kWidgetGrpName+to+12%0D%0A++++++++++++send+%22glx2RefreshHomey%22+to+grp+kWidgetGrpName%0D%0A++++++++++++break%0D%0A++++++++case+%22Large%22%0D%0A++++++++++++set+the+textsize+of+fld+%22work+spaces%22+of+grp+kWidgetGrpName+to+13%0D%0A++++++++++++send+%22glx2RefreshHomey%22+to+grp+kWidgetGrpName%0D%0A++++++++++++break%0D%0A++++++++case+%22rev+stacks%22%0D%0A++++++++++++set+the+cShowRevolutionStacks+of+stack+%22revPreferences%22+to+not%28the+cShowRevolutionStacks+of+stack+%22revPreferences%22+is+true%29%0D%0A++++++++++++send+%22glx2RefreshHomey%22+to+grp+%22object+tree%22%0D%0A++++++++++++break%0D%0A++++++++case+%22open+stacks%22%0D%0A++++++++++++set+the+cShowOpenStacks+of+the+owner+of+me+to+not%28the+cShowOpenStacks+of+the+owner+of+me%29%0D%0A++++++++++++send+%22glx2RefreshHomey%22+to+grp+%22object+tree%22%0D%0A++++++++++++send+%22resizeTreeImage%22+to+fld+%22work+spaces%22+of+grp+%22object+tree%22%0D%0A++++++++++++break%0D%0A++++end+switch%0D%0A++++--+put+the+rect+of+fld+%22work+spaces%22+of+grp+kWidgetGrpName+into+theRect%0D%0A++++--+put+item+1+of+theRect+%2B+the+formattedwidth+of+word+1+to+-1+of+fld+%22work+spaces%22+of+grp+kWidgetGrpName+%2B6+into+item+3+of+theRect%0D%0A++++--+put+item+2+of+theRect+%2B+the+formattedheight+of+word+1+to+-1+of+fld+%22work+spaces%22+of+grp+kWidgetGrpName+%2B3+into+item+4+of+theRect%0D%0A++++--+set+the+rect+of+fld+%22work+spaces%22+of+grp+kWidgetGrpName+to+theRect%0D%0A++++if+the+mouseloc+is+not+within+the+rect+of+img+%22i.png%22+of+grp+kWidgetGrpName+then%0D%0A++++++++set+the+forecolor+of+grc+1+of+grp+kGrpName+of+grp+kWidgetGrpName+to+the+backcolor+of+grc+1+of+grp+kGrpName+of+grp+kWidgetGrpName+%0D%0A++++end+if%0D%0A++++unlock+screen%0D%0Aend+menuPick%0D%0A" )</script>
</button>
