<graphic name="top gray bg" id="1181578">
<traversalOn>false</traversalOn>
<ink>srcCopy</ink>
<threeD>true</threeD>
<startAngle>0</startAngle>
<blendLevel>0</blendLevel>
<rect>0,0,762,51</rect>
<angle>0</angle>
<filled>true</filled>
<showName>false</showName>
<colors>urldecode( "36%2C36%2C36%0D%0A36%2C36%2C36%0D%0A%0D%0A%0D%0A%0D%0A%0D%0A%0D%0A" )</colors>
<arcAngle>360</arcAngle>
<dontResize>false</dontResize>
<startArrow>false</startArrow>
<editMode>none</editMode>
<id>1181578</id>
<markerDrawn>false</markerDrawn>
<arrowSize>3</arrowSize>
<altId>0</altId>
<antiAliased>true</antiAliased>
<markerFilled>false</markerFilled>
<markerLineSize>1</markerLineSize>
<fillRule>none</fillRule>
<lockLoc>false</lockLoc>
<roundRadius>15</roundRadius>
<style>rectangle</style>
<endArrow>false</endArrow>
<name>graphic "top gray bg"</name>
<lineSize>1</lineSize>
<polySides>4</polySides>
<capStyle>round</capStyle>
<layer>60</layer>
<visible>true</visible>
<cantSelect>false</cantSelect>
<borderWidth>2</borderWidth>
<margins>4</margins>
<roundEnds>true</roundEnds>
<opaque>true</opaque>
<showBorder>false</showBorder>
<miterLimit>10</miterLimit>
<disabled>false</disabled>
<joinStyle>round</joinStyle>
<showFocusBorder>true</showFocusBorder>
<custompropertyset name= "cGlx2TimeStamp">
<checksum>urldecode( "%8C%ABy%3AF%7F%CCY%5D%04%D3q%ECp%AC%5E" )</checksum>
</custompropertyset>
<script>urldecode( "--%3E+all+handlers%0D%0A%0D%0Aon+mouseDoubleUp+pMouseBtnNum%0D%0A++++%0D%0Aend+mouseDoubleUp%0D%0A" )</script>
</graphic>
