<button name="Compile" id="237267">
<traversalOn>false</traversalOn>
<ink>srcCopy</ink>
<threeD>true</threeD>
<hiliteBorder>false</hiliteBorder>
<blendLevel>0</blendLevel>
<rect>27,51,91,74</rect>
<mnemonic>0</mnemonic>
<armFill>false</armFill>
<visitedIcon>0</visitedIcon>
<showName>false</showName>
<showIcon>true</showIcon>
<hilited>false</hilited>
<sharedHilite>true</sharedHilite>
<shadow>false</shadow>
<textAlign>center</textAlign>
<armed>false</armed>
<menuMouseButton>1</menuMouseButton>
<id>237267</id>
<altId>0</altId>
<labelWidth>0</labelWidth>
<armedIcon>0</armedIcon>
<lockLoc>false</lockLoc>
<visited>false</visited>
<showHilite>false</showHilite>
<autoHilite>true</autoHilite>
<style>transparent</style>
<disabledIcon>237661</disabledIcon>
<armBorder>false</armBorder>
<name>button "Compile"</name>
<icon>237649</icon>
<layer>33</layer>
<visible>true</visible>
<cantSelect>false</cantSelect>
<borderWidth>2</borderWidth>
<menuLines>5</menuLines>
<margins>4,3,4,4</margins>
<opaque>false</opaque>
<shadowOffset>4</shadowOffset>
<default>false</default>
<hiliteFill>true</hiliteFill>
<showBorder>false</showBorder>
<hiliteIcon>237654</hiliteIcon>
<disabled>false</disabled>
<autoArm>false</autoArm>
<family>0</family>
<hoverIcon>237653</hoverIcon>
<showFocusBorder>false</showFocusBorder>
<menuHistory>1</menuHistory>
<custompropertyset name= "cGlx2General">
<cDirtyFlag>false</cDirtyFlag>
</custompropertyset>
<custompropertyset name= "cGlx2TimeStamp">
<xml_num_1254686144>start</xml_num_1254686144>
<checksum>urldecode( "%CE%FC%FD%89%A4%83%BA%09%2BZ%19%EA%E1x%FA%A8" )</checksum>
<xml_num_1254686076>start</xml_num_1254686076>
<xml_num_1254686312>start</xml_num_1254686312>
</custompropertyset>
<script>urldecode( "--%3E+variables+%26+constants%0D%0A%0D%0Aglobal+gCurrentScript%0D%0Alocal+sScrollIncrement%0D%0A%0D%0A--%3E+all+handlers%0D%0A%0D%0AON+simCompile%0D%0A+++local+tObjectID%0D%0A+++local+theMessageNames%0D%0A+++%0D%0A+++--set+the+hilited+of+me+to+true%0D%0A+++put+the+cObjectID+of+this+cd+into+tObjectID%0D%0A+++IF+the+short+name+of+tObjectID+is+%22my+default+handlers%22+AND+tObjectID+contains+%22%2FGLX2+Default+Handlers.rev%22+THEN%0D%0A++++++put+fld+%22code+storage%22+into+theMessageNames%0D%0A++++++filter+theMessageNames+with+%22%5BOoFfGgSs%5D%5BNnUuEe%5D%5B+NnTt%5D*%22%0D%0A++++++set+the+cMyMessageNames+of+stack+%22revGLX2+code%22+to+theMessageNames%0D%0A+++END+IF%0D%0A+++--+glx2SetStatus+%22Saving+dev+resources+of%22+%26%26+the+name+of+tObjectID+%26%26+%22...%22%0D%0A+++lock+screen%0D%0A+++--wait+200+millisecs%0D%0A+++simMouseUp%0D%0A+++--set+the+hilited+of+me+to+false%0D%0A+++unlock+screen%0D%0AEND+simCompile%0D%0A%0D%0AON+mouseUp+pMouseBtnNum%0D%0A+++local+theChunk%0D%0A+++local+thehscroll%2C+theVscroll%0D%0A+++local+theMillisecs%0D%0A+++local+theAgentname%0D%0A+++local+theClient%0D%0A+++local+theTarget%0D%0A+++local+theTabName%0D%0A+++%0D%0A+++IF+the+environment+is+%22development%22+THEN%0D%0A++++++send+%22simMouseUp%22+to+me+in+10+millisecs%0D%0A+++ELSE%0D%0A++++++set+the+cursor+to+watch%0D%0A++++++put+the+cSelectedChunk+of+fld+%22code+storage%22+into+theChunk%0D%0A++++++put+the+hscroll+of+fld+%22code+storage%22+into+thehscroll%0D%0A++++++put+the+vscroll+of+fld+%22code+storage%22+into+theVscroll%0D%0A++++++put+the+millisecs+into+theMillisecs%0D%0A++++++set+the+cOrigScript+of+stack+%22revGLX2+code%22+to+fld+%22code+storage%22%0D%0A++++++lock+screen%0D%0A++++++put+%22compile_script%22+into+theAgentname%0D%0A++++++put+the+name+of+stack+%22revGLX2+code%22+into+theClient%0D%0A++++++put+empty+into+theTarget%0D%0A++++++assignMission+theAgentName%2CtheTarget%2CtheClient%0D%0A++++++set+the+cChecksum+of+stack+%22revGLX2+code%22+to+the+md5digest+of+fld+%22code+storage%22%0D%0A++++++doColorizeScript+--+theScript%2CtheFldName%2CtheLineNo%2CtheCdNo%0D%0A++++++%0D%0A++++++set+the+icon+of+btn+%22compile%22+to+the+id+of+img+%22clean+compile%22+of+cd+%22images%22%0D%0A++++++set+the+hovericon+of+btn+%22compile%22+to+the+id+of+img+%22clean+compile+hover%22+of+cd+%22images%22%0D%0A++++++set+the+hiliteicon+of+btn+%22compile%22+to+the+id+of+img+%22clean+compile+hilite%22+of+cd+%22images%22%0D%0A++++++%0D%0A++++++put+the+short+name+of+fld+1+of+grp+%22tabs%22+into+theTabName%0D%0A++++++set+the+textcolor+of+fld+theTabName+to+empty%0D%0A++++++set+the+cDirtyFlag+of+fld+theTabName+to+false%0D%0A++++++set+the+cDirtyFlag+of+this+cd+to+false%0D%0A++++++%0D%0A++++++setTabStops%0D%0A++++++%0D%0A++++++IF+word+4+of+theChunk+%3E+word+2+of+theChunk+THEN%0D%0A+++++++++put+word+4+of+theChunk%2B1+into+word+2+of+theChunk%0D%0A++++++END+IF%0D%0A++++++do+%22select%22+%26%26+theChunk%0D%0A++++++%0D%0A++++++%0D%0A++++++set+the+hscroll+of+fld+%22code+storage%22+to+thehscroll%0D%0A++++++set+the+vscroll+of+fld+%22code+storage%22+to+theVscroll%0D%0A++++++%0D%0A++++++focus+ON+fld+%22code+storage%22%0D%0A++++++%0D%0A++++++IF+the+millisecs+-+theMillisecs+%3C+300+THEN%0D%0A+++++++++wait+100+millisecs%0D%0A++++++END+IF%0D%0A++++++setArrowCursor%0D%0A++++++unlock+screen%0D%0A+++END+IF%0D%0AEND+mouseUp%0D%0A%0D%0AON+simMouseUp+doAutoSave%0D%0A+++local+theResult%0D%0A+++%0D%0A++IF+the+visible+of+fld+%22tab+1%22+is+true+THEN%0D%0A++++IF+the+environment+is+%22development%22+THEN%0D%0A++++++set+the+cursor+to+watch%0D%0A++++++doApply+doAutoSave%0D%0A++++++put+the+result+into+theResult%0D%0A++++++simMouseEnter%0D%0A++++++glx2SetStatus%0D%0A++++++IF+doAutoSave+is+not+true+THEN%0D%0A++++++++unlock+cursor%0D%0A++++++END+IF%0D%0A++++++--go+to+stack+%22revGLX2+code%22%0D%0A++++++--click+at+2%2C25%0D%0A++++++IF+theResult+is+false+THEN%0D%0A++++++++exit+to+top%0D%0A++++++END+IF%0D%0A++++ELSE%0D%0A++++END+IF%0D%0A++END+IF%0D%0AEND+simMouseUp%0D%0A%0D%0AON+mouseEnter%0D%0A++set+the+doubleclickinterval+to+250%0D%0A++simMouseEnter%0D%0AEND+mouseEnter%0D%0A%0D%0Aon+mouseLeave%0D%0A++if+the+cExternalStatusBar+of+stack+%22revGLX2+code%22+is+true+then%0D%0A++++glx2SetStatus%0D%0A++end+if%0D%0Aend+mouseLeave%0D%0A%0D%0AON+simMouseEnter%0D%0A+++local+theToolTip%0D%0A+++local+tMsg%0D%0A+++%0D%0A++lock+screen%0D%0A++put+empty+into+theToolTip%0D%0A++set+the+tooltip+of+me+to+theToolTip%0D%0A++IF+the+cShowToolTips+of+stack+%22revGLX2+code%22+is+true+THEN%0D%0A++++IF+the+icon+of+me+is+237649+THEN%0D%0A++++++IF+the+platform+is+%22macos%22+THEN%0D%0A++++++++put+%22%A5+Script+is+already+compiled%22+into+theToolTip%0D%0A++++++ELSE%0D%0A++++++++put+%22*+Script+is+already+compiled%22+into+theToolTip%0D%0A++++++END+IF%0D%0A++++ELSE%0D%0A++++++IF+the+platform+is+%22macos%22+THEN%0D%0A++++++++put+%22%A5+Script+has+NOT+been+compiled%22+%26+cr+%26+%22%A5+Click+to+compile+it%22+into+theToolTip%0D%0A++++++ELSE%0D%0A++++++++put+%22*+Script+has+NOT+been+compiled%22+%26+cr+%26+%22*+Click+to+compile+it%22+into+theToolTip%0D%0A++++++END+IF%0D%0A++++END+IF%0D%0A++END+IF%0D%0A++if+the+cExternalStatusBar+of+stack+%22revGLX2+code%22+is+true+then%0D%0A++++set+the+tooltip+of+me+to+empty%0D%0A++++if+theTooltip+is+empty+then%0D%0A++++++put+empty+into+tMsg%0D%0A++++else%0D%0A++++++put+word+2+to+-1+of+theTooltip+into+tMsg%0D%0A++++end+if%0D%0A++++glx2SetStatus+tMsg%0D%0A++else%0D%0A++++set+the+tooltip+of+me+to+theToolTip%0D%0A++end+if%0D%0A++unlock+screen%0D%0AEND+simMouseEnter%0D%0A%0D%0Aon+doApply+doAutoSave%0D%0A+++local+theResult%0D%0A+++local+theChunk%0D%0A+++local+theScroll%0D%0A+++local+theHandlerLineNo%2C+theHandlerScroll%0D%0A+++local+theScript%0D%0A+++local+theCdNo%0D%0A+++local+tObjectID%0D%0A+++local+theLastCompiledScript%0D%0A+++local+theLoc%0D%0A+++local+doUnlock%0D%0A+++local+doForceDirty%0D%0A+++local+theBrowserID%0D%0A+++%0D%0A+++put+true+into+theResult%0D%0A+++%0D%0A+++if+the+shiftkey+is+down+and+%24USER+is+%22jerry%22+then%0D%0A++++++convertScript%0D%0A+++else%0D%0A++++++dowait%0D%0A+++end+if%0D%0A+++%0D%0A+++if+char+1+to+4+of+fld+%22code+storage%22+is+%22--%3E+%22+or+cr+%26+%22--%3E+%22+is+in+fld+%22code+storage%22+then%0D%0A++++++--+do+nada%3B+it%27s+got+a+folder+comment%0D%0A+++else%0D%0A++++++if+the+number+of+words+in+fld+%22code+storage%22+is+zero+then%0D%0A+++++++++--+do+nada%3B+there+is+no+script+in+here%21%0D%0A++++++else%0D%0A+++++++++lock+screen%0D%0A+++++++++if+the+number+of+words+in+line+1+of+fld+%22code+storage%22+is+zero+then%0D%0A++++++++++++put+%22--%3E+all+handlers%22+%26+cr+before+fld+%22code+storage%22%0D%0A+++++++++else%0D%0A++++++++++++put+%22--%3E+all+handlers%22+%26+cr+%26+cr+before+fld+%22code+storage%22%0D%0A+++++++++end+if%0D%0A+++++++++unlock+screen%0D%0A++++++end+if%0D%0A+++end+if%0D%0A+++%0D%0A+++unlock+screen%0D%0A+++unlock+screen%0D%0A+++--lock+screen%0D%0A+++glx2SetStatus+%22Updating+handlers%2C+tokens+and+links+%A5+saving+work-in-progress...%22%0D%0A+++unlock+screen%0D%0A+++wait+.25+secs%0D%0A+++--lock+screen%0D%0A+++%0D%0A+++focus+on+fld+%22code+storage%22%0D%0A+++put+the+selectedchunk+into+theChunk%0D%0A+++put+the+cSelectedChunk+of+fld+%22code+storage%22+into+theChunk%0D%0A+++put+the+scroll+of+fld+%22code+storage%22+into+theScroll%0D%0A+++put+the+hilitedline+of+fld+%22handlers%22+into+theHandlerLineNo%0D%0A+++put+the+scroll+of+fld+%22Handlers%22+into+theHandlerScroll%0D%0A+++%0D%0A+++setTabStops%0D%0A+++put+glx2GetScript%28%29+into+theScript%0D%0A+++put+the+number+of+this+cd+into+theCdNo%0D%0A+++put+the+cObjectID+of+cd+theCdNo+into+tObjectID%0D%0A+++put+the+script+of+tObjectID+into+theLastCompiledScript%0D%0A+++%0D%0A+++lock+screen%0D%0A+++updateHandlerList%0D%0A+++--answer+%22updateHandlerList%22%0D%0A+++setScriptVarzNConstants%0D%0A+++unlock+screen%0D%0A+++--answer+%22setScriptVarzNConstants%22%0D%0A+++updateHandlerMenu%0D%0A+++--answer+%22updateHandlerMenu%22%0D%0A+++glx2SetUpHandlerLinkColors%0D%0A+++--answer+%22glx2SetUpHandlerLinkColors%22%0D%0A+++lock+screen%0D%0A+++eliminateDoubleSpaces+%22code+storage%22%0D%0A+++--answer+%22eliminateDoubleSpaces%22%0D%0A+++doColorizeScript%0D%0A+++if+theChunk+is+not+empty+then%0D%0A++++++do+%22select%22+%26%26+theChunk%0D%0A+++end+if%0D%0A+++set+the+scroll+of+fld+%22code+storage%22+to+theScroll%0D%0A+++set+the+hilitedline+of+fld+%22handlers%22+to+theHandlerLineNo%0D%0A+++set+the+scroll+of+fld+%22handlers%22+to+theHandlerScroll%0D%0A+++unlock+screen%0D%0A+++--answer+%22doColorizeScript%22%0D%0A+++glx2SaveDevResources%0D%0A+++--answer+%22glx2SaveDevResources%22%0D%0A+++%0D%0A+++if+%22%2FGLX2+Default+Handlers.rev%22+is+not+in+tObjectID+and+the+name+of+tObjectID+is+not+the+name+of+fld+%22GLX2+web%22+then%0D%0A++++++send+%22glx2SaveParentStack+tObjectID%2CdoAutoSave%22+to+me+in+20+millisecs%0D%0A+++end+if%0D%0A+++%0D%0A+++try%0D%0A++++++do+%22select%22+%26%26+theChunk%0D%0A+++catch+e%0D%0A+++end+TRY%0D%0A+++%0D%0A+++if+%28the+cExplicitVariables+of+this+cd+is+true+or+the+cExplicitVariables+of+stack+%22revGLX2+code%22+is+true%29+and+the+cAutoDeclare+of+stack+%22revGLX2+code%22+is+true+then%0D%0A++++++declareLocalsInHandlers%0D%0A+++end+if%0D%0A+++%0D%0A+++--++updateHandlerList%0D%0A+++--++setScriptVarzNConstants%0D%0A+++--++updateHandlerMenu%0D%0A+++--++glx2SetUpHandlerLinkColors%0D%0A+++--++eliminateDoubleSpaces+%22code+storage%22%0D%0A+++--++doColorizeScript%0D%0A+++--++glx2SaveDevResources%0D%0A+++%0D%0A+++--++if+theChunk+is+not+empty+then%0D%0A+++--++++do+%22select%22+%26%26+theChunk%0D%0A+++--++end+if%0D%0A+++--++set+the+scroll+of+fld+%22code+storage%22+to+theScroll%0D%0A+++--++set+the+hilitedline+of+fld+%22handlers%22+to+theHandlerLineNo%0D%0A+++--++set+the+scroll+of+fld+%22handlers%22+to+theHandlerScroll%0D%0A+++%0D%0A+++--++glx2SetCleanFlag+--+premature%0D%0A+++%0D%0A+++set+the+locktext+of+fld+%22code+storage%22+of+stack+%22revGLX2+code%22+to+true%0D%0A+++set+the+defaultcursor+to+arrow%0D%0A+++%0D%0A+++unlock+screen%0D%0A+++glx2SetStatus+%22Compiling%22+%26%26+the+name+of+tObjectID+%26+%22...%22%0D%0A+++--lock+screen%0D%0A+++%0D%0A+++doCompile+doAutoSave%0D%0A+++put+the+result+into+theResult%0D%0A+++%0D%0A+++set+the+locktext+of+fld+%22code+storage%22+of+stack+%22revGLX2+code%22+to+false%0D%0A+++put+the+screenmouseloc+into+theLoc%0D%0A+++add+1+to+item+1+of+theLoc%0D%0A+++set+the+screenmouseloc+to+theLoc%0D%0A+++%0D%0A+++set+the+scroll+of+fld+%22handlers%22+to+theHandlerScroll%0D%0A+++%0D%0A+++if+theResult+is+empty+or+theResult+is+true+then%0D%0A++++++glx2SetCleanFlag%0D%0A++++++if+the+cObjectID+of+this+cd+is+the+cObjectID+of+fld+%22code+storage+2%22+then%0D%0A+++++++++if+the+lockscreen+is+false+then%0D%0A++++++++++++lock+screen%0D%0A++++++++++++put+true+into+doUnlock%0D%0A+++++++++end+if%0D%0A+++++++++glx2UpdateSplitPane%0D%0A+++++++++unlock+screen%0D%0A++++++else%0D%0A+++++++++wait+250+millisecs%0D%0A++++++end+if%0D%0A++++++if+the+short+name+of+tObjectID+is+%22my+default+handlers%22+and+tObjectID+contains+%22%2FGLX2+Default+Handlers.rev%22+then%0D%0A+++++++++save+stack+%22revGLX2+default+handlers%22%0D%0A++++++end+if%0D%0A++++++glx2SaveChecksum+tObjectID%0D%0A++++++%0D%0A++++++unlock+screen%0D%0A++++++glx2SetStatus+%22Successful+compile+of%22+%26%26+the+name+of+tObjectID+%26+%22...%22%0D%0A++++++--lock+screen%0D%0A++++++%0D%0A++++++wait+250+millisecs%0D%0A++++++glx2SetCleanFlag%0D%0A++++++--+glx2SaveDevResources%0D%0A+++else%0D%0A++++++put+true+into+doForceDirty%0D%0A++++++glx2SetDirtyFlag+doForceDirty%0D%0A++++++set+the+script+of+tObjectID+to+theLastCompiledScript+--+put+back+in+for+anomalous+compile+errors+that+actually+compile%0D%0A++++++glx2SaveChecksum+tObjectID%0D%0A++++++--set+the+hilited+of+me+to+false+--+done+by+the+prev+line%0D%0A+++end+if%0D%0A+++%0D%0A+++if+%22%2FGLX2+Default+Handlers.rev%22+is+not+in+tObjectID+and+the+name+of+tObjectID+is+not+the+name+of+fld+%22GLX2+web%22+then%0D%0A++++++--send+%22glx2SaveParentStack+tObjectID%2CdoAutoSave%22+to+me+in+20+millisecs%0D%0A+++else%0D%0A++++++if+the+name+of+tObjectID+is+the+name+of+fld+%22GLX2+web%22+then%0D%0A+++++++++put+getBrowserID%28%29+into+theBrowserID%0D%0A+++++++++if+theBrowserID+is+not+empty+then%0D%0A++++++++++++showBrowser%0D%0A++++++++++++--++++++++revBrowserSet+theBrowserID%2C%22visible%22%2Ctrue%0D%0A++++++++++++--++++++++setSearchMode+%22web%22%0D%0A+++++++++end+if%0D%0A++++++end+if%0D%0A++++++unlock+screen%0D%0A++++++glx2SetStatus%0D%0A++++++--lock+screen%0D%0A+++end+if%0D%0A+++%0D%0A+++unlock+cursor%0D%0A+++--stopwait%0D%0A+++%0D%0A+++return+theResult%0D%0A+++%0D%0Aend+doApply%0D%0A%0D%0AON+doCompile+doAutoSave%0D%0A+++local+theResult%0D%0A+++local+tObjectID%0D%0A+++local+theScript%0D%0A+++local+theLogText%0D%0A+++local+theErrorType%0D%0A+++local+tErrorString%0D%0A+++local+theLineNo%0D%0A+++local+theScriptLineNo%0D%0A+++local+theOffendingLine%0D%0A+++local+doExit%0D%0A+++local+setAtTop%0D%0A+++local+theFldName%0D%0A+++%0D%0A+++--set+the+cursor+to+watch%0D%0A+++%0D%0A+++--lock+error+dialogs%0D%0A+++put+true+into+theResult%0D%0A+++%0D%0A+++put+the+cObjectID+of+this+cd+into+tObjectID%0D%0A+++%0D%0A+++%0D%0A+++IF+tObjectID+is+empty+OR+there+is+no+tObjectID+THEN%0D%0A++++++beep%0D%0A++++++unlock+error+dialogs%0D%0A++++++exit+doCompile%0D%0A+++END+IF%0D%0A+++%0D%0A+++lock+messages%0D%0A+++%0D%0A+++IF+the+cExplicitVariables+of+this+cd+is+true+OR+the+cExplicitVariables+of+stack+%22revGLX2+code%22+is+true+THEN%0D%0A++++++set+the+explicitvariables+to+true%0D%0A+++END+IF%0D%0A+++%0D%0A+++set+the+tracestack+to+empty%0D%0A+++set+the+traceabort+to+true%0D%0A+++set+the+tracereturn+to+true%0D%0A+++%0D%0A+++put+glx2GetScript%28%29+into+theScript%0D%0A+++%0D%0A+++put+Preprocess%28theScript%29+into+theScript%0D%0A+++%0D%0A+++TRY%0D%0A++++++do+%22set+the+script+of%22+%26%26+tObjectID+%26%26+%22to+theScript%22%0D%0A++++++put+the+result+into+theResult%0D%0A+++CATCH+theError%0D%0A++++++put+theError+into+theResult%0D%0A+++END+TRY%0D%0A+++%0D%0A+++IF+theResult+is+not+empty+THEN%0D%0A++++++put+%22tried+again%22+%26+cr+%26+%22explicit%3D%22+%26+the+explicitvariables+%26+cr+%26+theResult+into+theLogText%0D%0A++++++write+theLogText+%26+cr+to+stdout%0D%0A++++++TRY%0D%0A+++++++++set+the+tracestack+to+empty%0D%0A+++++++++set+the+traceabort+to+true%0D%0A+++++++++set+the+tracereturn+to+true%0D%0A+++++++++do+%22set+the+script+of%22+%26%26+tObjectID+%26%26+%22to+theScript%22%0D%0A+++++++++put+the+result+into+theResult%0D%0A+++++++++set+the+tracestack+to+empty%0D%0A+++++++++set+the+traceabort+to+true%0D%0A+++++++++set+the+tracereturn+to+true%0D%0A++++++CATCH+theError%0D%0A+++++++++put+theError+into+theResult%0D%0A+++++++++set+the+tracestack+to+empty%0D%0A+++++++++set+the+traceabort+to+true%0D%0A+++++++++set+the+tracereturn+to+true%0D%0A++++++END+TRY%0D%0A+++END+IF%0D%0A+++%0D%0A+++filter+theResult+without+%22*%2C0%2C*%22+--+work+around+engine+280%2C0%2C1+issue%0D%0A+++set+the+explicitvariables+to+false+%0D%0A+++%0D%0A+++unlock+messages%0D%0A+++%0D%0A+++IF+theResult+is+not+empty+THEN%0D%0A++++++%0D%0A++++++--%3E+FAILED+COMPILE%3A%0D%0A++++++%0D%0A++++++--+put+theResult+%26+return+into+tErrorString%0D%0A++++++--+put+%22compiling+at%3A%22+%26%26+the+long+time+%26+cr+into+tErrorString%0D%0A++++++--+put+%22Type%3A%22+%26+tab+%26+line+%28item+1+of+line+1+of+theResult%29+of+the+cScriptErrors+of+stack+%22revGLX2+code%22+%26+cr+after+tErrorString%0D%0A++++++%0D%0A++++++put+line+%28item+1+of+line+1+of+theResult%29+of+the+cScriptErrors+of+stack+%22revGLX2+code%22+into+theErrorType%0D%0A++++++put+word+1+of+theErrorType+%26%26+word+2+to+-1+of+theErrorType+into+theErrorType%0D%0A++++++put+theErrorType+%26+cr+after+tErrorString%0D%0A++++++--+put+%22Type%3A%22+%26+tab+%26+line+%28item+1+of+line+1+of+theResult%29+of+the+cScriptErrors+of+stack+%22revGLX2+code%22+%26+cr+after+tErrorString%0D%0A++++++put+%22Object%3A%22+%26%26+the+name+of+tObjectID+%26+cr+after+tErrorString+%0D%0A++++++IF+word+1+to+-1+of+line+%28item+2+of+theResult%29+of+the+script+of+tObjectID+is+empty+OR+%5C%0D%0A+++++++++++++item+2+of+theResult+is+0+THEN+%0D%0A+++++++++put+%22-3%22+into+theLineNo+%0D%0A++++++ELSE+%0D%0A+++++++++put+1+into+theLineNo%0D%0A++++++END+IF+%0D%0A++++++put+item+2+of+line+theLineNo+of+theResult+into+theScriptLineNo%0D%0A++++++put+word+1+to+-1+of+line+%28item+2+of+line+theLineNo+of+theResult%29+of+theScript+into+theOffendingLine%0D%0A++++++put+%22Line%3A%22+%26%26+theOffendingLine+%26+cr+after+tErrorString%0D%0A++++++%0D%0A++++++put+false+into+doExit%0D%0A++++++REPEAT+for+each+line+theLine+in+theResult%0D%0A+++++++++IF+the+number+of+items+in+theLine+is+4+THEN%0D%0A++++++++++++put+true+into+doExit%0D%0A++++++++++++exit+REPEAT%0D%0A+++++++++END+IF%0D%0A++++++END+REPEAT%0D%0A++++++IF+not+doExit+THEN+%0D%0A+++++++++put+line+1+of+theResult+into+theLine%0D%0A++++++END+IF%0D%0A++++++IF+item+4+of+theLine+is+not+empty+THEN%0D%0A+++++++++put+%22Hint%3A%22+%26%26+item+4+of+theLine+after+tErrorString%0D%0A++++++END+IF%0D%0A++++++%0D%0A++++++glx2SetStatus+%22Problems+compiling%22+%26%26+the+name+of+tObjectID+%26+%22...%22%0D%0A++++++%0D%0A++++++set+the+locktext+of+fld+%22code+storage%22+to+true%0D%0A++++++set+the+defaultcursor+to+arrow%0D%0A++++++--unlock+cursor%0D%0A++++++set+the+cursor+to+arrow%0D%0A++++++lock+cursor%0D%0A++++++setGLX2AppIcons%0D%0A++++++errorDialog+theResult%2C+the+cScriptErrors+of+stack+%22revGLX2+code%22%0D%0A++++++setREVAppIcons%0D%0A++++++unlock+cursor%0D%0A++++++go+to+stack+%22revGLX2+code%22%0D%0A++++++set+the+defaultstack+to+%22revGLX2+code%22%0D%0A++++++set+the+locktext+of+fld+%22code+storage%22+to+false%0D%0A++++++%0D%0A++++++select+line+theScriptLineNo+of+fld+%22code+storage%22%0D%0A++++++put+false+into+setAtTop%0D%0A++++++put+%22code+storage%22+into+theFldName%0D%0A++++++glx2SetScroll+theFldName%2CtheScriptLineNo%2CsetAtTop%0D%0A++++++set+the+cSelectedChunk+of+fld+theFldName+to+the+selectedchunk%0D%0A++++++unlock+error+dialogs%0D%0A++++++unlock+cursor%0D%0A++++++return+false%0D%0A++++++%0D%0A+++ELSE%0D%0A++++++--%3E+SUCCESSFUL+COMPILE%3A%0D%0A++++++--glxSetStatus+%28glxGetAbbrNames%28tObjectID%29+%26%26+%22compiled+successfully%22%29%2C%22Successful+Compile%22%0D%0A++++++put+fld+%22code+storage%22+into+gCurrentScript%0D%0A++++++return+true%0D%0A+++END+IF%0D%0A+++%0D%0A+++unlock+error+dialogs%0D%0A+++%0D%0AEND+doCompile%0D%0A%0D%0Afunction+Preprocess+pScript%0D%0A++local+tScript%0D%0A++local+_tMacros%0D%0A++local+_tCode%0D%0A%0D%0A++--+each+macro+is+allowed+access+to+variable+%22tScript%22%0D%0A++put+pScript+into+tScript%0D%0A%0D%0A++if+the+cAllowPreprocessing+of+this+stack+is+true+then%0D%0A+++++--+load+the+macro+list%0D%0A+++++set+the+custompropertyset+of+this+stack+to+%22cMacros%22%0D%0A+++++put+the+customproperties%5B%22cMacros%22%5D+of+this+stack+into+_tMacros%0D%0A+++++put+the+keys+of+_tMacros+into+_tMacros%0D%0A+++++--+for+each+macro+in+the+list%0D%0A+++++repeat+for+each+line+_tMacro+in+_tMacros%0D%0A++++++++if+_tMacro+is+not+empty+and+char+1+of+_tMacro+is+not+%22%23%22+then%0D%0A+++++++++++do+%22put+the%22+%26%26+_tMacro+%26%26+%22of+this+stack+into+_tCode%22%0D%0A+++++++++++--+execute+the+macro%0D%0A+++++++++++do+_tCode%0D%0A++++++++end+if%0D%0A+++++end+repeat%0D%0A+++++set+the+custompropertyset+of+this+stack+to+empty%0D%0A++end+if%0D%0A++return+tScript%0D%0Aend+Preprocess%0D%0A%0D%0AON+selectLineInScript+pScriptLineNo%0D%0A+++local+tHandlers%0D%0A+++local+theLine%2C+theLineNo%0D%0A+++local+theTargetHandler%0D%0A+++%0D%0A+++put+line+1+to+pScriptLineNo+of+fld+%22code+storage%22+into+tHandlers%0D%0A+++filter+tHandlers+with+%22%5Bofgs%5D%5Bnue%5D%5B+nt%5D*%22%0D%0A+++put+word+2+of+line+-1+of+tHandlers+into+theTargetHandler%0D%0A+++put+line+pScriptLineNo+of+fld+%22code+storage%22+into+theLine%0D%0A+++doEditPane+theTargetHandler%0D%0A+++put+lineoffset%28theLine%2Cfld+theTargetHandler+of+grp+%22code%22%29+into+theLineNo%0D%0A+++select+line+theLineNo+of+fld+theTargetHandler+of+grp+%22code%22%0D%0AEND+selectLineInScript%0D%0A" )</script>
</button>
