<field name="faux edit" id="700887">
<traversalOn>true</traversalOn>
<ink>srcCopy</ink>
<firstIndent>0</firstIndent>
<dontSearch>false</dontSearch>
<toggleHilites>false</toggleHilites>
<threeD>true</threeD>
<scrollbarWidth>20</scrollbarWidth>
<blendLevel>0</blendLevel>
<rect>210,1187,310,1208</rect>
<multipleHilites>false</multipleHilites>
<colors>urldecode( "0%2C0%2C0%0D%0A%0D%0A%0D%0A%0D%0A%0D%0A%0D%0A%0D%0A" )</colors>
<shadow>false</shadow>
<hScroll>0</hScroll>
<textAlign>left</textAlign>
<vScrollbar>false</vScrollbar>
<hScrollbar>false</hScrollbar>
<id>700887</id>
<altId>0</altId>
<autoTab>false</autoTab>
<hGrid>false</hGrid>
<lockLoc>false</lockLoc>
<dontWrap>false</dontWrap>
<autoHilite>true</autoHilite>
<style>rectangle</style>
<showLines>false</showLines>
<sharedText>false</sharedText>
<noncontiguousHilites>false</noncontiguousHilites>
<lockText>true</lockText>
<scroll>0</scroll>
<name>field "faux edit"</name>
<vGrid>false</vGrid>
<listBehavior>false</listBehavior>
<layer>150</layer>
<visible>false</visible>
<cantSelect>false</cantSelect>
<borderWidth>2</borderWidth>
<margins>8</margins>
<htmlText>urldecode( "%3Cp%3E%3C%2Fp%3E" )</htmlText>
<threeDHilite>false</threeDHilite>
<opaque>true</opaque>
<shadowOffset>4</shadowOffset>
<showBorder>true</showBorder>
<disabled>false</disabled>
<fixedLineHeight>true</fixedLineHeight>
<vScroll>0</vScroll>
<showFocusBorder>true</showFocusBorder>
<custompropertyset name= "cGlx2TimeStamp">
<checksum>urldecode( "%E7WC%2F%D8%FE%3F%DFG%0B%D7%84v%CA%5Es" )</checksum>
</custompropertyset>
<script>urldecode( "--%3E+Keys%0D%0A%0D%0Aon+rawKeyDown+pKeyCode%0D%0A++++pass+rawKeyDown%0D%0Aend+rawKeyDown%0D%0A%0D%0Aon+arrowKey+pDirection+--+up%7Cdown%7Cleft%7Cright%0D%0A++++pass+arrowKey%0D%0Aend+arrowKey%0D%0A" )</script>
</field>
