<field name="html" id="1010">
<traversalOn>true</traversalOn>
<ink>srcCopy</ink>
<firstIndent>0</firstIndent>
<dontSearch>false</dontSearch>
<toggleHilites>false</toggleHilites>
<threeD>false</threeD>
<scrollbarWidth>16</scrollbarWidth>
<blendLevel>0</blendLevel>
<rect>-1,35,753,528</rect>
<multipleHilites>false</multipleHilites>
<colors>urldecode( "0%2C0%2C0%0D%0A246%2C246%2C246%0D%0A%0D%0A117%2C117%2C117%0D%0A%0D%0A%0D%0A%0D%0A" )</colors>
<shadow>false</shadow>
<hScroll>0</hScroll>
<textAlign>left</textAlign>
<vScrollbar>true</vScrollbar>
<hScrollbar>true</hScrollbar>
<id>1010</id>
<altId>0</altId>
<autoTab>false</autoTab>
<hGrid>false</hGrid>
<lockLoc>false</lockLoc>
<dontWrap>false</dontWrap>
<autoHilite>true</autoHilite>
<style>scrolling</style>
<showLines>false</showLines>
<sharedText>false</sharedText>
<noncontiguousHilites>false</noncontiguousHilites>
<lockText>false</lockText>
<scroll>0</scroll>
<name>field "html"</name>
<vGrid>false</vGrid>
<listBehavior>false</listBehavior>
<layer>3</layer>
<visible>true</visible>
<cantSelect>false</cantSelect>
<borderWidth>1</borderWidth>
<margins>8</margins>
<htmlText>urldecode( "%3Cp%3E%3C%2Fp%3E" )</htmlText>
<threeDHilite>false</threeDHilite>
<opaque>true</opaque>
<shadowOffset>4</shadowOffset>
<showBorder>true</showBorder>
<disabled>false</disabled>
<fixedLineHeight>true</fixedLineHeight>
<vScroll>0</vScroll>
<showFocusBorder>false</showFocusBorder>
<custompropertyset name= "cGlx2TimeStamp">
<checksum>urldecode( "%95-%1CkP%87%0FI%B6%D7%11%21w9K%E7" )</checksum>
</custompropertyset>
<script>urldecode( "--%3E+all+handlers%0D%0A%0D%0Aon+rawKeyDown+pKeyCode%0D%0A++++if+pKeyCode+is+65308+then+pass+rawkeydown--+mouse+wheel+down%0D%0A++++else+if+pKeyCode+is+65309+then+pass+rawkeydown+--+mouse+wheel+up%0D%0A++++else+if+the+numtochar+of+pKeyCode+is+%22c%22+then+copy%0D%0A++++else+if+the+numtochar+of+pKeyCode+is+%22g%22+then+%0D%0A++++++++lock+screen%0D%0A++++++++put+the+selectedtext+into+theFindString%0D%0A++++++++put+theFindString+into+fld+%22find%22%0D%0A++++++++doFind%0D%0A++++++++unlock+screen%0D%0A++++else+exit+rawKeyDown%0D%0Aend+rawKeyDown%0D%0A%0D%0Aon+selectionChanged%0D%0A++++set+the+cSelectedChunk+of+me+to+the+selectedchunk%0D%0Aend+selectionChanged%0D%0A" )</script>
</field>
