<field name="faux code" id="289789">
<traversalOn>true</traversalOn>
<ink>srcCopy</ink>
<firstIndent>0</firstIndent>
<dontSearch>false</dontSearch>
<toggleHilites>false</toggleHilites>
<threeD>true</threeD>
<scrollbarWidth>20</scrollbarWidth>
<blendLevel>0</blendLevel>
<textHeight>13</textHeight>
<rect>172,5,254,26</rect>
<multipleHilites>false</multipleHilites>
<shadow>false</shadow>
<hScroll>0</hScroll>
<textAlign>left</textAlign>
<vScrollbar>false</vScrollbar>
<hScrollbar>false</hScrollbar>
<id>289789</id>
<altId>0</altId>
<autoTab>false</autoTab>
<textStyle>plain</textStyle>
<hGrid>false</hGrid>
<lockLoc>false</lockLoc>
<dontWrap>false</dontWrap>
<autoHilite>true</autoHilite>
<style>rectangle</style>
<showLines>false</showLines>
<sharedText>false</sharedText>
<noncontiguousHilites>false</noncontiguousHilites>
<lockText>false</lockText>
<scroll>0</scroll>
<name>field "faux code"</name>
<vGrid>false</vGrid>
<listBehavior>false</listBehavior>
<layer>102</layer>
<visible>false</visible>
<cantSelect>false</cantSelect>
<borderWidth>2</borderWidth>
<margins>8</margins>
<htmlText>urldecode( "%3Cp%3Eon+preOpenStack%3C%2Fp%3E%0D%0A%3Cp%3E++++%3Cfont+color%3D%22%23ADD8E6%22%3Elocal%3C%2Ffont%3E+tTools%3C%2Fp%3E%0D%0A%3Cp%3E++++%3Cfont+color%3D%22%23ADD8E6%22%3Elocal%3C%2Ffont%3E+theOrigDefaultFolder%2C+theOrigDefaultStack%3C%2Fp%3E%0D%0A%3Cp%3E++++%3Cfont+color%3D%22%23ADD8E6%22%3Elocal%3C%2Ffont%3E+theVersion%3C%2Fp%3E%0D%0A%3Cp%3E++++%3Cfont+color%3D%22%23ADD8E6%22%3Elocal%3C%2Ffont%3E+getOutaHere%3C%2Fp%3E%0D%0A%3Cp%3E++++%3Cfont+color%3D%22%23ADD8E6%22%3Elocal%3C%2Ffont%3E+theWorkSpaceFolder%3C%2Fp%3E%0D%0A%3Cp%3E++++%3Cfont+color%3D%22%23ADD8E6%22%3Elocal%3C%2Ffont%3E+theFilePath%3C%2Fp%3E%0D%0A%3Cp%3E++++%3Cfont+color%3D%22%23ADD8E6%22%3Elocal%3C%2Ffont%3E+theInterimDefaultStack%3C%2Fp%3E%0D%0A%3Cp%3E++++%3Cfont+color%3D%22%23ADD8E6%22%3Elocal%3C%2Ffont%3E+theMessageNames%3C%2Fp%3E%0D%0A%3Cp%3E++++%3Cfont+color%3D%22%23ADD8E6%22%3Elocal%3C%2Ffont%3E+theDefaultHandlers%3C%2Fp%3E%0D%0A%3Cp%3E++++%3Cfont+color%3D%22%23ADD8E6%22%3Elocal%3C%2Ffont%3E+doVersionsToo%3C%2Fp%3E%0D%0A%3Cp%3E++++%3Cfont+color%3D%22%23ADD8E6%22%3Elocal%3C%2Ffont%3E+doGLX2%3C%2Fp%3E%0D%0A%3Cp%3E++++%3Cfont+color%3D%22%23ADD8E6%22%3Elocal%3C%2Ffont%3E+isStartup%3C%2Fp%3E%0D%0A%3Cp%3E++++%3Cfont+color%3D%22%23ADD8E6%22%3Elocal%3C%2Ffont%3E+tScript%3C%2Fp%3E%0D%0A%3Cp%3E++++%3C%2Fp%3E%0D%0A%3Cp%3E++++%3Cfont+color%3D%22%23ADD8E6%22%3Eput%3C%2Ffont%3E+glx2GetIDEStackName%28%26quot%3BrevTools%26quot%3B%29+into+tTools%3C%2Fp%3E%0D%0A%3Cp%3E+++++%3C%2Fp%3E%0D%0A%3Cp%3E++++%3Cfont+color%3D%22%23ADD8E6%22%3Ehide%3C%2Ffont%3E+this+stack%3C%2Fp%3E%0D%0A%3Cp%3E++++%3Cfont+color%3D%22%23FFFF00%22%3Eif%3C%2Ffont%3E+the+%3Cfont+color%3D%22%23FAAFBE%22%3Enumber%3C%2Ffont%3E+of+this+cd+is+1+%3Cfont+color%3D%22%23FFFF00%22%3Ethen%3C%2Ffont%3E%3C%2Fp%3E%0D%0A%3Cp%3E++++++++%3Cfont+color%3D%22%23FFFF00%22%3Eif%3C%2Ffont%3E+the+%3Cfont+color%3D%22%23F88017%22%3Eenvironment%3C%2Ffont%3E+is+not+%26quot%3Bdevelopment%26quot%3B+%3Cfont+color%3D%22%23FFFF00%22%3Ethen%3C%2Ffont%3E%3C%2Fp%3E%0D%0A%3Cp%3E++++++++%3Cfont+color%3D%22%23FFFF00%22%3Eelse%3C%2Ffont%3E%3C%2Fp%3E%0D%0A%3Cp%3E+++++++++++++%3C%2Fp%3E%0D%0A%3Cp%3E++++++++++++%3Cfont+color%3D%22%23FFFF00%22%3Eif%3C%2Ffont%3E+the+%3Cfont+color%3D%22%23FAAFBE%22%3Elong%3C%2Ffont%3E+%3Cfont+color%3D%22%23FAAFBE%22%3Eid%3C%2Ffont%3E+of+btn+%26quot%3BGLX2+Frontscript%26quot%3B+is+not+among+the+lines+of+the+%3Cfont+color%3D%22%23F88017%22%3Efrontscripts%3C%2Ffont%3E+%3Cfont+color%3D%22%23FFFF00%22%3Ethen%3C%2Ffont%3E%3C%2Fp%3E%0D%0A%3Cp%3E+++++++++++++++++%3C%2Fp%3E%0D%0A%3Cp%3E++++++++++++++++deleteOldGLX2PropsFile%3C%2Fp%3E%0D%0A%3Cp%3E+++++++++++++++++%3C%2Fp%3E%0D%0A%3Cp%3E++++++++++++++++%3Cfont+color%3D%22%23ADD8E6%22%3Eput%3C%2Ffont%3E+the+%3Cfont+color%3D%22%23FAAFBE%22%3Edefaultstack%3C%2Ffont%3E+into+theOrigDefaultStack%3C%2Fp%3E%0D%0A%3Cp%3E++++++++++++++++%3Cfont+color%3D%22%23ADD8E6%22%3Eput%3C%2Ffont%3E+the+%3Cfont+color%3D%22%23FAAFBE%22%3Efolder%3C%2Ffont%3E+into+theOrigDefaultFolder%3C%2Fp%3E%0D%0A%3Cp%3E+++++++++++++++++%3C%2Fp%3E%0D%0A%3Cp%3E++++++++++++++++%3Cfont+color%3D%22%23FFFF00%22%3Etry%3C%2Ffont%3E%3C%2Fp%3E%0D%0A%3Cp%3E++++++++++++++++++++%3Cfont+color%3D%22%23ADD8E6%22%3Ehide%3C%2Ffont%3E+img+%26quot%3Bwait3.gif%26quot%3B+of+the+%3Cfont+color%3D%22%23F88017%22%3Eowner%3C%2Ffont%3E+of+%3Cfont+color%3D%22%23F88017%22%3Eme%3C%2Ffont%3E%3C%2Fp%3E%0D%0A%3Cp%3E++++++++++++++++%3Cfont+color%3D%22%23FFFF00%22%3Ecatch%3C%2Ffont%3E+e%3C%2Fp%3E%0D%0A%3Cp%3E++++++++++++++++%3Cfont+color%3D%22%23FFFF00%22%3Eend%3C%2Ffont%3E+try%3C%2Fp%3E%0D%0A%3Cp%3E+++++++++++++++++%3C%2Fp%3E%0D%0A%3Cp%3E++++++++++++++++%3Cfont+color%3D%22%23ADD8E6%22%3Eput%3C%2Ffont%3E+the+%3Cfont+color%3D%22%23F88017%22%3Eversion%3C%2Ffont%3E+into+theVersion%3C%2Fp%3E%0D%0A%3Cp%3E++++++++++++++++%3Cfont+color%3D%22%23FFFF00%22%3Eif%3C%2Ffont%3E+char+1+of+theVersion+%26gt%3B+2+%3Cfont+color%3D%22%23FFFF00%22%3Ethen%3C%2Ffont%3E%3C%2Fp%3E%0D%0A%3Cp%3E++++++++++++++++++++%3Cfont+color%3D%22%23ADD8E6%22%3Eput%3C%2Ffont%3E+false+into+getOutaHere%3C%2Fp%3E%0D%0A%3Cp%3E++++++++++++++++%3Cfont+color%3D%22%23FFFF00%22%3Eelse%3C%2Ffont%3E+%3Cfont+color%3D%22%23FFFF00%22%3Eif%3C%2Ffont%3E+char+1+of+theVersion+is+2+%3Cfont+color%3D%22%23FFFF00%22%3Ethen%3C%2Ffont%3E%3C%2Fp%3E%0D%0A%3Cp%3E++++++++++++++++++++%3Cfont+color%3D%22%23FFFF00%22%3Eif%3C%2Ffont%3E+char+3+of+theVersion+%3D+8+%3Cfont+color%3D%22%23FFFF00%22%3Ethen%3C%2Ffont%3E%3C%2Fp%3E%0D%0A%3Cp%3E++++++++++++++++++++++++%3Cfont+color%3D%22%23FFFF00%22%3Eif%3C%2Ffont%3E+char+5+of+theVersion+%26gt%3B+0+%3Cfont+color%3D%22%23FFFF00%22%3Ethen%3C%2Ffont%3E%3C%2Fp%3E%0D%0A%3Cp%3E++++++++++++++++++++++++++++%3Cfont+color%3D%22%23ADD8E6%22%3Eput%3C%2Ffont%3E+false+into+getOutaHere%3C%2Fp%3E%0D%0A%3Cp%3E++++++++++++++++++++++++%3Cfont+color%3D%22%23FFFF00%22%3Eelse%3C%2Ffont%3E%3C%2Fp%3E%0D%0A%3Cp%3E++++++++++++++++++++++++++++%3Cfont+color%3D%22%23ADD8E6%22%3Eput%3C%2Ffont%3E+true+into+getOutaHere%3C%2Fp%3E%0D%0A%3Cp%3E++++++++++++++++++++++++%3Cfont+color%3D%22%23FFFF00%22%3Eend%3C%2Ffont%3E+%3Cfont+color%3D%22%23FFFF00%22%3Eif%3C%2Ffont%3E%3C%2Fp%3E%0D%0A%3Cp%3E++++++++++++++++++++%3Cfont+color%3D%22%23FFFF00%22%3Eelse%3C%2Ffont%3E+%3Cfont+color%3D%22%23FFFF00%22%3Eif%3C%2Ffont%3E+char+3+of+theVersion+%26gt%3B+8+%3Cfont+color%3D%22%23FFFF00%22%3Ethen%3C%2Ffont%3E%3C%2Fp%3E%0D%0A%3Cp%3E++++++++++++++++++++++++%3Cfont+color%3D%22%23ADD8E6%22%3Eput%3C%2Ffont%3E+false+into+getOutaHere%3C%2Fp%3E%0D%0A%3Cp%3E++++++++++++++++++++%3Cfont+color%3D%22%23FFFF00%22%3Eelse%3C%2Ffont%3E%3C%2Fp%3E%0D%0A%3Cp%3E++++++++++++++++++++++++%3Cfont+color%3D%22%23ADD8E6%22%3Eput%3C%2Ffont%3E+true+into+getOutaHere%3C%2Fp%3E%0D%0A%3Cp%3E++++++++++++++++++++%3Cfont+color%3D%22%23FFFF00%22%3Eend%3C%2Ffont%3E+%3Cfont+color%3D%22%23FFFF00%22%3Eif%3C%2Ffont%3E%3C%2Fp%3E%0D%0A%3Cp%3E++++++++++++++++%3Cfont+color%3D%22%23FFFF00%22%3Eelse%3C%2Ffont%3E%3C%2Fp%3E%0D%0A%3Cp%3E++++++++++++++++++++%3Cfont+color%3D%22%23ADD8E6%22%3Eput%3C%2Ffont%3E+true+into+getOutaHere%3C%2Fp%3E%0D%0A%3Cp%3E%3Cfont+color%3D%22%23FFFF00%22%3E++++++++++++++++end%3C%2Ffont%3E+%3Cfont+color%3D%22%23FFFF00%22%3Eif%3C%2Ffont%3E++++++++++++%3C%2Fp%3E%0D%0A%3Cp%3E+++++++++++++++++%3C%2Fp%3E%0D%0A%3Cp%3E++++++++++++++++%3Cfont+color%3D%22%23FFFF00%22%3Eif%3C%2Ffont%3E+getOutaHere+is+true+%3Cfont+color%3D%22%23FFFF00%22%3Ethen%3C%2Ffont%3E%3C%2Fp%3E%0D%0A%3Cp%3E++++++++++++++++++++%3Cfont+color%3D%22%23ADD8E6%22%3Emodal%3C%2Ffont%3E+stack+%26quot%3BrevGLX2+compatibility%26quot%3B%3C%2Fp%3E%0D%0A%3Cp%3E++++++++++++++++++++%3Cfont+color%3D%22%23ADD8E6%22%3Epass%3C%2Ffont%3E+preOpenStack%3C%2Fp%3E%0D%0A%3Cp%3E++++++++++++++++%3Cfont+color%3D%22%23FFFF00%22%3Eend%3C%2Ffont%3E+%3Cfont+color%3D%22%23FFFF00%22%3Eif%3C%2Ffont%3E%3C%2Fp%3E%0D%0A%3Cp%3E+++++++++++++++++%3C%2Fp%3E%0D%0A%3Cp%3E++++++++++++++++%3Cfont+color%3D%22%23FFFF00%22%3Eif%3C%2Ffont%3E+%24USER+contains+%26quot%3Bjerry%26quot%3B+%3Cfont+color%3D%22%23FFFF00%22%3Eor%3C%2Ffont%3E+%24USERNAME+contains+%26quot%3Bjerry%26quot%3B+%3Cfont+color%3D%22%23FFFF00%22%3Ethen%3C%2Ffont%3E%3C%2Fp%3E%0D%0A%3Cp%3E++++++++++++++++++++%3Cfont+color%3D%22%23ADD8E6%22%3Eset%3C%2Ffont%3E+the+cGLX2WebBrowser+of+the+%3Cfont+color%3D%22%23F88017%22%3Eowner%3C%2Ffont%3E+of+%3Cfont+color%3D%22%23F88017%22%3Eme%3C%2Ffont%3E+to+true%3C%2Fp%3E%0D%0A%3Cp%3E++++++++++++++++%3Cfont+color%3D%22%23FFFF00%22%3Eend%3C%2Ffont%3E+%3Cfont+color%3D%22%23FFFF00%22%3Eif%3C%2Ffont%3E%3C%2Fp%3E%0D%0A%3Cp%3E+++++++++++++++++%3C%2Fp%3E%0D%0A%3Cp%3E++++++++++++++++%3Cfont+color%3D%22%23ADD8E6%22%3Eput%3C%2Ffont%3E+true+into+gRevIsInFront%3C%2Fp%3E%0D%0A%3Cp%3E+++++++++++++++++%3C%2Fp%3E%0D%0A%3Cp%3E++++++++++++++++%3Cfont+color%3D%22%23ADD8E6%22%3Eput%3C%2Ffont%3E+the+%3Cfont+color%3D%22%23FAAFBE%22%3Efilename%3C%2Ffont%3E+of+the+%3Cfont+color%3D%22%23F88017%22%3Eowner%3C%2Ffont%3E+of+%3Cfont+color%3D%22%23F88017%22%3Eme%3C%2Ffont%3E+into+theWorkSpaceFolder%3C%2Fp%3E%0D%0A%3Cp%3E++++++++++++++++%3Cfont+color%3D%22%23ADD8E6%22%3Eset%3C%2Ffont%3E+the+%3Cfont+color%3D%22%23FAAFBE%22%3Eitemdel%3C%2Ffont%3E+to+%26quot%3B%2F%26quot%3B%3C%2Fp%3E%0D%0A%3Cp%3E++++++++++++++++%3Cfont+color%3D%22%23ADD8E6%22%3Eput%3C%2Ffont%3E+%26quot%3BGLX2+Work+Spaces%26quot%3B+into+item+-1+of+theWorkSpaceFolder%3C%2Fp%3E%0D%0A%3Cp%3E++++++++++++++++%3Cfont+color%3D%22%23FFFF00%22%3Eif%3C%2Ffont%3E+there+is+no+%3Cfont+color%3D%22%23FAAFBE%22%3Efolder%3C%2Ffont%3E+theWorkSpaceFolder+%3Cfont+color%3D%22%23FFFF00%22%3Ethen%3C%2Ffont%3E%3C%2Fp%3E%0D%0A%3Cp%3E++++++++++++++++++++%3Cfont+color%3D%22%23ADD8E6%22%3Ecreate%3C%2Ffont%3E+%3Cfont+color%3D%22%23FAAFBE%22%3Efolder%3C%2Ffont%3E+theWorkSpaceFolder%3C%2Fp%3E%0D%0A%3Cp%3E++++++++++++++++%3Cfont+color%3D%22%23FFFF00%22%3Eend%3C%2Ffont%3E+%3Cfont+color%3D%22%23FFFF00%22%3Eif%3C%2Ffont%3E%3C%2Fp%3E%0D%0A%3Cp%3E++++++++++++++++%3Cfont+color%3D%22%23ADD8E6%22%3Eset%3C%2Ffont%3E+the+%3Cfont+color%3D%22%23FAAFBE%22%3Eitemdel%3C%2Ffont%3E+to+comma%3C%2Fp%3E%0D%0A%3Cp%3E+++++++++++++++++%3C%2Fp%3E%0D%0A%3Cp%3E++++++++++++++++%3Cfont+color%3D%22%23FAAFBE%22%3E--+put+true+into+isStartup%3C%2Ffont%3E%3C%2Fp%3E%0D%0A%3Cp%3E++++++++++++++++%3Cfont+color%3D%22%23FAAFBE%22%3E--+send+%26quot%3BannounceGLX2+isStartup%26quot%3B+to+me+in+100+millisecs%3C%2Ffont%3E%3C%2Fp%3E%0D%0A%3Cp%3E++++++++++++++++%3Cfont+color%3D%22%23ADD8E6%22%3Eset%3C%2Ffont%3E+the+cBrowserID+of+the+%3Cfont+color%3D%22%23F88017%22%3Eowner%3C%2Ffont%3E+of+%3Cfont+color%3D%22%23F88017%22%3Eme%3C%2Ffont%3E+to+empty%3C%2Fp%3E%0D%0A%3Cp%3E++++++++++++++++%3Cfont+color%3D%22%23ADD8E6%22%3Eput%3C%2Ffont%3E+empty+into+fld+%26quot%3BGLX2+Web%26quot%3B%3C%2Fp%3E%0D%0A%3Cp%3E++++++++++++++++%3Cfont+color%3D%22%23ADD8E6%22%3Eset%3C%2Ffont%3E+the+cWorkSpaceFilePath+of+%3Cfont+color%3D%22%23F88017%22%3Eme%3C%2Ffont%3E+to+empty%3C%2Fp%3E%0D%0A%3Cp%3E+++++++++++++++++%3C%2Fp%3E%0D%0A%3Cp%3E++++++++++++++++%3Cfont+color%3D%22%23ADD8E6%22%3Eset%3C%2Ffont%3E+the+cHotPane+of+this+stack+to+%26quot%3Bcode+storage%26quot%3B%3C%2Fp%3E%0D%0A%3Cp%3E++++++++++++++++%3Cfont+color%3D%22%23ADD8E6%22%3Ehide%3C%2Ffont%3E+fld+%26quot%3Bhandlers+2%26quot%3B%3C%2Fp%3E%0D%0A%3Cp%3E++++++++++++++++%3Cfont+color%3D%22%23ADD8E6%22%3Ehide%3C%2Ffont%3E+btn+%26quot%3Bsplit%26quot%3B%3C%2Fp%3E%0D%0A%3Cp%3E++++++++++++++++%3Cfont+color%3D%22%23ADD8E6%22%3Ehide%3C%2Ffont%3E+img+%26quot%3Bresize+2%26quot%3B%3C%2Fp%3E%0D%0A%3Cp%3E++++++++++++++++%3Cfont+color%3D%22%23FFFF00%22%3Eif%3C%2Ffont%3E+glx2GetNoActiveTabs%28%29+is+not+zero+%3Cfont+color%3D%22%23FFFF00%22%3Ethen%3C%2Ffont%3E%3C%2Fp%3E%0D%0A%3Cp%3E++++++++++++++++++++glx2CloseAllNoMatterWhat%3C%2Fp%3E%0D%0A%3Cp%3E++++++++++++++++%3Cfont+color%3D%22%23FFFF00%22%3Eend%3C%2Ffont%3E+%3Cfont+color%3D%22%23FFFF00%22%3Eif%3C%2Ffont%3E%3C%2Fp%3E%0D%0A%3Cp%3E++++++++++++++++clearCrumbs%3C%2Fp%3E%0D%0A%3Cp%3E++++++++++++++++glx2LoadPrefs%3C%2Fp%3E%0D%0A%3Cp%3E%3Cfont+color%3D%22%23ADD8E6%22%3E++++++++++++++++hide%3C%2Ffont%3E+img+%26quot%3Bcrumbs+%7C%26quot%3B+++%3C%2Fp%3E%0D%0A%3Cp%3E%3Cfont+color%3D%22%23ADD8E6%22%3E++++++++++++++++hide%3C%2Ffont%3E+img+%26quot%3Bcrumbs+%7C+chalkboard%26quot%3B++++%3C%2Fp%3E%0D%0A%3Cp%3E++++++++++++++++%3Cfont+color%3D%22%23ADD8E6%22%3Eput%3C%2Ffont%3E+empty+into+fld+%26quot%3Bfind%26quot%3B%3C%2Fp%3E%0D%0A%3Cp%3E++++++++++++++++%3Cfont+color%3D%22%23ADD8E6%22%3Eput%3C%2Ffont%3E+empty+into+fld+%26quot%3Breplace%26quot%3B%3C%2Fp%3E%0D%0A%3Cp%3E++++++++++++++++%3Cfont+color%3D%22%23ADD8E6%22%3Eput%3C%2Ffont%3E+empty+into+fld+%26quot%3Bfind%26quot%3B+of+stack+%26quot%3BGLX2+Web+Source%26quot%3B%3C%2Fp%3E%0D%0A%3Cp%3E++++++++++++++++%3Cfont+color%3D%22%23ADD8E6%22%3Eput%3C%2Ffont%3E+empty+into+fld+%26quot%3Bhtml%26quot%3B+of+stack+%26quot%3BGLX2+Web+Source%26quot%3B%3C%2Fp%3E%0D%0A%3Cp%3E++++++++++++++++%3Cfont+color%3D%22%23ADD8E6%22%3Eput%3C%2Ffont%3E+the+%3Cfont+color%3D%22%23FAAFBE%22%3Efilename%3C%2Ffont%3E+of+this+stack+into+theFilePath%3C%2Fp%3E%0D%0A%3Cp%3E++++++++++++++++%3Cfont+color%3D%22%23ADD8E6%22%3Eset%3C%2Ffont%3E+the+%3Cfont+color%3D%22%23FAAFBE%22%3Eitemdelimiter%3C%2Ffont%3E+to+%26quot%3B%2F%26quot%3B%3C%2Fp%3E%0D%0A%3Cp%3E++++++++++++++++%3Cfont+color%3D%22%23ADD8E6%22%3Eput%3C%2Ffont%3E+%26quot%3BGLX2+Default+Handlers.rev%26quot%3B+into+item+-1+of+theFilePath%3C%2Fp%3E%0D%0A%3Cp%3E++++++++++++++++%3Cfont+color%3D%22%23ADD8E6%22%3Eset%3C%2Ffont%3E+the+%3Cfont+color%3D%22%23FAAFBE%22%3Eitemdelimiter%3C%2Ffont%3E+to+comma%3C%2Fp%3E%0D%0A%3Cp%3E++++++++++++++++%3Cfont+color%3D%22%23FFFF00%22%3Eif%3C%2Ffont%3E+there+is+a+file+theFilePath+%3Cfont+color%3D%22%23FFFF00%22%3Ethen%3C%2Ffont%3E%3C%2Fp%3E%0D%0A%3Cp%3E++++++++++++++++++++%3Cfont+color%3D%22%23ADD8E6%22%3Eput%3C%2Ffont%3E+the+%3Cfont+color%3D%22%23FAAFBE%22%3Edefaultstack%3C%2Ffont%3E+into+theInterimDefaultStack%3C%2Fp%3E%0D%0A%3Cp%3E++++++++++++++++++++%3Cfont+color%3D%22%23ADD8E6%22%3Ego%3C%2Ffont%3E+%3Cfont+color%3D%22%23FAAFBE%22%3Einvisible%3C%2Ffont%3E+to+stack+theFilePath%3C%2Fp%3E%0D%0A%3Cp%3E++++++++++++++++++++%3Cfont+color%3D%22%23ADD8E6%22%3Eput%3C%2Ffont%3E+the+%3Cfont+color%3D%22%23FAAFBE%22%3Escript%3C%2Ffont%3E+of+btn+%26quot%3Bmy+default+handlers%26quot%3B+of+stack+theFilePath+into+theMessageNames%3C%2Fp%3E%0D%0A%3Cp%3E++++++++++++++++++++%3Cfont+color%3D%22%23ADD8E6%22%3Efilter%3C%2Ffont%3E+theMessageNames+%3Cfont+color%3D%22%23FFFF00%22%3Ewith%3C%2Ffont%3E+%26quot%3B%5BOoFfGgSs%5D%5BNnUuEe%5D%5B+NnTt%5D*%26quot%3B%3C%2Fp%3E%0D%0A%3Cp%3E++++++++++++++++++++%3Cfont+color%3D%22%23ADD8E6%22%3Eset%3C%2Ffont%3E+the+cMyMessageNames+of+stack+%26quot%3BrevGLX2+code%26quot%3B+to+theMessageNames%3C%2Fp%3E%0D%0A%3Cp%3E++++++++++++++++++++%3Cfont+color%3D%22%23ADD8E6%22%3Eset%3C%2Ffont%3E+the+%3Cfont+color%3D%22%23FAAFBE%22%3Edefaultstack%3C%2Ffont%3E+to+theInterimDefaultStack%3C%2Fp%3E%0D%0A%3Cp%3E++++++++++++++++%3Cfont+color%3D%22%23FFFF00%22%3Eend%3C%2Ffont%3E+%3Cfont+color%3D%22%23FFFF00%22%3Eif%3C%2Ffont%3E%3C%2Fp%3E%0D%0A%3Cp%3E++++++++++++++++%3Cfont+color%3D%22%23ADD8E6%22%3Eput%3C%2Ffont%3E+the+cDefaultHandlers+of+this+stack+into+theDefaultHandlers%3C%2Fp%3E%0D%0A%3Cp%3E++++++++++++++++%3Cfont+color%3D%22%23ADD8E6%22%3Eset%3C%2Ffont%3E+the+%3Cfont+color%3D%22%23FAAFBE%22%3Escript%3C%2Ffont%3E+of+grp+%26quot%3BGLX2+default+handlers%26quot%3B+of+stack+%26quot%3BrevGLX2+defaults%26quot%3B+to+theDefaultHandlers%3C%2Fp%3E%0D%0A%3Cp%3E++++++++++++++++%3Cfont+color%3D%22%23ADD8E6%22%3Eput%3C%2Ffont%3E+theDefaultHandlers+into+theMessageNames%3C%2Fp%3E%0D%0A%3Cp%3E++++++++++++++++%3Cfont+color%3D%22%23ADD8E6%22%3Efilter%3C%2Ffont%3E+theMessageNames+%3Cfont+color%3D%22%23FFFF00%22%3Ewith%3C%2Ffont%3E+%26quot%3B%5BOoFfGgSs%5D%5BNnUuEe%5D%5B+NnTt%5D*%26quot%3B%3C%2Fp%3E%0D%0A%3Cp%3E++++++++++++++++%3Cfont+color%3D%22%23ADD8E6%22%3Eset%3C%2Ffont%3E+the+cMessageNames+of+stack+%26quot%3BrevGLX2+code%26quot%3B+to+theMessageNames%3C%2Fp%3E%0D%0A%3Cp%3E++++++++++++++++%3Ca%3E%3Cb%3Esend%3C%2Fb%3E%3C%2Fa%3E+%26quot%3Bglx2ResetSize%26quot%3B+to+%3Cfont+color%3D%22%23F88017%22%3Eme%3C%2Ffont%3E+in+10+%3Cfont+color%3D%22%23F88017%22%3Emillisecs%3C%2Ffont%3E%3C%2Fp%3E%0D%0A%3Cp%3E++++++++++++++++%3Cfont+color%3D%22%23ADD8E6%22%3Ehide%3C%2Ffont%3E+fld+%26quot%3Bhandlers+2%26quot%3B%3C%2Fp%3E%0D%0A%3Cp%3E++++++++++++++++%3Cfont+color%3D%22%23ADD8E6%22%3Ehide%3C%2Ffont%3E+btn+%26quot%3Bsplit%26quot%3B%3C%2Fp%3E%0D%0A%3Cp%3E++++++++++++++++%3Cfont+color%3D%22%23ADD8E6%22%3Ehide%3C%2Ffont%3E+img+%26quot%3Bresize+2%26quot%3B%3C%2Fp%3E%0D%0A%3Cp%3E++++++++++++++++%3Cfont+color%3D%22%23FFFF00%22%3Eif%3C%2Ffont%3E+the+%3Cfont+color%3D%22%23F88017%22%3Eplatform%3C%2Ffont%3E+is+not+%26quot%3Bmacos%26quot%3B+%3Cfont+color%3D%22%23FFFF00%22%3Ethen%3C%2Ffont%3E%3C%2Fp%3E%0D%0A%3Cp%3E++++++++++++++++++++%3Cfont+color%3D%22%23ADD8E6%22%3Eset%3C%2Ffont%3E+the+cTabCloseOnRight+of+stack+%26quot%3BrevGLX2+code%26quot%3B+to+true%3C%2Fp%3E%0D%0A%3Cp%3E++++++++++++++++%3Cfont+color%3D%22%23FFFF00%22%3Eelse%3C%2Ffont%3E%3C%2Fp%3E%0D%0A%3Cp%3E++++++++++++++++++++%3Cfont+color%3D%22%23ADD8E6%22%3Eset%3C%2Ffont%3E+the+cTabCloseOnRight+of+stack+%26quot%3BrevGLX2+code%26quot%3B+to+false%3C%2Fp%3E%0D%0A%3Cp%3E++++++++++++++++%3Cfont+color%3D%22%23FFFF00%22%3Eend%3C%2Ffont%3E+%3Cfont+color%3D%22%23FFFF00%22%3Eif%3C%2Ffont%3E%3C%2Fp%3E%0D%0A%3Cp%3E++++++++++++++++%3Cfont+color%3D%22%23ADD8E6%22%3Eset%3C%2Ffont%3E+the+cCompleteOnReturn+of+stack+%26quot%3BrevGLX2+code%26quot%3B+to+false%3C%2Fp%3E%0D%0A%3Cp%3E++++++++++++++++%3Cfont+color%3D%22%23FAAFBE%22%3E--+JD%3A+hide+browser+controls%3C%2Ffont%3E%3C%2Fp%3E%0D%0A%3Cp%3E++++++++++++++++%3Cfont+color%3D%22%23ADD8E6%22%3Eset%3C%2Ffont%3E+the+%3Cfont+color%3D%22%23FAAFBE%22%3Evisible%3C%2Ffont%3E+of+btn+%26quot%3Bcompile%26quot%3B+to+true%3C%2Fp%3E%0D%0A%3Cp%3E++++++++++++++++%3Cfont+color%3D%22%23ADD8E6%22%3Eset%3C%2Ffont%3E+the+%3Cfont+color%3D%22%23FAAFBE%22%3Evisible%3C%2Ffont%3E+of+grp+%26quot%3Bnavigate%26quot%3B+to+false%3C%2Fp%3E%0D%0A%3Cp%3E++++++++++++++++%3Cfont+color%3D%22%23FFFF00%22%3Eif%3C%2Ffont%3E+the+%3Cfont+color%3D%22%23F88017%22%3Eplatform%3C%2Ffont%3E+is+not+%26quot%3Bmacos%26quot%3B+%3Cfont+color%3D%22%23FFFF00%22%3Ethen%3C%2Ffont%3E%3C%2Fp%3E%0D%0A%3Cp%3E++++++++++++++++++++%3Cfont+color%3D%22%23ADD8E6%22%3Eset%3C%2Ffont%3E+the+%3Cfont+color%3D%22%23FAAFBE%22%3Edecorations%3C%2Ffont%3E+of+stack+%26quot%3BrevGLX2+code%26quot%3B+to+%3Cfont+color%3D%22%23FFFF00%22%3Edefault%3C%2Ffont%3E%3C%2Fp%3E%0D%0A%3Cp%3E++++++++++++++++++++%3Cfont+color%3D%22%23ADD8E6%22%3Eset%3C%2Ffont%3E+the+%3Cfont+color%3D%22%23FAAFBE%22%3Edecorations%3C%2Ffont%3E+of+stack+%26quot%3BrevGLX2+code+docs%26quot%3B+to+%3Cfont+color%3D%22%23FFFF00%22%3Edefault%3C%2Ffont%3E%3C%2Fp%3E%0D%0A%3Cp%3E++++++++++++++++%3Cfont+color%3D%22%23FFFF00%22%3Eend%3C%2Ffont%3E+%3Cfont+color%3D%22%23FFFF00%22%3Eif%3C%2Ffont%3E%3C%2Fp%3E%0D%0A%3Cp%3E+++++++++++++++++%3C%2Fp%3E%0D%0A%3Cp%3E++++++++++++++++%3Cfont+color%3D%22%23ADD8E6%22%3Eput%3C%2Ffont%3E+true+into+doVersionsToo%3C%2Fp%3E%0D%0A%3Cp%3E++++++++++++++++%3Ca%3E%3Cb%3Esend%3C%2Fb%3E%3C%2Fa%3E+%26quot%3Bglx2RefreshHomey+doVersionsToo%26quot%3B+to+grp+%26quot%3Bnews+widget%26quot%3B+of+cd+1+of+%3Cfont+color%3D%22%23F88017%22%3Eme%3C%2Ffont%3E+in+100+%3Cfont+color%3D%22%23F88017%22%3Emillisecs%3C%2Ffont%3E%3C%2Fp%3E%0D%0A%3Cp%3E+++++++++++++++++%3C%2Fp%3E%0D%0A%3Cp%3E++++++++++++++++%3Cfont+color%3D%22%23ADD8E6%22%3Eput%3C%2Ffont%3E+true+into+doGLX2%3C%2Fp%3E%0D%0A%3Cp%3E++++++++++++++++setMenubarGLX2+doGLX2+%3C%2Fp%3E%0D%0A%3Cp%3E++++++++++++++++glx2SetScripts%3C%2Fp%3E%0D%0A%3Cp%3E++++++++++++++++%3Ca%3E%3Cb%3Esend%3C%2Fb%3E%3C%2Fa%3E+%26quot%3Bglx2AddPrefsToRev%26quot%3B+to+%3Cfont+color%3D%22%23F88017%22%3Eme%3C%2Ffont%3E+in+1+%3Cfont+color%3D%22%23F88017%22%3Esecs%3C%2Ffont%3E%3C%2Fp%3E%0D%0A%3Cp%3E++++++++++++++++%3Cfont+color%3D%22%23ADD8E6%22%3Eput%3C%2Ffont%3E+true+into+isStartup%3C%2Fp%3E%0D%0A%3Cp%3E++++++++++++++++%3Ca%3E%3Cb%3Esend%3C%2Fb%3E%3C%2Fa%3E+%26quot%3BannounceGLX2+isStartup%26quot%3B+to+%3Cfont+color%3D%22%23F88017%22%3Eme%3C%2Ffont%3E+in+100+%3Cfont+color%3D%22%23F88017%22%3Emillisecs%3C%2Ffont%3E%3C%2Fp%3E%0D%0A%3Cp%3E++++++++++++++++%3Cfont+color%3D%22%23FFFF00%22%3Eif%3C%2Ffont%3E+the+%3Cfont+color%3D%22%23FAAFBE%22%3Estyle%3C%2Ffont%3E+of+stack+tTools+is+not+%26quot%3Bpalette%26quot%3B+%3Cfont+color%3D%22%23FFFF00%22%3Ethen%3C%2Ffont%3E%3C%2Fp%3E%0D%0A%3Cp%3E++++++++++++++++++++%3Cfont+color%3D%22%23ADD8E6%22%3Eset%3C%2Ffont%3E+the+%3Cfont+color%3D%22%23FAAFBE%22%3Estyle%3C%2Ffont%3E+of+stack+tTools+to+%26quot%3Bpalette%26quot%3B%3C%2Fp%3E%0D%0A%3Cp%3E++++++++++++++++++++%3Cfont+color%3D%22%23ADD8E6%22%3Esave%3C%2Ffont%3E+stack+tTools%3C%2Fp%3E%0D%0A%3Cp%3E++++++++++++++++%3Cfont+color%3D%22%23FFFF00%22%3Eend%3C%2Ffont%3E+%3Cfont+color%3D%22%23FFFF00%22%3Eif%3C%2Ffont%3E%3C%2Fp%3E%0D%0A%3Cp%3E++++++++++++++++%3Cfont+color%3D%22%23ADD8E6%22%3Eset%3C%2Ffont%3E+the+%3Cfont+color%3D%22%23FAAFBE%22%3Edefaultstack%3C%2Ffont%3E+to+theOrigDefaultStack%3C%2Fp%3E%0D%0A%3Cp%3E++++++++++++++++%3Cfont+color%3D%22%23ADD8E6%22%3Eset%3C%2Ffont%3E+the+%3Cfont+color%3D%22%23FAAFBE%22%3Efolder%3C%2Ffont%3E+to+theOrigDefaultFolder%3C%2Fp%3E%0D%0A%3Cp%3E%3Cfont+color%3D%22%23FAAFBE%22%3E++++++++++++++++--+if+%26quot%3B2.8%26quot%3B+is+not+in+the+version+then+%3C%2Ffont%3E%3C%2Fp%3E%0D%0A%3Cp%3E++++++++++++++++%3Ca%3E%3Cb%3Esend%3C%2Fb%3E%3C%2Fa%3E+%26quot%3BemptyVABafterStartup%26quot%3B+to+%3Cfont+color%3D%22%23F88017%22%3Eme%3C%2Ffont%3E+in+100+%3Cfont+color%3D%22%23F88017%22%3Emillisecs%3C%2Ffont%3E%3C%2Fp%3E%0D%0A%3Cp%3E++++++++++++++++%3Cfont+color%3D%22%23FAAFBE%22%3E--+end+if%3C%2Ffont%3E%3C%2Fp%3E%0D%0A%3Cp%3E++++++++++++%3Cfont+color%3D%22%23FFFF00%22%3Eend%3C%2Ffont%3E+%3Cfont+color%3D%22%23FFFF00%22%3Eif%3C%2Ffont%3E%3C%2Fp%3E%0D%0A%3Cp%3E++++++++%3Cfont+color%3D%22%23FFFF00%22%3Eend%3C%2Ffont%3E+%3Cfont+color%3D%22%23FFFF00%22%3Eif%3C%2Ffont%3E%3C%2Fp%3E%0D%0A%3Cp%3E++++%3Cfont+color%3D%22%23FFFF00%22%3Eend%3C%2Ffont%3E+%3Cfont+color%3D%22%23FFFF00%22%3Eif%3C%2Ffont%3E%3C%2Fp%3E%0D%0A%3Cp%3E++++%3C%2Fp%3E%0D%0A%3Cp%3E++++--+put+us+in+the+MetaCard+menu+bar%3C%2Fp%3E%0D%0A%3Cp%3E++++%3Cfont+color%3D%22%23FFFF00%22%3Eif%3C%2Ffont%3E+there+is+a+stack+%26quot%3BMetaCard+Menu+Bar%26quot%3B+%3Cfont+color%3D%22%23FFFF00%22%3Ethen%3C%2Ffont%3E%3C%2Fp%3E%0D%0A%3Cp%3E++++++++%3Cfont+color%3D%22%23FFFF00%22%3Eif%3C%2Ffont%3E+the+cUseVAB+of+stack+%26quot%3BrevGLX2+Code%26quot%3B+%3Cfont+color%3D%22%23FFFF00%22%3Ethen%3C%2Ffont%3E%3C%2Fp%3E%0D%0A%3Cp%3E++++++++++++%3Cfont+color%3D%22%23ADD8E6%22%3Ereplace%3C%2Ffont%3E+%26quot%3BControl+Bro%26amp%3Bwser%26quot%3B+%3Cfont+color%3D%22%23FFFF00%22%3Ewith%3C%2Ffont%3E+%26quot%3BVAB%2F%5E%40A%26quot%3B+in+btn+%26quot%3BTools%26quot%3B+of+stack+%26quot%3BMetaCard+Menu+Bar%26quot%3B%3C%2Fp%3E%0D%0A%3Cp%3E++++++++++++%3Cfont+color%3D%22%23ADD8E6%22%3Eput%3C%2Ffont%3E+the+%3Cfont+color%3D%22%23FAAFBE%22%3Escript%3C%2Ffont%3E+of+button+%26quot%3BTools%26quot%3B+of+stack+%26quot%3BMetaCard+Menu+Bar%26quot%3B+into+tScript%3C%2Fp%3E%0D%0A%3Cp%3E++++++++++++%3Cfont+color%3D%22%23ADD8E6%22%3Ereplace%3C%2Ffont%3E+%26quot%3Bmodeless%26quot%3B+%26amp%3B%26amp%3B+quote+%26amp%3B+%26quot%3BControl+Browser%26quot%3B+%3Cfont+color%3D%22%23FFFF00%22%3Ewith%3C%2Ffont%3E+%26quot%3Bmodeless%26quot%3B+%26amp%3B%26amp%3B+quote+%26amp%3B+%26quot%3BrevGLX2+VAB%26quot%3B+in+tScript%3C%2Fp%3E%0D%0A%3Cp%3E++++++++++++%3Cfont+color%3D%22%23ADD8E6%22%3Ereplace%3C%2Ffont%3E+%26quot%3BControl+Browser%26quot%3B+%3Cfont+color%3D%22%23FFFF00%22%3Ewith%3C%2Ffont%3E+%26quot%3BVAB%26quot%3B+in+tScript%3C%2Fp%3E%0D%0A%3Cp%3E++++++++++++%3Cfont+color%3D%22%23ADD8E6%22%3Eset%3C%2Ffont%3E+the+%3Cfont+color%3D%22%23FAAFBE%22%3Escript%3C%2Ffont%3E+of+button+%26quot%3BTools%26quot%3B+of+stack+%26quot%3BMetaCard+Menu+Bar%26quot%3B+to+tScript%3C%2Fp%3E%0D%0A%3Cp%3E++++++++%3Cfont+color%3D%22%23FFFF00%22%3Eelse%3C%2Ffont%3E%3C%2Fp%3E%0D%0A%3Cp%3E++++++++++++%3Cfont+color%3D%22%23ADD8E6%22%3Ereplace%3C%2Ffont%3E+%26quot%3BVAB%2F%5E%40A%26quot%3B+%3Cfont+color%3D%22%23FFFF00%22%3Ewith%3C%2Ffont%3E+%26quot%3BControl+Bro%26amp%3Bwser%26quot%3B+in+btn+%26quot%3BTools%26quot%3B+of+stack+%26quot%3BMetaCard+Menu+Bar%26quot%3B%3C%2Fp%3E%0D%0A%3Cp%3E++++++++%3Cfont+color%3D%22%23FFFF00%22%3Eend%3C%2Ffont%3E+%3Cfont+color%3D%22%23FFFF00%22%3Eif%3C%2Ffont%3E%3C%2Fp%3E%0D%0A%3Cp%3E++++%3Cfont+color%3D%22%23FFFF00%22%3Eend%3C%2Ffont%3E+%3Cfont+color%3D%22%23FFFF00%22%3Eif%3C%2Ffont%3E%3C%2Fp%3E%0D%0A%3Cp%3E++++%3Cfont+color%3D%22%23ADD8E6%22%3Epass%3C%2Ffont%3E+preOpenStack%3C%2Fp%3E%0D%0A%3Cp%3E%3Cfont+color%3D%22%23FFFF00%22%3Eend%3C%2Ffont%3E+preOpenStack%3C%2Fp%3E" )</htmlText>
<threeDHilite>false</threeDHilite>
<opaque>true</opaque>
<shadowOffset>4</shadowOffset>
<showBorder>true</showBorder>
<textSize>10</textSize>
<disabled>false</disabled>
<fixedLineHeight>true</fixedLineHeight>
<textFont>Verdana</textFont>
<vScroll>0</vScroll>
<showFocusBorder>true</showFocusBorder>
<custompropertyset name= "cGlx2TimeStamp">
</custompropertyset>
</field>
