<field name="clairvoyance chars" id="1063">
<traversalOn>true</traversalOn>
<ink>srcCopy</ink>
<firstIndent>0</firstIndent>
<dontSearch>false</dontSearch>
<toggleHilites>false</toggleHilites>
<threeD>true</threeD>
<scrollbarWidth>20</scrollbarWidth>
<blendLevel>0</blendLevel>
<rect>191,248,220,266</rect>
<multipleHilites>false</multipleHilites>
<shadow>false</shadow>
<hScroll>0</hScroll>
<textAlign>right</textAlign>
<vScrollbar>false</vScrollbar>
<hScrollbar>false</hScrollbar>
<id>1063</id>
<altId>0</altId>
<autoTab>true</autoTab>
<hGrid>false</hGrid>
<lockLoc>false</lockLoc>
<dontWrap>false</dontWrap>
<autoHilite>true</autoHilite>
<style>transparent</style>
<showLines>false</showLines>
<sharedText>false</sharedText>
<noncontiguousHilites>false</noncontiguousHilites>
<lockText>false</lockText>
<scroll>0</scroll>
<name>field "clairvoyance chars"</name>
<vGrid>false</vGrid>
<listBehavior>false</listBehavior>
<layer>34</layer>
<visible>true</visible>
<cantSelect>false</cantSelect>
<borderWidth>2</borderWidth>
<margins>6,6,4,4</margins>
<htmlText>urldecode( "%3Cp%3E4%3C%2Fp%3E" )</htmlText>
<threeDHilite>false</threeDHilite>
<opaque>false</opaque>
<shadowOffset>4</shadowOffset>
<showBorder>true</showBorder>
<disabled>false</disabled>
<fixedLineHeight>true</fixedLineHeight>
<vScroll>0</vScroll>
<showFocusBorder>true</showFocusBorder>
<custompropertyset name= "cGlx2TimeStamp">
<checksum>urldecode( "x%05%1E%DA%8A%BF%AE%1E%B1%3AR%E3lS%2B%3F" )</checksum>
</custompropertyset>
<script>urldecode( "--%3E+all+handlers%0D%0A%0D%0Aon+closeField%0D%0A++++put+the+mainstack+of+this+stack+into+theParentStack++++++++%0D%0A++++set+the+cClairvoyanceChars+of+stack+theParentStack+to+me++%0D%0A++++glx2SavePrefs%0D%0Aend+closeField%0D%0A%0D%0Aon+exitField%0D%0A++++put+the+mainstack+of+this+stack+into+theParentStack++++++++%0D%0A++++set+the+cClairvoyanceChars+of+stack+theParentStack+to+me+%0D%0A++++glx2SavePrefs%0D%0Aend+exitField+%0D%0A%0D%0Aon+keyDown+theKey%0D%0A++++if+the+isnumber+of+theKey+is+true+then+%0D%0A++++++++pass+keyDown%0D%0A++++end+if%0D%0Aend+keyDown+%0D%0A%0D%0Aon+pasteKey%0D%0A++++if+the+isnumber+of+the+clipboard+is+true+then+++%0D%0A++++++++pass+pasteKey%0D%0A++++end+if+++++%0D%0Aend+pasteKey+%0D%0A%0D%0Aon+returnInField%0D%0A++++focus+on+fld+%22save+frequency%22%0D%0Aend+returnInField%0D%0A%0D%0Aon+mouseMove%0D%0A++++%0D%0Aend+mouseMove%0D%0A%0D%0Aon+mouseEnter%0D%0A++++%0D%0Aend+mouseEnter%0D%0A%0D%0Aon+mouseLeave%0D%0A++++%0D%0Aend+mouseLeave%0D%0A" )</script>
</field>
