<image name="left-right.png" id="1045">
<traversalOn>false</traversalOn>
<palindromeFrames>false</palindromeFrames>
<ink>srcCopy</ink>
<threeD>true</threeD>
<blendLevel>0</blendLevel>
<rect>42,3,58,19</rect>
<angle>0</angle>
<yHot>8</yHot>
<id>1045</id>
<altId>0</altId>
<frameCount>0</frameCount>
<constantMask>false</constantMask>
<lockLoc>false</lockLoc>
<repeatCount>0</repeatCount>
<size>157</size>
<name>image "left-right.png"</name>
<hotSpot>8,8</hotSpot>
<alwaysBuffer>true</alwaysBuffer>
<layer>15</layer>
<dontDither>false</dontDither>
<visible>false</visible>
<cantSelect>false</cantSelect>
<borderWidth>2</borderWidth>
<opaque>true</opaque>
<currentFrame>1</currentFrame>
<showBorder>false</showBorder>
<disabled>false</disabled>
<xHot>8</xHot>
<showFocusBorder>true</showFocusBorder>
<custompropertyset name= "cGlx2TimeStamp">
</custompropertyset>
<imagedata>urldecode( "%00%FF%FF%FF%00%FF%FF%FF%00%FF%FF%FF%00%FF%FF%FF%00%FF%FF%FF%00%FF%FF%FF%00%FF%FF%FF%00%FF%FF%FF%00%FF%FF%FF%00%FF%FF%FF%00%FF%FF%FF%00%FF%FF%FF%00%FF%FF%FF%00%FF%FF%FF%00%FF%FF%FF%00%FF%FF%FF%00%FF%FF%FF%00%FF%FF%FF%00%FF%FF%FF%00%FF%FF%FF%00%FF%FF%FF%00%FF%FF%FF%00%FF%FF%FF%00%FF%FF%FF%00%FF%FF%FF%00%FF%FF%FF%00%FF%FF%FF%00%FF%FF%FF%00%FF%FF%FF%00%FF%FF%FF%00%FF%FF%FF%00%FF%FF%FF%00%FF%FF%FF%00%FF%FF%FF%00%FF%FF%FF%00%FF%FF%FF%00%FF%FF%FF%00%FF%FF%FF%00%FF%FF%FF%00%FF%FF%FF%00%FF%FF%FF%00%FF%FF%FF%00%FF%FF%FF%00%FF%FF%FF%00%FF%FF%FF%00%FF%FF%FF%00%FF%FF%FF%00%FF%FF%FF%00%FF%FF%FF%00%FF%FF%FF%00%FF%FF%FF%00%FF%FF%FF%00%FF%FF%FF%00%FF%FF%FF%00%FF%FF%FF%00%FF%FF%FF%00%FF%FF%FF%00%FF%FF%FF%00%FF%FF%FF%00%FF%FF%FF%00%FF%FF%FF%00%FF%FF%FF%00%FF%FF%FF%00%FF%FF%FF%00%FF%FF%FF%00%FF%FF%FF%00%FF%FF%FF%00%FF%FF%FF%00%FF%FF%FF%00%FF%FF%FF%00%FF%FF%FF%00%FF%FF%FF%00%FF%FF%FF%00%FF%FF%FF%00%FF%FF%FF%00%FF%FF%FF%00%FF%FF%FF%00%FF%FF%FF%00%FF%FF%FF%00%FF%FF%FF%00%FF%FF%FF%00%FF%FF%FF%00%FF%FF%FF%00%00%00%00%00%FF%FF%FF%00%FF%FF%FF%00%FF%FF%FF%00%FF%FF%FF%00%FF%FF%FF%00%FF%FF%FF%00%FF%FF%FF%00%FF%FF%FF%00%00%00%00%00%FF%FF%FF%00%FF%FF%FF%00%FF%FF%FF%00%FF%FF%FF%00%FF%FF%FF%00%00%00%00%00%00%00%00%00%FF%FF%FF%00%FF%FF%FF%00%FF%FF%FF%00%00%00%00%00%00%00%00%00%FF%FF%FF%00%FF%FF%FF%00%FF%FF%FF%00%00%00%00%00%00%00%00%00%FF%FF%FF%00%FF%FF%FF%00%FF%FF%FF%00%00%00%00%00%00%00%00%00%00%00%00%00%00%00%00%00%00%00%00%00%FF%FF%FF%00%00%00%00%00%00%00%00%00%FF%FF%FF%00%00%00%00%00%00%00%00%00%00%00%00%00%00%00%00%00%00%00%00%00%FF%FF%FF%00%FF%FF%FF%00%FF%FF%FF%00%00%00%00%00%00%00%00%00%FF%FF%FF%00%FF%FF%FF%00%FF%FF%FF%00%00%00%00%00%00%00%00%00%FF%FF%FF%00%FF%FF%FF%00%FF%FF%FF%00%00%00%00%00%00%00%00%00%FF%FF%FF%00%FF%FF%FF%00%FF%FF%FF%00%FF%FF%FF%00%FF%FF%FF%00%00%00%00%00%FF%FF%FF%00%FF%FF%FF%00%FF%FF%FF%00%FF%FF%FF%00%FF%FF%FF%00%FF%FF%FF%00%FF%FF%FF%00%FF%FF%FF%00%00%00%00%00%FF%FF%FF%00%FF%FF%FF%00%FF%FF%FF%00%FF%FF%FF%00%FF%FF%FF%00%FF%FF%FF%00%FF%FF%FF%00%FF%FF%FF%00%FF%FF%FF%00%FF%FF%FF%00%FF%FF%FF%00%FF%FF%FF%00%FF%FF%FF%00%FF%FF%FF%00%FF%FF%FF%00%FF%FF%FF%00%FF%FF%FF%00%FF%FF%FF%00%FF%FF%FF%00%FF%FF%FF%00%FF%FF%FF%00%FF%FF%FF%00%FF%FF%FF%00%FF%FF%FF%00%FF%FF%FF%00%FF%FF%FF%00%FF%FF%FF%00%FF%FF%FF%00%FF%FF%FF%00%FF%FF%FF%00%FF%FF%FF%00%FF%FF%FF%00%FF%FF%FF%00%FF%FF%FF%00%FF%FF%FF%00%FF%FF%FF%00%FF%FF%FF%00%FF%FF%FF%00%FF%FF%FF%00%FF%FF%FF%00%FF%FF%FF%00%FF%FF%FF%00%FF%FF%FF%00%FF%FF%FF%00%FF%FF%FF%00%FF%FF%FF%00%FF%FF%FF%00%FF%FF%FF%00%FF%FF%FF%00%FF%FF%FF%00%FF%FF%FF%00%FF%FF%FF%00%FF%FF%FF%00%FF%FF%FF%00%FF%FF%FF%00%FF%FF%FF%00%FF%FF%FF%00%FF%FF%FF%00%FF%FF%FF%00%FF%FF%FF%00%FF%FF%FF%00%FF%FF%FF%00%FF%FF%FF%00%FF%FF%FF%00%FF%FF%FF%00%FF%FF%FF%00%FF%FF%FF%00%FF%FF%FF%00%FF%FF%FF%00%FF%FF%FF%00%FF%FF%FF%00%FF%FF%FF%00%FF%FF%FF%00%FF%FF%FF%00%FF%FF%FF%00%FF%FF%FF%00%FF%FF%FF%00%FF%FF%FF%00%FF%FF%FF%00%FF%FF%FF%00%FF%FF%FF%00%FF%FF%FF%00%FF%FF%FF%00%FF%FF%FF%00%FF%FF%FF%00%FF%FF%FF%00%FF%FF%FF%00%FF%FF%FF%00%FF%FF%FF%00%FF%FF%FF%00%FF%FF%FF%00%FF%FF%FF%00%FF%FF%FF%00%FF%FF%FF%00%FF%FF%FF%00%FF%FF%FF%00%FF%FF%FF%00%FF%FF%FF%00%FF%FF%FF" )</imagedata>
</image>
