{"stackFileArray": {"Global_Media_Menu": "controllers/Global_Media_Menu.livecodescript","lib_FlickrAuth": "libraries/lib_FlickrAuth.livecodescript","lib_Pinterest": "libraries/lib_Pinterest.livecodescript","behavior_ViewIPFS": "modules/View_IPFS/behaviors/behavior_ViewIPFS.livecodescript","lib_ImageMagick": "libraries/lib_ImageMagick.livecodescript","lib_FlickrExtras": "libraries/lib_FlickrExtras.livecodescript","View|Flickr": "modules/View_Flickr/View_Flickr.livecode","lib_Flickr": "libraries/lib_Flickr.livecodescript","lib_IPFS": "libraries/lib_IPFS.livecodescript","lib_FlickrXml": "libraries/lib_FlickrXml.livecodescript","model_Flickr": "models/model_Flickr.livecodescript","lib_Exif": "libraries/lib_Exif.livecodescript","lib_Image": "libraries/lib_Image.livecode","lib_FlickrAuthOld": "libraries/lib_FlickrAuthOld.livecodescript","lib_Audioboom": "libraries/lib_Audioboom.livecode","View|IPFS": "modules/View_IPFS/View_IPFS.livecode","behavior_ViewFlickr": "modules/View_Flickr/behaviors/behavior_ViewFlickr.livecodescript","lib_DropBox": "libraries/lib_DropBox.livecodescript","Global_IPFS_Menu": "modules/View_IPFS/controllers/Global_IPFS_Menu.livecodescript","lib_Ffmpeg": "libraries/lib_Ffmpeg.livecodescript"},"Global Menus": {"Global | Media | Menu": {"mController": "stack \"/Users/BabyBlue/Desktop/git-repos/lcw_Media/controllers/Global_Media_Menu.livecodescript\"","gMenuTable": "Ipfs\t\tstack \"Global_Media_Menu\"\tGlobal | Media | Menu\t\tsubmenu\tGlobal | IPFS | Menu\tstack \"Global_Media_Menu\"\tIpfs\n-\nTest Audio Boom Account\tmenu_TestAudioBoomAccount mTarget\tstack \"Global_Media_Menu\"\tGlobal | Media | Menu\t\t\t\t\tTest Audio Boom Account\nTest Post Audio Boom\tmenu_TestPostAudioBoom mTarget\tstack \"Global_Media_Menu\"\tGlobal | Media | Menu\t\t\t\t\tTest Post Audio Boom\nAuthenticate Audioboom\tmenu_AuthenticateAudioboom mTarget\tstack \"Global_Media_Menu\"\tGlobal | Media | Menu\t\t\t\t\tAuthenticate Audioboom\n-\nAudioboom Docs\tmenu_AudioboomDocs subMenuPath, mTarget\tstack \"Global_Media_Menu\"\tGlobal | Media | Menu\t\tfixed\tsubmenu_Fixed[menu_AudioboomDocs]\twhich_Doc\tAudioboom Docs"}}}