<field name="code storage 2" id="357210">
<traversalOn>true</traversalOn>
<ink>srcCopy</ink>
<firstIndent>0</firstIndent>
<dontSearch>false</dontSearch>
<toggleHilites>false</toggleHilites>
<threeD>false</threeD>
<scrollbarWidth>16</scrollbarWidth>
<blendLevel>0</blendLevel>
<textHeight>14</textHeight>
<rect>333,111,908,112</rect>
<multipleHilites>false</multipleHilites>
<colors>urldecode( "%0D%0A36%2C36%2C36%0D%0A%0D%0A%0D%0A%0D%0A%0D%0A%0D%0A" )</colors>
<shadow>false</shadow>
<hScroll>0</hScroll>
<textAlign>left</textAlign>
<vScrollbar>true</vScrollbar>
<hScrollbar>true</hScrollbar>
<id>357210</id>
<altId>0</altId>
<autoTab>false</autoTab>
<textStyle>plain</textStyle>
<hGrid>false</hGrid>
<lockLoc>false</lockLoc>
<dontWrap>true</dontWrap>
<autoHilite>true</autoHilite>
<style>scrolling</style>
<showLines>false</showLines>
<sharedText>true</sharedText>
<noncontiguousHilites>false</noncontiguousHilites>
<lockText>false</lockText>
<scroll>0</scroll>
<name>field "code storage 2"</name>
<vGrid>false</vGrid>
<listBehavior>false</listBehavior>
<layer>21</layer>
<visible>false</visible>
<cantSelect>false</cantSelect>
<borderWidth>1</borderWidth>
<margins>12,12,8,8</margins>
<htmlText>urldecode( "%3Cp%3E%3C%2Fp%3E" )</htmlText>
<threeDHilite>false</threeDHilite>
<opaque>true</opaque>
<shadowOffset>4</shadowOffset>
<showBorder>true</showBorder>
<textSize>10</textSize>
<disabled>false</disabled>
<fixedLineHeight>true</fixedLineHeight>
<textFont>Verdana</textFont>
<vScroll>0</vScroll>
<showFocusBorder>false</showFocusBorder>
<custompropertyset name= "cGlx2TimeStamp">
<checksum>urldecode( "%C1%E4%81%F4HV%09%8D%26%AAM%8Bu%D31%28" )</checksum>
</custompropertyset>
</field>
