<button name="preview menu" id="747559">
<traversalOn>false</traversalOn>
<ink>srcCopy</ink>
<threeD>false</threeD>
<hiliteBorder>false</hiliteBorder>
<blendLevel>0</blendLevel>
<rect>218,437,284,451</rect>
<mnemonic>0</mnemonic>
<armFill>false</armFill>
<visitedIcon>0</visitedIcon>
<showName>true</showName>
<showIcon>true</showIcon>
<hilited>false</hilited>
<sharedHilite>true</sharedHilite>
<shadow>false</shadow>
<textAlign>right</textAlign>
<armed>false</armed>
<menuMouseButton>0</menuMouseButton>
<id>747559</id>
<altId>0</altId>
<labelWidth>0</labelWidth>
<armedIcon>0</armedIcon>
<lockLoc>false</lockLoc>
<visited>false</visited>
<showHilite>false</showHilite>
<label>id 1002</label>
<autoHilite>false</autoHilite>
<style>menu</style>
<disabledIcon>0</disabledIcon>
<armBorder>false</armBorder>
<name>button "preview menu"</name>
<icon>599769</icon>
<layer>186</layer>
<visible>true</visible>
<cantSelect>false</cantSelect>
<borderWidth>1</borderWidth>
<menuLines>5</menuLines>
<margins>0,4,4,4</margins>
<opaque>false</opaque>
<text>urldecode( "Open+this+stack%0D%0A-%0D%0AEdit+Script+of+this+Stack%0D%0AEdit+Properties+of+this+Stack%0D%0A-%0D%0AEdit+Script+of+this+Card%0D%0AEdit+Properties+of+this+Card%0D%0A-%0D%0A%21c1+-+card+id+1002" )</text>
<shadowOffset>4</shadowOffset>
<default>false</default>
<hiliteFill>true</hiliteFill>
<showBorder>false</showBorder>
<hiliteIcon>0</hiliteIcon>
<disabled>false</disabled>
<autoArm>false</autoArm>
<menuMode>popup</menuMode>
<family>0</family>
<hoverIcon>0</hoverIcon>
<showFocusBorder>true</showFocusBorder>
<menuHistory>1</menuHistory>
<custompropertyset name= "cGlx2TimeStamp">
<checksum>urldecode( "%7CR3%89%A2n%8B%AA%BC%DC%3Dhms%0D%0A%A1" )</checksum>
</custompropertyset>
<script>urldecode( "--%3E+all+handlers%0D%0A%0D%0Aon+mouseDoubleUp+pMouseBtnNum%0D%0A++++%0D%0Aend+mouseDoubleUp%0D%0A%0D%0Aon+mouseDown+pMouseBtnNum%0D%0A++++--+send+%22+selectorTheWindow%22+to+fld+%22preview+title%22+of+this+stack%0D%0A++++--+set+the+textsize+of+me+to+the+textsize+of+fld+%22preview+title%22%0D%0A++++--+set+the+textfont+of+me+to+the+textfont+of+fld+%22preview+title%22%0D%0A++++--+set+the+textstyle+of+me+to+plain%0D%0A++++put+the+cObjectID+of+img+%22zzz%22+into+theObjectID%0D%0A++++put+the+number+of+cards+of+theObjectID+into+theNoCds%0D%0A++++put+the+cCurrentCard+of+img+%22zzz%22+into+theCurrentCard%0D%0A++++put+the+cCdObjectID+of+img+%22zzz%22+into+theCdObjectID%0D%0A++++put+word+3+of+theCdObjectID+into+theCurrentCdID%0D%0A++++if+theCurrentCard+is+empty+then%0D%0A++++++++put+the+currentcard+of+theObjectID+into+theCurrentCard%0D%0A++++end+if%0D%0A++++repeat+with+theCdNo+%3D+1+to+theNoCds%0D%0A++++++++put+the+name+of+cd+theCdNo+of+theObjectID+into+theCdName%0D%0A++++++++put+the+id+of+cd+theCdNo+of+theObjectID+into+theCdID%0D%0A++++++++put+the+short+name+of+cd+theCdNo+of+theObjectID+into+theShortCdName%0D%0A++++++++if+theCdID+is+theCurrentCdID+then%0D%0A++++++++++++put+%22%21c%22+%26+theCdNo+%26%26+%22-%22+%26%26+theShortCdName+%26+cr+after+theCdNames%0D%0A++++++++else%0D%0A++++++++++++put+theCdNo+%26%26+%22-%22+%26%26+theShortCdName+%26+cr+after+theCdNames%0D%0A++++++++end+if%0D%0A++++++++--+if+theCdID+is+theCurrentCdID+then%0D%0A++++++++--+put+%22%21c%22+%26+theShortCdName+%26%26+%22%28%22+%26+theCdNo+%26+%22%29%22+%26+cr+after+theCdNames%0D%0A++++++++--+else%0D%0A++++++++--+put+theShortCdName+%26%26+%22%28%22+%26+theCdNo+%26+%22%29%22+%26+cr+after+theCdNames%0D%0A++++++++--+end+if%0D%0A++++end+repeat%0D%0A++++put+word+1+to+-1+of+theCdNames+into+theCdNames%0D%0A++++if+the+mouseloc+is+not+within+the+rect+of+me+then%0D%0A++++++++put+%22Open+this+stack%22+%26+cr+%26+%22-%22+%26+cr+%26+%5C%0D%0A++++++++++++++++%22Edit+Script+of+this+Stack%22+%26+cr+%26+%5C%0D%0A++++++++++++++++%22Edit+Properties+of+this+Stack%22+%26+cr+%26+%5C%0D%0A++++++++++++++++%22-%22+%26+cr+%26+%5C%0D%0A++++++++++++++++%22Edit+Script+of+this+Card%22+%26+cr+%26+%5C%0D%0A++++++++++++++++%22Edit+Properties+of+this+Card%22+%26+cr+%26+%22-%22+%26+cr+%26+theCdNames+into+me%0D%0A++++else%0D%0A++++++++put+theCdNames+into+me%0D%0A++++end+if%0D%0Aend+mouseDown%0D%0A%0D%0Aon+mouseUp%0D%0A++++%0D%0Aend+mouseUp%0D%0A%0D%0Aon+mouseRelease+pMouseBtnNum%0D%0A++++%0D%0Aend+mouseRelease%0D%0A%0D%0Aon+menuPick+pChosen%0D%0A++++put+the+cObjectID+of+this+stack+into+theObjectID%0D%0A++++put+the+cCdObjectID+of+img+%22zzz%22+into+theCdObjectID%0D%0A++++put+the+short+name+of+theObjectID+into+theStackName%0D%0A++++switch+pChosen%0D%0A++++++++case+%22go+to+this+stack%22%0D%0A++++++++case+%22go%22%0D%0A++++++++++++lock+screen%0D%0A++++++++++++go+to+theCdObjectID%0D%0A++++++++++++show+theObjectID%0D%0A++++++++++++unlock+screen%0D%0A++++++++++++break%0D%0A++++++++case+%22toplevel+this+stack%22%0D%0A++++++++case+%22toplevel%22%0D%0A++++++++++++lock+screen%0D%0A++++++++++++go+theCdObjectID%0D%0A++++++++++++toplevel+theObjectID%0D%0A++++++++++++show+theObjectID%0D%0A++++++++++++unlock+screen%0D%0A++++++++++++break%0D%0A++++++++case+%22edit+script+of+this+stack%22%0D%0A++++++++++++set+the+cGoBackHome+of+this+stack+to+true%0D%0A++++++++++++edit+the+script+of+theObjectID%0D%0A++++++++++++break%0D%0A++++++++case+%22edit+properties+of+this+stack%22%0D%0A++++++++++++glx2EditProps+theObjectID%0D%0A++++++++++++break%0D%0A++++++++case+%22edit+script+of+this+card%22%0D%0A++++++++++++set+the+cGoBackHome+of+this+stack+to+true%0D%0A++++++++++++edit+the+script+of+theCdObjectID%0D%0A++++++++++++break%0D%0A++++++++case+%22edit+properties+of+this+card%22%0D%0A++++++++++++glx2EditProps+theCdObjectID%0D%0A++++++++++++break%0D%0A++++++++default%0D%0A++++++++++++--+subtract+8+form+line+no%0D%0A++++++++++++if+word+1+of+pChosen+is+an+integer+and+word+2+of+pChosen+is+%22-%22+then%0D%0A++++++++++++++++put+pChosen+into+theCdName%0D%0A++++++++++++++++put+word+1+of+theCdName+into+theCdNo%0D%0A++++++++++++++++put+the+long+id+of+cd+theCdNo+of+theObjectID+into+theCdObjectID%0D%0A++++++++++++++++lock+screen%0D%0A++++++++++++++++put+the+long+owner+of+theCdObjectID+into+theStackObjectID%0D%0A++++++++++++++++put+lineoffset%28tab+%26+theStackObjectID%2Cfld+%22work+spaces%22+of+the+owner+of+me%29+into+theLineNo%0D%0A++++++++++++++++if+theLineNo+is+zero+then%0D%0A++++++++++++++++++++put+empty+into+theLineNo%0D%0A++++++++++++++++end+if%0D%0A++++++++++++++++if+%22revGLX2+code.rev%22+is+not+in+theCdObjectID+then%0D%0A++++++++++++++++++++put+the+currentcard+of+theStackObjectID+into+theCurrentCdObjectID%0D%0A++++++++++++++++++++set+the+currentcard+of+theStackObjectID+to+theCdObjectID%0D%0A++++++++++++++++end+if%0D%0A++++++++++++++++send+%22doUpdateAfterTheChoose+theLineNo%2CtheCdObjectID%2CtheStackObjectID%2CtheCurrentCdObjectID%22+to+me+in+10+millisecs%0D%0A++++++++++++++++set+the+cursor+to+arrow%0D%0A++++++++++++++++set+the+defaultcursor+to+arrow%0D%0A++++++++++++++++unlock+screen%0D%0A++++++++++++end+if%0D%0A++++end+switch%0D%0Aend+menuPick%0D%0A%0D%0Aon+doUpdateAfterTheChoose+theLineNo%2CtheCdObjectID%2CtheStackObjectID%2CtheCurrentCdObjectID%0D%0A++++send+%22snapWindow+theLineNo%2CtheCdObjectID%22+to+fld+%22work+spaces%22+of+the+owner+of+me+--+in+10+millisecs%0D%0A++++if+theCurrentCdObjectID+is+not+empty+then%0D%0A++++++++set+the+currentcard+of+theStackObjectID+to+theCurrentCdObjectID%0D%0A++++end+if%0D%0A++++send+%22glx2RefreshHomey%22+to+the+owner+of+me+--+in+10+millisecs%0D%0Aend+doUpdateAfterTheChoose%0D%0A" )</script>
</button>
