<button name="GLX2 backscript" id="511452">
<traversalOn>true</traversalOn>
<ink>srcCopy</ink>
<threeD>true</threeD>
<hiliteBorder>true</hiliteBorder>
<blendLevel>0</blendLevel>
<rect>402,57,505,80</rect>
<mnemonic>0</mnemonic>
<armFill>false</armFill>
<visitedIcon>0</visitedIcon>
<showName>true</showName>
<showIcon>false</showIcon>
<hilited>false</hilited>
<sharedHilite>true</sharedHilite>
<shadow>false</shadow>
<textAlign>center</textAlign>
<armed>false</armed>
<menuMouseButton>1</menuMouseButton>
<id>511452</id>
<altId>0</altId>
<labelWidth>0</labelWidth>
<armedIcon>0</armedIcon>
<lockLoc>false</lockLoc>
<visited>false</visited>
<showHilite>false</showHilite>
<autoHilite>true</autoHilite>
<style>standard</style>
<disabledIcon>0</disabledIcon>
<armBorder>true</armBorder>
<name>button "GLX2 backscript"</name>
<icon>0</icon>
<layer>106</layer>
<visible>false</visible>
<cantSelect>false</cantSelect>
<borderWidth>2</borderWidth>
<menuLines>5</menuLines>
<margins>4</margins>
<opaque>true</opaque>
<shadowOffset>4</shadowOffset>
<default>false</default>
<hiliteFill>true</hiliteFill>
<showBorder>true</showBorder>
<hiliteIcon>0</hiliteIcon>
<disabled>false</disabled>
<autoArm>false</autoArm>
<family>0</family>
<hoverIcon>0</hoverIcon>
<showFocusBorder>true</showFocusBorder>
<menuHistory>1</menuHistory>
<custompropertyset name= "cGlx2TimeStamp">
<xml_num_1283533313>end</xml_num_1283533313>
<xml_num_1284286504>start</xml_num_1284286504>
<checksum>urldecode( "Z%27%055+%9E%F7u%93%9E%05%98%0BJIM" )</checksum>
<xml_num_1284286544>start</xml_num_1284286544>
<xml_num_1284286383>working</xml_num_1284286383>
<xml_num_1283533303>start</xml_num_1283533303>
<xml_num_1284286368>start</xml_num_1284286368>
<xml_num_1284286518>end</xml_num_1284286518>
<xml_num_1284286403>working</xml_num_1284286403>
</custompropertyset>
<custompropertyset name= "cGlx2General">
<cHscrollScript>0</cHscrollScript>
<cHscrollHandlers>0</cHscrollHandlers>
<cSelectedChunk>char 14987 to 14986</cSelectedChunk>
<cHtmlScript>urldecode( "%1F%8B%08%00%00%00%00%00%00%03%ED%5Bmo%E3%B8%11%FE%EE_%C1%FA%C3%2294%BD%24%97kq-Z%60%2F%D9%0B%8C%DEf%83%24%E8%B6h%FB%81%96h%5B%8D%2C%EAD*N%16%FD%F1%9D%E1%8BDQ%A4dg%DF%AF%26p%B7%B183%24%87%CF%BCQ%D4%B7%DFLN%CF%C8OlNN%8F%8F%7F+%EBt3%21d%CD%1FXJ%96%F9%E3%E9%25%93%B3%8BW%B7%92%26%F7Wt%CD%C8%A2%E2k%B2b%15%23Y%219%91%2BF%04v%12%91TY%29%C9%11%D90R0%E0%CE%24%99%B3%05%07J%24%02%BEB%1A%9AL%00%B3%60%95d%29%8C%95%B2%24%A7%150%E4%3C%A19y%A0UF%E79%13%93o%BE%9DL%8E%8E%FEB%D6b%29%26%13%5E%80%D8%CD%1D%E79%F0%10C%2C%F1%B7%B8%A69%93%92%E1%FCT%9F%FA_Y%CB%D0%02%0E%A6%15%7BP%5C%D3C%B3%84%A0%8Cl%A1%A6%BD%E6%29%23%7Ca%D6%D8%23%C5%A5%1C%13Z%A4%E1%AEv%2C%14V%28%C1f%F2%F7d%CD%84%A0KX%A7%7Dj%86%94%C0%A0%98K%0E%F3c%95z%E0%09%C0V%17%AB%2C%CF%24%23sY%90%E9k%9A%10%B1%C9d%02%7B3mg%DC%CE%A0%C3%2B%98Tce%09%A8%15%88%B7%13%013%01%90%7Cw%FC%87%D3%A00%3D%9Dt%5EK%A9%A5.%2B%5E%97d%BA%C9%8A-%E4%EE%242%CF%8A%FAq%17%A1%2C%17%AC%A7%E0y%C57%82%C5%F4%FB%81%B5%BB%FE%9C%DA%3D%F9%18%DAm%8520%80l%D1%FC%AC%8B%3E%C0%1D%92%92%0D%0A%D1%D82%3E%B7%7F%A3%8D%A3%E7Q%C6%EAZa%CE%8B%25%C9R%9C%08%FE%E4%9B%02%CC%C2%FC%90%B4Z2%E5S%3C%CAv%CA%97%3F%FF%FD%94%24%60%C9%DE.k%E9%952%D5%82%BB%0C4%A7%8FO%E8%A4J%96H%5E%05%D0af%C6K%99%F1%E2%9E%3D%A1%8C%14%26%D6%A7%D4%1A%87e%82d%91%BDc%2F%17%60%D4%AF%ED2%95%26%D1%5B%14%E4%E4%98%AC%B3%3C%CF%04KDG%82%A7%5E%E7%A7%0B%EB%0F%A1%A4%07%3A%FF%02u%F4%B7%97%3F%BE%A7%9A%3C%F0%B5+%C3%9E%F6%17%0204%017%E2%DC%C0j%DD%DFo%B3T%AE%DA%B0%A3%90%0Fq%8E%99%15b%18B%25T%C0%16E%A5%8EC%8Dd%E4%01%C3%5C%93%EF%EC%FE%81%91%83%E2%E6%BC.%D2%ACX*YG%E4%7B%CD%E7P%F6%25%9Cm-%E1%AC%2B%C1%FA%88%E4fh%E2%9Di%5B%96%C1%A5%069v%18%C4%D3%CD%8D%5E%88zr%D2%3E%D1%0D%0Am%B7%C6%D3%87%CBu%1A%E72%7E%CC%EC%26B%25%08%8E%18j%00%B6%1F%0F8%CAR%BFB%DCh%0F%B3%03l%E2%0C%DB%0F%F1%E5%81%06%B1%A1%92%5Bp%8B%3A%B9e%22%A1%25%FB%2B%7B%EA%A4%B7%ECQ%B6%101%FE%14%B2%0D%0AY%F1%3C%EAP%9B%D4%B5%06%17%A9i%B5%F7%96%84%ADK%F9%14u%D4%82%E5%B0%22%96%26%AB%BA%B8%1Faq%D9V%D9B%8E%BAw%17%D3b%C5%2BI%0D%0A%CC%92yh%B2%3A-%B7kw%1B%06%BC%A8h%93%EE%DF%B2u%F63%848%95%EE%07%22%A3%1A%EB%5C%8Fu88X7%A0%D8%86%C3%5CS%21%192%CD%80%FDV%975%11%21%8FP%08%E1%10%BC%DC%21%A87%CFU%BC%EAb%C3%90%E2%3Fm%87%82%10%96%0B%B3%E2%A7%8C%E5%A9%8B%A2%2B%7EY%95%A2%EB%8BD%9Dw%BC%D1%9B%F9%7F%60%EFg%17%3E%DAv%8F%FC%5B%A2%D4%90%A22g%E2%8E%97%CA%2C%0E%0EU%8ER%D5%AAh%2C%C8%D1QO%9F%AB%2Ce%C18%D1%D5n%08%27K%DC%85q%5El%80%D0%CDv%94M%F6%95%DCK%D8%7F%04%D9%22%87D%06%A9A%02%AF+%05%9E%C6%23%BF+%0B%8AI%1C%D6%90%FF%0D%0A%22%1B%1B%8E%F0%90%89%0C%EA%E2%DD%07h%D4%19%14%BF%E0I-%08%A0g%7B%A1%DB%18%8A%0Fo%7F%3F%AC%13O%D9%82%02%14M%7D%CD%87F%B2%DE%23%B1X%D5%06%0D%2BLRc%C6%1D%14%7B%3B%D4%B8%9B%86%DD%A4%C3%B6cYA%ED%A3%C6%5E%F1%B5_%2B%F8%93%28%EA%F5%5C%E7%D7%C0%86%E7%19%9A%1D83%26ldv%0C%CFm%15%2B%19%95%10Z%E5%0D%0Ae%01%CD%15%27%7F%86%A02%C0%E3%2C%04%B19%E7U%DA%0C%DF%0D%0A%B1%ABh%A61%B6%FB%D8d%F5D%A2%9Dz%AF03GK%7D%85%1E%06%DC%8D%8A%AFC%23%0F%CAkS%1B%F4BM%16%D3%B8%A4X%CB%16%96L%95%EF%E8Y%23%BB%E4%B7%98%13%EE%D1%85%3D%BEm%09%85%8A%98%84%03%90e%07m%06%FB%23%A2u%82%80x%E8u%F9%19%A1%DB%0C%14%1C%9F%A0%B4%CF%15%B4a%0EL%5B%2F%18%C6%C9%B8%EF%89%AAPo%BC%C8%D6%AF1d%5E%80%0FW%1B%AF%CE3X%0D%0A*U%862%84U%15ka%216%9B%40%CCgE%27%DF%F3%A4%0Do%28%82%F0%16B%BC%A4%12%BC%D6%AE%8A%0E%3C%EE%A6k%3D%26%C4M%2F%AC%0E%88%D4%E1%3A%C40%1C%E0%7D%0E7%C6%BB%7D%903%1E%FD%17%FEk%E3%BD%971%7E%B5%B1%7E%1F%E8%B1%ED%03%3D%F9%F4%81%1E%B7%24%CF%0D%0Af%8AAud%C5%0D%0A5Sa%8F%F1cg%88%FE%9C%F7y%C1%3E%2F%08%B2%7F%B8%BC%E0%D3%C4%FE%A1%B0%88%ED%D7%94%1B%60%1BN%04%14s%93%0C%D8%98%3B%22z0%3Fpe%8C%E7%06%A1%DA%DF%3E%EF%E4%04%15%93uU%B8%A9%C4%7B%C6%F6%DE%E9%8Ez%DB%B9%0F%FA%FB%A0%3F%10%F4%15p%FBP%F4X%FBX%EF%B38%80%EFv%06Po%8Dd%8F%F8%3D%E2%3F%23%E2%B7%F1%EC%21%FA%1E%D4%FB%CE%9Dn%E0%19%C6ZR%C2%1F%E70y%B7%AE%3B_%D1%EA%9Aw%8A%BFN%9El_%3CA%8Ex%C5%DD%27w%FC%9E%15%DE%23%7B%96%AD%7F%A7%FC%82%A6i%A7%D2l%AE%D4%BC%7F%19%B9%CC%F9%1CD.%2F%C1r%CE%F9z%0D%E0q%95%D8%D4%03%BAK%D9%1F%E6%861%FAxUj-%B9%F3J%BA.%9B%E7%90%BDK%9E%80%1A%11*V%C5H%23J%9A%04%40gG%D2jFe%5CVtn%0D%0A%80g%24%5E%1A%15%CD.%8Fe%13%EE%9B%FF%E8%DB%14%FC%97%82%E6M%C9%83%2B%FA%1D%CC%29%92L%1D%1D%91%DB%F3%9B%D9%F5%1D%B9%7E9%BB%BA%FB%239%80A%94%3C%7Dm%8B%A0%90%C3%98%D7p%5D%E7%B4.%07%126%18%07%26%26%C0%F9U%82%FCRs%C9RPX%95%C1J%28%D9%00B%7F3%9A%3A*%F74%FE%96%CA%9F%E2%8E%2F%B9%DC%86%40%C4%B9%99%F7%7F%8D%A6%010F%9C*Y%5C%3B%1C%12%15%7B7%D5%7D%0F%16%2Cuc%E2%DA%F2%13%E7%A96L%C1%F9%848%13kn%85%18%FF%EE%14%CA%FAef%EB+F5a%88%C7D%06_%8D%B9m%B7%97jnSiy%C4f%3At%F1%DC%3FV%83%C5%5E6%02x%FD%24%E1O%24%5B%16%1C*W%0Df%F1%5Bx%0D%0A%3F%24z%D6%C1%AA%FDsC%F9%CC%83%F2g%87%F1%EEx%1D%85%08%14%D29%FAo%B55%E6%7C%85%CE%D18%C6y%FB%96%A5%F7%B4%E1nn%91%B61tP%16%D25%E4J%9E%2B%E5%AB%B4%93%40%BA%142%1D0%9B%D9%D5%ED%F5%AB%F3%BB77%10X%9A%A8%82%B0%1D%8B%2C%3B%DCf%F08%9Fk%25%3B%DFn%B0%ED%FDo9%0Cj%D1%1F%EAC%DFzh%06%1F%3E%F3z%1E%10%C7%0E%DCv%40X%E0Q%40%B8Gf%13%B6%99%CED%DF%82%2B0%3A%D9%BD%E2h%D3%D2h%9E%19-%25%A3%89%E645%87%C4n%C6%AD%16%D2%AB8%02Y%F1G%1C%BE%A7GC%11%D7%8F%D5%F5%DB%15%17%EC%1F%BC%AE4%FD%27%CC%8Cu%25B%0B%92%AD%97d%FA%EE%DD%BB%A1%83Qu%CB4%5E%B6%FA%27%96%81%D3%CAmF%E9%DF%B0%B5%CD-%82%A2%C1r%E8%8C2z%C2%8C%E7%A7%0D%0A%0E%DABaR%AD%83h%AE%09w%C6%ED%BB%E1%A1%23%EE9c%7Dk%8E%9Dyo%F1%C2u%FC%B6%D4%90*%9E%170%BE%7C%E5%05%83%81%BBX%8D%B4%ED%02%9Cu%1E.%A3%0D%0A%09%DD%AA%7E%27m%B87%CA%5B9%7DmD%A3ZT%15%E3%AE%3F%8E%AA%ED%83B%D4%29b%AE%B8%E3%19%A0%22%BD%E3%CBe%CE%D4%07%13%CF%3B%CFj_%B0%DD2%F5%81Q%E7%1A%7C%EC%1E%7Cl%D5Q%DD%7B%BE%95%0C%29%BB%AF%BA%03WU%BF%FF%FE%EC%F4d%40Y%87%84W%01%07%7B0%A8%7F%7D%1A6%1E%D5B%C3%ED%0Fh%FF%3F%0Fh%D5%A3%90%E9%87%0Fn%E9%06P%93%BA%89%C5%F0%7B%8An%22%E2%9E%DC%B6%3D%EA%7Ew-%F1%23%AB%8C%E9K%DE%8E%29%3B%07%A6%DB%7C%91%96%AC8dQ%C4%FD%26%B0%3F7C%E4H%99xK1%03%9A%CB%18I%5D%09%B0G%18%F9%F4%87%EEp%DE%AD%0DC%08%BA%A4%15%08%F7%17%ED.%CB.3T%1B%94%DE%A9%B2%3C%CF%B3%F2GN%AB%F4%EE%A9%F4%BE%DDT%06%0D%DDs%EC%B6%27%12%3D%F2%94%93i%8F%FA%82J%FA%CF%29ya%EA%FD%17%1E%A3%D31%FD%B7%3D%9D%A8%B2eC%84%FC%1As%CD%A7%06%5D%D1hw%C0%0D%0A%8C%9D%15u%BF%DF%C0%F5%AB%BF%FA%B1%09g%1D%11%BD%E5%AC%23s%B6%9B%11P%FEd%B2%A8%8B%04%8F%BD1%07m%DD%9F%BB%1DoJV%A8%87%C2%7F%FA%1A%CC0gB8%BD%9D%9Dr%2F%CCh%85vE%99%AB-%0B%00%11%A3%90%0B%A9%EB6-%91%3AL%F1X%0C%5CUh%10%F2%29w%BF%C3u%18%C1j%D6frS%0C.%E3%E4%E0%0Er%F6%C0%F2%E9a%C0%01%DAX%E28%BF%90%90%81%8A%B0%A5%7BA%92%8A%D0%85%B2%D7%88%12%7DO%D3%BD%F5%01%CBw%EE%25%F5Et.%27%F5%2B%0B%137q%AE%7D_a%3AU0%F0%ED%B9%0B%90%168%DD%C0%B9G%CE%AF%049%E7%FDkm%CF%86N%17%22%FF%03s%D6%E0%80%5D%40%00%00" )</cHtmlScript>
<cHandlersListWidth>244</cHandlersListWidth>
<cHtmlHandlers>urldecode( "%1F%8B%08%00%00%00%00%00%00%03%B3%29%B0%B3I%B2%B3%29.%05%12%99%B9%E9%0D%0A%C5E%C9%B6J%C6%C6%C6%86%C6%E6Jv6%FA+q%85%EC%D4%CAb%1B%7D%A0%02%FD%02%3B.%1B%9C%1A%2C%E1%1Ar%8B%D3Q4%A8%29%5BZ%A3%E9054%B341F%E8%C8%2FK%0D.IL%CE%26%5EK%5EjyH%7E%7E%0E%F1%1A%8AR%8B3%ABR%1D%D3JR%8B%7CI%B7%0E%9B%EE0G%27%A2%C3%A4%B4%243%27%B3%243%95%C4%80I%CF%A90%F2%2C%0E%C9%2F%00%5B%A8%A1I%9A%CE%80%C4%E2%92%D4%90%D4%8A%12%CF%BC%92%FC%E0%E4%A2%CC%82%12%D2%0C%08N-%21-%90%CB%12%93%D0%9D%0B%00S9%93%F3c%02%00%00" )</cHtmlHandlers>
<cDirtyFlag>false</cDirtyFlag>
<cFolders>urldecode( "keys%0D%0Amsgs%0D%0Autilities" )</cFolders>
<cHandlers>urldecode( "enterInField%0D%0AenterKey%0D%0AescapeKey%0D%0Aglx2IsTopStack%28%29%0D%0Aglx2PasteTextIntoScript%0D%0Aglx2SetTool%0D%0AmoveStack%0D%0AnewTool%0D%0ArawKeyDown%0D%0AresizeAfterMoveStack%0D%0AresizeAfterMoveStackVAB%0D%0AreturnInField%0D%0AreturnKey%0D%0AvabIsTopStack%28%29" )</cHandlers>
<cVscrollScript>6325</cVscrollScript>
<cVscrollHandlers>0</cVscrollHandlers>
</custompropertyset>
<script>urldecode( "%2F*%0D%0A24+Feb+2009+mdw%0D%0A++moved+glx2GetIDEStackName+from+here+into+the+stack+script+-+we+need+it+before+the+frontscript+is+inserted%0D%0A++declared+local+variables%0D%0A*%2F%0D%0A%0D%0A--%3E+msgs%0D%0A%0D%0Aon+newTool%0D%0A++++local+tToolsPaletteName%0D%0A++++%0D%0A++++put+glx2GetIDEStackName%28%22revTools%22%29+into+tToolsPaletteName%0D%0A++++if+the+mode+of+stack+tToolsPaletteName+is+0+and+tToolsPaletteName+is+%22revTools%22+then%0D%0A++++++++lock+messages%0D%0A++++++++if+the+tool+is+%22pointer+tool%22+then%0D%0A++++++++++++unhilite+btn+%22Mac+switcher%22+of+stack+%22revTools%22%0D%0A++++++++++++set+the+icon+of+btn+%22Mac+switcher%22+of+stack+%22revTools%22+to+203072%0D%0A++++++++++++set+the+hilitedbutton+of+group+%22win+switcher%22+of+stack+%22revTools%22+to+2%0D%0A++++++++++++set+the+hilitedbutton+of+group+%22linux+switcher%22+of+stack+%22revTools%22+to+2%0D%0A++++++++else+if+the+tool+is+%22browse+tool%22+then%0D%0A++++++++++++hilite+btn+%22Mac+switcher%22+of+stack+%22revTools%22%0D%0A++++++++++++set+the+icon+of+btn+%22mac+switcher%22+of+stack+%22revTools%22+to+203072%0D%0A++++++++++++set+the+hilitedbutton+of+group+%22win+switcher%22+of+stack+%22revTools%22+to+1%0D%0A++++++++++++set+the+hilitedbutton+of+group+%22linux+switcher%22+of+stack+%22revTools%22+to+1%0D%0A++++++++end+if%0D%0A++++++++unlock+messages%0D%0A++++end+if%0D%0A++++pass+newTool%0D%0Aend+newTool%0D%0A%0D%0Aon+moveStack%0D%0A++++if+the+long+id+of+the+owner+of+the+target+is+the+long+id+of+stack+%22revGLX2+code%22+then%0D%0A++++++++if+there+is+no+stack+%22revGalaxy+inspector%22+then%0D%0A++++++++++++if+the+optionkey+is+down+then%0D%0A++++++++++++++++send+%22resizeAfterMoveStack%22+to+me+in+10+millisecs%0D%0A++++++++++++end+if%0D%0A++++++++end+if%0D%0A++++else+if+the+long+id+of+the+owner+of+the+target+is+the+long+id+of+stack+%22revGLX2+vab%22+then%0D%0A++++++++if+there+is+no+stack+%22revGalaxy+inspector%22+then%0D%0A++++++++++++if+the+optionkey+is+down+then%0D%0A++++++++++++++++send+%22resizeAfterMoveStackVAB%22+to+me+in+10+millisecs%0D%0A++++++++++++end+if%0D%0A++++++++end+if%0D%0A++++end+if%0D%0A++++pass+moveStack%0D%0Aend+moveStack%0D%0A%0D%0Aon+resizeAfterMoveStack%0D%0A++++local+tRect%0D%0A++++local+tWidth%0D%0A++++%0D%0A++++lock+screen%0D%0A++++put+the+rect+of+stack+%22revGLX2+code%22+into+tRect%0D%0A++++put+item+3+of+the+windowboundingrect+-+5+into+item+3+of+tRect%0D%0A++++put+item+4+of+the+windowboundingrect+-+5+into+item+4+of+tRect%0D%0A++++set+the+cRect+of+stack+%22revGLX2+code%22+to+tRect%0D%0A++++set+the+rect+of+stack+%22revGLX2+code%22+to+tRect%0D%0A++++set+the+cRect+of+stack+%22revGLX2+code%22+to+tRect%0D%0A++++put+item+3+of+tRect+-+item+1+of+tRect+into+tWidth%0D%0A++++put+item+4+of+tRect+-+item+2+of+tRect+into+tWidth%0D%0A++++unlock+screen%0D%0Aend+resizeAfterMoveStack%0D%0A%0D%0Aon+resizeAfterMoveStackVAB%0D%0A++++local+tRect%0D%0A++++local+tWidth%0D%0A++++%0D%0A++++lock+screen%0D%0A++++put+the+rect+of+stack+%22revGLX2+vab%22+into+tRect%0D%0A++++put+item+3+of+the+windowboundingrect+-+5+into+item+3+of+tRect%0D%0A++++put+item+4+of+the+windowboundingrect+-+5+into+item+4+of+tRect%0D%0A++++set+the+cRect+of+stack+%22revGLX2+vab%22+to+tRect%0D%0A++++set+the+rect+of+stack+%22revGLX2+vab%22+to+tRect%0D%0A++++set+the+cRect+of+stack+%22revGLX2+vab%22+to+tRect%0D%0A++++put+item+3+of+tRect+-+item+1+of+tRect+into+tWidth%0D%0A++++put+item+4+of+tRect+-+item+2+of+tRect+into+tWidth%0D%0A++++unlock+screen%0D%0Aend+resizeAfterMoveStackVAB%0D%0A%0D%0A--%3E+keys%0D%0A%0D%0Aon+escapeKey%0D%0A++++local+tText%0D%0A++++%0D%0A++++if+the+controlkey+is+down+then%0D%0A++++++++if+the+mousecontrol+is+not+empty+then%0D%0A++++++++++++if+the+selectedchunk+is+not+empty+then%0D%0A++++++++++++++++if+the+shiftkey+is+down+then%0D%0A++++++++++++++++++++put+the+short+name+of+the+mousecontrol+into+tText%0D%0A++++++++++++++++else%0D%0A++++++++++++++++++++put+glx2GetSemiLongName%28the+long+id+of+the+mouseControl%29+into+tText%0D%0A++++++++++++++++end+if%0D%0A++++++++++++++++glx2PasteTextIntoScript+tText%0D%0A++++++++++++++++exit+to+top%0D%0A++++++++++++end+if%0D%0A++++++++end+if%0D%0A++++else%0D%0A++++++++pass+escapeKey%0D%0A++++end+if%0D%0Aend+escapeKey%0D%0A%0D%0Aon+enterInField%0D%0A++++local+tNoGrps%0D%0A++++local+tResult%0D%0A++++local+tObjectID%0D%0A++++%0D%0A++++if+there+is+no+stack+%22revGalaxy+inspector%22+then%0D%0A++++++++if+the+controlkey+is+down+then%0D%0A++++++++++++if+glx2IsTopStack%28%29+is+true+then+--%0D%0A++++++++++++++++hide+stack+%22revGLX2+code%22%0D%0A++++++++++++else%0D%0A++++++++++++++++go+to+stack+%22revGLX2+code%22%0D%0A++++++++++++++++show+stack+%22revGLX2+code%22%0D%0A++++++++++++++++if+the+locktext+of+fld+%22code+storage%22+of+stack+%22revGLX2+code%22+is+false+and+%5C%0D%0A++++++++++++++++++++++++the+visible+of+fld+%22code+storage%22+of+stack+%22revGLX2+code%22+is+true+then%0D%0A++++++++++++++++++++focus+on+fld+%22code+storage%22+of+stack+%22revGLX2+code%22%0D%0A++++++++++++++++end+if%0D%0A++++++++++++end+if%0D%0A++++++++else%0D%0A++++++++++++set+the+defaultstack+to+%22revGLX2+code%22%0D%0A++++++++++++put+the+cObjectID+of+this+cd+into+tObjectID%0D%0A++++++++++++if+the+name+of+tObjectID+is+the+name+of+grp+%22GLX2+home%22+then%0D%0A++++++++++++++++put+the+number+of+grps+in+grp+%22homies%22+into+tNoGrps%0D%0A++++++++++++++++repeat+with+theGrpNo+%3D+2+to+tNoGrps%0D%0A++++++++++++++++++++if+the+showborder+of+grp+theGrpNo+of+grp+%22homies%22+is+true+then%0D%0A++++++++++++++++++++++++try+%0D%0A++++++++++++++++++++++++++++send+%22glx2EnterKey%22+to+grp+theGrpNo+of+grp+%22homies%22%0D%0A++++++++++++++++++++++++++++put+the+result+into+tResult%0D%0A++++++++++++++++++++++++++++if+tResult+is+%22exit%22+then%0D%0A++++++++++++++++++++++++++++++++exit+to+top%0D%0A++++++++++++++++++++++++++++end+if%0D%0A++++++++++++++++++++++++catch+e%0D%0A++++++++++++++++++++++++end+try%0D%0A++++++++++++++++++++end+if%0D%0A++++++++++++++++end+repeat%0D%0A++++++++++++++++lock+screen%0D%0A++++++++++++++++if+the+visible+of+grp+%22object+tree%22+of+cd+1+of+stack+%22revGLX2+code%22+is+false+then%0D%0A++++++++++++++++++++send+%22simMouseDown%22+to+btn+%22edit+home%22%0D%0A++++++++++++++++++++if+the+mouseloc+is+not+within+the+rect+of+btn+%22edit+home%22+then%0D%0A++++++++++++++++++++++++glx2SetStatus+%0D%0A++++++++++++++++++++end+if%0D%0A++++++++++++++++end+if%0D%0A++++++++++++++++unlock+screen%0D%0A++++++++++++++++exit+enterInField%0D%0A++++++++++++end+if%0D%0A++++++++++++pass+enterInField%0D%0A++++++++end+if%0D%0A++++else%0D%0A++++++++pass+enterInField%0D%0A++++end+if%0D%0Aend+enterInField%0D%0A%0D%0A---%7C---%0D%0A%0D%0Aon+enterKey%0D%0A++++local+tNoGrps%0D%0A++++local+tResult%0D%0A++++local+tObjectID%0D%0A++++%0D%0A++++if+there+is+no+stack+%22revGalaxy+inspector%22+then%0D%0A++++++++if+the+controlkey+is+down+then%0D%0A++++++++++++if+glx2IsTopStack%28%29+is+true+then%0D%0A++++++++++++++++hide+stack+%22revGLX2+code%22%0D%0A++++++++++++else%0D%0A++++++++++++++++go+to+stack+%22revGLX2+code%22%0D%0A++++++++++++++++show+stack+%22revGLX2+code%22%0D%0A++++++++++++++++if+the+locktext+of+fld+%22code+storage%22+of+stack+%22revGLX2+code%22+is+false+and+%5C%0D%0A++++++++++++++++++++++++the+visible+of+fld+%22code+storage%22+of+stack+%22revGLX2+code%22+is+true+then%0D%0A++++++++++++++++++++focus+on+fld+%22code+storage%22+of+stack+%22revGLX2+code%22%0D%0A++++++++++++++++end+if%0D%0A++++++++++++end+if%0D%0A++++++++else%0D%0A++++++++++++set+the+defaultstack+to+%22revGLX2+code%22%0D%0A++++++++++++put+the+cObjectID+of+this+cd+into+tObjectID%0D%0A++++++++++++if+the+name+of+tObjectID+is+the+name+of+grp+%22GLX2+home%22+and+line+1+of+the+openstacks+is+%22revGLX2+code%22+then%0D%0A++++++++++++++++put+the+number+of+grps+in+grp+%22homies%22+into+tNoGrps%0D%0A++++++++++++++++repeat+with+theGrpNo+%3D+2+to+tNoGrps%0D%0A++++++++++++++++++++if+the+showborder+of+grp+theGrpNo+of+grp+%22homies%22+is+true+then%0D%0A++++++++++++++++++++++++try+%0D%0A++++++++++++++++++++++++++++send+%22glx2EnterKey%22+to+grp+theGrpNo+of+grp+%22homies%22%0D%0A++++++++++++++++++++++++++++put+the+result+into+tResult%0D%0A++++++++++++++++++++++++++++if+tResult+is+%22exit%22+then%0D%0A++++++++++++++++++++++++++++++++exit+to+top%0D%0A++++++++++++++++++++++++++++end+if%0D%0A++++++++++++++++++++++++catch+e%0D%0A++++++++++++++++++++++++end+try%0D%0A++++++++++++++++++++end+if%0D%0A++++++++++++++++end+repeat%0D%0A++++++++++++++++if+the+visible+of+grp+%22object+tree%22+of+cd+1+of+stack+%22revGLX2+code%22+is+false+then%0D%0A++++++++++++++++++++lock+screen%0D%0A++++++++++++++++++++send+%22simMouseDown%22+to+btn+%22edit+home%22%0D%0A++++++++++++++++++++if+the+mouseloc+is+not+within+the+rect+of+btn+%22edit+home%22+then%0D%0A++++++++++++++++++++++++glx2SetStatus+%0D%0A++++++++++++++++++++end+if%0D%0A++++++++++++++++++++unlock+screen%0D%0A++++++++++++++++++++exit+enterKey%0D%0A++++++++++++++++end+if%0D%0A++++++++++++end+if%0D%0A++++++++++++pass+enterKey%0D%0A++++++++end+if%0D%0A++++else%0D%0A++++++++pass+enterKey%0D%0A++++end+if%0D%0Aend+enterKey%0D%0A%0D%0A---%7C---%0D%0A%0D%0Aon+returnInField%0D%0A++++if+there+is+no+stack+%22revGalaxy+inspector%22+then%0D%0A++++++++if+the+shiftkey+is+down+and+the+controlkey+is+down+then%0D%0A++++++++++++if+glx2IsTopStack%28%29+is+true+then%0D%0A++++++++++++++++hide+stack+%22revGLX2+code%22%0D%0A++++++++++++else%0D%0A++++++++++++++++go+to+stack+%22revGLX2+code%22%0D%0A++++++++++++++++show+stack+%22revGLX2+code%22%0D%0A++++++++++++++++if+the+locktext+of+fld+%22code+storage%22+of+stack+%22revGLX2+code%22+is+false+and+%5C%0D%0A++++++++++++++++++++++++the+visible+of+fld+%22code+storage%22+of+stack+%22revGLX2+code%22+is+true+then%0D%0A++++++++++++++++++++focus+on+fld+%22code+storage%22+of+stack+%22revGLX2+code%22%0D%0A++++++++++++++++end+if%0D%0A++++++++++++end+if%0D%0A++++++++else%0D%0A++++++++++++pass+returnInField%0D%0A++++++++end+if%0D%0A++++else%0D%0A++++++++pass+returnInField%0D%0A++++end+if%0D%0Aend+returnInField%0D%0A%0D%0A---%7C---%0D%0A%0D%0Aon+returnKey%0D%0A++++if+there+is+no+stack+%22revGalaxy+inspector%22+then%0D%0A++++++++if+the+shiftkey+is+down+and+the+controlkey+is+down+then%0D%0A++++++++++++if+glx2IsTopStack%28%29+is+true+then%0D%0A++++++++++++++++hide+stack+%22revGLX2+code%22%0D%0A++++++++++++else%0D%0A++++++++++++++++go+to+stack+%22revGLX2+code%22%0D%0A++++++++++++++++show+stack+%22revGLX2+code%22%0D%0A++++++++++++++++if+the+locktext+of+fld+%22code+storage%22+of+stack+%22revGLX2+code%22+is+false+and+%5C%0D%0A++++++++++++++++++++++++the+visible+of+fld+%22code+storage%22+of+stack+%22revGLX2+code%22+is+true+then%0D%0A++++++++++++++++++++focus+on+fld+%22code+storage%22+of+stack+%22revGLX2+code%22%0D%0A++++++++++++++++end+if%0D%0A++++++++++++end+if%0D%0A++++++++else%0D%0A++++++++++++pass+returnKey%0D%0A++++++++end+if%0D%0A++++else%0D%0A+++++++++pass+returnKey%0D%0A++++end+if%0D%0Aend+returnKey%0D%0A%0D%0A---%7C---%0D%0A%0D%0Aon+rawKeyDown+pKeyCode%0D%0A++++local+tCharPos%0D%0A++++local+tObjectID%0D%0A++++local+tWordNo%0D%0A++++local+tTokenNo%0D%0A++++local+tText%0D%0A++++local+doDaddy%0D%0A++++local+tStackName%0D%0A++++%0D%0A++++if+there+is+no+stack+%22revGalaxy+inspector%22+then%0D%0A++++++++global+gGlx2CommandKey%0D%0A++++++++put+the+commandkey+into+gGlx2CommandKey%0D%0A++++++++if+the+controlkey+is+down+and+the+optionkey+is+up+and+the+numtochar+of+pKeyCode+is+space+then%0D%0A++++++++++++if+the+cObjectNameGrabber+of+stack+%22revGLX2+code%22+is+false+then%0D%0A++++++++++++++++pass+rawKeyDown%0D%0A++++++++++++end+if%0D%0A++++++++++++if+the+long+name+of+the+mousecontrol+contains+%22GLX2+Code.rev%22+then%0D%0A++++++++++++++++--+SCRIPT+PAINT%3A+%28if+mouse+is+in+GLX2%29%0D%0A++++++++++++++++if+the+shiftkey+is+%22up%22+then%0D%0A++++++++++++++++++++--+considers+quoted+string+a+word%21%0D%0A++++++++++++++++++++if+the+mousetext+is+not+empty+then%0D%0A++++++++++++++++++++++++if+the+selectedchunk+is+not+empty+then%0D%0A++++++++++++++++++++++++++++put+word+2+of+the+mousecharchunk+into+tCharPos%0D%0A++++++++++++++++++++++++++++put+the+long+id+of+the+mousecontrol+into+tObjectID%0D%0A++++++++++++++++++++++++++++put+the+number+of+words+in+char+1+to+tCharPos+of+the+text+of+tObjectID+into+tWordNo%0D%0A++++++++++++++++++++++++++++put+word+tWordNo+of+the+text+of+tObjectID+into+tText%0D%0A++++++++++++++++++++++++++++glx2PasteTextIntoScript+tText%0D%0A++++++++++++++++++++++++++++exit+rawKeyDown%0D%0A++++++++++++++++++++++++end+if%0D%0A++++++++++++++++++++end+if%0D%0A++++++++++++++++else%0D%0A++++++++++++++++++++--+shiftkey+is+down%3B+ignores+quotes%2C+does+tokens%0D%0A++++++++++++++++++++if+the+mousetext+is+not+empty+then%0D%0A++++++++++++++++++++++++if+the+selectedchunk+is+not+empty+then%0D%0A++++++++++++++++++++++++++++put+word+4+of+the+mousechunk+into+tCharPos%0D%0A++++++++++++++++++++++++++++put+the+long+id+of+the+mousecontrol+into+tObjectID%0D%0A++++++++++++++++++++++++++++put+char+1+to+tCharPos+of+the+text+of+tObjectID+into+tText%0D%0A++++++++++++++++++++++++++++replace+quote+with+tab+in+tText%0D%0A++++++++++++++++++++++++++++put+the+number+of+tokens+in+tText+into+tTokenNo%0D%0A++++++++++++++++++++++++++++put+token+tTokenNo+of+tText+into+tText%0D%0A++++++++++++++++++++++++++++glx2PasteTextIntoScript+tText%0D%0A++++++++++++++++++++++++++++exit+rawKeyDown%0D%0A++++++++++++++++++++++++end+if%0D%0A++++++++++++++++++++end+if%0D%0A++++++++++++++++end+if%0D%0A++++++++++++else%0D%0A++++++++++++++++--+INSPECTOR%3A+%28mouse+is+not+in+GLX2%29%0D%0A++++++++++++++++if+the+mousecontrol+is+not+empty+then%0D%0A++++++++++++++++++++if+the+selectedchunk+is+not+empty+then%0D%0A++++++++++++++++++++++++if+the+shiftkey+is+down+then%0D%0A++++++++++++++++++++++++++++put+the+short+name+of+the+mousecontrol+into+tText%0D%0A++++++++++++++++++++++++else%0D%0A++++++++++++++++++++++++++++put+glx2GetSemiLongName%28the+long+id+of+the+mouseControl%29+into+tText%0D%0A++++++++++++++++++++++++end+if%0D%0A++++++++++++++++++++++++glx2PasteTextIntoScript+tText%0D%0A++++++++++++++++++++++++exit+to+top%0D%0A++++++++++++++++++++end+if%0D%0A++++++++++++++++end+if%0D%0A++++++++++++end+if%0D%0A++++++++++++exit+to+top%0D%0A++++++++end+if%0D%0A++++++++if+the+cInspectWithControl+of+stack+%22revGLX2+code%22+is+true+then%0D%0A++++++++++++put+the+controlkey+is+down+and+the+shiftkey+is+down+and+the+numtochar+of+pKeyCode+is+%22d%22+into+doDaddy%0D%0A++++++++else%0D%0A++++++++++++put+the+commandkey+is+down+and+the+shiftkey+is+down+and+the+numtochar+of+pKeyCode+is+%22d%22+into+doDaddy%0D%0A++++++++end+if%0D%0A++++++++if+doDaddy+is+true+then%0D%0A++++++++++++if+the+cWhoseYourDaddy+of+stack+%22revGLX2+code%22+is+false+then%0D%0A++++++++++++++++pass+rawKeyDown%0D%0A++++++++++++end+if%0D%0A++++++++++++if+there+is+an+img+%22zzz%22+of+cd+1+of+stack+%22revGLX2+VAB%22+and+%5C%0D%0A++++++++++++++++++++the+mouseloc+is+within+the+rect+of+img+%22zzz%22+of+cd+1+of+stack+%22revGLX2+vab%22+then%0D%0A++++++++++++++++global+gGlx2ObjectID%0D%0A++++++++++++++++lock+screen%0D%0A++++++++++++++++try%0D%0A++++++++++++++++++++edit+the+script+of+%28the+long+owner+of+gGlx2ObjectID%29%0D%0A++++++++++++++++catch+e%0D%0A++++++++++++++++++++beep%0D%0A++++++++++++++++end+try%0D%0A++++++++++++++++unlock+screen%0D%0A++++++++++++++++exit+to+top%0D%0A++++++++++++end+if%0D%0A++++++++++++lock+screen%0D%0A++++++++++++if+the+mousecontrol+is+not+empty+then%0D%0A++++++++++++++++try%0D%0A++++++++++++++++++++edit+the+script+of+%28the+long+owner+of+gGlx2ObjectID%29%0D%0A++++++++++++++++catch+e%0D%0A++++++++++++++++++++beep%0D%0A++++++++++++++++end+try%0D%0A++++++++++++else%0D%0A++++++++++++++++if+the+mousestack+is+not+empty+then%0D%0A++++++++++++++++++++put+the+mousestack+into+tStackName%0D%0A++++++++++++++++++++edit+the+script+of+%28the+long+id+of+stack+tStackName%29%0D%0A++++++++++++++++else%0D%0A++++++++++++++++++++beep%0D%0A++++++++++++++++end+if%0D%0A++++++++++++end+if%0D%0A++++++++++++unlock+screen%0D%0A++++++++++++exit+to+top%0D%0A++++++++end+if%0D%0A++++++++if+the+numtochar+of+pKeyCode+is+tab+and+the+controlkey+is+down+then%0D%0A++++++++++++if+the+cToggleTools+of+stack+%22revGLX2+code%22+is+true+then%0D%0A++++++++++++++++send+%22glx2SetTool%22+to+me+in+100+millisecs%0D%0A++++++++++++++++exit+to+top%0D%0A++++++++++++else%0D%0A++++++++++++++++pass+rawKeyDown+%0D%0A++++++++++++end+if%0D%0A++++++++end+if%0D%0A++++++++if+%28pKeyCode+is+65421+and+the+controlkey+is+down%29+or+%5C%0D%0A++++++++++++++++%28the+numtochar+of+pKeyCode+is+return+and+the+shiftkey+is+down+and+the+controlkey+is+down%29+then%0D%0A++++++++++++if+glx2IsTopStack%28%29+is+true+then%0D%0A++++++++++++++++hide+stack+%22revGLX2+code%22%0D%0A++++++++++++else%0D%0A++++++++++++++++go+to+stack+%22revGLX2+code%22%0D%0A++++++++++++++++show+stack+%22revGLX2+code%22%0D%0A++++++++++++++++if+the+locktext+of+fld+%22code+storage%22+of+stack+%22revGLX2+code%22+is+false+and+%5C%0D%0A++++++++++++++++++++++++the+visible+of+fld+%22code+storage%22+of+stack+%22revGLX2+code%22+is+true+then%0D%0A++++++++++++++++++++focus+on+fld+%22code+storage%22+of+stack+%22revGLX2+code%22%0D%0A++++++++++++++++end+if%0D%0A++++++++++++end+if%0D%0A++++++++++++exit+to+top%0D%0A++++++++else%0D%0A++++++++++++pass+rawkeydown%0D%0A++++++++end+if%0D%0A++++else%0D%0A++++++++pass+rawKeyDown%0D%0A++++end+if%0D%0Aend+rawKeyDown%0D%0A%0D%0A--%3E+utilities%0D%0A%0D%0Aon+glx2SetTool%0D%0A++++if+the+tool+is+%22browse+tool%22+then%0D%0A++++++++choose+pointer+tool%0D%0A++++else%0D%0A++++++++choose+browse+tool%0D%0A++++end+if%0D%0A++++if+the+defaultcursor+is+29+then%0D%0A++++++++set+the+defaultcursor+to+arrow%0D%0A++++end+if%0D%0Aend+glx2SetTool%0D%0A%0D%0Aon+glx2PasteTextIntoScript+pText%0D%0A++++local+tClipBoardType%0D%0A++++%0D%0A++++put+the+clipboard+into+tClipBoardType%0D%0A++++do+%22put+the+clipboardData%5B%22+%26+quote+%26+tClipBoardType+%26+quote+%26+%22%5D+into+tOrigClipBoardData%22%0D%0A++++set+the+clipboardData%5B%22text%22%5D+to+pText%0D%0A++++lock+screen%0D%0A++++paste%0D%0A++++unlock+screen%0D%0A++++do+%22set+the+clipboardData%5B%22+%26+quote+%26+tClipBoardType+%26+quote+%26+%22%5D+to+tOrigClipBoardData%22%0D%0Aend+glx2PasteTextIntoScript%0D%0A%0D%0Afunction+vabIsTopStack%0D%0A++++local+tOpenStacks%0D%0A++++local+tOpenModelessStacks%0D%0A++++%0D%0A++++put+the+openstacks+into+tOpenStacks%0D%0A++++repeat+for+each+line+tOpenStack+in+tOpenStacks%0D%0A++++++++if+%28the+style+of+stack+tOpenStack+is+%22modeless%22+or+the+style+of+stack+tOpenStack+is+%22toplevel%22%29+%5C%0D%0A++++++++++++++++and+the+visible+of+stack+tOpenStack+is+true+then%0D%0A++++++++++++put+tOpenStack+%26+cr+after+tOpenModelessStacks%0D%0A++++++++end+if%0D%0A++++end+repeat%0D%0A++++if+line+1+of+tOpenModelessStacks+is+%22revGLX2+vab%22+then%0D%0A++++++++return+true%0D%0A++++else%0D%0A++++++++return+false%0D%0A++++end+if%0D%0Aend+vabIsTopStack%0D%0A%0D%0Afunction+glx2IsTopStack%0D%0A++++local+tOpenStacks%0D%0A++++local+tOpenModelessStacks%0D%0A++++%0D%0A++++put+the+openstacks+into+tOpenStacks%0D%0A++++repeat+for+each+line+tOpenStack+in+tOpenStacks%0D%0A++++++++if+%28the+style+of+stack+tOpenStack+is+%22modeless%22+or+the+style+of+stack+tOpenStack+is+%22toplevel%22%29+%5C%0D%0A++++++++++++++++and+the+visible+of+stack+tOpenStack+is+true+then%0D%0A++++++++++++put+tOpenStack+%26+cr+after+tOpenModelessStacks%0D%0A++++++++end+if%0D%0A++++end+repeat%0D%0A++++if+line+1+of+tOpenModelessStacks+is+%22revGLX2+Code%22+then%0D%0A++++++++return+true%0D%0A++++else%0D%0A++++++++return+false%0D%0A++++end+if%0D%0Aend+glx2IsTopStack%0D%0A" )</script>
</button>
