{"stackFileArray": {"behavior_ViewGovernanceAccount": "behaviors/behavior_ViewGovernanceAccount.livecodescript","Global_Governance_Account_Menu": "controllers/Global_Governance_Account_Menu.livecodescript"},"Global Menus": {"Global | Governance | Account | Menu": {"mController": "stack \"/Users/BabyBlue/Desktop/git-repos/lcw_Governance/modules/View_Governance_Account/controllers/Global_Governance_Account_Menu.livecodescript\"","gMenuTable": "Filter For Business\tmenu_FilterForBusiness mTarget\tstack \"Global_Governance_Account_Menu\"\tGlobal | Governance | Account | Menu\t\t\t\t\tFilter For Business\nDisplay Categorized\tmenu_DisplayCategorized subMenuPath, mTarget\tstack \"Global_Governance_Account_Menu\"\tGlobal | Governance | Account | Menu\t\tcustom submenu\taccount_Names\taccount_Name\tDisplay Categorized\nSave Categorized\tmenu_SaveCategorized mTarget\tstack \"Global_Governance_Account_Menu\"\tGlobal | Governance | Account | Menu\t\t\t\t\tSave Categorized\n-\nDisplay Month\tmenu_DisplayMonth subMenuPath, mTarget\tstack \"Global_Governance_Account_Menu\"\tGlobal | Governance | Account | Menu\t\tcustom submenu\tsome_Months\tsome_Month\tDisplay Month\nImport Barclays\tmenu_ImportBarclays mTarget\tstack \"Global_Governance_Account_Menu\"\tGlobal | Governance | Account | Menu\t\t\t\t\tImport Barclays\n-\nDisplay Graph\tmenu_DisplayGraph mTarget\tstack \"Global_Governance_Account_Menu\"\tGlobal | Governance | Account | Menu\t\t\t\t\tDisplay Graph\nDisplay Cat Month\tmenu_DisplayCatMonth mTarget\tstack \"Global_Governance_Account_Menu\"\tGlobal | Governance | Account | Menu\t\t\t\t\tDisplay Cat Month\nDisplay Cat Totals\tmenu_DisplayCatTotals mTarget\tstack \"Global_Governance_Account_Menu\"\tGlobal | Governance | Account | Menu\t\t\t\t\tDisplay Cat Totals\n-\nGenerate Random Data\tmenu_GenerateRandomData mTarget\tstack \"Global_Governance_Account_Menu\"\tGlobal | Governance | Account | Menu\t\t\t\t\tGenerate Random Data\n-\nShow Graph\tmenu_ShowGraph subMenuPath, mTarget\tstack \"Global_Governance_Account_Menu\"\tGlobal | Governance | Account | Menu\t\tboolean\tsubmenu_Boolean\tshow_Graph\tShow Graph\nDev\t\tstack \"Global_Governance_Account_Menu\"\tGlobal | Governance | Account | Menu\t\tsubmenu\tDev | Menu\tstack \"Global_Governance_Account_Menu\"\tDev"}}}