<button name="remove homey" id="698420">
<traversalOn>false</traversalOn>
<ink>srcCopy</ink>
<threeD>false</threeD>
<hiliteBorder>false</hiliteBorder>
<blendLevel>0</blendLevel>
<rect>39,682,65,704</rect>
<mnemonic>0</mnemonic>
<armFill>false</armFill>
<visitedIcon>0</visitedIcon>
<showName>false</showName>
<showIcon>true</showIcon>
<hilited>false</hilited>
<sharedHilite>false</sharedHilite>
<shadow>false</shadow>
<textAlign>center</textAlign>
<armed>false</armed>
<menuMouseButton>1</menuMouseButton>
<id>698420</id>
<altId>0</altId>
<labelWidth>0</labelWidth>
<armedIcon>0</armedIcon>
<lockLoc>false</lockLoc>
<visited>false</visited>
<showHilite>false</showHilite>
<autoHilite>true</autoHilite>
<style>transparent</style>
<disabledIcon>698423</disabledIcon>
<armBorder>true</armBorder>
<name>button "remove homey"</name>
<icon>698414</icon>
<layer>134</layer>
<visible>true</visible>
<cantSelect>false</cantSelect>
<borderWidth>0</borderWidth>
<menuLines>5</menuLines>
<margins>4</margins>
<opaque>false</opaque>
<shadowOffset>4</shadowOffset>
<default>false</default>
<hiliteFill>true</hiliteFill>
<showBorder>false</showBorder>
<hiliteIcon>698417</hiliteIcon>
<disabled>true</disabled>
<autoArm>false</autoArm>
<family>0</family>
<hoverIcon>0</hoverIcon>
<showFocusBorder>true</showFocusBorder>
<menuHistory>1</menuHistory>
<custompropertyset name= "cGlx2TimeStamp">
<checksum>urldecode( "%83%A5%5B%8FT%BA%5C%3A%FA%0Cm%C1%9C%8C%0D%0A%40" )</checksum>
</custompropertyset>
<script>urldecode( "--%3E+all+handlers%0D%0A%0D%0Aon+mouseUp+pMouseBtnNo%0D%0A++++%0D%0Aend+mouseUp%0D%0A%0D%0Aon+mouseEnter%0D%0A++++put+the+number+of+grps+in+grp+%22homies%22+into+theNoGrps%0D%0A++++repeat+with+theGrpNo+%3D+2+to+theNoGrps%0D%0A++++++++if+the+showborder+of+grp+theGrpNo+of+grp+%22homies%22+is+true+then%0D%0A++++++++++++put+toupper%28fld+%22title%22+of+grp+theGrpNo+of+grp+%22homies%22%29+into+theWidgetName%0D%0A++++++++++++glx2SetStatus+%22Click+to+REMOVE+the%22+%26%26+theWidgetName+%26%26+%22Widget+from+your+GLX2+Home%22%0D%0A++++++++++++exit+mouseEnter%0D%0A++++++++end+if%0D%0A++++end+repeat%0D%0A++++glx2SetStatus+%0D%0Aend+mouseEnter%0D%0A%0D%0Aon+mouseLeave%0D%0A++++glx2SetStatus+%0D%0Aend+mouseLeave%0D%0A" )</script>
</button>
