<image name="expanded alabaster" id="68757">
<traversalOn>false</traversalOn>
<palindromeFrames>false</palindromeFrames>
<ink>srcCopy</ink>
<threeD>true</threeD>
<blendLevel>0</blendLevel>
<rect>30,22,36,35</rect>
<angle>0</angle>
<yHot>1</yHot>
<id>68757</id>
<altId>0</altId>
<frameCount>0</frameCount>
<constantMask>false</constantMask>
<lockLoc>false</lockLoc>
<repeatCount>0</repeatCount>
<size>224</size>
<name>image "expanded alabaster"</name>
<hotSpot>1,1</hotSpot>
<alwaysBuffer>false</alwaysBuffer>
<layer>7</layer>
<dontDither>false</dontDither>
<visible>false</visible>
<cantSelect>false</cantSelect>
<borderWidth>2</borderWidth>
<opaque>true</opaque>
<currentFrame>1</currentFrame>
<showBorder>false</showBorder>
<disabled>false</disabled>
<xHot>1</xHot>
<showFocusBorder>true</showFocusBorder>
<custompropertyset name= "cGlx2TimeStamp">
</custompropertyset>
<imagedata>urldecode( "%00%40%40%FC%00%40%40%FC%00%40%40%FC%00%40%40%FC%00%40%40%FC%00%40%40%FC%00%40%40%FC%00%40%40%FC%00%40%40%FC%00%40%40%FC%00%40%40%FC%00%40%40%FC%00%40%40%FC%00%40%40%FC%00%40%40%FC%00%40%40%FC%00%40%40%FC%00%40%40%FC%00%40%40%FC%00%40%40%FC%00%40%40%FC%00%40%40%FC%00%40%40%FC%00%40%40%FC%00%40%40%FC%00%40%40%FC%00%40%40%FC%00%40%40%FC%00%40%40%FC%00%40%40%FC%00%40%40%FC%00%40%40%FC%00%40%40%FC%00%40%40%FC%00%40%40%FC%00%40%40%FC%00%40%40%FC%00%40%40%FC%00%40%40%FC%00%40%40%FC%00%40%40%FC%00%40%40%FC%00%40%40%FC%00%40%40%FC%00%40%40%FC%00%40%40%FC%00%40%40%FC%00%40%40%FC%00%40%40%FC%00%40%40%FC%00%40%40%FC%00%40%40%FC%00%40%40%FC%00%40%40%FC%00%40%40%FC%00%40%40%FC%00%40%40%FC%00%40%40%FC%00%40%40%FC%00%40%40%FC%00%40%40%FC%00%40%40%FC%00%40%40%FC%00%40%40%FC%00%40%40%FC%00%40%40%FC%00%40%40%FC%00%40%40%FC%00%40%40%FC%00%40%40%FC%00%40%40%FC%00%40%40%FC%00%40%40%FC%00%40%40%FC%00%40%40%FC%00%40%40%FC%00%40%40%FC%00%40%40%FC" )</imagedata>
</image>
