<field name="All Btn" id="280038">
<traversalOn>false</traversalOn>
<ink>srcCopy</ink>
<firstIndent>0</firstIndent>
<dontSearch>false</dontSearch>
<toggleHilites>false</toggleHilites>
<threeD>false</threeD>
<scrollbarWidth>20</scrollbarWidth>
<blendLevel>0</blendLevel>
<textHeight>14</textHeight>
<rect>869,81,899,102</rect>
<multipleHilites>false</multipleHilites>
<colors>urldecode( "white%0D%0A32%2C34%2C37%0D%0A%0D%0A%0D%0A%0D%0A%0D%0A%0D%0A" )</colors>
<shadow>false</shadow>
<hScroll>0</hScroll>
<textAlign>center</textAlign>
<vScrollbar>false</vScrollbar>
<hScrollbar>false</hScrollbar>
<id>280038</id>
<altId>0</altId>
<autoTab>false</autoTab>
<textStyle>bold</textStyle>
<hGrid>false</hGrid>
<lockLoc>false</lockLoc>
<dontWrap>false</dontWrap>
<autoHilite>false</autoHilite>
<style>rectangle</style>
<showLines>false</showLines>
<sharedText>true</sharedText>
<noncontiguousHilites>false</noncontiguousHilites>
<lockText>true</lockText>
<scroll>0</scroll>
<name>field "All Btn"</name>
<vGrid>false</vGrid>
<listBehavior>false</listBehavior>
<layer>43</layer>
<visible>true</visible>
<cantSelect>false</cantSelect>
<borderWidth>1</borderWidth>
<margins>8,8,8,5</margins>
<htmlText>urldecode( "%3Cp%3EAll%3C%2Fp%3E" )</htmlText>
<threeDHilite>false</threeDHilite>
<opaque>true</opaque>
<shadowOffset>4</shadowOffset>
<showBorder>true</showBorder>
<textSize>11</textSize>
<disabled>false</disabled>
<fixedLineHeight>true</fixedLineHeight>
<textFont>Arial</textFont>
<vScroll>0</vScroll>
<showFocusBorder>false</showFocusBorder>
<custompropertyset name= "cGlx2TimeStamp">
<xml_num_1281533784>start</xml_num_1281533784>
<checksum>urldecode( "%ADd%F6%EE%B3%BD%17%C9kR_gJ%02%60%AF" )</checksum>
<xml_num_1281532876>start</xml_num_1281532876>
<xml_num_1281532905>start</xml_num_1281532905>
<xml_num_1281533886>working</xml_num_1281533886>
<xml_num_1281532995>start</xml_num_1281532995>
<xml_num_1281533718>start</xml_num_1281533718>
<xml_num_1281532927>start</xml_num_1281532927>
<xml_num_1281533821>start</xml_num_1281533821>
<xml_num_1281533676>start</xml_num_1281533676>
<xml_num_1281533606>start</xml_num_1281533606>
<xml_num_1281532950>start</xml_num_1281532950>
<xml_num_1281533643>start</xml_num_1281533643>
</custompropertyset>
<custompropertyset name= "cGlx2General">
<cHscrollScript>0</cHscrollScript>
<cLocals>sDragging </cLocals>
<cHscrollHandlers>0</cHscrollHandlers>
<cHtmlScript>urldecode( "%1F%8B%08%00%00%00%00%00%00%03%B5V%CBn%DB%3A%10%DD%EB%2B%08-%B2%08%12%F4%01%F4.%0B%A4%8E%E3%16p%82+n%91%BB%A5%A9%B1D%98%12%05%92%B2%D3%FB%F5%1D%92%92%28J%B2%E3E%AF6%96%E8s%E6%C1%999%E4%ED%EDWr%A0%8A%D3%AD%00M%AE%08%93%956%B42%3AI%84dT%10%7D%AFh%9E%F3*%27I.%E4%16W%F2%95x%FB%BC%A6%DA%3C%F0*K%92%5B%B4%D0%18.%90%21%2B%A2y%F9%28%1B%0D%CB%CA%80J%08%3E%7CGL%01%E4%C05G%1FD%EEH%AEj%92n%95%3CjP%29%E1%9A%18%D5%80%05U%8E0+%19x3%96Q%82%85%A5%AB4F%D9%27%C7%606%606%86%9A%06%21%0B%C1%D9%9E%18IJ%BAw6%C9%C3%8F%A7%7B%B2m%8C%B1%D1%01U%AC%C0e%B4%F6%7C%B7Z%A6%BD%29%10%1A%FE%82%5D+%AF%CBo%98%2B%25%2B%29s%01%03%07U%86Y%25%13_%A7%FC%BC%2C%9F%D7w%8B%25%B9%5B%AF%89d%ACQP1%AC%90%DC%05%E7%1B%A3l%5D%8E%DCx%D7%1D%C5%AF%7B%D7%AD%5B%FB%13%97%C6%D5%AD%B4%DF%A4%D4%B9%2F%5E%19W.%26X%13%03%40%8F_%03%3D%F8t%E2T%02%C1%23%92%0F%D7%D7%09%B9%F6K%8F%D2r%EC%F7%87%DE%90_%B3%7E%C1%F4%D5gRH%D5%B6%00%EEJz%2C%B8iw%15%7B%244%E7%B9.r%D6%B1%9B-%C8n%16%AF%DC%B2%02%D65%97e9F%D4%02%E7%E2%F8%0DB%C8%E3%7Cy%DD%EB+%7F%9B%18%09%1Bv%2F%8F%3E%C4%BA1%3Eh%5E%A1%C9%90K%1BF%1B%3D%7B%94%06_%D15%0E%26%F6F%AA%E0%B0Z%FF%FB%19G5%037%3E%29%15t%8B%F3h%A7%29%CA%FF%D2%04%A2%86%BC%98%14%3A%2B%A4%D5%27%F9%ABv+%AF%21hnQ%00%DBo%9A2%5E%DD0%25%85%88%D7%BE%CF-Z%A9%C1%B6%BE%B1%EF%2FP%0B%CA%00%3F%27%C6xmF%3C%91%3D%D1%12%E2%C55%AF%E0I%3A%5B%8B%ECI%26%7D%E1mAv%147%E3%7CE%FE%2F%29%B3%EE%D3%E7%D4%3B%2Fa%B6%17yIs%D0%B2Q%CC%F9g%05U%E4S%A8%90%83d%F6%9B%979Ik%04%A7%0E%97%91%D4S%CFH%9E%F3%BF%FA%9B%FE%8F%B0%3D%ED%3EL%CC%B8%EDt%C1wf%CE%FC%3F%138%B3j%03q%00a%AB%A7%D6%A5%14%86%D7%01%0Fem%7E%07%D8%E4%F4%9A%1D%0DTc%8Ds%81%F4%235%AC%B8ht%06%C2%D56%E3%9Eh%A6%60%D0%03N%0F%AC%5Ee_2%8E%7B%E5%92%D8%09%DC%3B%3B%EA8%FER%B9z%BA%FA%8Cgj%A6%7F3%F9+%B1N%F7%5C%0DS%B4%FB%9E%B6R%ED%FEz%104%8F%B07%03%DB%A9%3B%F3%ACA%F2%E9%23%29%B9%10%5C%03%5E%122%DD%5B%DCI%86r%8F%83%3F%0Du%92%1A%EA0%AA.d%ACh%AA%FD+%11%FC%9Ab%9D%0E%BC%B3%07%03%B1%18r%8B%8B%C8%DFO%B0%BB%06r%D4%1DJOK%89o%3E%1D%AB%D3%E9%05%D5%B0%81Js%C3%0FpN%AF%7D%89%28%D6%C1%F1%5E%0B%29%E0U%AA%EC%7D%CE%ACd%8C%A3%0Cr9%0FU%5E%3F%03z%24%A8%DD%D3%E2%06%F6%FA%ABF%60%D8%C68S%F7%89%C6%F8%06%E8%06%1B%FD%7F%9C%AF%D18%12%A0%26Z%B2%0F%F6%EC%B0%0E%A3zt%AD%E6%8A%89%3BXIC%DC%10Nw%F1%FD-%8A%1BwB%9E%A4%D9%FF%F1%C6%8D%BD%97-%EF%7ENI%B1%00vK%23%F4%08%D5%87xr%1C%BA3%B0C%9F%40%0EO%C6%0E%EA%C4%B0G%F8cr2%1CUSnA%F9%8B%28n%2BJ%7B%3F%C6%D9%00%9E%C9%85U%40%FE_%1BS%88%EE%26x%BF%09%A7%F1%98%DFi%E9%D9A%9E%D5%80%8Ey%5E%03%E6%15+C%A5%F6%A5N%C9%D5U%ACM%83J4u%86%A7%8E%ED%BEo%C6%B7RS%0D%15%BD%BF%14%E15%A8%BF%12%BD%A0%5D%DA%F6%C9%7B7%8D%0BN%92%DEGk%F7%0F%89%DAu%9C%CA%0D%00%00" )</cHtmlScript>
<cSelectedChunk>char 1289 to 1288</cSelectedChunk>
<cHandlersListWidth>188</cHandlersListWidth>
<cDirtyFlag>false</cDirtyFlag>
<cHtmlHandlers>urldecode( "%1F%8B%08%00%00%00%00%00%00%03%95%D0%BD%0D%0A%C20%14%05%E0%DD%A7%08%15%BA%D6%92%A8%84%A6%99t%B3%8B%E0%03%A4%E5R%02%F9%237%AD%AFo%1D%2Ch%07%C9r%87%C3%FD8pD%90%A2%97%02%A7%E5h%3B%12%8CC%5BPJk%CA%0B%29%AAwN%AC%9F%10%88%C5%11E%B5%BCUA%EED%90%E5%9E7%3F%EEX%9F8%A3%DF%EE%E2%9F.%93%5C%5D%82%98in%A0f%C84%9D%CF%26w0%A00W%3D%C2%07%FC%DDzJ%DAd%CE%8C%DAv%9B%D9%B6E%EC%C0%F9%99%ADjVQ%AB%DE%00%92R%D9%D0%90%C1%3BL%CA%A5%B5%FC%05%92%82%5D%E5%1A%02%00%00" )</cHtmlHandlers>
<cFolders>urldecode( "mouse+msgs%0D%0Autils%0D%0Avariables+%26+constants" )</cFolders>
<cHandlers>urldecode( "mouseDown%0D%0AmouseEnter%0D%0AmouseLeave%0D%0AmouseMove%0D%0AmouseRelease%0D%0AmouseUp%0D%0AsimMouseEnter" )</cHandlers>
<cVscrollScript>739</cVscrollScript>
<cVscrollHandlers>0</cVscrollHandlers>
<cHilitedLine>7</cHilitedLine>
<cGlobals>gGlx2LastFind</cGlobals>
</custompropertyset>
<script>urldecode( "--%3E+variables+%26+constants%0D%0A%0D%0Alocal+sDragging+%0D%0Aglobal+gGlx2LastFind%0D%0A%0D%0A--%3E+utils%0D%0A%0D%0Aon+simMouseEnter%0D%0A++++if+the+visible+of+grp+%22browser%22+is+true+then%0D%0A++++++++if+the+text+of+me+is+%22G%22+then%0D%0A++++++++++++glx2SetStatus+%22Click+to+make+the+FIND+button+search+this+PAGE%22%0D%0A++++++++else%0D%0A++++++++++++glx2SetStatus+%22Click+to+make+the+FIND+button+search+the+WEB+via+Google%22%0D%0A++++++++end+if%0D%0A++++else%0D%0A++++++++glx2SetStatus+%22Click+to+REPLACE+ALL+occurences+of+the+FIND+String+with+the+REPLACE+String%22%0D%0A++++end+if%0D%0Aend+simMouseEnter%0D%0A%0D%0A--%3E+mouse+msgs%0D%0A%0D%0Aon+mouseEnter%0D%0A++++simMouseEnter%0D%0Aend+mouseEnter%0D%0A%0D%0Aon+mouseLeave%0D%0A++++glx2SetStatus+%0D%0Aend+mouseLeave%0D%0A%0D%0A%2F**%0D%0A+*+mouseMove%0D%0A+*%0D%0A+*%2F%0D%0Aon+mouseMove%0D%0A++++set+the+textcolor+of+me+to+%22white%22%0D%0A++++if+sDragging+is+true+then%0D%0A++++++++if+the+mouseloc+is+within+the+rect+of+me+then+++++%0D%0A++++++++++++set+the+textcolor+of+me+to+%22yellow%22%0D%0A++++++++end+if%0D%0A++++end+if+%0D%0Aend+mouseMove+%0D%0A%0D%0Aon+mouseDown%0D%0A++++put+true+into+sDragging+++%0D%0A++++if+the+cMotif+of+stack+%22revGLX2+code%22+is+%22alabaster%22+then%0D%0A++++++++set+the+textcolor+of+me+to+%22yellow%22%0D%0A++++else%0D%0A++++++++set+the+textcolor+of+me+to+%22yellow%22%0D%0A++++end+if%0D%0Aend+mouseDown%0D%0A%0D%0Aon+mouseUp%0D%0A++++local+theCheckSum%0D%0A++++local+theScroll%0D%0A++++local+theHScroll%0D%0A++++local+theFindStr%2C+theReplaceStr%0D%0A++++local+theScript%0D%0A++++local+theFldName%0D%0A++++local+theLineNo%2C+theCdNo%0D%0A++++%0D%0A++++put+false+into+sDragging+++%0D%0A++++if+the+visible+of+grp+%22browser%22+is+true+then%0D%0A++++++++if+the+text+of+me+is+%22G%22+then%0D%0A++++++++++++put+%22P%22+into+me%0D%0A++++++++++++set+the+imagesource+of+char+1+of+me+to+the+id+of+img+%22page%22+of+cd+%22images%22%0D%0A++++++++else%0D%0A++++++++++++put+%22G%22+into+me%0D%0A++++++++++++set+the+imagesource+of+char+1+of+me+to+the+id+of+img+%22web%22+of+cd+%22images%22%0D%0A++++++++end+if%0D%0A++++++++set+the+textshift+of+char+1+of+me+to+6%0D%0A++++++++set+the+cState+of+me+to+the+text+of+me%0D%0A++++++++set+the+tooltip+of+me+to+empty%0D%0A++++++++simMouseEnter%0D%0A++++else%0D%0A++++++++set+the+cursor+to+watch%0D%0A++++++++set+the+textcolor+of+me+to+%22white%22%0D%0A++++++++lock+screen%0D%0A++++++++put+the+md5digest+of+fld+%22code+storage%22+into+theCheckSum%0D%0A++++++++put+false+into+doForceDirty%0D%0A++++++++send+%22glx2SetDirtyFlag+doForceDirty%2CtheCheckSum%22+to+me+in+10+milliseconds%0D%0A++++++++focus+on+fld+%22code+storage%22%0D%0A++++++++put+the+selectedchunk+into+theChunk%0D%0A++++++++put+the+scroll+of+fld+%22code+storage%22+into+theScroll%0D%0A++++++++put+the+hscroll+of+fld+%22code+storage%22+into+theHScroll%0D%0A++++++++put+the+text+of+fld+%22find%22+into+gGlx2LastFind%0D%0A++++++++if+the+cCaseSensitive+of+stack+%22revGLX2+code%22+is+false+and+the+cWholeWord+of+stack+%22revGLX2+code%22+is+false+then%0D%0A++++++++++++put+fld+%22find%22+into+theFindStr%0D%0A++++++++++++put+fld+%22replace%22+into+theReplaceStr%0D%0A++++++++++++replace+theFindStr+with+theReplaceStr+in+fld+%22code+storage%22%0D%0A++++++++else%0D%0A++++++++++++select+char+1+to+0+of+fld+%22code+storage%22%0D%0A++++++++++++repeat%0D%0A++++++++++++++++doFind%0D%0A++++++++++++++++if+the+selectedtext+is+not+white+then%0D%0A++++++++++++++++++++put+fld+%22replace%22+into+the+selectedchunk%0D%0A++++++++++++++++else%0D%0A++++++++++++++++++++exit+REPEAT%0D%0A++++++++++++++++end+if%0D%0A++++++++++++end+REPEAT%0D%0A++++++++end+if%0D%0A++++++++put+fld+%22code+storage%22+into+theScript%0D%0A++++++++put+%22code+storage%22+into+theFldName%0D%0A++++++++put+empty+into+theLineNo%0D%0A++++++++put+the+number+of+this+cd+into+theCdNo%0D%0A++++++++doColorizeScript+theScript%2CtheFldName%2CtheLineNo%2CtheCdNo%0D%0A++++++++set+the+scroll+of+fld+%22code+storage%22+to+theScroll%0D%0A++++++++set+the+hscroll+of+fld+%22code+storage%22+to+theHScroll%0D%0A++++++++do+%22select%22+%26%26+theChunk%0D%0A++++end+if%0D%0A++++updateFindBtn%0D%0A++++unlock+screen%0D%0Aend+mouseUp%0D%0A%0D%0Aon+mouseRelease%0D%0A++++put+false+into+sDragging+++%0D%0A++++set+the+textcolor+of+me+to+%22white%22%0D%0Aend+mouseRelease%0D%0A" )</script>
</field>
