{"stackFileArray": {"Global | GIT | Branch | Menu": "controllers/Global_GIT_Branch_Menu.livecodescript","Global | GIT | Unmerged Paths | Both Deleted | File | Menu": "controllers/Global_GIT_Unmerged Paths_Both Deleted_File_Menu.livecodescript","Global | Gist | Line | Menu": "controllers/Global_Gist_Line_Menu.livecodescript","Global | GIT | Changes to be committed | Menu": "controllers/Global_GIT_Changes to be committed_Menu.livecodescript","Global | Fossil | Watch | Menu": "controllers/Global_Fossil_Watch_Menu.livecodescript","Global | Gist | Display | Menu": "controllers/Global_Gist_Display_Menu.livecodescript","Global | GIT | Menu": "controllers/Global_GIT_Menu.livecodescript","Global | GIT | Changes not staged for commit | Menu": "controllers/Global_GIT_Changes not staged for commit_Menu.livecodescript","Global | GIT | Changes to be committed | Modified | File | Menu": "controllers/Global_GIT_Changes to be committed_Modified_File_Menu.livecodescript","Global | GIT | Unmerged Paths | Both modified | File | Menu": "controllers/Global_GIT_Unmerged Paths_Both modified_File_Menu.livecodescript","Global | GIT | Status | Menu": "controllers/Global_GIT_Status_Menu.livecodescript","Global | GIT | Branch | File | Menu": "controllers/Global_GIT_Branch_File_Menu.livecodescript","Global | GIT | Basics | Menu": "controllers/Global_GIT_Basics_Menu.livecodescript","Global | GIT | Script | Menu": "controllers/Global_GIT_Script_Menu.livecodescript","Global | GIT | Init | Menu": "controllers/Global_GIT_Init_Menu.livecodescript","Global | GIT | Unmerged Paths | Added By Us | File | Menu": "controllers/Global_GIT_Unmerged Paths_Added By Us_File_Menu.livecodescript","Global | GIT | Changes not staged for commit | Modified | File | Menu": "controllers/Global_GIT_Changes not staged for commit_Modified_File_Menu.livecodescript","Global | GIT | Files | Menu": "controllers/Global_GIT_Files_Menu.livecodescript","lib_GistIgniter": "libraries/lib_GistIgniter.livecode","Global | GIT | Line | File | Menu": "controllers/Global_GIT_Line_File_Menu.livecodescript","Global | Git | Pull | Menu": "controllers/Global_Git_Pull_Menu.livecodescript","Global | GIT | Changes to be committed | Modified | Menu": "controllers/Global_GIT_Changes to be committed_Modified_Menu.livecodescript","Global | GIT | Stash | Menu": "controllers/Global_GIT_Stash_Menu.livecodescript","Global | GIT | Untracked files | Files | File | Menu": "controllers/Global_GIT_Untracked files_Files_File_Menu.livecodescript","View|Tree|GIT": "modules/View_Tree_GIT/View_Tree_GIT.livecode","Global | GIT | Unmerged paths | Added by them | File | Menu": "controllers/Global_GIT_Unmerged paths_Added by them_File_Menu.livecodescript","lib_Fossil": "libraries/lib_Fossil.livecode","lib_DisplayGithub": "libraries/lib_DisplayGithub.livecodescript","lib_GitHub": "libraries/lib_GitHub.livecode","Global | GIT | Changes to be committed | New file | File | Menu": "controllers/Global_GIT_Changes to be committed_New file_File_Menu.livecodescript","Global | Git | Log | Menu": "controllers/Global_Git_Log_Menu.livecodescript","lib_GitDisplay": "libraries/lib_GitDisplay.livecodescript","Global | Git | Line | Stack | Log | Menu": "controllers/Global_Git_Line_Stack_Log_Menu.livecodescript","Global | GIT | Changes not staged for commit | Modified | Menu": "controllers/Global_GIT_Changes not staged for commit_Modified_Menu.livecodescript","Global | GIT | Unmerged paths | Deleted by us | File | Menu": "controllers/Global_GIT_Unmerged Paths_Menu.livecodescript","Global | Menu | Git | Line | Menu": "controllers/Global_Menu_Git_Line_Menu.livecodescript","Global | Github | Line | Menu": "controllers/Global_Github_Line_Menu.livecodescript","lib_Gist": "libraries/lib_Gist.livecode","Global | GIT | Changes to be committed | New file | Menu": "controllers/Global_GIT_Changes to be committed_New file_Menu.livecodescript","Global | GIT | Project | Menu": "controllers/Global_GIT_Project_Menu.livecodescript","Global | Github | Menu": "controllers/Global_Github_Menu.livecodescript","Global | GIT | Tag | Menu": "controllers/Global_GIT_Tag_Menu.livecodescript","lib_Gitter": "libraries/lib_Gitter.livecodescript","Global | GIT | Settings | Menu": "controllers/Global_GIT_Settings_Menu.livecodescript","Global | Git | Stack | History | Menu": "controllers/Global_Git_Stack_History_Menu.livecodescript","Global | Git | Diff | Raw | Line | Menu": "controllers/Global_Git_Diff_Raw_Menu.livecodescript","model_GIT": "models/model_GIT.livecodescript","Global | GIT | File | Menu": "controllers/Global_GIT_File_Menu.livecodescript","lib_Git": "libraries/lib_Git.livecodescript","Global | GIT | Untracked files | Files | Menu": "controllers/Global_GIT_Untracked Files_Menu.livecodescript","Global | Gist | Menu": "controllers/Global_Gist_Menu.livecode","Global | Git | Watch | Menu": "controllers/Global_Git_Watch_Menu.livecodescript"},"Global Menus": {"Global | GIT | Branch | Menu": {"mController": "stack \"Global | GIT | Branch | Menu\"","gMenuTable": "Push Current Branch\tmenu_PushCurrentBranch mTarget\tstack \"Global | GIT | Branch | Menu\"\tGlobal | GIT | Branch | Menu\t\t\t\t\tPush Current Branch\n-\nThis Branch\tmenu_ThisBranch mTarget\tstack \"Global | GIT | Branch | Menu\"\tGlobal | GIT | Branch | Menu\t\t\t\t\tThis Branch\nMerge\tmenu_Merge subMenuPath, mTarget\tstack \"Global | GIT | Branch | Menu\"\tGlobal | GIT | Branch | Menu\t\tcustom submenu\tlocal_BranchNames\tlocal_BranchName\tMerge\nMerge With Master\tmenu_MergeWithMaster mTarget\tstack \"Global | GIT | Branch | Menu\"\tGlobal | GIT | Branch | Menu\t\t\t\t\tMerge With Master\nAbort Merge\tmenu_AbortMerge mTarget\tstack \"Global | GIT | Branch | Menu\"\tGlobal | GIT | Branch | Menu\t\t\t\t\tAbort Merge\n-\nSwitch Local Branch\tmenu_SwitchLocalBranch subMenuPath, mTarget\tstack \"Global | GIT | Branch | Menu\"\tGlobal | GIT | Branch | Menu\t\tcustom submenu\tlocal_BranchNames\tlocal_BranchName\tSwitch Local Branch\n-\nCreate New Branch\tmenu_CreateNewBranch mTarget\tstack \"Global | GIT | Branch | Menu\"\tGlobal | GIT | Branch | Menu\t\t\t\t\tCreate New Branch\nCreate And Checkout New Branch\tmenu_CreateAndCheckoutNewBranch mTarget\tstack \"Global | GIT | Branch | Menu\"\tGlobal | GIT | Branch | Menu\t\t\t\t\tCreate And Checkout New Branch\n-\nDelete Local Branch\tmenu_DeleteLocalBranch subMenuPath, mTarget\tstack \"Global | GIT | Branch | Menu\"\tGlobal | GIT | Branch | Menu\t\tcustom submenu\tlocal_BranchNames\tlocal_BranchName\tDelete Local Branch\n-\nRemote Branch\tmenu_RemoteBranch subMenuPath, mTarget\tstack \"Global | GIT | Branch | Menu\"\tGlobal | GIT | Branch | Menu\t\tcustom submenu\tremote_BranchNames\tremote_BranchName\tRemote Branch\n-\nDiff Local Branch\tmenu_DiffLocalBranch subMenuPath, mTarget\tstack \"Global | GIT | Branch | Menu\"\tGlobal | GIT | Branch | Menu\t\tcustom submenu\tlocal_BranchNames\tlocal_BranchName\tDiff Local Branch\n-\nBranch Documentation\tmenu_BranchDocumentation subMenuPath, mTarget\tstack \"Global | GIT | Branch | Menu\"\tGlobal | GIT | Branch | Menu\t\tfixed\tsubmenu_Fixed[menu_BranchDocumentation]\twhich_Doc\tBranch Documentation\nDev\t\tstack \"Global | GIT | Branch | Menu\"\tGlobal | GIT | Branch | Menu\t\tsubmenu\tDev | menu\tstack \"Global | GIT | Branch | Menu\"\tDev"},"Global | GIT | Unmerged Paths | Both Deleted | File | Menu": {"mController": "stack \"Global | GIT | Unmerged Paths | Both Deleted | File | Menu\"","gMenuTable": "About\tmenu_About mTarget\tstack \"Global | GIT | Unmerged Paths | Both Deleted | File | Menu\"\tGlobal | GIT | Unmerged Paths | Both Deleted | File | Menu\t\t\t\t\tAbout\nAdd File To Stage\tmenu_AddFileToStage mTarget\tstack \"Global | GIT | Unmerged Paths | Both Deleted | File | Menu\"\tGlobal | GIT | Unmerged Paths | Both Deleted | File | Menu\t\t\t\t\tAdd File To Stage\nRemove File From Stage\tmenu_RemoveFileFromStage mTarget\tstack \"Global | GIT | Unmerged Paths | Both Deleted | File | Menu\"\tGlobal | GIT | Unmerged Paths | Both Deleted | File | Menu\t\t\t\t\tRemove File From Stage"},"Global | GIT | Changes to be committed | Menu": {"mController": "stack \"Global | GIT | Changes to be committed | Menu\"","gMenuTable": "Commit Changes\tmenu_CommitChanges mTarget\tstack \"Global | GIT | Changes to be committed | Menu\"\tGlobal | GIT | Changes to be committed | Menu\t\t\t\t\tCommit Changes"},"Global | Gist | Line | Menu": {"mController": "stack \"Global | Gist | Line | Menu\"","gMenuTable": "Launch Gist\tmenu_LaunchGist mTarget\tstack \"Global | Gist | Line | Menu\"\tGlobal | Gist | Line | Menu\t\t\t\t\tLaunch Gist\nDisplay Handler Gist\tmenu_DisplayHandlerGist mTarget\tstack \"Global | Gist | Line | Menu\"\tGlobal | Gist | Line | Menu\t\t\t\t\tDisplay Handler Gist\n-\nTest Gist Is Same\tmenu_TestGistIsSame mTarget\tstack \"Global | Gist | Line | Menu\"\tGlobal | Gist | Line | Menu\t\t\t\t\tTest Gist Is Same\nDelete Gist\tmenu_DeleteGist mTarget\tstack \"Global | Gist | Line | Menu\"\tGlobal | Gist | Line | Menu\t\t\t\t\tDelete Gist"},"Global | Fossil | Watch | Menu": {"mController": "stack \"Global | Fossil | Watch | Menu\"","gMenuTable": "insert\t\tstack \"Global | Fossil | Watch | Menu\"\tGlobal | Fossil | Watch | Menu\t\tinsert\tScript Editor | Watch | Menu\tstack \"Global | Fossil | Watch | Menu\"\tinsert\n-\ninsert\t\tstack \"Global | Fossil | Watch | Menu\"\tGlobal | Fossil | Watch | Menu\t\tinsert\tGlobal | Fossil | Menu\tstack \"Global | Fossil | Watch | Menu\"\tinsert"},"Global | Gist | Display | Menu": {"mController": "stack \"Global | Gist | Display | Menu\"","gMenuTable": "Test\tmenu_Test mTarget\tstack \"Global | Gist | Display | Menu\"\tGlobal | Gist | Display | Menu\t\t\t\t\tTest"},"Global | GIT | Menu": {"mController": "stack \"Global | GIT | Menu\"","gMenuTable": "Display Git Status\tmenu_DisplayGitStatus mTarget\tstack \"Global | GIT | Menu\"\tGlobal | GIT | Menu\t\t\t\t\tDisplay Git Status\nDisplay Gist Scripts\tmenu_DisplayGistScripts mTarget\tstack \"Global | GIT | Menu\"\tGlobal | GIT | Menu\t\t\t\t\tDisplay Gist Scripts\n-\nDev\t\tstack \"Global | GIT | Menu\"\tGlobal | GIT | Menu\tdisabled_Dev\tsubmenu\tDev | Menu\tstack \"Global | GIT | Menu\"\tDev"},"Global | GIT | Changes not staged for commit | Menu": {"mController": "stack \"Global | GIT | Changes not staged for commit | Menu\"","gMenuTable": "Commit All Staged\tmenu_CommitAllStaged mTarget\tstack \"Global | GIT | Changes not staged for commit | Menu\"\tGlobal | GIT | Changes not staged for commit | Menu\t\t\t\t\tCommit All Staged"},"Global | GIT | Changes to be committed | Modified | File | Menu": {"mController": "stack \"Global | GIT | Changes to be committed | Modified | File | Menu\"","gMenuTable": "Commit File\tmenu_CommitFile mTarget\tstack \"Global | GIT | Changes to be committed | Modified | File | Menu\"\tGlobal | GIT | Changes to be committed | Modified | File | Menu\t\t\t\t\tCommit File\n-\nReveal In Finder\tmenu_RevealInFinder mTarget\tstack \"Global | GIT | Changes to be committed | Modified | File | Menu\"\tGlobal | GIT | Changes to be committed | Modified | File | Menu\t\t\t\t\tReveal In Finder"},"Global | GIT | Unmerged Paths | Both modified | File | Menu": {"mController": "stack \"Global | GIT | Unmerged Paths | Both modified | File | Menu\"","gMenuTable": "Add Ours To Stage\tmenu_AddOursToStage mTarget\tstack \"Global | GIT | Unmerged Paths | Both modified | File | Menu\"\tGlobal | GIT | Unmerged Paths | Both modified | File | Menu\t\t\t\t\tAdd Ours To Stage\nCheckout Ours\tmenu_CheckoutOurs mTarget\tstack \"Global | GIT | Unmerged Paths | Both modified | File | Menu\"\tGlobal | GIT | Unmerged Paths | Both modified | File | Menu\t\t\t\t\tCheckout Ours\nCheckout Theirs\tmenu_CheckoutTheirs mTarget\tstack \"Global | GIT | Unmerged Paths | Both modified | File | Menu\"\tGlobal | GIT | Unmerged Paths | Both modified | File | Menu\t\t\t\t\tCheckout Theirs\n-\nGo To Their Stack\tmenu_GoToTheirStack mTarget\tstack \"Global | GIT | Unmerged Paths | Both modified | File | Menu\"\tGlobal | GIT | Unmerged Paths | Both modified | File | Menu\t\t\t\t\tGo To Their Stack"},"Global | GIT | Status | Menu": {"mController": "stack \"Global | GIT | Status | Menu\"","gMenuTable": "Init\t\tstack \"Global | GIT | Status | Menu\"\tGlobal | GIT | Status | Menu\t\tsubmenu\tGlobal | GIT | Init | Menu\tstack \"Global | GIT | Init | Menu\"\tInit\n-\ninsert\t\tstack \"Global | GIT | Status | Menu\"\tGlobal | GIT | Status | Menu\t\tinsert\tGlobal | GIT | Basics | Menu\tstack \"Global | GIT | Basics | Menu\"\tinsert"},"Global | GIT | Branch | File | Menu": {"mController": "stack \"Global | GIT | Branch | File | Menu\"","gMenuTable": "Test Branch\tmenu_TestBranch mTarget\tstack \"Global | GIT | Branch | File | Menu\"\tGlobal | GIT | Branch | File | Menu\t\t\t\t\tTest Branch\n-\nBranch\t\tstack \"Global | GIT | Branch | File | Menu\"\tGlobal | GIT | Branch | File | Menu\t\tsubmenu\tGlobal | GIT | Branch | Menu\tstack \"Global | GIT | Branch | Menu\"\tBranch"},"Global | GIT | Basics | Menu": {"mController": "stack \"Global | GIT | Basics | Menu\"","gMenuTable": "Display Git Status\tmenu_DisplayGitStatus mTarget\tstack \"Global | GIT | Basics | Menu\"\tGlobal | GIT | Basics | Menu\tdisabled_DisplayGitStatus\t\t\t\tDisplay Git Status\nSave And Refresh\tmenu_SaveAndRefresh mTarget\tstack \"Global | GIT | Basics | Menu\"\tGlobal | GIT | Basics | Menu\t\t\t\t\tSave And Refresh\nPull\tmenu_Pull mTarget\tstack \"Global | GIT | Basics | Menu\"\tGlobal | GIT | Basics | Menu\tdisabled_Pull\t\t\t\tPull\n-\nAdd All Untracked\tmenu_AddAllUntracked mTarget\tstack \"Global | GIT | Basics | Menu\"\tGlobal | GIT | Basics | Menu\tdisabled_AddAllUntracked\t\t\t\tAdd All Untracked\nStage Then Commit\tmenu_StageThenCommit mTarget\tstack \"Global | GIT | Basics | Menu\"\tGlobal | GIT | Basics | Menu\tdisabled_StageThenCommit\t\t\t\tStage Then Commit\n-\nPush Current Branch\tmenu_PushCurrentBranch mTarget\tstack \"Global | GIT | Basics | Menu\"\tGlobal | GIT | Basics | Menu\tdisabled_PushCurrentBranch\t\t\t\tPush Current Branch\n-\nGit Documentation\tmenu_GitDocumentation subMenuPath, mTarget\tstack \"Global | GIT | Basics | Menu\"\tGlobal | GIT | Basics | Menu\t\tfixed\tsubmenu_Fixed[menu_GitDocumentation]\tmenu_Choice\tGit Documentation"},"Global | GIT | Script | Menu": {"mController": "stack \"Global | GIT | Script | Menu\"","gMenuTable": "insert\t\tstack \"Global | GIT | Script | Menu\"\tGlobal | GIT | Script | Menu\t\tinsert\tGlobal | Gist | Menu\tstack \"Global | Gist | Menu\"\tinsert\n-\nGit Status\tmenu_GitStatus mTarget\tstack \"Global | GIT | Script | Menu\"\tGlobal | GIT | Script | Menu\t\t\t\t\tGit Status\nCompare With Last Commit\tmenu_CompareWithLastCommit mTarget\tstack \"Global | GIT | Script | Menu\"\tGlobal | GIT | Script | Menu\tdisabled_CompareWithLastCommit\t\t\t\tCompare With Last Commit\nRevert To Last Revision\tmenu_RevertToLastRevision mTarget\tstack \"Global | GIT | Script | Menu\"\tGlobal | GIT | Script | Menu\tdisabled_RevertToLastRevision\t\t\t\tRevert To Last Revision\nDisplay Script Log\tmenu_DisplayScriptLog mTarget\tstack \"Global | GIT | Script | Menu\"\tGlobal | GIT | Script | Menu\tdisabled_DisplayScriptLog\t\t\t\tDisplay Script Log\n-\nDev\t\tstack \"Global | GIT | Script | Menu\"\tGlobal | GIT | Script | Menu\t\tsubmenu\tDev | Menu\tstack \"Global | GIT | Script | Menu\"\tDev"},"Global | GIT | Init | Menu": {"mController": "stack \"Global | GIT | Init | Menu\"","gMenuTable": "Refresh Display\tmenu_RefreshDisplay mTarget\tstack \"Global | GIT | Init | Menu\"\tGlobal | GIT | Init | Menu\t\t\t\t\tRefresh Display\n-\nInitialise Git\tmenu_InitialiseGit mTarget\tstack \"Global | GIT | Init | Menu\"\tGlobal | GIT | Init | Menu\tdisabled_InitialiseGit\t\t\t\tInitialise Git\n-\nCreate Github Project\tmenu_CreateGithubProject mTarget\tstack \"Global | GIT | Init | Menu\"\tGlobal | GIT | Init | Menu\tdisabled_CreateGithubProject\t\t\t\tCreate Github Project\nDisplay Github Projects\tmenu_DisplayGithubProjects mTarget\tstack \"Global | GIT | Init | Menu\"\tGlobal | GIT | Init | Menu\t\t\t\t\tDisplay Github Projects\n-\nFix Remote\tmenu_FixRemote mTarget\tstack \"Global | GIT | Init | Menu\"\tGlobal | GIT | Init | Menu\tdisabled_FixRemote\t\t\t\tFix Remote\n-\nSettings\t\tstack \"Global | GIT | Init | Menu\"\tGlobal | GIT | Init | Menu\t\tsubmenu\tGlobal | GIT | Settings | Menu\tstack \"Global | GIT | Settings | Menu\"\tSettings\nDev\t\tstack \"Global | GIT | Init | Menu\"\tGlobal | GIT | Init | Menu\t\tsubmenu\tDev | Menu\tstack \"Global | GIT | Init | Menu\"\tDev"},"Global | GIT | Unmerged Paths | Added By Us | File | Menu": {"mController": "stack \"Global | GIT | Unmerged Paths | Added By Us | File | Menu\"","gMenuTable": "Checkout Ours\tmenu_CheckoutOurs mTarget\tstack \"Global | GIT | Unmerged Paths | Added By Us | File | Menu\"\tGlobal | GIT | Unmerged Paths | Added By Us | File | Menu\t\t\t\t\tCheckout Ours\nCheckout Theirs\tmenu_CheckoutTheirs mTarget\tstack \"Global | GIT | Unmerged Paths | Added By Us | File | Menu\"\tGlobal | GIT | Unmerged Paths | Added By Us | File | Menu\t\t\t\t\tCheckout Theirs\n-\nAdd File To Stage\tmenu_AddFileToStage mTarget\tstack \"Global | GIT | Unmerged Paths | Added By Us | File | Menu\"\tGlobal | GIT | Unmerged Paths | Added By Us | File | Menu\t\t\t\t\tAdd File To Stage\nRemove File From Stage\tmenu_RemoveFileFromStage mTarget\tstack \"Global | GIT | Unmerged Paths | Added By Us | File | Menu\"\tGlobal | GIT | Unmerged Paths | Added By Us | File | Menu\t\t\t\t\tRemove File From Stage"},"Global | GIT | Changes not staged for commit | Modified | File | Menu": {"mController": "stack \"Global | GIT | Changes not staged for commit | Modified | File | Menu\"","gMenuTable": "Reload Stack\tmenu_ReloadStack mTarget\tstack \"Global | GIT | Changes not staged for commit | Modified | File | Menu\"\tGlobal | GIT | Changes not staged for commit | Modified | File | Menu\tdisabled_ReloadStack\t\t\t\tReload Stack\nAdd File\tmenu_AddFile mTarget\tstack \"Global | GIT | Changes not staged for commit | Modified | File | Menu\"\tGlobal | GIT | Changes not staged for commit | Modified | File | Menu\t\t\t\t\tAdd File\nAdd Then Commit File\tmenu_AddThenCommitFile mTarget\tstack \"Global | GIT | Changes not staged for commit | Modified | File | Menu\"\tGlobal | GIT | Changes not staged for commit | Modified | File | Menu\t\t\t\t\tAdd Then Commit File"},"Global | GIT | Files | Menu": {"mController": "stack \"Global | GIT | Files | Menu\"","gMenuTable": "Files In Repository\tmenu_FilesInRepository mTarget\tstack \"Global | GIT | Files | Menu\"\tGlobal | GIT | Files | Menu\t\t\t\t\tFiles In Repository\n-\nRename Folder\tmenu_RenameFolder mTarget\tstack \"Global | GIT | Files | Menu\"\tGlobal | GIT | Files | Menu\t\t\t\t\tRename Folder\nDelete Folder\tmenu_DeleteFolder mTarget\tstack \"Global | GIT | Files | Menu\"\tGlobal | GIT | Files | Menu\t\t\t\t\tDelete Folder\n-\nDelete File\tmenu_DeleteFile mTarget\tstack \"Global | GIT | Files | Menu\"\tGlobal | GIT | Files | Menu\t\t\t\t\tDelete File\nMove File\tmenu_MoveFile mTarget\tstack \"Global | GIT | Files | Menu\"\tGlobal | GIT | Files | Menu\t\t\t\t\tMove File\nRename File\tmenu_RenameFile mTarget\tstack \"Global | GIT | Files | Menu\"\tGlobal | GIT | Files | Menu\t\t\t\t\tRename File\n-\nDisplay Opn Untracked\tmenu_DisplayOpnUntracked mTarget\tstack \"Global | GIT | Files | Menu\"\tGlobal | GIT | Files | Menu\t\t\t\t\tDisplay Opn Untracked"},"Global | Git | Diff | Raw | Menu": {"mController": "stack \"Global | Git | Diff | Raw | Line | Menu\"","gMenuTable": "Revert Open Stacks\tmenu_RevertOpenStacks mTarget\tstack \"Global | Git | Diff | Raw | Line | Menu\"\tGlobal | Git | Diff | Raw | Menu\t\t\t\t\tRevert Open Stacks"},"Global | Git | Pull | Menu": {"mController": "stack \"Global | Git | Pull | Menu\"","gMenuTable": "Reveal Project Folder\tmenu_RevealProjectFolder mTarget\tstack \"Global | Git | Pull | Menu\"\tGlobal | Git | Pull | Menu\t\t\t\t\tReveal Project Folder\n-\nDev\t\tstack \"Global | Git | Pull | Menu\"\tGlobal | Git | Pull | Menu\t\tsubmenu\tDev | Menu\tstack \"Global | Git | Pull | Menu\"\tDev"},"Global | GIT | Line | File | Menu": {"mController": "stack \"Global | GIT | Line | File | Menu\"","gMenuTable": "Branch\t\tstack \"Global | GIT | Line | File | Menu\"\tGlobal | GIT | Line | File | Menu\tdisabled_Branch\tsubmenu\tGlobal | GIT | Branch | Menu\tstack \"Global | GIT | Branch | Menu\"\tBranch\n-\nStage Then Commit\tmenu_StageThenCommit mTarget\tstack \"Global | GIT | Line | File | Menu\"\tGlobal | GIT | Line | File | Menu\tdisabled_StageThenCommit\t\t\t\tStage Then Commit\n-\nAdd Untracked File\tmenu_AddUntrackedFile mTarget\tstack \"Global | GIT | Line | File | Menu\"\tGlobal | GIT | Line | File | Menu\tdisabled_AddUntrackedFile\t\t\t\tAdd Untracked File\nAdd All Untracked\tmenu_AddAllUntracked mTarget\tstack \"Global | GIT | Line | File | Menu\"\tGlobal | GIT | Line | File | Menu\tdisabled_AddAllUntracked\t\t\t\tAdd All Untracked\n-\nSave And Refresh\tmenu_SaveAndRefresh mTarget\tstack \"Global | GIT | Line | File | Menu\"\tGlobal | GIT | Line | File | Menu\t\t\t\t\tSave And Refresh"},"Global | GIT | Changes to be committed | Modified | Menu": {"mController": "stack \"Global | GIT | Changes to be committed | Modified | Menu\"","gMenuTable": "Commit Changes\tmenu_CommitChanges mTarget\tstack \"Global | GIT | Changes to be committed | Modified | Menu\"\tGlobal | GIT | Changes to be committed | Modified | Menu\t\t\t\t\tCommit Changes"},"Global | GIT | Stash | Menu": {"mController": "stack \"Global | GIT | Stash | Menu\"","gMenuTable": "Stash\tmenu_Stash mTarget\tstack \"Global | GIT | Stash | Menu\"\tGlobal | GIT | Stash | Menu\t\t\t\t\tStash\nPop Stash\tmenu_PopStash mTarget\tstack \"Global | GIT | Stash | Menu\"\tGlobal | GIT | Stash | Menu\tdisabled_PopStash\t\t\t\tPop Stash\n-\nList Stash Contents\tmenu_ListStashContents subMenuPath, mTarget\tstack \"Global | GIT | Stash | Menu\"\tGlobal | GIT | Stash | Menu\tdisabled_ListStashContents\tcustom submenu\tstash_Names\tstash_Name\tList Stash Contents\nDrop Stash\tmenu_DropStash subMenuPath, mTarget\tstack \"Global | GIT | Stash | Menu\"\tGlobal | GIT | Stash | Menu\tdisabled_DropStash\tcustom submenu\tstash_Names\tstash_Name\tDrop Stash\nClear Stash\tmenu_ClearStash mTarget\tstack \"Global | GIT | Stash | Menu\"\tGlobal | GIT | Stash | Menu\tdisabled_ClearStash\t\t\t\tClear Stash\n-\nStash Docs\tmenu_StashDocs mTarget\tstack \"Global | GIT | Stash | Menu\"\tGlobal | GIT | Stash | Menu\t\t\t\t\tStash Docs\nDev\t\tstack \"Global | GIT | Stash | Menu\"\tGlobal | GIT | Stash | Menu\t\tsubmenu\tDev | Menu\tstack \"Global | GIT | Stash | Menu\"\tDev"},"Global | GIT | Untracked files | Files | File | Menu": {"mController": "stack \"Global | GIT | Untracked files | Files | File | Menu\"","gMenuTable": "Add Untracked File\tmenu_AddUntrackedFile mTarget\tstack \"Global | GIT | Untracked files | Files | File | Menu\"\tGlobal | GIT | Untracked files | Files | File | Menu\t\t\t\t\tAdd Untracked File\n-\nEdit Script\tmenu_EditScript mTarget\tstack \"Global | GIT | Untracked files | Files | File | Menu\"\tGlobal | GIT | Untracked files | Files | File | Menu\t\t\t\t\tEdit Script"},"Global | GIT | Unmerged paths | Added by them | File | Menu": {"mController": "stack \"Global | GIT | Unmerged paths | Added by them | File | Menu\"","gMenuTable": "Add File To Stage\tmenu_AddFileToStage mTarget\tstack \"Global | GIT | Unmerged paths | Added by them | File | Menu\"\tGlobal | GIT | Unmerged paths | Added by them | File | Menu\t\t\t\t\tAdd File To Stage\nRemove File From Stage\tmenu_RemoveFileFromStage mTarget\tstack \"Global | GIT | Unmerged paths | Added by them | File | Menu\"\tGlobal | GIT | Unmerged paths | Added by them | File | Menu\t\t\t\t\tRemove File From Stage"},"Global | GIT | Changes not staged for commit | Modified | Menu": {"mController": "stack \"Global | GIT | Changes not staged for commit | Modified | Menu\"","gMenuTable": "insert\t\tstack \"Global | GIT | Changes not staged for commit | Modified | Menu\"\tGlobal | GIT | Changes not staged for commit | Modified | Menu\t\tinsert\tGlobal | GIT | Changes not staged for commit | Menu\tstack \"Global | GIT | Changes not staged for commit | Menu\"\tinsert"},"Global | GIT | Changes to be committed | New file | File | Menu": {"mController": "stack \"Global | GIT | Changes to be committed | New file | File | Menu\"","gMenuTable": "Commit File\tmenu_CommitFile mTarget\tstack \"Global | GIT | Changes to be committed | New file | File | Menu\"\tGlobal | GIT | Changes to be committed | New file | File | Menu\t\t\t\t\tCommit File\n-\nReveal In Finder\tmenu_RevealInFinder mTarget\tstack \"Global | GIT | Changes to be committed | New file | File | Menu\"\tGlobal | GIT | Changes to be committed | New file | File | Menu\t\t\t\t\tReveal In Finder"},"Global | Git | Log | Menu": {"mController": "stack \"Global | Git | Log | Menu\"","gMenuTable": "Compare Object Script With Now\tmenu_CompareObjectScriptWithNow mTarget\tstack \"Global | Git | Log | Menu\"\tGlobal | Git | Log | Menu\tdisabled_CompareObjectScriptWithNow\t\t\t\tCompare Object Script With Now\nCompare Object With Previous\tmenu_CompareObjectWithPrevious mTarget\tstack \"Global | Git | Log | Menu\"\tGlobal | Git | Log | Menu\t\t\t\t\tCompare Object With Previous\n-\nDev\t\tstack \"Global | Git | Log | Menu\"\tGlobal | Git | Log | Menu\t\tsubmenu\tDev | Menu\tstack \"Global | Git | Log | Menu\"\tDev"},"Global | Git | Line | Stack | Log | Menu": {"mController": "stack \"Global | Git | Line | Stack | Log | Menu\"","gMenuTable": "Display Stack Revision\tmenu_DisplayStackRevision mTarget\tstack \"Global | Git | Line | Stack | Log | Menu\"\tGlobal | Git | Line | Stack | Log | Menu\t\t\t\t\tDisplay Stack Revision\n-\nRevert Stack\tmenu_RevertStack mTarget\tstack \"Global | Git | Line | Stack | Log | Menu\"\tGlobal | Git | Line | Stack | Log | Menu\t\t\t\t\tRevert Stack\n-\nDev\t\tstack \"Global | Git | Line | Stack | Log | Menu\"\tGlobal | Git | Line | Stack | Log | Menu\t\tsubmenu\tDev | Menu\tstack \"Global | Git | Line | Stack | Log | Menu\"\tDev"},"Global | GIT | Unmerged paths | Deleted by us | File | Menu": {"mController": "stack \"Global | GIT | Unmerged paths | Deleted by us | File | Menu\"","gMenuTable": "Remove Our File\tmenu_RemoveOurFile mTarget\tstack \"Global | GIT | Unmerged paths | Deleted by us | File | Menu\"\tGlobal | GIT | Unmerged paths | Deleted by us | File | Menu\t\t\t\t\tRemove Our File"},"Global | Menu | Git | Line | Menu": {"mController": "stack \"Global | Menu | Git | Line | Menu\"","gMenuTable": "Edit Card Menu\tmenu_EditCardMenu mTarget\tstack \"Global | Menu | Git | Line | Menu\"\tGlobal | Menu | Git | Line | Menu\t\t\t\t\tEdit Card Menu\nDelete Empty Card Menu\tmenu_DeleteEmptyCardMenu mTarget\tstack \"Global | Menu | Git | Line | Menu\"\tGlobal | Menu | Git | Line | Menu\tdisabled_DeleteEmptyCardMenu\t\t\t\tDelete Empty Card Menu"},"Global | Github | Line | Menu": {"mController": "stack \"Global | Github | Line | Menu\"","gMenuTable": "Launch Github\tmenu_LaunchGithub mTarget\tstack \"Global | Github | Line | Menu\"\tGlobal | Github | Line | Menu\t\t\t\t\tLaunch Github\n-\nDisplay Project View\tmenu_DisplayProjectView mTarget\tstack \"Global | Github | Line | Menu\"\tGlobal | Github | Line | Menu\tdisabled_DisplayProjectView\t\t\t\tDisplay Project View\nDisplay Git Status\tmenu_DisplayGitStatus mTarget\tstack \"Global | Github | Line | Menu\"\tGlobal | Github | Line | Menu\tdisabled_DisplayGitStatus\t\t\t\tDisplay Git Status\n-\nDev\t\tstack \"Global | Github | Line | Menu\"\tGlobal | Github | Line | Menu\t\tsubmenu\tDev | Menu\tstack \"Global | Github | Line | Menu\"\tDev"},"Global | GIT | Changes to be committed | New file | Menu": {"mController": "stack \"Global | GIT | Changes to be committed | New file | Menu\"","gMenuTable": "Commit Changes\tmenu_CommitChanges mTarget\tstack \"Global | GIT | Changes to be committed | New file | Menu\"\tGlobal | GIT | Changes to be committed | New file | Menu\t\t\t\t\tCommit Changes"},"Global | Github | Menu": {"mController": "stack \"Global | Github | Menu\"","gMenuTable": "Launch Github\tmenu_LaunchGithub mTarget\tstack \"Global | Github | Menu\"\tGlobal | Github | Menu\t\t\t\t\tLaunch Github\n-\nRefresh\tmenu_Refresh mTarget\tstack \"Global | Github | Menu\"\tGlobal | Github | Menu\t\t\t\t\tRefresh\nDev\t\tstack \"Global | Github | Menu\"\tGlobal | Github | Menu\t\tsubmenu\tDev | Menu\tstack \"Global | Github | Menu\"\tDev"},"Global | GIT | Project | Menu": {"mController": "stack \"Global | GIT | Project | Menu\"","gMenuTable": "Switch Git Project\tmenu_SwitchGitProject mTarget\tstack \"Global | GIT | Project | Menu\"\tGlobal | GIT | Project | Menu\t\t\t\t\tSwitch Git Project\n-\nClone Project\tmenu_CloneProject mTarget\tstack \"Global | GIT | Project | Menu\"\tGlobal | GIT | Project | Menu\t\t\t\t\tClone Project\nInitialise New Project\tmenu_InitialiseNewProject mTarget\tstack \"Global | GIT | Project | Menu\"\tGlobal | GIT | Project | Menu\t\t\t\t\tInitialise New Project\n-\nAdd Existing Project\tmenu_AddExistingProject mTarget\tstack \"Global | GIT | Project | Menu\"\tGlobal | GIT | Project | Menu\t\t\t\t\tAdd Existing Project\nRemove Missing Projects\tmenu_RemoveMissingProjects mTarget\tstack \"Global | GIT | Project | Menu\"\tGlobal | GIT | Project | Menu\t\t\t\t\tRemove Missing Projects"},"Global | GIT | Unmerged paths | Both added | Menu": {"mController": "stack \"Global | GIT | Unmerged paths | Deleted by us | File | Menu\"","gMenuTable": "Keep All Ours\tmenu_KeepAllOurs mTarget\tstack \"Global | GIT | Unmerged paths | Deleted by us | File | Menu\"\tGlobal | GIT | Unmerged paths | Both added | Menu\t\t\t\t\tKeep All Ours\nKeep All Theirs\tmenu_KeepAllTheirs mTarget\tstack \"Global | GIT | Unmerged paths | Deleted by us | File | Menu\"\tGlobal | GIT | Unmerged paths | Both added | Menu\t\t\t\t\tKeep All Theirs"},"Global | GIT | Tag | Menu": {"mController": "stack \"Global | GIT | Tag | Menu\"","gMenuTable": "Add Tag\tmenu_AddTag mTarget\tstack \"Global | GIT | Tag | Menu\"\tGlobal | GIT | Tag | Menu\t\t\t\t\tAdd Tag\n-\nShow Tagged Files\tmenu_ShowTaggedFiles subMenuPath, mTarget\tstack \"Global | GIT | Tag | Menu\"\tGlobal | GIT | Tag | Menu\tdisabled_ShowTaggedFiles\tcustom submenu\ttag_Names\ttag_Name\tShow Tagged Files"},"Global | GIT | Unmerged Paths | Menu": {"mController": "stack \"Global | GIT | Unmerged paths | Deleted by us | File | Menu\"","gMenuTable": "Documentation\tmenu_Documentation subMenuPath, mTarget\tstack \"Global | GIT | Unmerged paths | Deleted by us | File | Menu\"\tGlobal | GIT | Unmerged Paths | Menu\t\tfixed\tsubmenu_Fixed[menu_Documentation]\twhich_Doc\tDocumentation"},"Global | GIT | Settings | Menu": {"mController": "stack \"Global | GIT | Settings | Menu\"","gMenuTable": "Display Git Remote\tmenu_DisplayGitRemote mTarget\tstack \"Global | GIT | Settings | Menu\"\tGlobal | GIT | Settings | Menu\t\t\t\t\tDisplay Git Remote\nDisplay Git Config\tmenu_DisplayGitConfig mTarget\tstack \"Global | GIT | Settings | Menu\"\tGlobal | GIT | Settings | Menu\t\t\t\t\tDisplay Git Config\n-\nEdit Local Git Ignore File\tmenu_EditLocalGitIgnoreFile mTarget\tstack \"Global | GIT | Settings | Menu\"\tGlobal | GIT | Settings | Menu\t\t\t\t\tEdit Local Git Ignore File\nEdit Global Git Ignore File\tmenu_EditGlobalGitIgnoreFile mTarget\tstack \"Global | GIT | Settings | Menu\"\tGlobal | GIT | Settings | Menu\t\t\t\t\tEdit Global Git Ignore File\n-\nConfigure Git Login\tmenu_ConfigureGitLogin mTarget\tstack \"Global | GIT | Settings | Menu\"\tGlobal | GIT | Settings | Menu\t\t\t\t\tConfigure Git Login\nConfigure Git Email\tmenu_ConfigureGitEmail mTarget\tstack \"Global | GIT | Settings | Menu\"\tGlobal | GIT | Settings | Menu\t\t\t\t\tConfigure Git Email\nIgnore White Space\tmenu_IgnoreWhiteSpace mTarget\tstack \"Global | GIT | Settings | Menu\"\tGlobal | GIT | Settings | Menu\t\t\t\t\tIgnore White Space\n-\nDev\t\tstack \"Global | GIT | Settings | Menu\"\tGlobal | GIT | Settings | Menu\t\tsubmenu\tDev | Menu\tstack \"Global | GIT | Settings | Menu\"\tDev"},"Global | Git | Stack | History | Menu": {"mController": "stack \"Global | Git | Stack | History | Menu\"","gMenuTable": "Stack History\tmenu_StackHistory mTarget\tstack \"Global | Git | Stack | History | Menu\"\tGlobal | Git | Stack | History | Menu\t\t\t\t\tStack History\nDisplay Git Status\tmenu_DisplayGitStatus mTarget\tstack \"Global | Git | Stack | History | Menu\"\tGlobal | Git | Stack | History | Menu\t\t\t\t\tDisplay Git Status\n-\nSet Line Menu\tmenu_SetLineMenu mTarget\tstack \"Global | Git | Stack | History | Menu\"\tGlobal | Git | Stack | History | Menu\t\t\t\t\tSet Line Menu"},"Global | Git | Diff | Raw | Line | Menu": {"mController": "stack \"Global | Git | Diff | Raw | Line | Menu\"","gMenuTable": "Revert Stack\tmenu_RevertStack mTarget\tstack \"Global | Git | Diff | Raw | Line | Menu\"\tGlobal | Git | Diff | Raw | Line | Menu\t\t\t\t\tRevert Stack"},"Global | GIT | Unmerged paths | Both added | File | Menu": {"mController": "stack \"Global | GIT | Unmerged paths | Deleted by us | File | Menu\"","gMenuTable": "Display This Branch File\tmenu_DisplayThisBranchFile mTarget\tstack \"Global | GIT | Unmerged paths | Deleted by us | File | Menu\"\tGlobal | GIT | Unmerged paths | Both added | File | Menu\t\t\t\t\tDisplay This Branch File\nDisplay Other Branch File\tmenu_DisplayOtherBranchFile mTarget\tstack \"Global | GIT | Unmerged paths | Deleted by us | File | Menu\"\tGlobal | GIT | Unmerged paths | Both added | File | Menu\t\t\t\t\tDisplay Other Branch File\n-\nKeep Ours\tmenu_KeepOurs mTarget\tstack \"Global | GIT | Unmerged paths | Deleted by us | File | Menu\"\tGlobal | GIT | Unmerged paths | Both added | File | Menu\t\t\t\t\tKeep Ours\nKeep Theirs\tmenu_KeepTheirs mTarget\tstack \"Global | GIT | Unmerged paths | Deleted by us | File | Menu\"\tGlobal | GIT | Unmerged paths | Both added | File | Menu\t\t\t\t\tKeep Theirs\n-\nDocumentation\tmenu_Documentation subMenuPath, mTarget\tstack \"Global | GIT | Unmerged paths | Deleted by us | File | Menu\"\tGlobal | GIT | Unmerged paths | Both added | File | Menu\t\tfixed\tsubmenu_Fixed[menu_Documentation]\twhich_Doc\tDocumentation"},"Global | GIT | File | Menu": {"mController": "stack \"Global | GIT | File | Menu\"","gMenuTable": "Launch File\tmenu_LaunchFile mTarget\tstack \"Global | GIT | File | Menu\"\tGlobal | GIT | File | Menu\t\t\t\t\tLaunch File\nReveal File\tmenu_RevealFile mTarget\tstack \"Global | GIT | File | Menu\"\tGlobal | GIT | File | Menu\t\t\t\t\tReveal File\n-\nDisplay Stack History\tmenu_DisplayStackHistory mTarget\tstack \"Global | GIT | File | Menu\"\tGlobal | GIT | File | Menu\tdisabled_DisplayStackHistory\t\t\t\tDisplay Stack History\nGit Root\tmenu_GitRoot mTarget\tstack \"Global | GIT | File | Menu\"\tGlobal | GIT | File | Menu\t\t\t\t\tGit Root\nFile Kind\tmenu_FileKind mTarget\tstack \"Global | GIT | File | Menu\"\tGlobal | GIT | File | Menu\t\t\t\t\tFile Kind\nFile Info\tmenu_FileInfo mTarget\tstack \"Global | GIT | File | Menu\"\tGlobal | GIT | File | Menu\t\t\t\t\tFile Info\n-\nCompare With Head\tmenu_CompareWithHead mTarget\tstack \"Global | GIT | File | Menu\"\tGlobal | GIT | File | Menu\t\t\t\t\tCompare With Head\nShow History\tmenu_ShowHistory mTarget\tstack \"Global | GIT | File | Menu\"\tGlobal | GIT | File | Menu\t\t\t\t\tShow History\nCopy File List\tmenu_CopyFileList mTarget\tstack \"Global | GIT | File | Menu\"\tGlobal | GIT | File | Menu\tdisabled_CopyFileList\t\t\t\tCopy File List\n-\nAdd File\tmenu_AddFile mTarget\tstack \"Global | GIT | File | Menu\"\tGlobal | GIT | File | Menu\tdisabled_AddFile\t\t\t\tAdd File\nCommit File\tmenu_CommitFile mTarget\tstack \"Global | GIT | File | Menu\"\tGlobal | GIT | File | Menu\t\t\t\t\tCommit File\nRemove File\tmenu_RemoveFile subMenuPath, mTarget\tstack \"Global | GIT | File | Menu\"\tGlobal | GIT | File | Menu\t\tboolean\tsubmenu_Boolean\tremove_File\tRemove File\nBlame\tmenu_Blame mTarget\tstack \"Global | GIT | File | Menu\"\tGlobal | GIT | File | Menu\t\t\t\t\tBlame\nShow\tmenu_Show mTarget\tstack \"Global | GIT | File | Menu\"\tGlobal | GIT | File | Menu\t\t\t\t\tShow\n-\nReset Staged\tmenu_ResetStaged mTarget\tstack \"Global | GIT | File | Menu\"\tGlobal | GIT | File | Menu\t\t\t\t\tReset Staged"},"Global | Git | Watch | Menu": {"mController": "stack \"Global | Git | Watch | Menu\"","gMenuTable": "insert\t\tstack \"Global | Git | Watch | Menu\"\tGlobal | Git | Watch | Menu\t\tinsert\tGlobal | ScriptEditor | Watch | Menu\tstack \"Global | Git | Watch | Menu\"\tinsert\n-\nLocal Menus\t\tstack \"Global | Git | Watch | Menu\"\tGlobal | Git | Watch | Menu\t\tsubmenu\tGlobal | Menu | Substack | Menu\tstack \"Global | Menu | Substack | Menu\"\tLocal Menus\nCut Menu\tmenu_CutMenu subMenuPath, mTarget\tstack \"Global | Git | Watch | Menu\"\tGlobal | Git | Watch | Menu\t\tcustom external\tscript_MenuTitles\tscript_MenuTitle\tCut Menu\n-\nScript Export\t\tstack \"Global | Git | Watch | Menu\"\tGlobal | Git | Watch | Menu\t\tsubmenu\tGlobal | Script | Exported | Menu\tstack \"Global_Script_Exported_Menu\"\tScript Export\nMainstack\t\tstack \"Global | Git | Watch | Menu\"\tGlobal | Git | Watch | Menu\t\tsubmenu\tGlobal | Script | Mainstack | Menu\tstack \"Global_Script_Mainstack_Menu\"\tMainstack\nBehavior\t\tstack \"Global | Git | Watch | Menu\"\tGlobal | Git | Watch | Menu\t\tsubmenu\tGlobal | Script | Behavior | Menu\tstack \"Global | Git | Watch | Menu\"\tBehavior\nScript Behavior\t\tstack \"Global | Git | Watch | Menu\"\tGlobal | Git | Watch | Menu\t\tsubmenu\tGlobal | Dependency | Behavior | Menu\tstack \"Global | Git | Watch | Menu\"\tScript Behavior\n-\ninsert\t\tstack \"Global | Git | Watch | Menu\"\tGlobal | Git | Watch | Menu\t\tinsert\tGlobal | GIT | Script | Menu\tstack \"Global | GIT | Script | Menu\"\tinsert\n-\nTemplate\t\tstack \"Global | Git | Watch | Menu\"\tGlobal | Git | Watch | Menu\t\tsubmenu\tGlobal | Script | Template | Menu\tstack \"Global | Script | Template | Menu\"\tTemplate\nScript Array\t\tstack \"Global | Git | Watch | Menu\"\tGlobal | Git | Watch | Menu\t\tsubmenu\tGlobal | Script | Array | Menu\tstack \"Global | Git | Watch | Menu\"\tScript Array\nDependencies\t\tstack \"Global | Git | Watch | Menu\"\tGlobal | Git | Watch | Menu\t\tsubmenu\tGlobal | Script | Dependency | Menu\tstack \"Global | Git | Watch | Menu\"\tDependencies\n-\nLibrary\t\tstack \"Global | Git | Watch | Menu\"\tGlobal | Git | Watch | Menu\t\tsubmenu\tGlobal | Library | Menu\tstack \"Global | Git | Watch | Menu\"\tLibrary\nManage Library\t\tstack \"Global | Git | Watch | Menu\"\tGlobal | Git | Watch | Menu\t\tsubmenu\tGlobal | Library | Manage | Menu\tstack \"Global_Library_Manage_Menu\"\tManage Library\n-\nDev\t\tstack \"Global | Git | Watch | Menu\"\tGlobal | Git | Watch | Menu\t\tsubmenu\tDev | Menu\tstack \"Global | Git | Watch | Menu\"\tDev"},"Global | GIT | Untracked files | Menu": {"mController": "stack \"Global | GIT | Untracked files | Files | Menu\"","gMenuTable": "Add All Untracked\tmenu_AddAllUntracked mTarget\tstack \"Global | GIT | Untracked files | Files | Menu\"\tGlobal | GIT | Untracked files | Menu\t\t\t\t\tAdd All Untracked"},"Global | Gist | Menu": {"mController": "stack \"Global | Gist | Menu\"","gMenuTable": "Launch Gist\tmenu_LaunchGist mTarget\tstack \"Global | Gist | Menu\"\tGlobal | Gist | Menu\t\t\t\t\tLaunch Gist\nSave Controller As Gist\tmenu_SaveControllerAsGist subMenuPath, mTarget\tstack \"Global | Gist | Menu\"\tGlobal | Gist | Menu\tdisabled_SaveControllerAsGist\tfixed\tsubmenu_Fixed[menu_SaveControllerAsGist]\tremote_OrLocal\tSave Controller As Gist\n-\nDisplay Gists\tmenu_DisplayGists mTarget\tstack \"Global | Gist | Menu\"\tGlobal | Gist | Menu\t\t\t\t\tDisplay Gists\nDisplay Scripts\tmenu_DisplayScripts mTarget\tstack \"Global | Gist | Menu\"\tGlobal | Gist | Menu\t\t\t\t\tDisplay Scripts\nDisplay Controllers\tmenu_DisplayControllers mTarget\tstack \"Global | Gist | Menu\"\tGlobal | Gist | Menu\t\t\t\t\tDisplay Controllers\n-\nSave Script As Gist\tmenu_SaveScriptAsGist mTarget\tstack \"Global | Gist | Menu\"\tGlobal | Gist | Menu\t\t\t\t\tSave Script As Gist\nSave Controller As Gist\tmenu_SaveControllerAsGist mTarget\tstack \"Global | Gist | Menu\"\tGlobal | Gist | Menu\tdisabled_SaveControllerAsGist\t\t\t\tSave Controller As Gist\nScript Only Stack As Gist\tmenu_ScriptOnlyStackAsGist mTarget\tstack \"Global | Gist | Menu\"\tGlobal | Gist | Menu\tdisabled_ScriptOnlyStackAsGist\t\t\t\tScript Only Stack As Gist\n-\nDev\t\tstack \"Global | Gist | Menu\"\tGlobal | Gist | Menu\t\tsubmenu\tDev | Menu\tstack \"Global | Gist | Menu\"\tDev"},"Global | GIT | Untracked files | Files | Menu": {"mController": "stack \"Global | GIT | Untracked files | Files | Menu\"","gMenuTable": "Add All Untracked\tmenu_AddAllUntracked mTarget\tstack \"Global | GIT | Untracked files | Files | Menu\"\tGlobal | GIT | Untracked files | Files | Menu\t\t\t\t\tAdd All Untracked"}}}