<image name="crumbs | old" id="294343">
<traversalOn>false</traversalOn>
<palindromeFrames>false</palindromeFrames>
<ink>srcCopy</ink>
<threeD>true</threeD>
<blendLevel>0</blendLevel>
<rect>93,51,99,73</rect>
<angle>0</angle>
<yHot>1</yHot>
<id>294343</id>
<altId>0</altId>
<frameCount>0</frameCount>
<constantMask>false</constantMask>
<lockLoc>true</lockLoc>
<repeatCount>0</repeatCount>
<size>244</size>
<name>image "crumbs | old"</name>
<hotSpot>1,1</hotSpot>
<alwaysBuffer>true</alwaysBuffer>
<layer>48</layer>
<dontDither>false</dontDither>
<visible>false</visible>
<cantSelect>false</cantSelect>
<borderWidth>2</borderWidth>
<opaque>false</opaque>
<currentFrame>1</currentFrame>
<showBorder>false</showBorder>
<disabled>false</disabled>
<xHot>1</xHot>
<showFocusBorder>true</showFocusBorder>
<custompropertyset name= "cGlx2TimeStamp">
</custompropertyset>
<imagedata>urldecode( "%00%AE%AE%AE%00%AE%AE%AE%00%AE%AE%AE%00%AE%AE%AE%00%AF%AC%AF%00%AE%AE%AE%00%AE%AE%AE%00%AE%AE%AE%00%AE%AE%AE%00%AE%AE%AE%00%AF%AC%AF%00%AE%AE%AE%00%AE%AE%AE%00%AE%AE%AE%00%AE%AE%AE%00%AE%AE%AE%00%AF%AC%AF%00%AE%AE%AE%00%AE%AE%AE%00%AE%AE%AE%00%AE%AE%AE%00%AE%AE%AE%00%AF%AC%AF%00%AE%AE%AE%00%AE%AE%AE%00%AE%AE%AE%00%AE%AE%AE%00%AE%AE%AE%00%AF%AC%AF%00%AE%AE%AE%00%AE%AE%AE%00%AE%AE%AE%00%AE%AE%AE%00%AE%AE%AE%00%AF%AC%AF%00%AE%AE%AE%00%AE%AE%AE%00%AE%AE%AE%00%AE%AE%AE%00%AE%AE%AE%00%AF%AC%AF%00%AE%AE%AE%00%AE%AE%AE%00%AE%AE%AE%00%AE%AE%AE%00%AE%AE%AE%00%AF%AC%AF%00%AE%AE%AE%00%AE%AE%AE%00%AE%AE%AE%00%AE%AE%AE%00%AE%AE%AE%00%AF%AC%AF%00%AE%AE%AE%00%AE%AE%AE%00%AE%AE%AE%00%AE%AE%AE%00%AE%AE%AE%00%AF%AC%AF%00%AE%AE%AE%00%AE%AE%AE%00%AE%AE%AE%00%AE%AE%AE%00%AE%AE%AE%00%AF%AC%AF%00%AE%AE%AE%00%AE%AE%AE%00%AE%AE%AE%00%AE%AE%AE%00%AE%AE%AE%00%AF%AC%AF%00%AE%AE%AE%00%AE%AE%AE%00%AE%AE%AE%00%AE%AE%AE%00%AE%AE%AE%00%AF%AC%AF%00%AE%AE%AE%00%AE%AE%AE%00%AE%AE%AE%00%AE%AE%AE%00%AE%AE%AE%00%AF%AC%AF%00%AE%AE%AE%00%AE%AE%AE%00%AE%AE%AE%00%AE%AE%AE%00%AE%AE%AE%00%AF%AC%AF%00%AE%AE%AE%00%AE%AE%AE%00%AE%AE%AE%00%AE%AE%AE%00%AE%AE%AE%00%AF%AC%AF%00%AE%AE%AE%00%AE%AE%AE%00%AE%AE%AE%00%AE%AE%AE%00%AE%AE%AE%00%AF%AC%AF%00%AE%AE%AE%00%AE%AE%AE%00%AE%AE%AE%00%AE%AE%AE%00%AE%AE%AE%00%AF%AC%AF%00%AE%AE%AE%00%AE%AE%AE%00%AE%AE%AE%00%AE%AE%AE%00%AE%AE%AE%00%AF%AC%AF%00%AE%AE%AE%00%AE%AE%AE%00%AE%AE%AE%00%AE%AE%AE%00%AE%AE%AE%00%AF%AC%AF%00%AE%AE%AE%00%AE%AE%AE%00%AE%AE%AE%00%AE%AE%AE%00%AE%AE%AE%00%AF%AC%AF%00%AE%AE%AE%00%AE%AE%AE%00%AE%AE%AE%00%AE%AE%AE%00%AE%AE%AE%00%AF%AC%AF%00%AE%AE%AE" )</imagedata>
</image>
