<group name="object tree" id="739212">
<traversalOn>true</traversalOn>
<ink>srcCopy</ink>
<dontSearch>false</dontSearch>
<threeD>true</threeD>
<scrollbarWidth>20</scrollbarWidth>
<blendLevel>0</blendLevel>
<rect>9,427,872,1038</rect>
<showName>false</showName>
<colors>urldecode( "255%2C255%2C255%0D%0A%0D%0A%0D%0A201%2C201%2C201%0D%0A%0D%0A%0D%0A%0D%0A" )</colors>
<hScroll>0</hScroll>
<backgroundBehavior>false</backgroundBehavior>
<cantDelete>false</cantDelete>
<vScrollbar>false</vScrollbar>
<tabGroupBehavior>false</tabGroupBehavior>
<hScrollbar>false</hScrollbar>
<id>739212</id>
<altId>0</altId>
<radioBehavior>false</radioBehavior>
<textStyle>plain</textStyle>
<lockLoc>false</lockLoc>
<name>group "object tree"</name>
<layer>166</layer>
<visible>false</visible>
<cantSelect>false</cantSelect>
<borderWidth>2</borderWidth>
<margins>4</margins>
<opaque>false</opaque>
<showBorder>false</showBorder>
<textSize>10</textSize>
<disabled>false</disabled>
<textFont>arial</textFont>
<vScroll>0</vScroll>
<hilitedButton>0</hilitedButton>
<custompropertyset name= "cGlx2TimeStamp">
<checksum>urldecode( "%AD4%7D%A4%AF%40%B3%C5%0F%7FA%01%2F%0D%0AK%96" )</checksum>
</custompropertyset>
<script>urldecode( "--%3E++*History%0D%0A%0D%0A%2F*--------------------------------------------------------------------------------%0D%0A1+March+2009+mdw%0D%0A+++++added+portable+references+for+preferences+stack%0D%0A--------------------------------------------------------------------------------*%2F%0D%0A%0D%0A--%3E+*declarations*%0D%0A%0D%0Aglobal+gGlx2ObjectID%0D%0Alocal+sDragging%2CsHDiff%2CsVDiff%2CsDragStart%0D%0A%0D%0A--%3E+msgs+from+front%0D%0A%0D%0Aon+glx2EscapeKey%0D%0A++++if+the+visible+of+grp+%22spaces+dlog%22+of+me+is+true+then%0D%0A++++++++send+%22mouseUp%22+to+btn+%22cancel+space%22+of+grp+%22spaces+dlog%22+of+me%0D%0A++++end+if%0D%0Aend+glx2EscapeKey%0D%0A%0D%0A---%7C---%0D%0A%0D%0Aon+glx2EnterKey%0D%0A++++if+the+visible+of+grp+%22spaces+dlog%22+of+me+is+true+then%0D%0A++++++++send+%22mouseUp%22+to+btn+%22delete+space%22+of+grp+%22spaces+dlog%22+of+me%0D%0A++++++++return+%22exit%22%0D%0A++++else%0D%0A++++++++if+the+visible+of+fld+%22card+controls%22+is+true+then%0D%0A++++++++++++send+%22mouseDoubleUp+1%22+to+fld+%22card+controls%22+of+me%0D%0A++++++++else%0D%0A++++++++++++send+%22mouseDoubleUp+1%22+to+fld+%22work+spaces%22+of+me%0D%0A++++++++end+if%0D%0A++++++++return+%22exit%22%0D%0A++++end+if%0D%0Aend+glx2EnterKey%0D%0A%0D%0A--%3E+mouse%0D%0A%0D%0Aon+mouseMove+theH%2CtheV%0D%0A++++if+the+mouseloc+is+not+within+the+rect+of+img+%22i.png%22+of+me+then%0D%0A++++++++if+the+forecolor+of+grc+1+of+grp+%22info%22+of+me+is+not+the+backcolor+of+grc+1+of+grp+%22info%22+of+me+then%0D%0A++++++++++++set+the+forecolor+of+grc+1+of+grp+%22info%22+of+me+to+the+backcolor+of+grc+1+of+grp+%22info%22+of+me%0D%0A++++++++end+if%0D%0A++++++++if+sDragging+is+true+and+the+hilited+of+btn+%22edit+home%22+is+true+then%0D%0A++++++++++++put+the+millisecs+-+sDragStart+into+theDuration%0D%0A++++++++++++if+theDuration+%3E+800+then%0D%0A++++++++++++++++put+theH+-+sHDiff+into+item+1+of+theTopLeft%0D%0A++++++++++++++++put+theV+-+sVDiff+into+item+2+of+theTopLeft%0D%0A++++++++++++++++set+the+topleft+of+grc+%22selector%22+to+theTopLeft%0D%0A++++++++++++end+if%0D%0A++++++++end+if%0D%0A++++end+if%0D%0Aend+mouseMove%0D%0A%0D%0A---%7C---%0D%0A%0D%0Aon+mouseDown+pMouseBtnNum%2CtruncMenu%0D%0A++++if+pMouseBtnNum+is+three+then%0D%0A++++++++put+the+cDefaultMenu+of+btn+%22tree+menu%22+into+theMenu%0D%0A++++++++replace+%22%28%22+with+empty+in+theMenu%0D%0A++++++++if+there+is+an+img+%22zzz%22+and+the+mouseloc+is+within+the+rect+of+img+%22zzz%22+then%0D%0A++++++++++++put+gGlx2ObjectID+into+theObjectID%0D%0A++++++++else%0D%0A++++++++++++put+the+hilitedline+of+fld+%22card+controls%22+into+theLineNo%0D%0A++++++++++++set+the+itemdel+to+tab%0D%0A++++++++++++put+item+-1+of+line+theLineNo+of+fld+%22card+controls%22+into+theObjectID%0D%0A++++++++++++set+the+itemdel+to+comma%0D%0A++++++++end+if%0D%0A++++++++lock+screen%0D%0A++++++++doWackySelect2+theObjectID%0D%0A++++++++unlock+screen%0D%0A++++++++put+the+name+of+theObjectID+into+line+1+of+theMenu%0D%0A++++++++try%0D%0A++++++++++++--+do+%22put+the+name+of+the+owner+of%22+%26%26+theObjectID+%26%26+%22into+theName%22%0D%0A++++++++++++put+the+owner+of+theObjectID+into+theName%0D%0A++++++++++++put+theName+%26%26+%22%28%28owner%29%22+into+line+10+of+theMenu%0D%0A++++++++catch+e%0D%0A++++++++++++put+%22%28%28owner%29%22+into+line+10+of+theMenu%0D%0A++++++++end+try%0D%0A++++++++if+word+1+of+theObjectID+is+%22card%22+then%0D%0A++++++++++++put+lineoffset%28%22Copy+Object%22%2CtheMenu%29+into+theLineNo%0D%0A++++++++++++if+theLineNo+is+not+zero+then%0D%0A++++++++++++++++put+%22%28%22+before+line+theLineNo+of+theMenu%0D%0A++++++++++++end+if%0D%0A++++++++++++put+lineoffset%28%22Hide+Object%22%2CtheMenu%29+into+theLineNo%0D%0A++++++++++++if+theLineNo+is+not+zero+then%0D%0A++++++++++++++++put+%22%28%22+before+line+theLineNo+of+theMenu%0D%0A++++++++++++end+if%0D%0A++++++++end+if%0D%0A++++++++set+the+cObjectID+of+btn+%22tree+menu%22+to+theObjectID%0D%0A++++++++if+truncMenu+is+true+then%0D%0A++++++++++++put+line+1+to+8+of+theMenu+into+theMenu%0D%0A++++++++++++put+%22-%22+%26+cr+before+line+-1+of+theMenu%0D%0A++++++++++++if+the+visible+of+theObjectID+is+true+then%0D%0A++++++++++++++++put+%22Hide+Object%22+into+line+-1+of+theMenu%0D%0A++++++++++++else%0D%0A++++++++++++++++put+%22Show+Object%22+into+line+-1+of+theMenu%0D%0A++++++++++++end+if%0D%0A++++++++end+if%0D%0A++++++++put+theMenu+into+btn+%22tree+menu%22%0D%0A++++++++popup+btn+%22tree+menu%22%0D%0A++++else%0D%0A++++++++doWackySelect2%0D%0A++++++++put+the+cObjectID+of+grc+%22selector%22+into+theObjectID%0D%0A++++++++if+word+1+of+theObjectID+is+not+among+the+items+of+%22stack%2Ccard%22+and+the+hilited+of+btn+%22edit+home%22+is+true+then%0D%0A++++++++++++--+sHDiff%2CsVDiff%0D%0A++++++++++++put+the+mouseh+-+the+left+of+grc+%22selector%22+into+sHDiff%0D%0A++++++++++++put+the+mousev+-+the+top+of+grc+%22selector%22+into+sVDiff%0D%0A++++++++++++put+the+millisecs+into+sDragStart%0D%0A++++++++++++put+true+into+sDragging%0D%0A++++++++end+if%0D%0A++++++++%0D%0A++++++++if+the+hilited+of+btn+%22edit+home%22+is+true+then%0D%0A++++++++++++focus+on+fld+%22faux+edit%22%0D%0A++++++++end+if%0D%0A+++++++++%0D%0A++++end+if%0D%0A++++exit+mouseDown%0D%0A++++%0D%0A++++if+the+hilited+of+btn+%22edit+home%22+is+true+then%0D%0A++++++++--++selectme%0D%0A++++end+if%0D%0Aend+mouseDown%0D%0A%0D%0Aon+mouseRelease+pMouseBtnNum%0D%0A++++put+false+into+sDragging%0D%0A++++put+empty+into+sDragStart%0D%0A++++put+empty+into+sVDiff%0D%0A++++put+empty+into+sHDiff%0D%0Aend+mouseRelease%0D%0A%0D%0Aon+mouseUp%0D%0A++++if+sDragging+is+true+then%0D%0A++++++++put+false+into+sDragging%0D%0A++++++++put+empty+into+sDragStart%0D%0A++++++++put+empty+into+sVDiff%0D%0A++++++++put+empty+into+sHDiff%0D%0A++++++++moveSelector%0D%0A++++++++--+put+the+cObjectID+of+grc+%22selector%22+into+theObjectID%0D%0A++++++++--+put+the+loc+of+grc+%22selector%22+into+theSelectorLoc%0D%0A++++++++--+subtract+the+left+of+img+%22zzz%22+from+item+1+of+theSelectorLoc%0D%0A++++++++--+subtract+the+top+of+img+%22zzz%22+from+item+2+of+theSelectorLoc%0D%0A++++++++--+put+statround%28item+1+of+theSelectorLoc+*+the+cWFactor+of+img+%22zzz%22%29+into+item+1+of+theLoc%0D%0A++++++++--+put+statround%28item+2+of+theSelectorLoc+*+the+cHFactor+of+img+%22zzz%22%29+into+item+2+of+theLoc%0D%0A++++++++--+set+the+loc+of+theObjectID+to+theLoc%0D%0A++++++++--+send+%22snapwindow%22+to+fld+%22work+spaces%22+of+me%0D%0A++++end+if%0D%0Aend+mouseUp%0D%0A%0D%0Aon+doWackySelect2+theObjectID%0D%0A++++%0D%0A++++put+the+rect+of+img+%22zzz%22+into+theTestRect%0D%0A++++put+the+top+of+img+%22drag+left%22+into+item+2+of+theTestRect%0D%0A++++if+theObjectID+is+empty+and+the+mouseloc+is+within+theTestRect+then%0D%0A++++++++put+gGlx2ObjectID+into+theObjectID%0D%0A++++end+if%0D%0A++++%0D%0A++++if+theObjectID+is+empty+then%0D%0A++++++++lock+screen%0D%0A++++++++hide+grc+%22selector%22%0D%0A++++++++unlock+screen%0D%0A++++++++exit+doWackySelect2%0D%0A++++end+if%0D%0A++++%0D%0A++++lock+screen%0D%0A++++lock+cursor%0D%0A++++%0D%0A++++if+the+lockmessages+is+false+then%0D%0A++++++++lock+messages%0D%0A++++++++put+true+into+doUnlock%0D%0A++++end+if%0D%0A++++%0D%0A++++set+the+defaultstack+to+%22revGLX2+code%22%0D%0A++++%0D%0A++++if+the+visible+of+fld+%22card+controls%22+is+false+then%0D%0A++++++++send+%22mouseUp%22+to+btn+%22card+controls%22+in+10+millisecs%0D%0A++++end+if%0D%0A++++%0D%0A++++set+the+defaultstack+to+%22revGLX2+code%22%0D%0A++++%0D%0A++++if+word+1+of+theObjectID+is+%22stack%22+then%0D%0A++++++++put+the+rect+of+img+%22zzz%22+into+theRect%0D%0A++++++++put+the+top+of+img+%22drag+left%22-1+into+item+2+of+theRect%0D%0A++++++++subtract+1+from+item+1+of+theRect%0D%0A++++++++add+1+to+item+3+of+theRect%0D%0A++++++++add+1+to+item+4+of+theRect%0D%0A++++else+if+word+1+of+theObjectID+is+%22card%22+then%0D%0A++++++++put+the+rect+of+img+%22zzz%22+into+theRect%0D%0A++++else%0D%0A++++++++put+the+rect+of+theObjectID+into+theRect%0D%0A++++++++if+the+cReduceFactor+of+img+%22zzz%22+is+not+1+then%0D%0A++++++++++++repeat+with+theItemNo+%3D+1+to+4%0D%0A++++++++++++++++if+theItemNo+is+1+or+theItemNo+is+3+then%0D%0A++++++++++++++++++++put+the+cWidthReduceFactor+of+img+%22zzz%22+into+theReduceFactor%0D%0A++++++++++++++++++++put+statround%28item+theItemNo+of+theRect+*+theReduceFactor%29+into+item+theItemNo+of+theRect%0D%0A++++++++++++++++else%0D%0A++++++++++++++++++++put+the+cHeightReduceFactor+of+img+%22zzz%22+into+theReduceFactor%0D%0A++++++++++++++++++++--put+statRound%28item+theItemNo+of+theRect+*+theReduceFactor%29%2B1+into+item+theItemNo+of+theRect%0D%0A++++++++++++++++++++put+statround%28item+theItemNo+of+theRect+*+theReduceFactor%29+into+item+theItemNo+of+theRect%0D%0A++++++++++++++++end+if%0D%0A++++++++++++end+repeat%0D%0A++++++++end+if%0D%0A++++++++add+the+left+of+img+%22zzz%22+to+item+1+of+theRect%0D%0A++++++++subtract+1+from+item+1+of+theRect%0D%0A++++++++add+the+top+of+img+%22zzz%22+to+item+2+of+theRect%0D%0A++++++++subtract+1+from+item+2+of+theRect%0D%0A++++++++add+the+left+of+img+%22zzz%22+to+item+3+of+theRect%0D%0A++++++++add+1+to+item+3+of+theRect%0D%0A++++++++add+the+top+of+img+%22zzz%22+to+item+4+of+theRect%0D%0A++++++++add+1+to+item+4+of+theRect%0D%0A++++end+if%0D%0A++++%0D%0A++++if+there+is+no+grc+%22selector%22+then%0D%0A++++++++create+invisible+graphic+%22selector%22%0D%0A++++++++set+the+style+of+grc+%22selector%22+to+%22rectangle%22%0D%0A++++++++set+the+opaque+of+grc+%22selector%22+to+false%0D%0A++++++++set+the+forecolor+of+grc+%22selector%22+to+0%2C123%2C247+--+bright+blue%3B+181%2C213%2C255+--+light+blue%0D%0A++++++++set+the+linesize+of+grc+%22selector%22+to+2%0D%0A++++end+if%0D%0A++++%0D%0A++++set+the+rect+of+grc+%22selector%22+to+theRect%0D%0A++++set+the+cObjectID+of+grc+%22selector%22+to+theObjectID%0D%0A++++set+the+forecolor+of+grc+%22selector%22+to+yellow+--0%2C123%2C247+--+bright+blue%3B+181%2C213%2C255+--+light+blue%0D%0A++++set+the+linesize+of+grc+%22selector%22+to+2%0D%0A++++set+the+antialiased+of+grc+%22selector%22+to+true%0D%0A++++show+grc+%22selector%22%0D%0A++++%0D%0A++++put+lineoffset%28tab+%26+theObjectID%2Cfld+%22card+controls%22%29+into+theControlLineNo%0D%0A++++set+the+hilitedline+of+fld+%22card+controls%22+to+theControlLineNo%0D%0A++++set+the+chilitedline+of+fld+%22card+controls%22+to+theControlLineNo%0D%0A++++%0D%0A++++if+doUnlock+is+true+then%0D%0A++++++++unlock+messages%0D%0A++++end+if%0D%0A++++unlock+cursor%0D%0A++++unlock+screen%0D%0A++++%0D%0Aend+doWackySelect2%0D%0A%0D%0Aon+doWackySelect%0D%0A++++lock+screen%0D%0A++++if+the+visible+of+fld+%22card+controls%22+is+false+then%0D%0A++++++++send+%22mouseUp%22+to+btn+%22card+controls%22%0D%0A++++end+if%0D%0A++++put+gGlx2ObjectID+into+theObjectID%0D%0A++++if+the+selected+of+theObjectID+is+not+true+then%0D%0A++++++++put+the+selectionhandlecolor+into+theSelectionHandleColor%0D%0A++++++++set+the+selectionhandlecolor+to+%22red%22%0D%0A++++++++set+the+textcolor+of+char+1+to+-1+of+fld+%22card+controls%22+to+empty%0D%0A++++++++put+the+short+name+of+theObjectID+into+theShortObjectName%0D%0A++++++++if+theControlLineNo+is+zero+then%0D%0A++++++++++++put+lineoffset%28%22++%22+%26+%22%28%22+%26+theShortObjectName+%26+%22%29%22+%26+tab%2Cfld+%22card+controls%22%29+into+theControlLineNo%0D%0A++++++++end+if%0D%0A++++++++set+the+hilitedline+of+fld+%22card+controls%22+to+theControlLineNo%0D%0A++++++++try%0D%0A++++++++++++lock+messages%0D%0A++++++++++++set+the+selected+of+theObjectID+to+true%0D%0A++++++++++++unlock+messages%0D%0A++++++++catch+e%0D%0A++++++++end+try%0D%0A++++++++put+empty+into+theLineNo%0D%0A++++++++put+the+cCdObjectID+of+img+%22zzz%22+into+theCdObjectID%0D%0A++++++++put+the+cObjectID+of+img+%22zzz%22+into+theStackObjectID%0D%0A++++++++send+%22snapwindow+theLineNo%2CtheCdObjectID%2CtheStackObjectID%22+to+fld+%22work+spaces%22+of+grp+%22object+tree%22+of+this+stack--++in+10+millisecs+%0D%0A++++++++set+the+selectionhandlecolor+to+theSelectionHandleColor%0D%0A++++++++focus+on+fld+%22card+controls%22+of+me%0D%0A++++++++setSelectionOff%0D%0A++++++++--+send+%22setSelectionOff%22+to+me+in+100+millisecs%0D%0A++++end+if%0D%0A++++unlock+screen%0D%0Aend+doWackySelect%0D%0A%0D%0Aon+setSelectionOff%0D%0A++++lock+messages%0D%0A++++select+empty%0D%0A++++unlock+messages%0D%0Aend+setSelectionOff%0D%0A%0D%0Aon+mouseDoubleUp+pMouseBtnNum%0D%0A++++global+gGlx2ObjectID%0D%0A++++put+gGlx2ObjectID+into+theObjectID%0D%0A++++try%0D%0A++++++++if+the+mouseloc+is+within+the+rect+of+img+zzz+of+me+or+the+mouseloc+is+within+the+rect+of+fld+%22preview+title%22+of+me+then%0D%0A++++++++++++if+the+platform+is+%22macos%22+then%0D%0A++++++++++++++++set+the+cursor+to+419407%0D%0A++++++++++++else%0D%0A++++++++++++++++set+the+cursor+to+419409%0D%0A++++++++++++end+if%0D%0A++++++++++++lock+cursor%0D%0A++++++++++++if+the+shiftkey+is+down+then%0D%0A++++++++++++++++glx2EditProps+theObjectID%0D%0A++++++++++++else%0D%0A++++++++++++++++set+the+cGoBackHome+of+this+stack+to+true%0D%0A++++++++++++++++edit+the+script+of+theObjectID%0D%0A++++++++++++end+if%0D%0A++++++++++++set+the+defaultcursor+to+arrow%0D%0A++++++++++++set+the+cursor+to+arrow%0D%0A++++++++++++unlock+cursor%0D%0A++++++++end+if%0D%0A++++catch+e%0D%0A++++end+try%0D%0Aend+mouseDoubleUp%0D%0A%0D%0A--%3E+keys%0D%0A%0D%0Aon+arrowKey+pDirection+--+up%7Cdown%7Cleft%7Cright%0D%0A++++--+if+the+visible+of+grc+%22selector%22+is+true+and+the+hilited+of+btn+%22edit+home%22+is+true+then%0D%0A++++--+nudgeSelector+pDirection%0D%0A++++--+else%0D%0A++++pass+arrowKey%0D%0A++++--+end+if%0D%0Aend+arrowKey%0D%0A%0D%0A--%3E+utils%0D%0A%0D%0Aon+moveSelector%0D%0A++++put+the+cObjectID+of+grc+%22selector%22+into+theObjectID%0D%0A++++put+the+loc+of+grc+%22selector%22+into+theSelectorLoc%0D%0A++++subtract+the+left+of+img+%22zzz%22+from+item+1+of+theSelectorLoc%0D%0A++++subtract+the+top+of+img+%22zzz%22+from+item+2+of+theSelectorLoc%0D%0A++++put+statround%28item+1+of+theSelectorLoc+*+the+cWFactor+of+img+%22zzz%22%29+into+item+1+of+theLoc%0D%0A++++put+statround%28item+2+of+theSelectorLoc+*+the+cHFactor+of+img+%22zzz%22%29+into+item+2+of+theLoc%0D%0A++++set+the+loc+of+theObjectID+to+theLoc%0D%0A++++send+%22snapwindow%22+to+fld+%22work+spaces%22+of+me%0D%0Aend+moveSelector%0D%0A%0D%0Aon+nudgeSelector+pDirection%2CtheLeft%2CtheTop%0D%0A++++if+the+shiftkey+is+down+then%0D%0A++++++++put+10+into+theIncrement%0D%0A++++else%0D%0A++++++++put+1+into+theIncrement%0D%0A++++end+if%0D%0A++++put+the+top+of+grc+%22selector%22+into+theTop%0D%0A++++put+the+left+of+grc+%22selector%22+into+theLeft%0D%0A++++switch+pDirection%0D%0A++++++++case+%22up%22%0D%0A++++++++++++subtract+theIncrement+from+theTop%0D%0A++++++++++++break%0D%0A++++++++case+%22down%22%0D%0A++++++++++++add+theIncrement+to+theTop%0D%0A++++++++++++break%0D%0A++++++++case+%22left%22%0D%0A++++++++++++subtract+theIncrement+from+theLeft%0D%0A++++++++++++break%0D%0A++++++++case+%22right%22%0D%0A++++++++++++add+theIncrement+to+theLeft%0D%0A++++++++++++break%0D%0A++++++++default%0D%0A++++++++++++%0D%0A++++end+switch%0D%0A++++set+the+top+of+grc+%22selector%22+to+theTop%0D%0A++++set+the+left+of+grc+%22selector%22+to+theLeft%0D%0A++++moveSelector%0D%0A++++put+false+into+sDragging%0D%0A++++put+empty+into+sDragStart%0D%0A++++put+empty+into+sVDiff%0D%0A++++put+empty+into+sHDiff%0D%0A++++focus+on+fld+%22faux+edit%22%0D%0A++++beep%0D%0Aend+nudgeSelector%0D%0A%0D%0Aon+setLabelOfPreviewMenu%0D%0A++++lock+screen%0D%0A++++put+the+cCurrentCard+of+img+%22zzz%22+into+theCdName%0D%0A++++put+the+cCdObjectID+of+img+%22zzz%22+into+theCdObjectID%0D%0A++++put+the+cObjectID+of+img+%22zzz%22+into+theStackObjectID%0D%0A++++put+the+number+of+cds+in+theStackObjectID+into+theNoCds%0D%0A++++if+word+1+to+2+of+theCdName+is+%22card+id%22+then%0D%0A++++++++put+word+3+of+theCdName+into+theCdID%0D%0A++++else%0D%0A++++++++put+the+id+of+cd+theCdName+of+theStackObjectID+into+theCdID%0D%0A++++end+if%0D%0A++++put+the+short+name+of+cd+id+theCdID+of+theStackObjectID+into+theShortCdName%0D%0A++++if+word+1+to+2+of+theShortCdName+is+%22card+id%22+then%0D%0A++++++++put+word+2+to+3+of+theShortCdName+into+theShortCdName%0D%0A++++end+if%0D%0A++++put+the+short+name+of+theStackObjectID+into+theShortStackName%0D%0A++++put+theShortCdName+into+fld+%22status%22+of+me%0D%0A++++--set+the+textsize+of+fld+%22status%22+of+me+to++the+textsize+of+fld+%22preview+title%22+of+me%0D%0A++++set+the+textsize+of+fld+%22status%22+of+me+to+10%0D%0A++++set+the+textfont+of+fld+%22status%22+of+me+to++the+textfont+of+fld+%22preview+title%22+of+me%0D%0A++++--set+the+textstyle+of+fld+%22status%22+of+me+to++the+textstyle+of+fld+%22preview+title%22+of+me%0D%0A++++set+the+textstyle+of+fld+%22status%22+of+me+to+bold%0D%0A++++--+set+the+textsize+of+btn+%22preview+menu%22+of+me+to++the+textsize+of+fld+%22preview+title%22+of+me%0D%0A++++set+the+textsize+of+btn+%22preview+menu%22+of+me+to++10%0D%0A++++set+the+textfont+of+btn+%22preview+menu%22+of+me+to++the+textfont+of+fld+%22preview+title%22+of+me%0D%0A++++--set+the+textstyle+of+btn+%22preview+menu%22+to++the+textstyle+of+fld+%22preview+title%22+of+me%0D%0A++++set+the+textstyle+of+btn+%22preview+menu%22+to+bold%0D%0A++++set+the+icon+of+btn+%22preview+menu%22+of+me+to+the+id+of+img+%22cd.png%22+of+cd+%22images%22%0D%0A++++--set+the+label+of+btn+%22preview+menu%22+of+me+to+theShortCdName%0D%0A++++if+theNoCds+%3D+1+then%0D%0A++++++++set+the+label+of+btn+%22preview+menu%22+of+me+to+theShortCdName%0D%0A++++else%0D%0A++++++++set+the+label+of+btn+%22preview+menu%22+of+me+to+the+number+of+theCdObjectID+%26%26+%22of%22+%26%26+theNoCds+%26%26+%22cards%22+%26%26+%22-%22+%26%26+theShortCdName+%0D%0A++++end+if%0D%0A++++put+the+label+of+btn+%22preview+menu%22+into+fld+%22status%22+of+me%0D%0A++++set+the+showname+of+btn+%22preview+menu%22+of+me+to+true%0D%0A++++put+the+formattedwidth+of+char+1+to+-1+of+fld+%22status%22+of+me+into+theWidth%0D%0A++++put+the+rect+of+btn+%22preview+menu%22+into+theRect%0D%0A++++--put+item+1+of+theRect+%2B+theWidth+%2B+23+into+item+3+of+theRect%0D%0A++++put+item+1+of+theRect+%2B+theWidth+%2B+25+into+item+3+of+theRect%0D%0A++++set+the+rect+of+btn+%22preview+menu%22+to+theRect%0D%0A++++unlock+screen%0D%0Aend+setLabelOfPreviewMenu%0D%0A%0D%0Aon+selectme%0D%0A++++if+the+visible+of+grp+%22spaces+dlog%22+of+me+is+true+and+the+mouseloc+is+within+the+rect+of+grp+%22spaces+dlog%22+of+me+then%0D%0A++++++++exit+selectme%0D%0A++++end+if%0D%0A++++lock+screen%0D%0A++++if+the+hilited+of+btn+%22edit+home%22+is+true+then%0D%0A++++++++if+the+enabled+of+btn+%22remove+homey%22+is+false+then%0D%0A++++++++++++enable+btn+%22remove+homey%22%0D%0A++++++++end+if%0D%0A++++++++if+the+showborder+of+me+is+false+then%0D%0A++++++++++++set+the+showborder+of+grp+%22news+widget%22+to+false%0D%0A++++++++++++set+the+showborder+of+grp+%22work+spaces+homey%22+to+false%0D%0A++++++++++++set+the+showborder+of+me+to+true%0D%0A++++++++end+if%0D%0A++++end+if%0D%0A++++grab+me%0D%0A++++send+%22simMouseEnter%22+to+the+target%0D%0A++++unlock+screen%0D%0Aend+selectme%0D%0A%0D%0A--%3E+msgs+from+home%0D%0A%0D%0Aon+glx2RefreshHomey+resizeOnly%0D%0A++++local+tPreferences%0D%0A++++%0D%0A++++put+glx2GetIDEStackName%28%22revPreferencesGUI%22%29+into+tPreferences%0D%0A++++if+the+currentcard+of+stack+%22revGLX2+code%22+is+not+%22tab+1%22+or+the+visible+of+me+is+not+true+then%0D%0A++++++++exit+glx2RefreshHomey%0D%0A++++end+if%0D%0A++++%0D%0A++++if+%22glx2RefreshHomey%22+is+in+the+pendingmessages+then%0D%0A++++++++exit+glx2RefreshHomey%0D%0A++++end+if%0D%0A++++%0D%0A++++put+the+scroll+of+fld+%22work+spaces%22+of+me+into+theScroll%0D%0A++++put+the+scroll+of+fld+%22card+controls%22+of+me+into+theCCScroll%0D%0A++++put+the+cHilitedLine+of+fld+%22work+spaces%22+of+me+into+theWorkSpacesHilitedLineNo%0D%0A++++put+the+cHilitedLine+of+fld+%22card+controls%22+of+me+into+theCardControlHilitedLineNo%0D%0A++++%0D%0A++++lock+screen%0D%0A++++%0D%0A++++if+resizeOnly+is+not+true+then%0D%0A++++++++%0D%0A++++++++if+the+visible+of+fld+%22work+spaces%22+of+me+is+true+then%0D%0A+++++++++++++%0D%0A++++++++++++--+stack+tree+build%0D%0A+++++++++++++%0D%0A++++++++++++put+empty+into+theFullOpenStacks%0D%0A++++++++++++if+the+cShowOpenStacks+of+me+is+not+true+and+there+is+a+stack+%22revmenubar%22+then%0D%0A++++++++++++++++--+set+the+cursor+to+watch%0D%0A++++++++++++++++put+revLoadedStacks%28%22all%22%29into+theOpenStacks%0D%0A++++++++++++else%0D%0A++++++++++++++++put+the+openstacks+into+theOpenStacks%0D%0A++++++++++++end+if%0D%0A++++++++++++sort+theOpenStacks%0D%0A++++++++++++put+the+number+of+lines+in+theOpenStacks+into+theNoLines+%0D%0A++++++++++++repeat+with+theLineNo+%3D+1+to+theNoLines%0D%0A++++++++++++++++put+line+theLineNo+of+theOpenStacks+into+theOpenStack+%0D%0A++++++++++++++++if+the+cShowRevolutionStacks+of+stack+tPreferences+is+false+then%0D%0A++++++++++++++++++++if+char+1+to+3+of+theOpenStack+is+%22rev%22+or+theOpenStack+is+among+the+items+of+%22home%2Canswer+dialog%2Cask+dialog%2Cmessage+box%22+then%0D%0A++++++++++++++++++++++++next+repeat%0D%0A++++++++++++++++++++end+if%0D%0A++++++++++++++++end+if+%0D%0A++++++++++++++++if+%22++%22+%26+theOpenStack+is+among+the+lines+of+theFullOpenStacks+then%0D%0A++++++++++++++++++++next+repeat%0D%0A++++++++++++++++end+if%0D%0A++++++++++++++++if+the+mainstack+of+stack+theOpenStack+is+theOpenStack+then%0D%0A++++++++++++++++++++if+theFullOpenStacks+is+empty+then%0D%0A++++++++++++++++++++++++put+%22++%22+%26+theOpenStack+%26+tab+%26+the+long+id+of+stack+theOpenStack+into+theFullOpenStacks+%0D%0A++++++++++++++++++++else%0D%0A++++++++++++++++++++++++put+cr+%26+%22++%22+%26+theOpenStack++%26+tab+%26+the+long+id+of+stack+theOpenStack+after+theFullOpenStacks+%0D%0A++++++++++++++++++++end+if%0D%0A++++++++++++++++++++--+put+the+number+of+cards+of+stack+theOpenStack+into+theNoCds%0D%0A++++++++++++++++++++--+repeat+with+theCdNo+%3D+1+to+theNoCds%0D%0A++++++++++++++++++++--+put+cr+%26+%22+++++%22+%26+the+short+name+of+cd+theCdNo+of+stack+theOpenStack+%26+tab+%26+%5C%0D%0A++++++++++++++++++++++++++++--+the+long+id+of+cd+theCdNo+of+stack+theOpenStack+after+theFullOpenStacks%0D%0A++++++++++++++++++++--+end+repeat%0D%0A++++++++++++++++++++put+the+substacks+of+stack+theOpenStack+into+theSubStacks%0D%0A++++++++++++++++++++if+theSubStacks+is+not+empty+then%0D%0A++++++++++++++++++++++++sort+theSubStacks%0D%0A++++++++++++++++++++++++put+the+number+of+lines+in+theSubStacks+into+theNosubLines+%0D%0A++++++++++++++++++++++++repeat+with+theSubLineNo+%3D+1+to+theNoSubLines%0D%0A++++++++++++++++++++++++++++put+line+theSubLineNo+of+theSubStacks+into+theSubStack+%0D%0A++++++++++++++++++++++++++++put+cr+%26+%22++++++%22+%26+theSubStack+%26+tab+%26+the+long+id+of+stack+theSubStack+of+stack+theOpenStack+after+theFullOpenStacks%0D%0A++++++++++++++++++++++++++++put+the+number+of+cards+of+stack+theSubStack+of+stack+theOpenStack+into+theNoCds%0D%0A++++++++++++++++++++++++++++--+repeat+with+theCdNo+%3D+1+to+theNoCds%0D%0A++++++++++++++++++++++++++++--+put+cr+%26+%22+++++++++++%22+%26+the+short+name+of+cd+theCdNo+of+stack+theSubStack+of+stack+theOpenStack+%26+tab+%26+%5C%0D%0A++++++++++++++++++++++++++++++++++++--+the+long+id+of+cd+theCdNo+of+stack+theSubStack+of+stack+theOpenStack+after+theFullOpenStacks%0D%0A++++++++++++++++++++++++++++--+end+repeat%0D%0A++++++++++++++++++++++++end+repeat%0D%0A++++++++++++++++++++end+if%0D%0A++++++++++++++++end+if%0D%0A++++++++++++end+repeat%0D%0A++++++++++++put+empty+into+fld+%22work+spaces%22+of+me%0D%0A++++++++++++if+the+number+of+words+in+theFullOpenStacks+is+not+zero+then%0D%0A++++++++++++++++put+theFullOpenStacks+into+fld+%22work+spaces%22+of+me%0D%0A++++++++++++end+if%0D%0A++++++++++++if+the+hilited+of+btn+%22edit+home%22+is+true+then%0D%0A++++++++++++++++glx2EditHomey%0D%0A++++++++++++else%0D%0A++++++++++++++++glx2DisplayHomey%0D%0A++++++++++++end+if%0D%0A+++++++++++++%0D%0A++++++++else%0D%0A+++++++++++++%0D%0A++++++++++++--+card+controls+tree+build%0D%0A++++++++++++%0D%0A++++++++++++set+the+showborder+of+me+to+the+hilited+of+btn+%22edit+home%22%0D%0A++++++++++++%0D%0A++++++++++++put+the+chilitedline+of+fld+%22card+controls%22+into+theHilitedLineNo%0D%0A+++++++++++++%0D%0A++++++++++++if+there+is+an+img+%22zzz%22+then%0D%0A++++++++++++++++put+%22++++++++++++++++++++++++++++++++++++++++++++++++++++++++++++++++++++++++++++++++++++++++++++++++++++++++++++++++++++++++++++++++++++++++++++++++++++++++++++++++%22+into+theTotalIndent+%0D%0A++++++++++++++++put+the+cObjectID+of+img+%22zzz%22+into+theStackObjectID%0D%0A++++++++++++++++if+theStackObjectID+is+not+empty+and+there+is+a+theStackObjectID+then%0D%0A++++++++++++++++++++put+the+cCdObjectID+of+img+%22zzz%22+into+theCdObjectID%0D%0A++++++++++++++++++++put+0+into+theLineNo%0D%0A++++++++++++++++++++put+empty+into+fld+%22card+controls%22+of+me%0D%0A++++++++++++++++++++put+the+short+name+of+theStackObjectID+into+theStackName+%0D%0A++++++++++++++++++++put+the+short+name+of+theCdObjectID+into+theCdName%0D%0A++++++++++++++++++++put+%22++%22+%26+theStackName+%26+tab+%26+theStackObjectID+%26+cr+%26+%22++++++%22+%26+theCdName+%26+tab+%26+theCdObjectID+into+fld+%22card+controls%22%0D%0A++++++++++++++++++++set+the+imagesource+of+char+1+of+line+1+of+fld+%22card+controls%22+of+me+to+the+id+of+img+%22stack.png%22+of+cd+%22images%22%0D%0A++++++++++++++++++++set+the+textshift+of+char+1+of+line+1+of+fld+%22card+controls%22+of+me+to+2%0D%0A++++++++++++++++++++set+the+imagesource+of+char+5+of+line+2+of+fld+%22card+controls%22+of+me+to+the+id+of+img+%22cd.png%22+of+cd+%22images%22%0D%0A++++++++++++++++++++set+the+textshift+of+char+5+of+line+2+of+fld+%22card+controls%22+of+me+to+2%0D%0A++++++++++++++++++++add+2+to+theLineNo%0D%0A++++++++++++++++++++put+the+number+of+controls+of+theCdObjectID+into+theNoControls%0D%0A++++++++++++++++++++repeat+with+theControlNo+%3D+1+to+theNoControls%0D%0A++++++++++++++++++++++++add+1+to+theLineNo%0D%0A++++++++++++++++++++++++put+word+1+of+the+name+of+control+theControlNo+of+theCdObjectID+into+theObjectType%0D%0A++++++++++++++++++++++++put+the+short+name+of+control+theControlNo+of+theCdObjectID+into+theObjectName%0D%0A++++++++++++++++++++++++put+the+long+id+of+control+theControlNo+of+theCdObjectID+into+theObjectID%0D%0A++++++++++++++++++++++++if+the+visible+of+control+theControlNo+of+theCdObjectID+is+false+then%0D%0A++++++++++++++++++++++++++++put+%22%28%22+before+theObjectName%0D%0A++++++++++++++++++++++++++++put+%22%29%22+after+theObjectName%0D%0A++++++++++++++++++++++++end+if%0D%0A++++++++++++++++++++++++put+the+long+name+of+control+theControlNo+of+theCdObjectID+into+theGrpTest%0D%0A++++++++++++++++++++++++replace+%22+of+group+%22+with+return+in+theGrpTest%0D%0A++++++++++++++++++++++++put+the+number+of+lines+in+theGrpTest+into+theIndentLevel%0D%0A++++++++++++++++++++++++add+2+to+theIndentLevel%0D%0A++++++++++++++++++++++++put+theIndentLevel+*+4+into+theNoSpaces+%0D%0A++++++++++++++++++++++++subtract+2+from+theNoSpaces%0D%0A++++++++++++++++++++++++put+theNoSpaces+-+1+into+theImgCharPos%0D%0A++++++++++++++++++++++++put+char+1+to+theNoSpaces+of+theTotalIndent+into+theIndent%0D%0A++++++++++++++++++++++++put+theIndent+%26+theObjectName+%26+tab+%26+theObjectID+into+line+theLineNo+of+fld+%22card+controls%22+of+me%0D%0A++++++++++++++++++++++++switch+theObjectType%0D%0A++++++++++++++++++++++++++++case+%22button%22%0D%0A++++++++++++++++++++++++++++++++set+the+imagesource+of+char+theImgCharPos+of+line+theLineNo+of+fld+%22card+controls%22+of+me+to+the+id+of+img+%22btn.png%22+of+cd+%22images%22%0D%0A++++++++++++++++++++++++++++++++break%0D%0A++++++++++++++++++++++++++++case+%22field%22%0D%0A++++++++++++++++++++++++++++++++set+the+imagesource+of+char+theImgCharPos+of+line+theLineNo+of+fld+%22card+controls%22+of+me+to+the+id+of+img+%22fld.png%22+of+cd+%22images%22%0D%0A++++++++++++++++++++++++++++++++break%0D%0A++++++++++++++++++++++++++++case+%22image%22%0D%0A++++++++++++++++++++++++++++++++set+the+imagesource+of+char+theImgCharPos+of+line+theLineNo+of+fld+%22card+controls%22+of+me+to+the+id+of+img+%22img.png%22+of+cd+%22images%22%0D%0A++++++++++++++++++++++++++++++++break%0D%0A++++++++++++++++++++++++++++case+%22group%22%0D%0A++++++++++++++++++++++++++++++++set+the+imagesource+of+char+theImgCharPos+of+line+theLineNo+of+fld+%22card+controls%22+of+me+to+the+id+of+img+%22grp.png%22+of+cd+%22images%22%0D%0A++++++++++++++++++++++++++++++++break%0D%0A++++++++++++++++++++++++++++case+%22graphic%22%0D%0A++++++++++++++++++++++++++++++++set+the+imagesource+of+char+theImgCharPos+of+line+theLineNo+of+fld+%22card+controls%22+of+me+to+the+id+of+img+%22grc.png%22+of+cd+%22images%22%0D%0A++++++++++++++++++++++++++++++++break%0D%0A++++++++++++++++++++++++++++case+%22scrollbar%22%0D%0A++++++++++++++++++++++++++++++++set+the+imagesource+of+char+theImgCharPos+of+line+theLineNo+of+fld+%22card+controls%22+of+me+to+the+id+of+img+%22scrollbar.png%22+of+cd+%22images%22%0D%0A++++++++++++++++++++++++++++++++break%0D%0A++++++++++++++++++++++++++++case+%22player%22%0D%0A++++++++++++++++++++++++++++++++set+the+imagesource+of+char+theImgCharPos+of+line+theLineNo+of+fld+%22card+controls%22+of+me+to+the+id+of+img+%22player.png%22+of+cd+%22images%22%0D%0A++++++++++++++++++++++++++++++++break%0D%0A++++++++++++++++++++++++++++default%0D%0A+++++++++++++++++++++++++++++++++%0D%0A++++++++++++++++++++++++end+switch%0D%0A++++++++++++++++++++++++set+the+textshift+of+char+theImgCharPos+of+line+theLineNo+of+fld+%22card+controls%22+of+me+to+2%0D%0A++++++++++++++++++++end+repeat%0D%0A++++++++++++++++++++%0D%0A++++++++++++++++end+if%0D%0A++++++++++++++++%0D%0A++++++++++++else%0D%0A++++++++++++++++--+no+preview%0D%0A++++++++++++++++put+empty+into+fld+%22card+controls%22+of+me%0D%0A++++++++++++end+if%0D%0A+++++++++++++%0D%0A++++++++end+if%0D%0A+++++++++%0D%0A++++end+if%0D%0A++++%0D%0A++++set+the+itemdel+to+comma%0D%0A++++%0D%0A++++if+the+visible+of+fld+%22work+spaces%22+of+me+is+true+then%0D%0A+++++++++%0D%0A++++++++--+stacks+list%0D%0A++++++++put+the+rect+of+fld+%22work+spaces%22+of+me+into+theRect%0D%0A++++++++put+item+1+of+theRect+%2B+%28the+formattedwidth+of+char+1+to+-1+of+fld+%22work+spaces%22+of+me%29+%2B+6+into+item+3+of+theRect%0D%0A++++++++put+item+2+of+theRect+%2B+%28the+formattedheight+of+char+1+to+-1+of+fld+%22work+spaces%22+of+me%29+%2B+3+into+item+4+of+theRect%0D%0A++++++++if+item+4+of+theRect+%3E+the+height+of+this+cd-16+then%0D%0A++++++++++++put+the+height+of+this+cd-16+into+item+4+of+theRect%0D%0A++++++++++++put+item+1+of+theRect+%2B+%28the+formattedwidth+of+char+1+to+-1+of+fld+%22work+spaces%22+of+me%29+%2B+6+%2B+12+into+item+3+of+theRect%0D%0A++++++++++++set+the+vscrollbar+of+fld+%22work+spaces%22+of+me+to+true%0D%0A++++++++++++set+the+scrollbarwidth+of+fld+%22work+spaces%22+of+me+to+12%0D%0A++++++++++++if+there+is+an+img+%22zzz%22+of+me+then%0D%0A++++++++++++++++set+the+left+img+%22zzz%22+of+me+to+item+3+of+theRect+%2B+12%0D%0A++++++++++++end+if%0D%0A++++++++else%0D%0A++++++++++++set+the+vscrollbar+of+fld+%22work+spaces%22+of+me+to+false%0D%0A++++++++end+if%0D%0A++++++++put+the+left+of+grp+%22views%22+into+item+1+of+theRect%0D%0A++++++++put+the+right+of+grp+%22views%22+into+item+3+of+theRect%0D%0A++++++++set+the+rect+of+fld+%22work+spaces%22+of+me+to+theRect%0D%0A++++++++set+the+rect+of+grc+%22spaces+mask%22+of+me+to+the+rect+of+me%0D%0A++++++++%0D%0A++++++++--+if+the+text+of+fld+%22work+spaces%22+of+me+is+empty+then%0D%0A++++++++--+hide+grp+%22info%22+of+me%0D%0A++++++++--+show+btn+%22add+ws%22+of+me%0D%0A++++++++--+end+if%0D%0A+++++++++%0D%0A++++else%0D%0A+++++++++%0D%0A++++++++--+controls+for+card%0D%0A++++++++put+the+rect+of+fld+%22card+controls%22+of+me+into+theRect%0D%0A++++++++put+item+1+of+theRect+%2B+%28the+formattedwidth+of+char+1+to+-1+of+fld+%22card+controls%22+of+me%29+%2B+6+into+item+3+of+theRect%0D%0A++++++++put+item+2+of+theRect+%2B+%28the+formattedheight+of+char+1+to+-1+of+fld+%22card+controls%22+of+me%29+%2B+3+into+item+4+of+theRect%0D%0A++++++++if+item+4+of+theRect+%3E+the+height+of+this+cd-16+then%0D%0A++++++++++++put+the+height+of+this+cd-16+into+item+4+of+theRect%0D%0A++++++++++++put+item+1+of+theRect+%2B+%28the+formattedwidth+of+char+1+to+-1+of+fld+%22card+controls%22+of+me%29+%2B+6+%2B+12+into+item+3+of+theRect%0D%0A++++++++++++set+the+vscrollbar+of+fld+%22card+controls%22+of+me+to+true%0D%0A++++++++++++set+the+scrollbarwidth+of+fld+%22card+controls%22+of+me+to+12%0D%0A++++++++++++if+there+is+an+img+%22zzz%22+of+me+then%0D%0A++++++++++++++++set+the+left+img+%22zzz%22+of+me+to+item+3+of+theRect+%2B+12%0D%0A++++++++++++end+if%0D%0A++++++++else%0D%0A++++++++++++set+the+vscrollbar+of+fld+%22card+controls%22+of+me+to+false%0D%0A++++++++end+if%0D%0A++++++++put+the+left+of+grp+%22views%22+into+item+1+of+theRect%0D%0A++++++++put+the+right+of+grp+%22views%22+into+item+3+of+theRect%0D%0A++++++++set+the+rect+of+fld+%22card+controls%22+of+me+to+theRect%0D%0A++++++++set+the+rect+of+grc+%22spaces+mask%22+of+me+to+the+rect+of+me%0D%0A+++++++++%0D%0A++++++++set+the+hilitedline+of+fld+%22card+controls%22+to+theHilitedLineNo%0D%0A++++++++%0D%0A++++end+if%0D%0A++++%0D%0A++++try%0D%0A++++++++set+the+left+of+img+%22zzz%22+to+the+right+of+grp+%22views%22+%2B+16%0D%0A++++catch+e%0D%0A++++end+try%0D%0A++++%0D%0A++++set+the+scroll+of+fld+%22work+spaces%22+of+me+to+theScroll%0D%0A++++set+the+scroll+of+fld+%22card+controls%22+of+me+to+theCCScroll%0D%0A++++set+the+hilitedline+of+fld+%22work+spaces%22+of+me+to+theWorkSpacesHilitedLineNo%0D%0A++++set+the+hilitedline+of+fld+%22card+controls%22+of+me+to+theCardControlHilitedLineNo%0D%0A++++%0D%0A++++unlock+screen%0D%0A++++%0D%0Aend+glx2RefreshHomey%0D%0A%0D%0A---%7C---%0D%0A%0D%0Aon+glx2EditHomey%0D%0A++++lock+screen%0D%0A++++put+the+number+of+lines+in+fld+%22work+spaces%22+of+me+into+theNoLines%0D%0A++++set+the+textsize+of+char+1+to+-1+of+fld+%22work+spaces%22+of+me+to+empty%0D%0A++++set+the+textcolor+of+char+1+to+-1+of+fld+%22work+spaces%22+of+me+to+empty%0D%0A++++set+the+textcolor+of+fld+%22work+spaces%22+of+me+to+white%0D%0A++++repeat+with+theLineNo+%3D+1+to+theNoLines%0D%0A++++++++put+word+1+to+-1+of+line+theLineNo+of+fld+%22work+spaces%22+of+me+into+line+theLineNo+of+fld+%22work+spaces%22+of+me%0D%0A++++++++put+%22++++++%22+before+line+theLineNo+of+fld+%22work+spaces%22+of+me%0D%0A++++++++set+the+imagesource+of+char+1+of+line+theLineNo+of+fld+%22work+spaces%22+of+me+to+the+id+of+img+%22minus+small+5%22+of+cd+%22images%22%0D%0A++++++++set+the+imagesource+of+char+3+of+line+theLineNo+of+fld+%22work+spaces%22+of+me+to+the+id+of+img+%22stack.png%22+of+cd+%22images%22%0D%0A++++++++set+the+textshift+of+char+1+of+line+theLineNo+of+fld+%22work+spaces%22+of+me+to+1%0D%0A++++++++set+the+textshift+of+char+3+of+line+theLineNo+of+fld+%22work+spaces%22+of+me+to+2%0D%0A++++++++set+the+textstyle+of+word+1+to+-1+of+line+theLineNo+of+fld+%22work+spaces%22+of+me+to+%22bold%22%0D%0A++++end+repeat%0D%0A++++hide+grp+%22info%22+of+me%0D%0A++++show+btn+%22add+ws%22+of+me%0D%0A++++unlock+screen%0D%0Aend+glx2EditHomey%0D%0A%0D%0A---%7C---%0D%0A%0D%0Aon+glx2DisplayHomey%0D%0A++++if+the+currentcard+of+stack+%22revGLX2+code%22+is+not+%22tab+1%22+or+the+visible+of+me+is+not+true+then%0D%0A++++++++exit+glx2DisplayHomey%0D%0A++++end+if%0D%0A++++lock+screen%0D%0A++++hide+grp+%22spaces+dlog%22+of+me%0D%0A++++hide+grc+%22spaces+mask%22+of+me%0D%0A++++put+the+number+of+lines+in+fld+%22work+spaces%22+of+me+into+theNoLines%0D%0A++++--+set+the+textstyle+of+fld+%22work+spaces%22+of+me+to+bold%0D%0A++++--+set+the+textstyle+of+char+1+to+-1+of+fld+%22work+spaces%22+of+me+to+empty%0D%0A++++--+set+the+textsize+of+char+1+to+-1+of+fld+%22work+spaces%22+of+me+to+empty%0D%0A++++--+set+the+textcolor+of+char+1+to+-1+of+fld+%22work+spaces%22+of+me+to+empty%0D%0A++++--+set+the+textcolor+of+fld+%22work+spaces%22+of+me+to+white%0D%0A++++put+false+into+doSnap%0D%0A++++if+the+visible+of+fld+%22work+spaces%22+of+me+is+true+then%0D%0A++++++++set+the+itemdel+to+tab%0D%0A++++++++repeat+with+theLineNo+%3D+1+to+theNoLines%0D%0A++++++++++++if+char+1+to+6+of+line+theLineNo+of+fld+%22work+spaces%22+of+me+is+%22++++++%22+then%0D%0A++++++++++++++++if+word+1+of+item+2+of+line+theLineNo+of+fld+%22work+spaces%22+of+me+is+%22stack%22+then%0D%0A++++++++++++++++++++set+the+imagesource+of+char+5+of+line+theLineNo+of+fld+%22work+spaces%22+of+me+to+the+id+of+img+%22stack.png%22+of+cd+%22images%22%0D%0A++++++++++++++++else%0D%0A++++++++++++++++++++set+the+imagesource+of+char+5+of+line+theLineNo+of+fld+%22work+spaces%22+of+me+to+the+id+of+img+%22cd.png%22+of+cd+%22images%22%0D%0A++++++++++++++++end+if%0D%0A++++++++++++++++set+the+textshift+of+char+5+of+line+theLineNo+of+fld+%22work+spaces%22+of+me+to+2%0D%0A++++++++++++else+if+char+1+to+2+of+line+theLineNo+of+fld+%22work+spaces%22+of+me+is+%22++%22+then%0D%0A++++++++++++++++set+the+imagesource+of+char+1+of+line+theLineNo+of+fld+%22work+spaces%22+of+me+to+the+id+of+img+%22stack.png%22+of+cd+%22images%22%0D%0A++++++++++++++++set+the+textshift+of+char+1+of+line+theLineNo+of+fld+%22work+spaces%22+of+me+to+2%0D%0A++++++++++++end+if%0D%0A++++++++++++set+the+textstyle+of+word+1+to+-1+of+item+1+of+line+theLineNo+of+fld+%22work+spaces%22+of+me+to+bold%0D%0A++++++++++++if+line+theLineNo+of+fld+%22work+spaces%22+of+me+is+the+cLine+of+fld+%22work+spaces%22+of+me+then%0D%0A++++++++++++++++--set+the+textcolor+of+line+theLineNo+of+fld+%22work+spaces%22+of+me+to+yellow%0D%0A++++++++++++++++set+the+hilitedline+of+fld+%22work+spaces%22+of+me+to+theLineNo%0D%0A++++++++++++++++put+true+into+doSnap%0D%0A++++++++++++end+if%0D%0A++++++++end+repeat%0D%0A++++++++set+the+itemdel+to+comma%0D%0A++++end+if%0D%0A++++set+the+showborder+of+me+to+false%0D%0A++++show+grp+%22info%22+of+me%0D%0A++++hide+btn+%22add+ws%22+of+me%0D%0A++++if+doSnap+is+not+true+then%0D%0A++++++++set+the+cLine+of+fld+%22work+spaces%22+of+me+to+empty%0D%0A++++++++try%0D%0A++++++++++++delete+img+%22zzz%22+of+me%0D%0A++++++++catch+e%0D%0A++++++++end+try%0D%0A++++++++hide+btn+%22preview+menu%22%0D%0A++++++++hide+fld+%22preview+title%22%0D%0A++++++++hide+img+%22drag+left%22%0D%0A++++++++hide+img+%22drag+middle%22%0D%0A++++++++hide+img+%22drag+right%22%0D%0A++++else%0D%0A++++++++if+there+is+no+img+%22zzz%22+then%0D%0A++++++++++++send+%22snapWindow%22+to+fld+%22work+spaces%22+of+me%0D%0A++++++++end+if%0D%0A++++end+if%0D%0A++++unlock+screen%0D%0Aend+glx2DisplayHomey%0D%0A" )</script>
</group>
