<image name="scroll_add.png" id="54045">
<traversalOn>false</traversalOn>
<palindromeFrames>false</palindromeFrames>
<ink>srcCopy</ink>
<threeD>true</threeD>
<blendLevel>0</blendLevel>
<rect>309,174,325,190</rect>
<angle>0</angle>
<yHot>1</yHot>
<id>54045</id>
<altId>0</altId>
<frameCount>0</frameCount>
<constantMask>false</constantMask>
<lockLoc>false</lockLoc>
<repeatCount>0</repeatCount>
<size>777</size>
<name>image "scroll_add.png"</name>
<hotSpot>1,1</hotSpot>
<alwaysBuffer>true</alwaysBuffer>
<layer>3</layer>
<dontDither>false</dontDither>
<visible>false</visible>
<cantSelect>false</cantSelect>
<borderWidth>2</borderWidth>
<opaque>false</opaque>
<currentFrame>1</currentFrame>
<showBorder>false</showBorder>
<disabled>false</disabled>
<xHot>1</xHot>
<showFocusBorder>true</showFocusBorder>
<custompropertyset name= "cGlx2TimeStamp">
</custompropertyset>
<imagedata>urldecode( "%00%D0%D0%F0%00%D0%D0%F0%00%D0%D0%F0%00%D0%D0%F0%00%D0%D0%F0%00%D0%D0%F0%00%D0%D0%F0%00%D0%D0%F0%00%D0%D0%F0%00%D0%D0%F0%00%D0%D0%F0%00%D0%D0%F0%00%D0%D0%F0%00%D0%D0%F0%00%D0%D0%F0%00%D0%D0%F0%00%D0%D0%F0%00%D0%D0%F0%00%D0%D0%F0%00%D0%D0%F0%00%D0%D0%F0%00%D0%D0%F0%00%A7%A7%C1%00%AB%AB%C3%00%93%93%AA%00%8C%8C%9F%00cc%A4%00%D0%D0%F0%00%D0%D0%F0%00%D0%D0%F0%00%D0%D0%F0%00%D0%D0%F0%00%D0%D0%F0%00%D0%D0%F0%00%D0%D0%F0%00%D0%D0%F0%00%D0%D0%F0%00%D0%D0%FB%00%F8%F8%FB%00%D8%D8%E0%00%D3%D3%E0%00%C1%C1%D1%00%A8%A8%B9%00%91%91%9E%00uu%80%00%9E%9E%9A%00%D0%D0%F0%00%D0%D0%F0%00%D0%D0%F0%00%D0%D0%F0%00%D0%D0%F0%00%D0%D0%F0%00%D0%D0%F0%00%E8%E8%FF%00%FF%FF%FF%00%FF%FF%FF%00%FC%FC%FD%00%F7%F7%FB%00%F9%F9%FF%00%CC%CC%D7%00%8F%8F%B0%00%7B%7B%94%00iin%00%D0%D0%F0%00%D0%D0%F0%00%D0%D0%F0%00%D0%D0%F0%00%D0%D0%F0%00%CA%CA%FF%00%E3%E3%EF%00%FF%FF%FF%00%FF%FF%FF%00%FF%FF%FF%00%FF%FF%FF%00%FF%FF%FF%00%7C%7C%9B%00zz%89%00%D6%D6%FF%00%7F%7F%91%00%D0%D0%F0%00%D0%D0%F0%00%D0%D0%F0%00%D0%D0%F0%00%D0%D0%F0%00%BF%BF%DA%00%E6%E6%EE%00%FF%FF%FF%00%FF%FF%FF%00%FF%FF%FF%00%FF%FF%FF%00%BA%BA%BF%00nn%83%00%88%88%9C%00%D4%D4%FF%00rrz%00%D0%D0%F0%00%D0%D0%F0%00%D0%D0%F0%00%D0%D0%F0%00%D0%D0%F0%00%AD%AD%DB%00%EF%EF%F3%00%FF%FF%FF%00%FF%FF%FF%00%FF%FF%FF%00%FF%FF%FF%00%BD%BD%C3%00%D0%D0%F0%00oor%00kkn%00YYW%00%D0%D0%F0%00%D0%D0%F0%00%D0%D0%F0%00%D0%D0%F0%00%D0%D0%F0%00%A2%A2%BE%00%F7%F7%F9%00%FF%FF%FF%00%FF%FF%FF%00%FF%FF%FF%00%FF%FF%FF%00%E5%E5%E8%00%FF%FF%FF%00%D0%D0%F0%00%D0%D0%F0%00%D0%D0%F0%00%D0%D0%F0%00%D0%D0%F0%00%BC%BC%ED%00%DB%DB%FF%00%F5%F5%FF%00%80%80%96%00%EC%EC%F3%00%EF%EF%F4%00%F5%F5%F6%00%FA%FA%FB%00%FF%FF%FF%00%00%93%00%00%00%91%00%00%00%8D%00%00%D0%D0%F0%00%D0%D0%F0%00%D0%D0%F0%00%D0%D0%F0%00%C1%C1%DF%00%FB%FB%FF%00%E2%E2%F9%00%96%96%B3%00%D3%D3%E4%00%DC%DC%E8%00%ED%ED%F4%00%F0%F0%F6%00%FB%FB%FF%00%00%8F%00%00%91%F7%5E%00%00%89%00%00%FF%FF%FF%00%D0%D0%F0%00%D0%D0%F0%00%D0%D0%F0%00%B5%B5%CE%00%DB%DB%E6%00%F2%F2%F7%00%FD%FD%FE%00%C8%C8%D5%00%A0%A0%B1%00%E1%E1%EB%00%00%91%00%00%00%8D%00%00%00%8B%00%00%8D%F3Z%00%00%83%00%00%00%81%00%00%00%7D%00%00%D0%D0%F0%00%D0%D0%F0%00%98%98%B0%00%9F%9F%B8%00%AD%AD%C4%00%D6%D6%E5%00%F3%F3%F8%00%F6%F6%FA%00%D8%D8%DB%00%00%8D%00%00%91%F7%5E%00%8D%F3Z%00%86%ECS%00%7B%E1H%00x%DEE%00%00x%00%00%D0%D0%F0%00%D0%D0%F0%00%D0%D0%F0%00%AD%AD%C6%00%91%91%A6%00%93%93%AD%00%B6%B6%D5%00%93%93%9E%00%D2%D2%DD%00%00%87%00%00%00%85%00%00%00%81%00%00%7B%E1H%00%00z%00%00%00u%00%00%00p%00%00%D0%D0%F0%00%D0%D0%F0%00%D0%D0%F0%00%D0%D0%F0%00%D0%D0%F0%00%7E%7E%89%00%7D%7D%8C%00vv%82%00%C8%C8%DB%00%C0%C0%C9%00%D2%D2%D9%00%00%7D%00%00w%DDD%00%00r%00%00%D0%D0%F0%00%D0%D0%F0%00%D0%D0%F0%00%D0%D0%F0%00%D0%D0%F0%00%D0%D0%F0%00%D0%D0%F0%00%D0%D0%F0%00%D0%D0%F0%00lln%00jjv%00ss%8A%00%BC%BC%BD%00%00u%00%00%00p%00%00%00m%00%00%D0%D0%F0%00%D0%D0%F0%00%D0%D0%F0%00%D0%D0%F0%00%D0%D0%F0%00%D0%D0%F0%00%D0%D0%F0%00%D0%D0%F0%00%D0%D0%F0%00%D0%D0%F0%00%D0%D0%F0%00%D0%D0%F0%00%D0%D0%F0%00%D0%D0%F0%00%D0%D0%F0%00%D0%D0%F0%00%D0%D0%F0%00%D0%D0%F0%00%D0%D0%F0" )</imagedata>
</image>
