<button name="Go" id="250914">
<traversalOn>false</traversalOn>
<ink>srcCopy</ink>
<threeD>true</threeD>
<hiliteBorder>true</hiliteBorder>
<blendLevel>0</blendLevel>
<rect>99,1,126,20</rect>
<mnemonic>0</mnemonic>
<armFill>false</armFill>
<visitedIcon>0</visitedIcon>
<showName>true</showName>
<showIcon>false</showIcon>
<hilited>false</hilited>
<sharedHilite>true</sharedHilite>
<shadow>false</shadow>
<textAlign>center</textAlign>
<armed>false</armed>
<menuMouseButton>1</menuMouseButton>
<id>250914</id>
<altId>0</altId>
<labelWidth>0</labelWidth>
<armedIcon>0</armedIcon>
<lockLoc>true</lockLoc>
<visited>false</visited>
<showHilite>false</showHilite>
<label>Go</label>
<autoHilite>true</autoHilite>
<style>menu</style>
<disabledIcon>0</disabledIcon>
<armBorder>true</armBorder>
<name>button "Go"</name>
<icon>0</icon>
<layer>92</layer>
<visible>true</visible>
<cantSelect>false</cantSelect>
<borderWidth>2</borderWidth>
<menuLines>5</menuLines>
<margins>4</margins>
<opaque>true</opaque>
<text>urldecode( "Go+Home+%28%28cntl%2Bh%29%0D%0A-%0D%0AGo+Back%2F%3C%0D%0AGo+to+Line...%2FL%0D%0A-%0D%0AEdit+Props+of+this+Object%2FE%0D%0AEdit+Props+of+Owner%0D%0AEdit+Script+of+Owner%0D%0A-%0D%0AShow+Object+in+App+Browser%2FJ%0D%0A-%0D%0AFind+Selection%2F%2FAgain%2FG%0D%0AFind+Orphaned+%22Put%22+Statements%0D%0A-%0D%0AFind+%26%26+Replace%2FF%0D%0AGlobal+Find+%26%26+Replace...%0D%0A-%0D%0ACase+Sensitive+Searching%0D%0AWhole+Word+Searching%0D%0A-%0D%0AOpen+Web+Browser" )</text>
<shadowOffset>4</shadowOffset>
<default>false</default>
<hiliteFill>true</hiliteFill>
<showBorder>false</showBorder>
<hiliteIcon>0</hiliteIcon>
<disabled>false</disabled>
<autoArm>false</autoArm>
<menuMode>pulldown</menuMode>
<family>0</family>
<hoverIcon>0</hoverIcon>
<showFocusBorder>true</showFocusBorder>
<menuHistory>1</menuHistory>
<custompropertyset name= "cGlx2TimeStamp">
<checksum>urldecode( "%94%00%2B%1C%A7%B8%8DW%8B%3C%7F%ED%FD%AC%9Ag" )</checksum>
</custompropertyset>
<script>urldecode( "%0D%0A--%3E++*History%0D%0A%2F*%0D%0A24+February+2009+mdw%0D%0A++added+portable+references+for+%22revmenubar%22+and+%22revpreferences%22%0D%0A++refactored+GoFindAndReplace%0D%0A++declared+local+variables%0D%0A*%2F%0D%0A%0D%0A--%3E+variables+%26+constants%0D%0A%0D%0Aglobal+gGlx2LastGoLineNo%2CgGlx2LastFind%2CgGLx2LastHandler%2CgGlx2LastURL%2CgGlx2PrevURL%0D%0A%0D%0A--%3E+all+handlers%0D%0A%0D%0Aon+menuPick+pChosen%0D%0A++++local+tPick%0D%0A++++local+tBrowserID%0D%0A++++local+tURL%0D%0A++++local+tLineNo%0D%0A++++local+tFldName%0D%0A++++local+tObjectID%0D%0A++++local+tChunk%0D%0A++++local+tSelection%0D%0A++++local+tOwner%0D%0A++++%0D%0A++++switch+pChosen%0D%0A++++++++case+%22Go+Home+%28cntl%2Bh%29%22%0D%0A++++++++++++setAllCode+%28the+long+id+of+grp+%22GLX2+Home%22%29%0D%0A++++++++++++break%0D%0A++++++++case+%22Refresh+Page%22%0D%0A++++++++++++put+getBrowserID%28%29+into+tBrowserID%0D%0A++++++++++++if+tBrowserID+is+not+empty+then%0D%0A++++++++++++++++revBrowserStop+tBrowserID%0D%0A++++++++++++++++revBrowserRefresh+tBrowserID%0D%0A++++++++++++end+if%0D%0A++++++++++++break%0D%0A++++++++case+%22smaller+font%22%0D%0A++++++++++++put+getBrowserID%28%29+into+tBrowserID%0D%0A++++++++++++if+tBrowserID+is+not+empty+then%0D%0A++++++++++++++++revBrowserMakeTextSmaller+tBrowserID%0D%0A++++++++++++end+if%0D%0A++++++++++++break%0D%0A++++++++case+%22larger+font%22%0D%0A++++++++++++put+getBrowserID%28%29+into+tBrowserID%0D%0A++++++++++++if+tBrowserID+is+not+empty+then%0D%0A++++++++++++++++revBrowserMakeTextBigger+tBrowserID%0D%0A++++++++++++end+if%0D%0A++++++++++++break%0D%0A++++++++case+%22clear+history%22%0D%0A++++++++++++clearHistory%0D%0A++++++++++++break%0D%0A++++++++case+%22add+to+bookmarks...%22%0D%0A++++++++++++addToBookmarks%0D%0A++++++++++++break%0D%0A++++++++case+%22view+source%22%0D%0A++++++++++++viewSource%0D%0A++++++++++++break%0D%0A++++++++case+%22open+web+browser%22%0D%0A++++++++++++if+gGlx2LastURL+is+empty+then%0D%0A++++++++++++++++put+%22http%3A%2F%2Fglx2.com%22+into+tURL%0D%0A++++++++++++else%0D%0A++++++++++++++++put+gGlx2LastURL+into+tURL%0D%0A++++++++++++end+if%0D%0A++++++++++++lock+screen%0D%0A++++++++++++openBrowser+tURL%0D%0A++++++++++++updateHandlerList%0D%0A++++++++++++unlock+screen%0D%0A++++++++++++break%0D%0A++++++++case+%22Edit+bookmarks%2C+history%2C+etc.%22%0D%0A++++++++++++local+setAtTop%0D%0A++++++++++++show+fld+%22code+storage%22%0D%0A++++++++++++set+the+wholematches+to+true%0D%0A++++++++++++put+lineoffset%28%22--%3E+Bookmarks%22%2Cfld+%22code+storage%22%29+into+tLineNo%0D%0A++++++++++++set+the+wholematches+to+false%0D%0A++++++++++++if+tLineNo+is+not+zero+then%0D%0A++++++++++++++++lock+screen%0D%0A++++++++++++++++set+the+itemdel+to+tab%0D%0A++++++++++++++++select+word+1+to+-1+of+item+1+of+line+tLineNo+of+fld+%22code+storage%22%0D%0A++++++++++++++++set+the+itemdelimiter+to+comma%0D%0A++++++++++++++++put+%22code+storage%22+into+tFldName%0D%0A++++++++++++++++put+true+into+setAtTop%0D%0A++++++++++++++++glx2SetScroll+tFldName%2CtLineNo%2CsetAtTop%0D%0A++++++++++++++++unlock+screen%0D%0A++++++++++++end+if%0D%0A++++++++++++hideBrowser%0D%0A++++++++++++setSearchMode+%22hide%22%0D%0A++++++++++++break%0D%0A++++++++case+%22go+forward%22%0D%0A++++++++++++glx2GoForward%0D%0A++++++++++++break%0D%0A++++++++case+%22go+back%22%0D%0A++++++++++++local+tHandlerName%0D%0A++++++++++++local+tNewObjectID%0D%0A++++++++++++local+tNewHandler%0D%0A++++++++++++local+isFolder%0D%0A++++++++++++local+tShiftKeyState%0D%0A++++++++++++if+the+visible+of+grp+%22browser%22+is+true+then%0D%0A++++++++++++++++glx2GoBack%0D%0A++++++++++++else%0D%0A++++++++++++++++if+gGlx2LastHandler+is+not+empty+then%0D%0A++++++++++++++++++++put+line+1+of+gGlx2LastHandler+into+tHandlerName%0D%0A++++++++++++++++++++put+line+2+of+gGlx2LastHandler+into+tObjectID%0D%0A++++++++++++++++++++put+the+cObjectID+of+this+cd+into+tNewObjectID%0D%0A++++++++++++++++++++put+getHandlerNameFromScript%28%29+into+tNewHandler%0D%0A++++++++++++++++++++put+tNewHandler+into+line+1+of+gGLx2LastHandler%0D%0A++++++++++++++++++++put+tNewObjectID+into+line+2+of+gGLx2LastHandler%0D%0A++++++++++++++++++++if+tObjectID+is+not+empty+then%0D%0A++++++++++++++++++++++++if+the+cObjectID+of+this+cd+is+not+tObjectID+then%0D%0A++++++++++++++++++++++++++++setAllCode+tObjectID%0D%0A++++++++++++++++++++++++end+if%0D%0A++++++++++++++++++++end+if%0D%0A++++++++++++++++++++put+false+into+isFolder%0D%0A++++++++++++++++++++put+false+into+tShiftKeyState%0D%0A++++++++++++++++++++glx2SelectHandlerInScript+tHandlerName%2CisFolder%2CtShiftKeyState%0D%0A++++++++++++++++++++doSelectHandlerName+tHandlerName%0D%0A++++++++++++++++end+if%0D%0A++++++++++++end+if+%0D%0A++++++++++++break%0D%0A++++++++case+%22find+orphaned%22+%26%26+quote+%26+%22put%22+%26+quote+%26%26+%22statements%22%0D%0A++++++++++++findOrphanPut%0D%0A++++++++++++break%0D%0A++++++++case+%22Case+sensitive+searching%22%0D%0A++++++++++++set+the+cCaseSensitive+of+this+stack+to+not%28the+cCaseSensitive+of+this+stack%29%0D%0A++++++++++++break%0D%0A++++++++case+%22whole+word+searching%22%0D%0A++++++++++++set+the+cWholeWord+of+this+stack+to+not%28the+cWholeWord+of+this+stack%29%0D%0A++++++++++++break%0D%0A++++++++case+%22show+object+in+app+browser%22%0D%0A++++++++++++modeless+stack+%22revApplicationOverview%22%0D%0A++++++++++++break%0D%0A++++++++case+%22show+object+in+projects%22%0D%0A++++++++++++put+the+cObjectID+of+this+cd+into+tObjectID%0D%0A++++++++++++send+%22glxShowObjectID+tObjectID%22+to+stack+%22revGalaxy+projects%22%0D%0A++++++++++++break%0D%0A++++++++case+%22find+selection%2Fagain%22%0D%0A++++++++++++local+tChars2Skip%0D%0A++++++++++++local+tOffset%0D%0A++++++++++++lock+screen%0D%0A++++++++++++put+the+cSelectedChunk+of+fld+%22code+storage%22+into+tChunk%0D%0A++++++++++++put+word+4+of+tChunk+into+tChars2Skip%0D%0A++++++++++++put+the+selectedtext+into+tSelection%0D%0A++++++++++++if+tSelection+is+empty+then%0D%0A++++++++++++++++put+gGlx2LastFind+into+tSelection%0D%0A++++++++++++else%0D%0A++++++++++++++++put+tSelection+into+gGlx2LastFind%0D%0A++++++++++++end+if%0D%0A++++++++++++put+gGlx2LastFind+into+fld+%22find%22%0D%0A++++++++++++put+offset%28tSelection%2Cfld+%22code+storage%22%2CtChars2Skip%29+into+tOffset%0D%0A++++++++++++if+tOffset+is+not+zero+then%0D%0A++++++++++++++++add+tChars2Skip+to+tOffset%0D%0A++++++++++++++++select+char+tOffset+to+%28tOffset%2B%28the+length+of+tSelection-1%29%29+of+fld+%22code+storage%22%0D%0A++++++++++++++++set+the+cSelectedChunk+of+fld+%22code+storage%22+to+the+selectedchunk%0D%0A++++++++++++else%0D%0A++++++++++++++++put+0+into+tChars2Skip%0D%0A++++++++++++++++put+offset%28tSelection%2Cfld+%22code+storage%22%29+into+tOffset%0D%0A++++++++++++++++if+tOffset+is+not+zero+then%0D%0A++++++++++++++++++++select+char+tOffset+to+%28tOffset%2B%28the+length+of+tSelection-1%29%29+of+fld+%22code+storage%22%0D%0A++++++++++++++++++++set+the+cSelectedChunk+of+fld+%22code+storage%22+to+the+selectedchunk%0D%0A++++++++++++++++end+if%0D%0A++++++++++++end+if%0D%0A++++++++++++unlock+screen%0D%0A++++++++++++break%0D%0A++++++++case+%22go+to+line...%22%0D%0A++++++++++++local+tBracketType%0D%0A++++++++++++local+tResult%0D%0A++++++++++++local+tAnswer%0D%0A++++++++++++if+the+shiftkey+is+down+then%0D%0A++++++++++++++++put+%22lock+screen%22+into+tBracketType%0D%0A++++++++++++++++lock+screen%0D%0A++++++++++++++++send+%22doBracket+tBracketType%22+to+btn+%22script%22%0D%0A++++++++++++++++unlock+screen%0D%0A++++++++++++++++exit+menuPick%0D%0A++++++++++++end+if%0D%0A++++++++++++setGLX2AppIcons%0D%0A++++++++++++ask+%22Enter+the+line+number%3A%22+with+gGlx2LastGoLineNo+as+sheet%0D%0A++++++++++++put+the+result+into+tResult%0D%0A++++++++++++put+it+into+tAnswer%0D%0A++++++++++++setREVAppIcons%0D%0A++++++++++++if+the+result+is+not+%22cancel%22+then%0D%0A++++++++++++++++if+the+isnumber+of+tAnswer+is+true+then%0D%0A++++++++++++++++++++lock+screen%0D%0A++++++++++++++++++++put+tAnswer+into+gGlx2LastGoLineNo%0D%0A++++++++++++++++++++put+tAnswer+into+tLineNo%0D%0A++++++++++++++++++++if+tLineNo+is+an+integer+then%0D%0A++++++++++++++++++++++++send+%22doSelectLine+tLineNo%22+to+me+in+10+millisecs%0D%0A++++++++++++++++++++end+if%0D%0A++++++++++++++++++++unlock+screen%0D%0A++++++++++++++++end+if%0D%0A++++++++++++end+if%0D%0A++++++++++++break%0D%0A++++++++case+%22edit+props+of+owner%22%0D%0A++++++++++++put+the+cObjectID+of+this+cd+into+tObjectID%0D%0A++++++++++++put+the+long+owner+of+tObjectID+into+tOwner%0D%0A++++++++++++send+%22revBuildPropertyPalette+tOwner%22+to+stack+%22revTemplatePalette%22+%23+NOT+LINKED%21++++++++++++%0D%0A++++++++++++break%0D%0A++++++++case+%22edit+props+of+this+object%22%0D%0A++++++++++++put+the+cObjectID+of+this+cd+into+tObjectID%0D%0A++++++++++++send+%22revBuildPropertyPalette+tObjectID%22+to+stack+%22revTemplatePalette%22+%23+NOT+LINKED%21++++++++++++%0D%0A++++++++++++break%0D%0A++++++++case+%22editz+scriptz+of+ownerz%22%0D%0A++++++++case+%22edit+script+of+owner%22%0D%0A++++++++++++put+the+cObjectID+of+this+cd+into+tObjectID%0D%0A++++++++++++put+the+long+owner+of+tObjectID+into+tOwner%0D%0A++++++++++++--IF+the+short+name+of+tOwner+is+not+%22home%22+tN%0D%0A++++++++++++edit+the+script+of+tOwner+++%0D%0A++++++++++++--END+IF%0D%0A++++++++++++break%0D%0A++++++++case+%22Find+%26+Replace%22%0D%0A++++++++case+%22FindzReplacez%22%0D%0A++++++++case+%22Go+%26+Find%22%0D%0A++++++++++++if+glx2IsThisModifierSetActive%28%22shift%22%29+is+true+then%0D%0A++++++++++++++++GoFindAndReplace%0D%0A++++++++++++++++--+put+%22find+and+replace...%22+into+tPick%0D%0A++++++++++++++++--+if+there+is+a+button+%22edit%22+of+stack+tMenuBar+then%0D%0A++++++++++++++++--+send+%22menuPick+tPick%22+to+btn+%22edit%22+of+stack+tMenubar%0D%0A++++++++++++++++--+end+if%0D%0A++++++++++++else%0D%0A++++++++++++++++lock+screen%0D%0A++++++++++++++++if+the+visible+of+grp+%22find%22+is+false+then%0D%0A++++++++++++++++++++send+%22simMouseUp%22+to+btn+%22search+mode%22%0D%0A++++++++++++++++end+if%0D%0A++++++++++++++++focus+on+fld+%22find%22%0D%0A++++++++++++++++select+char+1+to+-1+of+fld+%22find%22%0D%0A++++++++++++++++unlock+screen%0D%0A++++++++++++++++exit+to+top%0D%0A++++++++++++end+if%0D%0A++++++++++++break%0D%0A++++++++case+%22Fancy+Find+%26+Replace%22+%0D%0A++++++++++++modal+stack+%22revGLX2+Find+dialog%22%0D%0A++++++++++++break%0D%0A++++++++case+%22global+find+%26+replace...%22%0D%0A++++++++++++GoFindAndReplace%0D%0A++++++++++++--+put+%22find+and+replace...%22+into+tPick%0D%0A++++++++++++--+if+there+is+a+button+%22edit%22+of+stack+tMenuBar+then%0D%0A++++++++++++--+send+%22menuPick+tPick%22+to+btn+%22edit%22+of+stack+tMenubar%0D%0A++++++++++++--+end+if%0D%0A++++++++++++break%0D%0A++++end+SWITCH%0D%0Aend+menuPick%0D%0A%0D%0Aprivate+command+GoFindAndReplace%0D%0A++++local+tMenuBar%0D%0A++++local+tPick%0D%0A++++%0D%0A++++put+glx2GetIDEStackName%28%22revmenubar%22%29+into+tMenuBar%0D%0A++++put+%22find+and+replace...%22+into+tPick%0D%0A++++if+there+is+a+button+%22edit%22+of+stack+tMenuBar+then%0D%0A++++++++send+%22menuPick+tPick%22+to+btn+%22edit%22+of+stack+tMenubar%0D%0A++++end+if%0D%0Aend+GoFindAndReplace%0D%0A%0D%0Aon+doSelectLine+pLineNo%0D%0A++++local+tFldName%0D%0A++++local+setAtTop%0D%0A++++%0D%0A++++lock+screen%0D%0A++++lock+messages%0D%0A++++go+to+stack+%22revGLX2+code%22%0D%0A++++put+%22code+storage%22+into+tFldName%0D%0A++++select+line+pLineNo+of+fld+tFldName%0D%0A++++put+false+into+setAtTop%0D%0A++++glx2SetScroll+tFldName%2CpLineNo%2CsetAtTop%0D%0A++++set+the+cSelectedChunk+of+fld+%22code+storage%22+to+the+selectedchunk%0D%0A++++unlock+screen%0D%0A++++unlock+messages%0D%0Aend+doSelectLine%0D%0A" )</script>
</button>
