<button name="tab menu" id="461055">
<traversalOn>true</traversalOn>
<ink>srcCopy</ink>
<threeD>true</threeD>
<hiliteBorder>true</hiliteBorder>
<blendLevel>0</blendLevel>
<rect>324,119,426,141</rect>
<mnemonic>0</mnemonic>
<armFill>false</armFill>
<visitedIcon>0</visitedIcon>
<showName>true</showName>
<showIcon>false</showIcon>
<colors>urldecode( "0%2C0%2C0%0D%0A250%2C250%2C250%0D%0A%0D%0A%0D%0A%0D%0A%0D%0A%0D%0A" )</colors>
<hilited>false</hilited>
<sharedHilite>true</sharedHilite>
<shadow>false</shadow>
<textAlign>center</textAlign>
<armed>false</armed>
<menuMouseButton>1</menuMouseButton>
<id>461055</id>
<altId>0</altId>
<labelWidth>0</labelWidth>
<armedIcon>0</armedIcon>
<textStyle>plain</textStyle>
<lockLoc>false</lockLoc>
<visited>false</visited>
<showHilite>false</showHilite>
<autoHilite>true</autoHilite>
<style>menu</style>
<disabledIcon>0</disabledIcon>
<armBorder>true</armBorder>
<name>button "tab menu"</name>
<icon>0</icon>
<layer>105</layer>
<visible>false</visible>
<cantSelect>false</cantSelect>
<borderWidth>2</borderWidth>
<menuLines>5</menuLines>
<margins>4</margins>
<opaque>true</opaque>
<text>urldecode( "Edit+Props+of+this+Object%0D%0A%09Basic+Properties%0D%0A%09-%0D%0A%09Colors+%26%26+Patterns%0D%0A%09Custom+Properties%0D%0A%09Database%0D%0A%09Geometry%0D%0A%09Blending%0D%0A%09Property+Profiles%0D%0A%09Size+%26%26+Position%0D%0A%09Text+Formatting%0D%0A-%0D%0AEdit+Props+of+Owner%0D%0A%09Basic+Properties%0D%0A%09-%0D%0A%09Colors+%26%26+Patterns%0D%0A%09Custom+Properties%0D%0A%09Database%0D%0A%09Geometry%0D%0A%09Blending%0D%0A%09Property+Profiles%0D%0A%09Size+%26%26+Position%0D%0A%09Text+Formatting%0D%0AEdit+Script+of+Owner%0D%0A-%0D%0AShow+Object+in+App+Browser%0D%0AShow+Script+Statistics%0D%0A-%0D%0AGo+to+Parent+Stack" )</text>
<shadowOffset>4</shadowOffset>
<default>false</default>
<hiliteFill>true</hiliteFill>
<showBorder>true</showBorder>
<textSize>11</textSize>
<hiliteIcon>0</hiliteIcon>
<disabled>false</disabled>
<autoArm>false</autoArm>
<menuMode>popup</menuMode>
<family>0</family>
<textFont>Arial</textFont>
<hoverIcon>0</hoverIcon>
<showFocusBorder>true</showFocusBorder>
<menuHistory>1</menuHistory>
<custompropertyset name= "cGlx2TimeStamp">
<checksum>urldecode( "1%A1%5B%F1k%BA%93i%80%88S%C1%CFG%7E%27" )</checksum>
</custompropertyset>
<script>urldecode( "--%3E+variables+%26+constants%0D%0A%0D%0Aglobal+gGlx2LastGoLineNo%2CgGlx2LastFind%0D%0A%0D%0A--%3E+all+handlers%0D%0A%0D%0Aon+menuPick+theFullMenuItem%0D%0A++++set+the+itemdel+to+%22%7C%22%0D%0A++++put+item+1+of+theFullMenuItem+into+pChosen%0D%0A++++put+item+2+of+theFullMenuItem+into+pSubChosen%0D%0A++++set+the+itemdel+to+comma%0D%0A++++put+the+cTabName+of+me+into+theTabName%0D%0A++++lock+screen%0D%0A++++set+the+showborder+of+theTabName+to+false%0D%0A++++unlock+screen%0D%0A++++put+the+cCdNo+of+theTabName+into+theCdNo+%0D%0A++++switch+pChosen%0D%0A++++++++case+%22Show+Script+Statistics%22%0D%0A++++++++++++set+the+cursor+to+watch%0D%0A++++++++++++put+the+cObjectID+of+cd+theCdNo+into+theObjectID%0D%0A++++++++++++put+the+name+of+theObjectID+into+theObjectName%0D%0A++++++++++++send+%22doScriptInfo+theObjectID%2CtheObjectName%22+to+stack+%22revGLX2+script+info%22%0D%0A++++++++++++break%0D%0A++++++++case+%22Go+to+Parent+Stack%22%0D%0A++++++++++++put+the+cObjectID+of+cd+theCdNo+into+theObjectID%0D%0A++++++++++++try%0D%0A++++++++++++++++put+glx2GetImmediateParentStackName%28theObjectID%29+into+theStackName%0D%0A++++++++++++++++show+stack+theStackName%0D%0A++++++++++++++++toplevel+stack+theStackName%0D%0A++++++++++++++++if+the+topleft+of+stack+theStackName+is+not+within+the+screenrect+or+%5C%0D%0A++++++++++++++++++++++++the+bottomright+of+stack+theStackName+is+not+within+the+the+screenrect+then%0D%0A++++++++++++++++++++set+the+loc+of+stack+theStackName+to+the+screenloc%0D%0A++++++++++++++++else%0D%0A+++++++++++++++++++++%0D%0A++++++++++++++++end+if%0D%0A++++++++++++catch+e%0D%0A++++++++++++end+try%0D%0A++++++++++++break%0D%0A++++++++case+%22show+object+in+app+browser%22%0D%0A++++++++++++lock+screen%0D%0A++++++++++++put+the+cObjectID+of+cd+theCdNo+into+theObjectID%0D%0A++++++++++++if+the+cUseVAB+of+stack+%22revGLX2+code%22+is+true+then%0D%0A++++++++++++++++show+stack+%22revGLX2+vab%22%0D%0A++++++++++++++++go+to+stack+%22revGLX2+vab%22%0D%0A++++++++++++++++set+the+hilited+of+btn+%22stacks%22+of+stack+%22revGLX2+vab%22+to+true%0D%0A++++++++++++++++set+the+hilited+of+btn+%22card+controls%22+of+stack+%22revGLX2+vab%22+to+false%0D%0A++++++++++++++++put+true+into+doSimMouseUp%0D%0A++++++++++++++++send+%22mouseUp+1%2CdoSimMouseUp%22+to+btn+%22stacks%22+of+stack+%22revGLX2+vab%22%0D%0A++++++++++++++++put+glx2GetImmediateParentStackName%28theObjectID%29+into+theStackName%0D%0A++++++++++++++++put+the+long+id+of+stack+theStackName+into+theStackObjectID%0D%0A++++++++++++++++put+lineoffset%28tab+%26+theStackObjectID%2Cfld+%22work+spaces%22+of+stack+%22revGLX2+vab%22%29+into+theStackLineNo%0D%0A++++++++++++++++if+theStackLineNo+is+not+zero+then%0D%0A++++++++++++++++++++set+the+hilitedline+of+fld+%22work+spaces%22+of+stack+%22revGLX2+vab%22+to+theStackLineNo%0D%0A++++++++++++++++++++set+the+chilitedline+of+fld+%22work+spaces%22+of+stack+%22revGLX2+vab%22+to+theStackLineNo%0D%0A++++++++++++++++++++send+%22mouseUp+1%22+to+fld+%22work+spaces%22+of+stack+%22revGLX2+vab%22%0D%0A++++++++++++++++++++set+the+hilited+of+btn+%22stacks%22+of+stack+%22revGLX2+vab%22+to+false%0D%0A++++++++++++++++++++set+the+hilited+of+btn+%22card+controls%22+of+stack+%22revGLX2+vab%22+to+true%0D%0A++++++++++++++++++++put+true+into+doSimMouseUp%0D%0A++++++++++++++++++++send+%22mouseUp+1%2CdoSimMouseUp%22+to+btn+%22card+controls%22+of+stack+%22revGLX2+vab%22%0D%0A++++++++++++++++++++put+offset%28%22card+id+%22%2CtheObjectID%29+into+theCardOffset%0D%0A++++++++++++++++++++if+theCardOffset+is+not+zero+then%0D%0A++++++++++++++++++++++++put+char+theCardOffset+to+-1+of+theObjectID+into+theCdObjectID%0D%0A++++++++++++++++++++++++put+the+number+of+theCdObjectID+into+theCdNo%0D%0A++++++++++++++++++++++++put+theCdNo+%26%26+%22-%22+%26%26+the+short+name+of+theCdObjectID+into+theCdMenuItem%0D%0A++++++++++++++++++++++++send+%22menuPick+theCdMenuItem%22+to+btn+%22preview+menu%22+of+stack+%22revGLX2+vab%22%0D%0A++++++++++++++++++++++++put+lineoffset%28tab+%26+theObjectID%2Cfld+%22card+controls%22+of+stack+%22revGLX2+vab%22%29+into+theControlLineNo%0D%0A++++++++++++++++++++++++if+theControlLineNo+is+not+zero+then%0D%0A++++++++++++++++++++++++++++send+%22doMouseUp+1%2CtheControlLineNo%22+to+fld+%22card+controls%22+of+stack+%22revGLX2+vab%22+%0D%0A++++++++++++++++++++++++else%0D%0A++++++++++++++++++++++++++++beep%0D%0A++++++++++++++++++++++++++++put+theObjectID%0D%0A++++++++++++++++++++++++end+if%0D%0A++++++++++++++++++++else%0D%0A++++++++++++++++++++++++beep%0D%0A++++++++++++++++++++end+if%0D%0A++++++++++++++++else%0D%0A++++++++++++++++++++beep%0D%0A++++++++++++++++end+if%0D%0A++++++++++++else%0D%0A++++++++++++++++modeless+stack+%22revApplicationOverview%22%0D%0A++++++++++++end+if%0D%0A++++++++++++unlock+screen%0D%0A++++++++++++break%0D%0A++++++++case+%22show+object+in+projects%22%0D%0A++++++++++++set+the+cursor+to+watch%0D%0A++++++++++++put+the+cObjectID+of+cd+theCdNo+into+theObjectID%0D%0A++++++++++++send+%22glxShowObjectID+theObjectID%22+to+stack+%22revGalaxy+projects%22%0D%0A++++++++++++break%0D%0A++++++++case+%22edit+props+of+this+object%22%0D%0A++++++++++++put+the+cObjectID+of+of+cd+theCdNo+into+theObjectID%0D%0A++++++++++++put+pSubChosen+into+thePropertyPane%0D%0A++++++++++++lock+screen%0D%0A++++++++++++glx2EditProps+theObjectID%0D%0A++++++++++++glx2NavPropInspector+theObjectID%2CthePropertyPane%0D%0A++++++++++++unlock+screen%0D%0A++++++++++++--+send+%22revBuildPropertyPalette+theObjectID%22+to+stack+%22revTemplatePalette%22+%23+NOT+LINKED%21++++++++++++%0D%0A++++++++++++break%0D%0A++++++++case+%22edit+props+of+owner%22%0D%0A++++++++++++put+the+cObjectID+of+cd+theCdNo+into+theObjectID%0D%0A++++++++++++put+the+long+owner+of+theObjectID+into+theOwnerObjectID%0D%0A++++++++++++put+the+long+id+of+theOwnerObjectID+into+theOwnerObjectID%0D%0A++++++++++++put+pSubChosen+into+thePropertyPane%0D%0A++++++++++++lock+screen%0D%0A++++++++++++glx2EditProps+theOwnerObjectID%0D%0A++++++++++++glx2NavPropInspector+theOwnerObjectID%2CthePropertyPane%0D%0A++++++++++++unlock+screen%0D%0A++++++++++++--+send+%22revBuildPropertyPalette+theOwner%22+to+stack+%22revTemplatePalette%22+%23+NOT+LINKED%21++++++++++++%0D%0A++++++++++++break%0D%0A++++++++case+%22edit+script+of+owner%22%0D%0A++++++++++++put+the+cObjectID+of+cd+theCdNo+into+theObjectID%0D%0A++++++++++++put+the+long+owner+of+theObjectID+into+theOwner%0D%0A++++++++++++put+the+long+id+of+theOwner+into+theOwner%0D%0A++++++++++++--IF+the+short+name+of+theOwner+is+not+%22home%22+THEN%0D%0A++++++++++++edit+the+script+of+theOwner+++%0D%0A++++++++++++--END+IF%0D%0A++++++++++++break%0D%0A++++end+SWITCH%0D%0Aend+menuPick%0D%0A" )</script>
</button>
