<button name="folder menu" id="1181558">
<traversalOn>true</traversalOn>
<ink>srcCopy</ink>
<threeD>true</threeD>
<hiliteBorder>true</hiliteBorder>
<blendLevel>0</blendLevel>
<rect>331,310,433,332</rect>
<mnemonic>0</mnemonic>
<armFill>false</armFill>
<visitedIcon>0</visitedIcon>
<showName>true</showName>
<showIcon>false</showIcon>
<hilited>false</hilited>
<sharedHilite>true</sharedHilite>
<shadow>false</shadow>
<textAlign>center</textAlign>
<armed>false</armed>
<menuMouseButton>1</menuMouseButton>
<id>1181558</id>
<altId>0</altId>
<labelWidth>0</labelWidth>
<armedIcon>0</armedIcon>
<lockLoc>false</lockLoc>
<visited>false</visited>
<showHilite>false</showHilite>
<autoHilite>true</autoHilite>
<style>menu</style>
<disabledIcon>0</disabledIcon>
<armBorder>true</armBorder>
<name>button "folder menu"</name>
<icon>0</icon>
<layer>1</layer>
<visible>false</visible>
<cantSelect>false</cantSelect>
<borderWidth>2</borderWidth>
<menuLines>5</menuLines>
<margins>4</margins>
<opaque>true</opaque>
<text>urldecode( "Fold+All+Handlers%0D%0AUn-Fold+All+Handlers" )</text>
<shadowOffset>4</shadowOffset>
<default>false</default>
<hiliteFill>true</hiliteFill>
<showBorder>true</showBorder>
<hiliteIcon>0</hiliteIcon>
<disabled>false</disabled>
<autoArm>false</autoArm>
<menuMode>popup</menuMode>
<family>0</family>
<hoverIcon>0</hoverIcon>
<showFocusBorder>true</showFocusBorder>
<menuHistory>1</menuHistory>
<custompropertyset name= "cGlx2TimeStamp">
<checksum>urldecode( "%94%2C%DAm%18%88%FC%A3%C0I45%BD%C24%FE" )</checksum>
</custompropertyset>
<script>urldecode( "ON+menuPick+pChosen%0D%0A++++lock+screen%0D%0A++++SWITCH+pChosen%0D%0A++++++++CASE+%22Un-Fold+All+Handlers%22%0D%0A++++++++++++send+%22openAllHandlers%22+to+me+in+10+millisecs%0D%0A++++++++++++unlock+cursor%0D%0A++++++++++++break%0D%0A++++++++CASE+%22Fold+All+Handlers%22%0D%0A++++++++++++send+%22closeAllHandlers%22+to+me+in+10+millisecs%0D%0A++++++++++++unlock+cursor%0D%0A++++++++++++break%0D%0A++++END+SWITCH%0D%0A++++unlock+screen%0D%0AEND+menuPick%0D%0A" )</script>
</button>
