<button name="Palette" id="1042">
<traversalOn>true</traversalOn>
<ink>srcCopy</ink>
<threeD>true</threeD>
<hiliteBorder>false</hiliteBorder>
<blendLevel>0</blendLevel>
<rect>196,36,260,59</rect>
<mnemonic>0</mnemonic>
<armFill>false</armFill>
<visitedIcon>0</visitedIcon>
<showName>true</showName>
<showIcon>false</showIcon>
<hilited>true</hilited>
<sharedHilite>true</sharedHilite>
<shadow>false</shadow>
<textAlign>left</textAlign>
<armed>false</armed>
<menuMouseButton>1</menuMouseButton>
<id>1042</id>
<altId>0</altId>
<labelWidth>0</labelWidth>
<armedIcon>0</armedIcon>
<lockLoc>false</lockLoc>
<visited>false</visited>
<showHilite>false</showHilite>
<autoHilite>true</autoHilite>
<style>checkbox</style>
<disabledIcon>0</disabledIcon>
<armBorder>true</armBorder>
<name>button "Palette"</name>
<icon>0</icon>
<layer>14</layer>
<visible>true</visible>
<cantSelect>false</cantSelect>
<borderWidth>2</borderWidth>
<menuLines>5</menuLines>
<margins>4</margins>
<opaque>false</opaque>
<shadowOffset>4</shadowOffset>
<default>false</default>
<hiliteFill>true</hiliteFill>
<showBorder>false</showBorder>
<hiliteIcon>0</hiliteIcon>
<disabled>false</disabled>
<autoArm>false</autoArm>
<family>0</family>
<hoverIcon>0</hoverIcon>
<showFocusBorder>true</showFocusBorder>
<menuHistory>1</menuHistory>
<custompropertyset name= "cGlx2TimeStamp">
<checksum>urldecode( "%EE%84L%2C%80%FArP%5E%C3mg%98%C0dP" )</checksum>
</custompropertyset>
<script>urldecode( "--%3E+all+handlers%0D%0A%0D%0Aon+mouseUp+pMouseBtnNo%0D%0A++++if+pMouseBtnNo+is+1+then%0D%0A++++++++lock+screen%0D%0A++++++++if+the+hilite+of+me+then%0D%0A++++++++++++set+the+style+of+this+stack+to+%22palette%22%0D%0A++++++++++++set+the+scrollbarwidth+of+fld+%22results%22+to+12%0D%0A++++++++++++set+the+cSnapshotIsPalette+of+stack+%22revGLX2+code%22+to+true+%0D%0A++++++++else%0D%0A++++++++++++set+the+style+of+this+stack+to+%22modeless%22%0D%0A++++++++++++set+the+scrollbarwidth+of+fld+%22results%22+to+16%0D%0A++++++++++++set+the+cSnapshotIsPalette+of+stack+%22revGLX2+code%22+to+true+%0D%0A++++++++end+if%0D%0A++++++++unlock+screen%0D%0A++++end+if%0D%0A++++glx2SavePrefs%0D%0Aend+mouseUp%0D%0A" )</script>
</button>
