<button name="Use Chalkboard Motif" id="1023">
<traversalOn>true</traversalOn>
<ink>srcCopy</ink>
<threeD>true</threeD>
<hiliteBorder>false</hiliteBorder>
<blendLevel>0</blendLevel>
<rect>209,74,339,97</rect>
<mnemonic>0</mnemonic>
<armFill>false</armFill>
<visitedIcon>0</visitedIcon>
<showName>true</showName>
<showIcon>false</showIcon>
<hilited>false</hilited>
<sharedHilite>true</sharedHilite>
<shadow>false</shadow>
<textAlign>left</textAlign>
<armed>false</armed>
<menuMouseButton>1</menuMouseButton>
<id>1023</id>
<altId>0</altId>
<labelWidth>0</labelWidth>
<armedIcon>0</armedIcon>
<lockLoc>false</lockLoc>
<visited>false</visited>
<showHilite>false</showHilite>
<autoHilite>true</autoHilite>
<style>checkbox</style>
<disabledIcon>0</disabledIcon>
<armBorder>true</armBorder>
<name>button "Use Chalkboard Motif"</name>
<icon>0</icon>
<layer>10</layer>
<visible>true</visible>
<cantSelect>false</cantSelect>
<borderWidth>2</borderWidth>
<menuLines>5</menuLines>
<margins>3,5,4,4</margins>
<opaque>false</opaque>
<shadowOffset>4</shadowOffset>
<default>false</default>
<hiliteFill>true</hiliteFill>
<showBorder>false</showBorder>
<hiliteIcon>0</hiliteIcon>
<disabled>false</disabled>
<autoArm>false</autoArm>
<family>0</family>
<hoverIcon>0</hoverIcon>
<showFocusBorder>true</showFocusBorder>
<menuHistory>1</menuHistory>
<custompropertyset name= "cGlx2TimeStamp">
<checksum>urldecode( "t72%84%12%DEC%7B%8A.jhz%B1%8B%F0" )</checksum>
</custompropertyset>
<script>urldecode( "--%3E+all+handlers%0D%0A%0D%0Aon+mouseUp+pMouseBtnNo%0D%0A++++put+the+mainstack+of+this+stack+into+theParentStack%0D%0A++++if+the+hilited+of+me+is+true+then%0D%0A++++++++put+%22chalkboard%22+into+theMotif%0D%0A++++++++set+the+cVabUseChalkboardColors+of+stack+theParentStack+to+true%0D%0A++++else%0D%0A++++++++put+%22alabaster%22+into+theMotif%0D%0A++++++++set+the+cVabUseChalkboardColors+of+stack+theParentStack+to+false%0D%0A++++end+if%0D%0A++++send+%22glx2SavePrefs%22+to+stack+theParentStack%0D%0A++++lock+screen%0D%0A++++put+the+short+name+of+this+stack+into+theDefStack%0D%0A++++set+the+defaultstack+to+%22revGLX2+vab%22%0D%0A++++send+%22toggleMotif+theMotif%22+to+stack+%22revGLX2+vab%22%0D%0A++++put+the+cQTEffect+of+stack+%22revGLX2+Code%22+into+theEffect%0D%0A++++put+the+systemversion+into+theOSVersion%0D%0A++++set+the+itemdel+to+%22.%22%0D%0A++++if+the+platform+is+%22macos%22+then%0D%0A++++++++if+item+1+of+theOSVersion+%3E%3D+10+and+item+2+of+theOSVersion+%3E%3D+4+then%0D%0A++++++++++++if+%22implode%22+is+among+the+lines+of+the+qteffects+and+the+shiftkey+is+up+then%0D%0A++++++++++++++++if+the+processor+is+%22Motorola+PowerPC%22+then%0D%0A++++++++++++++++++++unlock+screen+with+visual+theEffect%0D%0A++++++++++++++++else%0D%0A++++++++++++++++++++unlock+screen+with+visual+theEffect+slow%0D%0A++++++++++++++++end+if%0D%0A++++++++++++else%0D%0A++++++++++++++++unlock+screen+with+visual+dissolve+very+fast%0D%0A++++++++++++end+if%0D%0A++++++++else%0D%0A++++++++++++unlock+screen+with+visual+dissolve+very+fast%0D%0A++++++++end+if%0D%0A++++else%0D%0A++++++++unlock+screen%0D%0A++++end+if%0D%0A++++set+the+defaultstack+to+theDefStack%0D%0Aend+mouseUp%0D%0A" )</script>
</button>
