<button name="Override" id="1036">
<traversalOn>true</traversalOn>
<ink>srcCopy</ink>
<threeD>true</threeD>
<hiliteBorder>false</hiliteBorder>
<blendLevel>0</blendLevel>
<rect>20,471,259,492</rect>
<mnemonic>0</mnemonic>
<armFill>false</armFill>
<visitedIcon>0</visitedIcon>
<showName>true</showName>
<showIcon>false</showIcon>
<hilited>false</hilited>
<sharedHilite>true</sharedHilite>
<shadow>false</shadow>
<textAlign>left</textAlign>
<armed>false</armed>
<menuMouseButton>1</menuMouseButton>
<id>1036</id>
<altId>0</altId>
<labelWidth>0</labelWidth>
<armedIcon>0</armedIcon>
<lockLoc>false</lockLoc>
<visited>false</visited>
<showHilite>false</showHilite>
<label>Override All View Prefs with My Defaults</label>
<autoHilite>true</autoHilite>
<style>checkbox</style>
<disabledIcon>0</disabledIcon>
<armBorder>true</armBorder>
<name>button "Override"</name>
<icon>0</icon>
<layer>50</layer>
<visible>false</visible>
<cantSelect>false</cantSelect>
<borderWidth>2</borderWidth>
<menuLines>5</menuLines>
<margins>3,4,4,4</margins>
<opaque>false</opaque>
<shadowOffset>4</shadowOffset>
<default>false</default>
<hiliteFill>true</hiliteFill>
<showBorder>false</showBorder>
<hiliteIcon>0</hiliteIcon>
<disabled>false</disabled>
<autoArm>false</autoArm>
<family>0</family>
<hoverIcon>0</hoverIcon>
<showFocusBorder>true</showFocusBorder>
<menuHistory>1</menuHistory>
<custompropertyset name= "cGlx2TimeStamp">
</custompropertyset>
<script>urldecode( "--%3E+all+handlers%0D%0A%0D%0Aon+mouseUp+pMouseBtnNo%0D%0A++++put+the+mainstack+of+this+stack+into+theParentStack++++++++%0D%0A++++set+the+cOverrideAllViewPrefs+of+stack+theParentStack+to+the+hilited+of+me+%0D%0A++++glx2SavePrefs%0D%0Aend+mouseUp%0D%0A" )</script>
</button>
