<image name="expanded constants" id="103882">
<traversalOn>false</traversalOn>
<palindromeFrames>false</palindromeFrames>
<ink>srcCopy</ink>
<threeD>true</threeD>
<blendLevel>0</blendLevel>
<rect>182,46,198,62</rect>
<angle>0</angle>
<yHot>1</yHot>
<id>103882</id>
<altId>0</altId>
<frameCount>0</frameCount>
<constantMask>false</constantMask>
<lockLoc>false</lockLoc>
<repeatCount>0</repeatCount>
<size>815</size>
<name>image "expanded constants"</name>
<hotSpot>1,1</hotSpot>
<alwaysBuffer>true</alwaysBuffer>
<layer>14</layer>
<dontDither>false</dontDither>
<visible>false</visible>
<cantSelect>false</cantSelect>
<borderWidth>2</borderWidth>
<opaque>false</opaque>
<currentFrame>1</currentFrame>
<showBorder>false</showBorder>
<disabled>false</disabled>
<xHot>1</xHot>
<showFocusBorder>true</showFocusBorder>
<custompropertyset name= "cGlx2TimeStamp">
</custompropertyset>
<imagedata>urldecode( "%00%C1%C0%F1%00%C1%C0%F1%00%C1%C0%F1%00%C1%C0%F1%00%C1%C0%F1%00%C1%C0%F1%00%C1%C0%F1%00%C1%C0%F1%00%C1%C0%F1%00%C1%C0%F1%00%C1%C0%F1%00%C1%C0%F1%00%C1%C0%F1%00%C1%C0%F1%00%C1%C0%F1%00%C1%C0%F1%00%C1%C0%F1%00%C1%C0%F1%00%C1%C0%F1%00%C1%C0%F1%00%C1%C0%F1%00%B0%AF%D9%00%B7%B6%DB%00%C1%C1%DD%00%BB%BD%D7%00%A9%A9%C7%00%9B%98%B7%00%A4%A2%BE%00%C1%C0%F1%00%C1%C0%F1%00%C1%C0%F1%00%C1%C0%F1%00%C1%C0%F1%00%C1%C0%F1%00%C1%C0%F1%00%D1%CF%FE%00%C4%CA%EA%00%E6%F4%F9%00%FF%FF%FF%00%FF%FF%FF%00%F9%FF%FF%00%F2%FF%FF%00%D6%EE%F3%00%A7%AF%C3%00%A4%A2%BB%00%C1%C0%F1%00%C1%C0%F1%00%C1%C0%F1%00%C1%C0%F1%00%C1%C0%F1%00%D3%D1%FF%00%CA%D9%F1%00%E7%FF%FF%00%ED%FF%FF%00%F4%FF%FF%00%FD%FE%FE%00%F3%FF%FF%00%E8%FF%FF%00%DF%FF%FF%00%D3%FA%FF%00%A4%B4%CA%00%9C%99%AD%00%C1%C0%F1%00%C1%C0%F1%00%C1%C0%F1%00%C6%C5%F1%00%BD%C6%EB%00%D1%F8%FF%00%DB%FF%FF%00%E5%FF%FF%00%F0%FF%FF%00%FD%FF%FF%00%F0%FF%FF%00%E3%FF%FF%00%D2%F5%FF%00%C0%E8%FF%00%B5%E6%FF%00%8F%9A%AF%00%90%8E%98%00%C1%C0%F1%00%C1%C0%F1%00%B5%B1%D7%00%B3%DC%FC%00%BC%E6%FF%00%C9%EF%FF%00%DA%FD%FF%00%F4%FF%FF%00%FB%FB%FB%00%F9%FA%FB%00%EC%FF%FF%00%BC%E8%FF%00%AC%DA%FF%00%A1%D2%FF%00%96%C2%F0%00%7Cw%82%00%C1%C0%F1%00%C1%C0%F1%00%AE%B5%DE%00%A1%D4%FF%00%A8%D7%FF%00%AF%DC%FF%00%D9%F3%FF%00%EA%E7%E5%00%D6%D6%D7%00%D7%D6%D6%00%E8%E4%E3%00%CA%E8%FF%00%96%CB%FF%00%99%CC%FF%00%9B%D3%FF%00%7C%81%8F%00%C1%C0%F1%00%C1%C0%F1%00%A7%B7%DF%00%98%CD%FF%00%98%CB%FF%00%92%CA%FF%00%EC%F4%FD%00%D8%D7%D6%00%C1%C0%F1%00%C1%C0%F1%00%E2%E1%E0%00%F4%F8%FC%00%B7%DB%FF%00%BB%DD%FF%00%AC%DA%FF%00%7F%8B%9C%00%C1%C0%F1%00%C1%C0%F1%00%A4%B4%DA%00%99%CE%FF%00%99%CC%FF%00%93%CA%FF%00%EB%F4%FF%00%DA%D8%D7%00%C1%C0%F1%00%C1%C0%F1%00%E9%E8%E7%00%00%93%00%00%00%91%00%00%00%8D%00%00%BC%E1%FF%00%7B%88%99%00%C1%C0%F1%00%C1%C0%F1%00%A3%AA%CC%00%99%D0%FF%00%99%CC%FF%00%97%CB%FF%00%C3%E4%FF%00%ED%E8%E8%00%DD%DC%DE%00%E5%E5%E6%00%EE%EC%EC%00%00%8F%00%00%91%F7%5E%00%00%89%00%00%C4%E8%FF%00%A7%A9%AD%00%C1%C0%F1%00%C1%C0%F1%00%9E%9A%B4%00%9B%C8%F9%00%A1%D3%FF%00%AC%DA%FF%00%BC%E7%FF%00%E8%FF%FF%00%FB%FE%FD%00%00%91%00%00%00%8D%00%00%00%8B%00%00%8D%F3Z%00%00%83%00%00%00%81%00%00%00%7D%00%00%C1%C0%F1%00%C1%C0%F1%00%A9%A7%C0%00%9E%AA%C7%00%B4%E5%FF%00%C0%E8%FF%00%D2%F5%FF%00%E2%FF%FF%00%F5%FF%FF%00%00%8D%00%00%91%F7%5E%00%8D%F3Z%00%86%ECS%00%7B%E1H%00x%DEE%00%00x%00%00%C1%C0%F1%00%C1%C0%F1%00%C1%C0%F1%00%A4%A1%BE%00%A7%B8%CD%00%D3%FB%FF%00%E0%FF%FF%00%E8%FF%FF%00%F6%FF%FF%00%00%87%00%00%00%85%00%00%00%81%00%00%7B%E1H%00%00z%00%00%00u%00%00%00p%00%00%C1%C0%F1%00%C1%C0%F1%00%C1%C0%F1%00%C1%C0%F1%00%99%97%B0%00%9C%A2%B1%00%D4%EB%ED%00%F5%FF%FF%00%FD%FF%FF%00%FF%FF%FF%00%FF%FF%FF%00%00%7D%00%00w%DDD%00%00r%00%00%C1%C0%F1%00%C1%C0%F1%00%C1%C0%F1%00%C1%C0%F1%00%C1%C0%F1%00%C1%C0%F1%00%C1%C0%F1%00%86%86%92%00vt%81%00%80%81%8B%00%91%93%99%00%8E%8F%95%00%A9%A9%AB%00%00u%00%00%00p%00%00%00m%00%00%C1%C0%F1%00%C1%C0%F1%00%C1%C0%F1%00%C1%C0%F1%00%C1%C0%F1%00%C1%C0%F1%00%C1%C0%F1%00%C1%C0%F1%00%C1%C0%F1%00%C1%C0%F1%00%C1%C0%F1%00%C1%C0%F1%00%C1%C0%F1%00%C1%C0%F1%00%C1%C0%F1%00%C1%C0%F1%00%C1%C0%F1%00%C1%C0%F1%00%C1%C0%F1" )</imagedata>
</image>
