<image name="i.png" id="700265">
<traversalOn>false</traversalOn>
<palindromeFrames>false</palindromeFrames>
<ink>srcCopy</ink>
<threeD>true</threeD>
<blendLevel>0</blendLevel>
<rect>337,95,345,107</rect>
<angle>0</angle>
<yHot>1</yHot>
<id>700265</id>
<altId>0</altId>
<frameCount>0</frameCount>
<constantMask>false</constantMask>
<lockLoc>false</lockLoc>
<repeatCount>0</repeatCount>
<size>337</size>
<name>image "i.png"</name>
<hotSpot>1,1</hotSpot>
<alwaysBuffer>true</alwaysBuffer>
<layer>141</layer>
<dontDither>false</dontDither>
<visible>true</visible>
<cantSelect>false</cantSelect>
<borderWidth>2</borderWidth>
<opaque>true</opaque>
<currentFrame>1</currentFrame>
<showBorder>false</showBorder>
<disabled>false</disabled>
<xHot>1</xHot>
<showFocusBorder>true</showFocusBorder>
<custompropertyset name= "cGlx2TimeStamp">
<checksum>urldecode( "%09Jh%CD%B5%23%3Fg%94%89%F7%DE%F2%B2%1C%9E" )</checksum>
</custompropertyset>
<imagedata>urldecode( "%00%60%60%60%00___%00bbb%00___%00aaa%00bbb%00___%00aaa%00bbb%00___%00___%00%D7%D7%D7%00%F4%F4%F4%00rrr%00%60%60%60%00%60%60%60%00___%00%60%60%60%00ddd%00%D3%D3%D3%00%F1%F1%F1%00uuu%00aaa%00___%00%60%60%60%00___%00___%00ddd%00___%00___%00bbb%00bbb%00bbb%00%A2%A2%A2%00%E7%E7%E7%00%E8%E8%E8%00%86%86%86%00___%00%5D%5D%5D%00%60%60%60%00___%00___%00%AA%AA%AA%00%FF%FF%FF%00%B2%B2%B2%00ddd%00___%00bbb%00ddd%00___%00%C7%C7%C7%00%FF%FF%FF%00%95%95%95%00___%00ddd%00%5E%5E%5E%00%60%60%60%00___%00%EF%EF%EF%00%FD%FD%FD%00kkk%00___%00aaa%00%60%60%60%00aaa%00rrr%00%FD%FD%FD%00%E8%E8%E8%00%60%60%60%00%60%60%60%00%60%60%60%00%60%60%60%00%60%60%60%00ddd%00%E9%E9%E9%00%F9%F9%F9%00%C5%C5%C5%00iii%00___%00%60%60%60%00aaa%00%60%60%60%00%60%60%60%00rrr%00%60%60%60%00ddd%00___%00aaa%00___%00bbb%00___%00eee%00aaa%00%5E%5E%5E%00%60%60%60%00___" )</imagedata>
<script>urldecode( "--%3E+all+handlers%0D%0A%0D%0Aon+mousedown%0D%0A++++put+btn+%22spaces+menu%22+into+theMenu%0D%0A++++replace+%22%21c%22+with+%22%22+in+theMenu%0D%0A++++switch+the+textsize+of+fld+%22work+spaces%22+of+grp+%22work+spaces+homey%22+%0D%0A++++++++case+11%0D%0A++++++++++++put+%22%21c%22+before+line+1+of+theMenu%0D%0A++++++++++++break%0D%0A++++++++case+12%0D%0A++++++++++++put+%22%21c%22+before+line+2+of+theMenu%0D%0A++++++++++++break%0D%0A++++++++case+13%0D%0A++++++++++++put+%22%21c%22+before+line+3+of+theMenu%0D%0A++++++++++++break%0D%0A++++end+switch%0D%0A++++put+theMenu+into+btn+%22spaces+menu%22%0D%0A++++send+%22doPopup%22+to+me+in+10+millisecs%0D%0Aend+mousedown%0D%0A%0D%0A---%7C---%0D%0A%0D%0Aon+doPopup%0D%0A++++put+the+bottom+of+me%2B3+into+item+2+of+theLoc%0D%0A++++put+the+left+of+me+into+item+1+of+theLoc%0D%0A++++popup+btn+%22spaces+menu%22+at+theLoc%0D%0Aend+doPopup%0D%0A%0D%0A---%7C---%0D%0A%0D%0Aon+mouseEnter%0D%0A++++lock+screen%0D%0A++++set+the+forecolor+of+grc+1+of+the+owner+of+me+to+yellow%0D%0A++++glx2SetStatus+%22Click+for+a+MENU+to+change+the+text+size+of+this+Widget%22%0D%0A++++unlock+screen%0D%0Aend+mouseEnter%0D%0A%0D%0A---%7C---%0D%0A%0D%0Aon+mouseLeave%0D%0A++++--+if+the+mouseloc+is+not+within+the+rect+of+me+then%0D%0A++++lock+screen%0D%0A++++set+the+forecolor+of+grc+1+of+the+owner+of+me+to+the+backcolor+of+grc+1+of+the+owner+of+me%0D%0A++++glx2SetStatus+%0D%0A++++unlock+screen%0D%0A++++--+end+if%0D%0Aend+mouseLeave%0D%0A%0D%0A---%7C---%0D%0A%0D%0Aon+mouseMove+pMouseH%2CpMouseV%0D%0A++++%0D%0Aend+mouseMove%0D%0A" )</script>
</image>
