<button name="Handlers" id="255663">
<traversalOn>false</traversalOn>
<ink>srcCopy</ink>
<threeD>true</threeD>
<hiliteBorder>true</hiliteBorder>
<blendLevel>0</blendLevel>
<rect>165,1,221,20</rect>
<mnemonic>0</mnemonic>
<armFill>false</armFill>
<visitedIcon>0</visitedIcon>
<showName>true</showName>
<showIcon>false</showIcon>
<hilited>false</hilited>
<sharedHilite>true</sharedHilite>
<shadow>false</shadow>
<textAlign>center</textAlign>
<armed>false</armed>
<menuMouseButton>1</menuMouseButton>
<id>255663</id>
<altId>0</altId>
<labelWidth>0</labelWidth>
<armedIcon>0</armedIcon>
<lockLoc>true</lockLoc>
<visited>false</visited>
<showHilite>false</showHilite>
<label>Handlers</label>
<autoHilite>true</autoHilite>
<style>menu</style>
<disabledIcon>0</disabledIcon>
<armBorder>true</armBorder>
<name>button "Handlers"</name>
<icon>0</icon>
<layer>94</layer>
<visible>true</visible>
<cantSelect>false</cantSelect>
<borderWidth>2</borderWidth>
<menuLines>5</menuLines>
<margins>4</margins>
<opaque>true</opaque>
<text>urldecode( "My+Default+Handlers%0D%0A-%0D%0A24+Feb+2009+mdw*%0D%0A26+Feb+2009+mdw*%0D%0Aabout+colorization*%0D%0Aabout+complete*%0D%0Aabout+find*%0D%0Aabout+getFolderHandlers2*%0D%0Aabout+handlers*%0D%0Aabout+panes*%0D%0Aabout+pop+menus*%0D%0Aabout+scripts*%0D%0Aabout+undo*%0D%0AactivateTheTab%0D%0AaddCrumb%0D%0AaddTemps%0D%0AaddToBookmarks%0D%0AaddToHistory%0D%0AaddWorkSpaceToTitle%28%29%0D%0AadjustRevToolsLoc%0D%0AadjustTheTabs%0D%0AaltFileSize%28%29%0D%0AannounceGLX2%0D%0Abarf%0D%0AbringActiveTabForward%0D%0AbrowserBeforeNavigate%0D%0AbrowserBeforeNavigateFrame%0D%0AbrowserClick%0D%0AbrowserDocumentComplete%0D%0AbrowserDocumentCompleteFrame%0D%0AbrowserDownloadRequest%0D%0AbrowserNavigateComplete%0D%0AbrowserNavigateCompleteFrame%0D%0AbrowserNewUrlWindow%0D%0AbrowserOut%0D%0AbrowserOver%0D%0AcancelPendingTypeChecks%0D%0Acheck4TypingDone%0D%0AcHotPane%0D%0AclearCrumbs%0D%0AclearHistory%0D%0Aclonescripts%0D%0AcolorizeLine%0D%0AcolorizeScript%28%29%0D%0AcommandkeyDown%0D%0AcommentCode%0D%0AcompleteCommentHandler%0D%0AcompleteFromDocs%0D%0AcompleteStatement%0D%0AconvertScript%0D%0AconvertVariables%28%29%0D%0AcreateBrowser%0D%0AcreateHandlerList%0D%0AcreateNewHandler%0D%0AcreateNotesInScripts%28%29%0D%0AcSortAlphabetically%28%29%0D%0AcUseGLX2Props%0D%0AcWorkSpaceFilePaths%28%29%0D%0AdeclareLocalsInAllHandlers%0D%0AdeclareLocalsInHandlers%0D%0AdeDupeTokens%0D%0AdefaultColors%0D%0AdelayedHideCode%0D%0AdeleteCrumb%0D%0AdeleteOldGLX2PropsFile%0D%0AdestroyBrowser%0D%0AdisableFreeFeatures%0D%0AdisablePanes%0D%0AdivideAllHandlers%0D%0AdoArrowKey%0D%0AdoColorizeScript%0D%0AdoEditPane%0D%0AdoEditPane2%0D%0AdoEnter%0D%0AdoFind%0D%0AdoFocusFix%0D%0AdoFormatFaux%0D%0AdoFormatScript%0D%0AdoHandlerMenu%0D%0AdoPrintScript%0D%0AdoPrintSelected%0D%0AdoResizeStack%0D%0AdoSelectHandlerInScript%0D%0AdoSelectHandlerInScript2%0D%0AdoSelectHandlerName%0D%0AdoSelectHandlerName2%0D%0AdoWait%0D%0AeliminateDoubleSpaces%0D%0AenablePanes%0D%0AErrorText%28%29%0D%0AexitToken%0D%0AfindOrphanPut%0D%0Afix4Windows%0D%0AfixDaddyShortcut%0D%0AforceRevMenubar%0D%0AforceWaitFrame%0D%0AformatAllOpenScripts%0D%0AformatCompletedStatement%0D%0AformatCrumbBar%0D%0AgetBrowserID%28%29%0D%0AgetClipboard4Comments%28%29%0D%0AgetCommentColor%28%29%0D%0AgetDefaultScript%28%29%0D%0AgetFolder%28%29%0D%0AgetFolderEndLineNo%28%29%0D%0AgetFolderHandlers%28%29%0D%0AgetFolderHandlers2%28%29%0D%0AgetFolderLineNos%28%29%0D%0AgetFoldersFromHandlerList%28%29%0D%0AgetFoldersFromScript%28%29%0D%0AgetFolderStartLineNo%28%29%0D%0AgetFullTokenList%28%29%0D%0AgetGLX2ImageName%28%29%0D%0AgetGMTsecs%28%29%0D%0AgetHandler%28%29%0D%0AgetHandlerEndLineNo%28%29%0D%0AgetHandlerLineNos%28%29%0D%0AgetHandlerNameFromScript%28%29%0D%0AgetHandlerNames4Scriptor%28%29%0D%0AgetHandlerStartLineNo%28%29%0D%0AgetHotCrumbNo%28%29%0D%0AgetNextAvailableCdNo%28%29%0D%0AgetNextAvailableTabNo%28%29%0D%0AgetPropertyPane%28%29%0D%0AgetTitleFromObject%28%29%0D%0AGetTokens%28%29%0D%0Aglx2AddCheckBoxes2RevPrefs%0D%0Aglx2AddPrefsToRev%0D%0Aglx2CheckForProps%0D%0Aglx2CleanDMSets%0D%0Aglx2CleanRevGeneralPropSets%0D%0Aglx2CleanTabs%0D%0Aglx2CleanTabsByObject%0D%0Aglx2ClearLocalViewPrefs%0D%0Aglx2ClearUndoCode%0D%0Aglx2CloseAllNoMatterWhat%0D%0Aglx2CloseAllTabs%0D%0Aglx2CloseAllTabsBut1%0D%0Aglx2CloseAllTabsOpenHome%0D%0Aglx2CloseSplitPane%0D%0Aglx2CloseTab%0D%0Aglx2CloseWorkSpace%0D%0Aglx2CollapseTabs%0D%0Aglx2ColorizeMsgBoxLater%0D%0Aglx2DoArchive%0D%0Aglx2DoSave%0D%0Aglx2GetAbbrNames%28%29%0D%0Aglx2GetActiveCdNo%28%29%0D%0Aglx2GetActiveTabNo%28%29%0D%0Aglx2GetCdNoByObject%28%29%0D%0Aglx2GetChecksum%28%29%0D%0Aglx2GetDefaultHandler%28%29%0D%0Aglx2GetDocsPath%28%29%0D%0Aglx2GetIDEStackName%28%29%0D%0Aglx2GetImmediateParentStackName%28%29%0D%0Aglx2GetLongIDOwner%28%29%0D%0Aglx2GetNoActiveTabs%28%29%0D%0Aglx2GetNoCards%28%29%0D%0Aglx2GetNonPaletteFront%28%29%0D%0Aglx2GetNoOpenTabs%28%29%0D%0Aglx2GetNoTabs%28%29%0D%0Aglx2GetOpenTabObjectIDs%28%29%0D%0Aglx2GetParentStackName%28%29%0D%0Aglx2GetPathHandlers%28%29%0D%0Aglx2GetPluginsFolderPath%28%29%0D%0Aglx2GetPropInspectorName%28%29%0D%0Aglx2GetPropPanes%28%29%0D%0Aglx2GetScript%28%29%0D%0Aglx2GetSemiLongName%28%29%0D%0Aglx2GetSortedVars+docs+*%0D%0Aglx2GetSortedVars%28%29%0D%0Aglx2GetStackName%28%29%0D%0Aglx2GetTabNoByObject%28%29%0D%0Aglx2GetTagData%28%29%0D%0Aglx2GoBack%0D%0Aglx2GoForward%0D%0Aglx2GoURL%0D%0Aglx2HaveIPconnect%28%29%0D%0Aglx2HideScrollbar%0D%0Aglx2HideSplitPane%0D%0Aglx2IDChanged%0D%0Aglx2IsNewVersion%28%29%0D%0Aglx2IsThisModifierSetActive%28%29%0D%0Aglx2KeysDown%28%29%0D%0Aglx2LoadBookmarks%0D%0Aglx2LoadDevResources%0D%0Aglx2LoadPrefs%0D%0Aglx2LoadTabsNCrumbs%0D%0Aglx2LoadWorkSpace%0D%0Aglx2LogTimer%0D%0Aglx2MainStackChanged%0D%0Aglx2NameChanged%0D%0Aglx2NavPropInspector%0D%0Aglx2OpenSplitPane%0D%0Aglx2OpenWorkSpace%0D%0Aglx2ReadTextFile%0D%0Aglx2RecordSelectedChunk%0D%0Aglx2RedrawAllTabs%0D%0Aglx2RedrawTab%0D%0Aglx2RemovePrefsFromRev%0D%0Aglx2RestoreUndoCode%0D%0Aglx2SaveAllChecksums%0D%0Aglx2SaveAllChecksumsBut1%0D%0Aglx2SaveAllDevResources%0D%0Aglx2SaveBookmarks%0D%0Aglx2SaveChecksum%0D%0Aglx2SaveChecksumByStackID%0D%0Aglx2SaveDevResByStack%0D%0Aglx2SaveDevResources%0D%0Aglx2SaveParentStack%0D%0Aglx2SavePrefs%0D%0Aglx2SaveTabsNCrumbs%0D%0Aglx2SaveWorkInProgressScript%0D%0Aglx2SaveWorkSpace%0D%0Aglx2SaveWorkSpaceAs%0D%0Aglx2SelectHandlerInScript%0D%0Aglx2SelectHandlerInScript2%0D%0Aglx2SetCleanFlag%0D%0Aglx2SetCursor%0D%0Aglx2SetDirtyFlag%0D%0Aglx2SetScripts%0D%0Aglx2SetScroll%0D%0Aglx2SetStatus%0D%0Aglx2setTabIconByType%0D%0Aglx2SetTitle%0D%0Aglx2SetUpHandlerLinkColors%0D%0Aglx2ShowHideScrollbar%0D%0Aglx2ShowSplitPane%0D%0Aglx2ShowTimerDelayed%0D%0Aglx2StoreUndoCode%0D%0Aglx2StripStak%0D%0Aglx2TimeStampEnd%0D%0Aglx2TimeStampEndAllTabs%0D%0Aglx2TimeStampEndAllTabsBut1%0D%0Aglx2TimeStampEndByStackID%0D%0Aglx2TimeStampStart%0D%0Aglx2TimeStampWorking%0D%0Aglx2UnderlineTabNo%0D%0Aglx2UpdatePropsMotifDelayed%0D%0Aglx2UpdateSplitPane%0D%0Aglx2UpdateStatus%0D%0AglxAllSameType2%28%29%0D%0AglxBulkRenamer%0D%0AglxCloseStack%0D%0AglxDiscernObjectType%28%29%0D%0AglxDoErrorDialog%0D%0AglxEditObject%0D%0AglxGetPropPaneHandlers%28%29%0D%0AglxIsThisModifierSetActive%28%29%0D%0AglxLog2File%0D%0AglxParseError%28%29%0D%0AglxQuit%0D%0AglxRevertScript%0D%0AglxSavingStack%0D%0AglxShowDialog%0D%0AglxStartUp%0D%0AglxTargetStack%28%29%0D%0AguessToken%0D%0AHandlerLineNum%28%29%0D%0AhideBrowser%0D%0AhideCrumbs%0D%0AhideFoldingScripts%0D%0AhideHandlerLinks%0D%0AhiliteTab%0D%0AinitializeBrowser%0D%0AinitScriptColors%0D%0AIsCaps%28%29%0D%0AisPropFolder%28%29%0D%0AisUpperOrNumber%28%29%0D%0AloadHandlersForScript%0D%0AloadStackIntoMemoryEQL%0D%0AmouseEnter%0D%0AmouseMove%0D%0ANoColors%28%29%0D%0AnukePropClones%0D%0AopenBrowser%0D%0AputIntoScript%0D%0AresetTabName%0D%0AresizeGLX2Home%0D%0AresizeHandlerPane%0D%0AresizeHandlerPane*%0D%0AreStyleBtns%0D%0ArevSetupHTMLColors%0D%0AselectFirstHandler%0D%0AselectURLinHistory%0D%0AsetAllCode%0D%0AsetAllFonts%0D%0AsetAllShowLines%0D%0AsetArrowCursor%0D%0AsetBackgroundColor%0D%0AsetBrowserAttributes%0D%0AsetBrowserID%0D%0AsetBrowserTitle%0D%0AsetCmdColor%0D%0AsetCommentColor%0D%0AsetContrColor%0D%0AsetDragCursor%0D%0AsetFcnColor%0D%0AsetGLX2AppIcons%0D%0AsetHandCursor%0D%0AsetHandlers4Folder%0D%0AsetHiliteColor%0D%0AsetIBeamCursor%0D%0AsetIBeamCursorCode%0D%0AsetLinkColor%0D%0AsetLinkHiliteColor%0D%0AsetLinkVisitedColor%0D%0AsetMagnifyCursor%0D%0AsetMenubarGLX2%0D%0AsetMsgColor%0D%0AsetOpColor%0D%0AsetPropColor%0D%0AsetPropsMotif%0D%0AsetREVAppIcons%0D%0AsetRevSaveStatus%0D%0AsetScriptVarzNConstants%0D%0AsetSearchMode%0D%0AsetTabBackColor%0D%0AsetTabStops%0D%0AsetTabTextColors%0D%0AsetTextColor%0D%0AsetThermo%0D%0ASetTheScroll%0D%0AsetWatchCursor%0D%0AshowBrowser%0D%0AshowCrumbs%0D%0AshowFoldingScripts%0D%0AshowHandlerLinks%0D%0AshowHandlerList%0D%0AstopWait%0D%0AtagControlStructures%0D%0AtakeABrowserSnapshot%0D%0AtempHidePref4Rev%0D%0AtestForAnchor%0D%0AtoggleMotif%0D%0AtrimComments%28%29%0D%0AtrimCrumbs%0D%0AtrimTabs%0D%0AunCommentCode%0D%0AunfoldScript%0D%0AupdateFindBtn%0D%0AupdateHandlerList%0D%0AupdateHandlerListAfterEvent%0D%0AupdateHandlerMenu%0D%0AupdateNavigateBtn%0D%0AviewSource" )</text>
<shadowOffset>4</shadowOffset>
<default>false</default>
<hiliteFill>true</hiliteFill>
<showBorder>false</showBorder>
<hiliteIcon>0</hiliteIcon>
<disabled>false</disabled>
<autoArm>false</autoArm>
<menuMode>pulldown</menuMode>
<family>0</family>
<hoverIcon>0</hoverIcon>
<showFocusBorder>true</showFocusBorder>
<menuHistory>1</menuHistory>
<custompropertyset name= "cGlx2TimeStamp">
<checksum>urldecode( "d%BF%7B%B4%D1G%D7%98%C3%17n%9D%CE%C4%016" )</checksum>
</custompropertyset>
<script>urldecode( "--%3E+all+handlers%0D%0A%0D%0Aon+menuPick+pChosen%2CpPrevChosen%0D%0A++++switch+pChosen%0D%0A++++++++case+%22My+Default+Handlers%22+%0D%0A++++++++++++put+the+filename+of+this+stack+into+theFilePath%0D%0A++++++++++++set+the+itemdelimiter+to+%22%2F%22%0D%0A++++++++++++put+%22GLX2+Default+Handlers.rev%22+into+item+-1+of+theFilePath%0D%0A++++++++++++put+false+into+forceReload%0D%0A++++++++++++if+there+is+no+file+theFilePath+then%0D%0A++++++++++++++++lock+messages%0D%0A++++++++++++++++clone+stack+%22revGLX2+default+handlers+master%22%0D%0A++++++++++++++++set+the+name+of+stack+%22copy+of+revGLX2+default+handlers+master%22+to+%22revGLX2+Default+Handlers%22%0D%0A++++++++++++++++set+the+filename+of+stack+%22revGLX2+Default+Handlers%22+to+theFilePath%0D%0A++++++++++++++++save+stack+%22revGLX2+Default+Handlers%22+%0D%0A++++++++++++++++unlock+messages%0D%0A++++++++++++else%0D%0A++++++++++++++++if+the+script+of+btn+%22my+default+handlers%22+of+stack+theFilePath+is+empty+then%0D%0A++++++++++++++++++++set+the+script+of+btn+%22my+default+handlers%22+of+stack+theFilePath+to+the+cDefaultHandlers+of+stack+%22revGLX2+Code%22+%0D%0A++++++++++++++++++++put+true+into+forceReload%0D%0A++++++++++++++++end+IF%0D%0A++++++++++++end+IF%0D%0A++++++++++++put+the+long+id+of+btn+%22my+default+handlers%22+of+stack+theFilePath+into+theObjectID%0D%0A++++++++++++put+false+into+handlersOnly%0D%0A++++++++++++put+empty+into+theScript%0D%0A++++++++++++setAllCode+theObjectID%2ChandlersOnly%2CtheScript%2CforceReload%0D%0A++++++++++++put+fld+%22code+storage%22+into+theMessageNames%0D%0A++++++++++++filter+theMessageNames+with+%22%5BOoFfGgSs%5D%5BNnUuEe%5D%5B+NnTt%5D*%22%0D%0A++++++++++++set+the+cMyMessageNames+of+stack+%22revGLX2+code%22+to+theMessageNames%0D%0A++++++++++++break%0D%0A++++++++default%0D%0A++++++++++++lock+screen%0D%0A++++++++++++doEditPane+pChosen%0D%0A++++++++++++doSelectHandlerName+pChosen+%0D%0A++++++++++++unlock+screen%0D%0A++++end+SWITCH%0D%0Aend+menuPick%0D%0A%0D%0Aon+glx2SetStackStyle%0D%0A++++set+the+style+of+stack+%22revGLX2+Default+Handlers%22+to+modeless%0D%0A++++save+stack+%22revGLX2+Default+Handlers%22+%0D%0Aend+glx2SetStackStyle%0D%0A" )</script>
</button>
