<group name="text size" id="1010">
<traversalOn>true</traversalOn>
<ink>srcCopy</ink>
<dontSearch>false</dontSearch>
<threeD>true</threeD>
<scrollbarWidth>20</scrollbarWidth>
<blendLevel>0</blendLevel>
<rect>204,6,291,59</rect>
<showName>false</showName>
<hScroll>0</hScroll>
<backgroundBehavior>false</backgroundBehavior>
<cantDelete>false</cantDelete>
<vScrollbar>false</vScrollbar>
<tabGroupBehavior>false</tabGroupBehavior>
<hScrollbar>false</hScrollbar>
<id>1010</id>
<altId>0</altId>
<radioBehavior>true</radioBehavior>
<lockLoc>false</lockLoc>
<name>group "text size"</name>
<layer>3</layer>
<visible>true</visible>
<cantSelect>false</cantSelect>
<borderWidth>2</borderWidth>
<margins>4</margins>
<opaque>false</opaque>
<showBorder>false</showBorder>
<disabled>false</disabled>
<vScroll>0</vScroll>
<hilitedButton>1</hilitedButton>
<custompropertyset name= "cGlx2TimeStamp">
<checksum>urldecode( "%AB%5B%F0%9A%CCS%B9%A5%84%C1%C3%ED%F9tj%A8" )</checksum>
</custompropertyset>
<script>urldecode( "--%3E+all+handlers%0D%0A%0D%0Aon+mouseUp+pMouseBtnNum%0D%0A++++put+the+mainstack+of+this+stack+into+theParentStack%0D%0A++++lock+screen%0D%0A++++if+the+hilitedbutton+of+me+is+1+then%0D%0A++++++++doPrefs+%22small%22%0D%0A++++++++set+the+cVabTextSize+of+stack+theParentStack+to+%22small%22%0D%0A++++else%0D%0A++++++++doPrefs+%22large%22%0D%0A++++++++set+the+cVabTextSize+of+stack+theParentStack+to+%22large%22%0D%0A++++end+if%0D%0A++++send+%22glx2SavePrefs%22+to+stack+theParentStack%0D%0A++++unlock+screen%0D%0Aend+mouseUp%0D%0A" )</script>
</group>
