<group name="Find" id="280039">
<traversalOn>true</traversalOn>
<ink>srcCopy</ink>
<dontSearch>false</dontSearch>
<threeD>true</threeD>
<scrollbarWidth>20</scrollbarWidth>
<blendLevel>0</blendLevel>
<rect>5,81,899,102</rect>
<showName>false</showName>
<colors>urldecode( "%0D%0A%0D%0A%0D%0A133%2C132%2C133%0D%0A%0D%0A%0D%0A%0D%0A" )</colors>
<hScroll>0</hScroll>
<backgroundBehavior>false</backgroundBehavior>
<cantDelete>false</cantDelete>
<vScrollbar>false</vScrollbar>
<tabGroupBehavior>false</tabGroupBehavior>
<hScrollbar>false</hScrollbar>
<id>280039</id>
<altId>0</altId>
<radioBehavior>true</radioBehavior>
<lockLoc>false</lockLoc>
<name>group "Find"</name>
<layer>38</layer>
<visible>true</visible>
<cantSelect>false</cantSelect>
<borderWidth>2</borderWidth>
<margins>0</margins>
<opaque>false</opaque>
<showBorder>false</showBorder>
<disabled>false</disabled>
<vScroll>0</vScroll>
<hilitedButton>0</hilitedButton>
<custompropertyset name= "cGlx2General">
<cHscrollScript>0</cHscrollScript>
<cHscrollHandlers>0</cHscrollHandlers>
<cSelectedChunk>char 71 to 70</cSelectedChunk>
<cHtmlScript>urldecode( "%1F%8B%08%00%00%00%00%00%00%03%D3%D5%B5SH%CC%C9Q%C8H%CCK%C9I-*%E6%E2%CA%CFS%C8%CD%2F-Nu%C9%2FM%CAI%0D-P%28%F0%05q%9DJ%F2%FCJs%B9%14%80%80%2B5%2F%05U%0D%00%066%00%C8F%00%00%00" )</cHtmlScript>
<cHandlersListWidth>163</cHandlersListWidth>
<cHtmlHandlers>urldecode( "%1F%8B%08%00%00%00%00%00%00%03%B3%29%B0%B3I%B2%B3%29.%05%12%99%B9%E9%0D%0A%C5E%C9%B6J%C6%C6%C6%86%C6%96Jv6%FA+q%85%C4%9C%1C%85%8C%C4%BC%94%9C%D4%A2b%1B%7D%A0B%FD%02%3B.%9B%02%3B5eKk4%9D%A6%86f%96%26%C6p%9D%B9%F9%A5%C5%A9.%F9%A5I9%A9%A1%05+m%00%94%9D%A9%2Fo%00%00%00" )</cHtmlHandlers>
<cDirtyFlag>false</cDirtyFlag>
<cFolders>all handlers</cFolders>
<cHandlers>mouseDoubleUp</cHandlers>
<cVscrollScript>0</cVscrollScript>
<cVscrollHandlers>0</cVscrollHandlers>
</custompropertyset>
<custompropertyset name= "cGlx2TimeStamp">
<xml_num_1281518194>end</xml_num_1281518194>
<checksum>urldecode( "%8C%ABy%3AF%7F%CCY%5D%04%D3q%ECp%AC%5E" )</checksum>
<xml_num_1281516652>start</xml_num_1281516652>
<xml_num_1281518192>start</xml_num_1281518192>
</custompropertyset>
<script>urldecode( "--%3E+all+handlers%0D%0A%0D%0Aon+mouseDoubleUp+pMouseBtnNum%0D%0A++++%0D%0Aend+mouseDoubleUp%0D%0A" )</script>
</group>
