<image name="constant" id="104621">
<traversalOn>false</traversalOn>
<palindromeFrames>false</palindromeFrames>
<ink>srcCopy</ink>
<threeD>true</threeD>
<blendLevel>0</blendLevel>
<rect>472,330,485,342</rect>
<angle>0</angle>
<yHot>1</yHot>
<id>104621</id>
<altId>0</altId>
<frameCount>0</frameCount>
<constantMask>false</constantMask>
<lockLoc>false</lockLoc>
<repeatCount>0</repeatCount>
<size>731</size>
<name>image "constant"</name>
<hotSpot>1,1</hotSpot>
<alwaysBuffer>true</alwaysBuffer>
<layer>17</layer>
<dontDither>false</dontDither>
<visible>false</visible>
<cantSelect>false</cantSelect>
<borderWidth>2</borderWidth>
<opaque>false</opaque>
<currentFrame>1</currentFrame>
<showBorder>false</showBorder>
<disabled>false</disabled>
<xHot>1</xHot>
<showFocusBorder>true</showFocusBorder>
<custompropertyset name= "cGlx2TimeStamp">
</custompropertyset>
<imagedata>urldecode( "%00%D3%D1%FB%00%D3%D1%FB%00%D3%D1%FB%00%C3%C4%E8%00%C8%C7%E3%00%D1%D1%E7%00%CD%CF%E2%00%BB%BC%D3%00%AE%AE%C7%00%B0%AE%C5%00%D3%D1%FB%00%D3%D1%FB%00%D3%D1%FB%00%D3%D1%FB%00%DB%D7%FF%00%D3%D7%F6%00%E3%EE%F7%00%FD%FF%FF%00%FF%FF%FF%00%FB%FF%FF%00%F2%FF%FF%00%D4%E8%ED%00%B3%B9%CC%00%AB%A7%BB%00%D3%D1%FB%00%D3%D1%FB%00%D0%CE%F6%00%D2%D7%F7%00%DE%F8%FB%00%EE%FF%FF%00%F2%FF%FF%00%FD%FF%FF%00%F3%FF%FF%00%E7%FE%FF%00%E0%FD%FF%00%C6%E7%F3%00%A7%AE%BF%00%A0%9D%A7%00%D3%D1%FB%00%C4%C5%E8%00%C4%E1%F8%00%D3%F7%FF%00%DE%FD%FF%00%F0%FF%FF%00%FF%FF%FF%00%F9%FF%FF%00%E4%FD%FF%00%C5%EA%FF%00%BC%E6%FF%00%A6%C9%E8%00%95%94%A1%00%D3%D1%FB%00%B9%C3%E5%00%B3%DF%FF%00%B9%E1%FF%00%D1%F1%FF%00%EE%F4%F4%00%E8%E6%E5%00%E8%E6%E5%00%E8%F0%F3%00%BC%E2%FF%00%A4%D2%FF%00%A9%DA%FF%00%8F%99%A8%00%D3%D1%FB%00%B2%C4%E8%00%A6%D6%FF%00%9E%D0%FF%00%D1%E9%FF%00%EA%E7%E5%00%DB%D9%DA%00%DC%DA%D9%00%EA%E7%E5%00%CF%E8%FF%00%9C%CF%FF%00%AB%DB%FF%00%93%A4%B6%00%D3%D1%FB%00%AF%C3%E4%00%A7%D7%FF%00%9C%CF%FF%00%CD%E8%FF%00%EA%E8%E8%00%DA%D7%D8%00%D8%D8%D9%00%EA%E7%E5%00%D1%E9%FF%00%9E%D0%FF%00%AB%DC%FF%00%90%A2%B3%00%D3%D1%FB%00%AD%B7%D5%00%A7%D7%FF%00%A5%D3%FF%00%B8%DF%FF%00%E8%F1%F6%00%E8%E6%E5%00%E6%E4%E5%00%ED%F3%F3%00%D2%F2%FF%00%BB%E2%FF%00%BA%E7%FF%00%89%90%98%00%D3%D1%FB%00%AD%AD%C6%00%AD%D0%F2%00%BA%E6%FF%00%C5%E9%FF%00%E2%FD%FF%00%F9%FF%FF%00%FF%FF%FF%00%F1%FF%FF%00%DF%FD%FF%00%DD%FC%FF%00%B8%D2%E2%00%7Bz%7C%00%D3%D1%FB%00%B5%B2%C8%00%AF%B6%CD%00%C7%E9%F5%00%E1%FE%FF%00%E8%FE%FF%00%F2%FF%FF%00%FD%FF%FF%00%F3%FF%FF%00%F7%FF%FF%00%DC%EE%EE%00%8E%93%93%00vss%00%D3%D1%FB%00%D3%D1%FB%00%AE%AA%C4%00%AC%B1%C2%00%D1%E4%E7%00%F4%FF%FF%00%FE%FF%FF%00%FF%FF%FF%00%FF%FF%FF%00%D2%DB%DB%00%90%92%94%00zxw%00%D3%D1%FB%00%D3%D1%FB%00%D3%D1%FB%00%D3%D1%FB%00%9F%9D%AE%00%91%92%9C%00%9C%9D%A6%00%AE%AF%B4%00%AB%AC%AF%00%92%91%94%00z%7B%7C%00xww%00%D3%D1%FB%00%D3%D1%FB%00%D3%D1%FB" )</imagedata>
</image>
