{"stackFileArray": {"Global_IndexView_Line_Menu": "modules/View_Index_Simple/controllers/Global_IndexView_Line_Menu.livecodescript","Global_Project_Tree_Line_Menu": "controllers/Global_Project_Tree_Line_Menu.livecodescript","model_MenuTable": "models/model_MenuTable.livecodescript","lib_MenuEdit": "libraries/lib_MenuEdit.livecodescript","model_MenuSubStacks": "models/model_MenuSubStacks.livecodescript","behavior_ViewIndexSimple": "modules/View_Index_Simple/behaviors/behavior_ViewIndexSimple.livecodescript","lib_MenuAuthoring": "libraries/lib_MenuAuthoring.livecodescript","lib_Menu": "libraries/lib_Menu.livecodescript","behavior_ViewIndexFiles": "modules/View_Index_Simple/behaviors/behavior_ViewIndexFiles.livecodescript","View|Index|Simple": "modules/View_Index_Simple/View_Index_Simple.livecode","Global_Project_Display_Menu": "controllers/Global_Project_Display_Menu.livecodescript","Global_MenuArray_Menu": "controllers/Global_MenuArray_Menu.livecodescript","lib_MenuArray": "libraries/lib_MenuArray.livecodescript","Global_Project_Tree_Menu": "controllers/Global_Project_Tree_Menu.livecodescript","Global_Controllers_Tree_Menu": "controllers/Global_Controllers_Tree_Menu.livecodescript","Global_Index_Simple_Menu": "modules/View_Index_Simple/controllers/Global_Index_Simple_Menu.livecodescript","Global_Project_Menu": "controllers/Global_Project_Menu.livecodescript"},"Global Menus": {"Global | Index | Simple | Menu": {"mController": "stack \"/Users/fortyfoxes/Documents/git-repos/LiveCodeWorld/lcw_Menus/modules/View_Index_Simple/controllers/Global_Index_Simple_Menu.livecodescript\"","gMenuTable": "Menu Style\tmenu_MenuStyle subMenuPath, mTarget\tstack \"Global_Index_Simple_Menu\"\tGlobal | Index | Simple | Menu\t\tcustom submenu\tm_Styles\tm_Style\tMenu Style\nDisplay Menu Array\tmenu_DisplayMenuArray mTarget\tstack \"Global_Index_Simple_Menu\"\tGlobal | Index | Simple | Menu\t\t\t\t\tDisplay Menu Array\n-\nPalette Style\tmenu_PaletteStyle subMenuPath, mTarget\tstack \"Global_Index_Simple_Menu\"\tGlobal | Index | Simple | Menu\t\tboolean\tsubmenu_Boolean\tpalette_Style\tPalette Style\nSystem Window\tmenu_SystemWindow subMenuPath, mTarget\tstack \"Global_Index_Simple_Menu\"\tGlobal | Index | Simple | Menu\t\tboolean\tsubmenu_Boolean\tsystem_Window\tSystem Window\n-\nEdit View Script\tmenu_EditViewScript mTarget\tstack \"Global_Index_Simple_Menu\"\tGlobal | Index | Simple | Menu\t\t\t\t\tEdit View Script\nEdit View Behavior\tmenu_EditViewBehavior mTarget\tstack \"Global_Index_Simple_Menu\"\tGlobal | Index | Simple | Menu\t\t\t\t\tEdit View Behavior\n-\nField Style\tmenu_FieldStyle subMenuPath, mTarget\tstack \"Global_Index_Simple_Menu\"\tGlobal | Index | Simple | Menu\t\tcustom submenu\tf_Styles\tf_Style\tField Style\nField Align\tmenu_FieldAlign subMenuPath, mTarget\tstack \"Global_Index_Simple_Menu\"\tGlobal | Index | Simple | Menu\t\tcustom submenu\tf_Aligns\tf_Align\tField Align\nDont Wrap\tmenu_DontWrap subMenuPath, mTarget\tstack \"Global_Index_Simple_Menu\"\tGlobal | Index | Simple | Menu\t\tboolean\tsubmenu_Boolean\tdont_Wrap\tDont Wrap\nInspect Field\tmenu_InspectField mTarget\tstack \"Global_Index_Simple_Menu\"\tGlobal | Index | Simple | Menu\t\t\t\t\tInspect Field\n-\nSet My Name\tmenu_SetMyName mTarget\tstack \"Global_Index_Simple_Menu\"\tGlobal | Index | Simple | Menu\t\t\t\t\tSet My Name\nSet Menu Title\tmenu_SetMenuTitle subMenuPath, mTarget\tstack \"Global_Index_Simple_Menu\"\tGlobal | Index | Simple | Menu\t\tfixed\tsubmenu_Fixed[menu_SetMenuTitle]\twhich_Title\tSet Menu Title\n-\nSet Title Colour\tmenu_SetTitleColour mTarget\tstack \"Global_Index_Simple_Menu\"\tGlobal | Index | Simple | Menu\t\t\t\t\tSet Title Colour\nSet Title Text Colour\tmenu_SetTitleTextColour mTarget\tstack \"Global_Index_Simple_Menu\"\tGlobal | Index | Simple | Menu\t\t\t\t\tSet Title Text Colour\n-\nBlack And White Title\tmenu_BlackAndWhiteTitle mTarget\tstack \"Global_Index_Simple_Menu\"\tGlobal | Index | Simple | Menu\t\t\t\t\tBlack And White Title\nReverse Title Colour\tmenu_ReverseTitleColour mTarget\tstack \"Global_Index_Simple_Menu\"\tGlobal | Index | Simple | Menu\t\t\t\t\tReverse Title Colour\n-\nSet Title Menus\tmenu_SetTitleMenus mTarget\tstack \"Global_Index_Simple_Menu\"\tGlobal | Index | Simple | Menu\t\t\t\t\tSet Title Menus\nEdit Title Menus\tmenu_EditTitleMenus mTarget\tstack \"Global_Index_Simple_Menu\"\tGlobal | Index | Simple | Menu\t\t\t\t\tEdit Title Menus\nEdit Line Menu\tmenu_EditLineMenu mTarget\tstack \"Global_Index_Simple_Menu\"\tGlobal | Index | Simple | Menu\t\t\t\t\tEdit Line Menu\n-\nDev\t\tstack \"Global_Index_Simple_Menu\"\tGlobal | Index | Simple | Menu\t\tsubmenu\tDev | Menu\tstack \"Global_Index_Simple_Menu\"\tDev"},"Global | IndexView | Line | Menu": {"mController": "stack \"/Users/fortyfoxes/Documents/git-repos/LiveCodeWorld/lcw_Menus/modules/View_Index_Simple/controllers/Global_IndexView_Line_Menu.livecodescript\"","gMenuTable": "Burn Local Menu\tmenu_BurnLocalMenu mTarget\tstack \"Global_IndexView_Line_Menu\"\tGlobal | IndexView | Line | Menu\t\t\t\t\tBurn Local Menu\nSet Line Menu\tmenu_SetLineMenu mTarget\tstack \"Global_IndexView_Line_Menu\"\tGlobal | IndexView | Line | Menu\t\t\t\t\tSet Line Menu\nCreate Line Menu\tmenu_CreateLineMenu mTarget\tstack \"Global_IndexView_Line_Menu\"\tGlobal | IndexView | Line | Menu\t\t\t\t\tCreate Line Menu\n-\nEdit Menu\tmenu_EditMenu mTarget\tstack \"Global_IndexView_Line_Menu\"\tGlobal | IndexView | Line | Menu\t\t\t\t\tEdit Menu\nIndex View Behavior\tmenu_IndexViewBehavior mTarget\tstack \"Global_IndexView_Line_Menu\"\tGlobal | IndexView | Line | Menu\t\t\t\t\tIndex View Behavior"},"Global | Project | Tree | Menu": {"mController": "stack \"/Users/fortyfoxes/Documents/git-repos/LiveCodeWorld/lcw_Menus/controllers/Global_Project_Tree_Menu.livecodescript\"","gMenuTable": "Test\tmenu_Test mTarget\tstack \"Global_Project_Tree_Menu\"\tGlobal | Project | Tree | Menu\t\t\t\t\tTest\nStart Project\tmenu_StartProject subMenuPath, mTarget\tstack \"Global_Project_Tree_Menu\"\tGlobal | Project | Tree | Menu\t\tboolean\tsubmenu_Boolean\tstart_Project\tStart Project\n-\nExport Menus And Stack Files\tmenu_ExportMenusAndStackFiles mTarget\tstack \"Global_Project_Tree_Menu\"\tGlobal | Project | Tree | Menu\t\t\t\t\tExport Menus And Stack Files\nExport And Index Project\tmenu_ExportAndIndexProject mTarget\tstack \"Global_Project_Tree_Menu\"\tGlobal | Project | Tree | Menu\t\t\t\t\tExport And Index Project\n-\nRefresh\tmenu_Refresh mTarget\tstack \"Global_Project_Tree_Menu\"\tGlobal | Project | Tree | Menu\t\t\t\t\tRefresh"},"Global | Project | Tree | Line | Menu": {"mController": "stack \"/Users/fortyfoxes/Documents/git-repos/LiveCodeWorld/lcw_Menus/controllers/Global_Project_Tree_Line_Menu.livecodescript\"","gMenuTable": "Move Used\tmenu_MoveUsed subMenuPath, mTarget\tstack \"Global_Project_Tree_Line_Menu\"\tGlobal | Project | Tree | Line | Menu\tdisabled_MoveUsed\tcustom submenu\tnew_ProjectNames\tnew_ProjectName\tMove Used\nConvert To Module\tmenu_ConvertToModule subMenuPath, mTarget\tstack \"Global_Project_Tree_Line_Menu\"\tGlobal | Project | Tree | Line | Menu\tdisabled_ConvertToModule\tcustom submenu\tnew_ProjectNames\tnew_ProjectName\tConvert To Module\nStart Project\tmenu_StartProject subMenuPath, mTarget\tstack \"Global_Project_Tree_Line_Menu\"\tGlobal | Project | Tree | Line | Menu\tdisabled_StartProject\tboolean\tsubmenu_Boolean\tstart_Project\tStart Project\n-\nExport Menus And Stack Files\tmenu_ExportMenusAndStackFiles mTarget\tstack \"Global_Project_Tree_Line_Menu\"\tGlobal | Project | Tree | Line | Menu\t\t\t\t\tExport Menus And Stack Files\nExport And Index Project\tmenu_ExportAndIndexProject mTarget\tstack \"Global_Project_Tree_Line_Menu\"\tGlobal | Project | Tree | Line | Menu\t\t\t\t\tExport And Index Project\n-\nInitialise Git\tmenu_InitialiseGit mTarget\tstack \"Global_Project_Tree_Line_Menu\"\tGlobal | Project | Tree | Line | Menu\tdisabled_InitialiseGit\t\t\t\tInitialise Git\nGit Status\tmenu_GitStatus mTarget\tstack \"Global_Project_Tree_Line_Menu\"\tGlobal | Project | Tree | Line | Menu\tdisabled_GitStatus\t\t\t\tGit Status\nLaunch Github\tmenu_LaunchGithub mTarget\tstack \"Global_Project_Tree_Line_Menu\"\tGlobal | Project | Tree | Line | Menu\tdisabled_LaunchGithub\t\t\t\tLaunch Github\nGithub Readme\tmenu_GithubReadme mTarget\tstack \"Global_Project_Tree_Line_Menu\"\tGlobal | Project | Tree | Line | Menu\t\t\t\t\tGithub Readme\nDisplay Github Info\tmenu_DisplayGithubInfo mTarget\tstack \"Global_Project_Tree_Line_Menu\"\tGlobal | Project | Tree | Line | Menu\tdisabled_DisplayGithubInfo\t\t\t\tDisplay Github Info\n-\nDisplay Project Deps\tmenu_DisplayProjectDeps mTarget\tstack \"Global_Project_Tree_Line_Menu\"\tGlobal | Project | Tree | Line | Menu\t\t\t\t\tDisplay Project Deps\n-\nGo To Home Stack\tmenu_GoToHomeStack mTarget\tstack \"Global_Project_Tree_Line_Menu\"\tGlobal | Project | Tree | Line | Menu\t\t\t\t\tGo To Home Stack\nEdit Stack Script\tmenu_EditStackScript mTarget\tstack \"Global_Project_Tree_Line_Menu\"\tGlobal | Project | Tree | Line | Menu\t\t\t\t\tEdit Stack Script\n-\nReveal Project Folder\tmenu_RevealProjectFolder mTarget\tstack \"Global_Project_Tree_Line_Menu\"\tGlobal | Project | Tree | Line | Menu\t\t\t\t\tReveal Project Folder\nRemove Project From Library\tmenu_RemoveProjectFromLibrary mTarget\tstack \"Global_Project_Tree_Line_Menu\"\tGlobal | Project | Tree | Line | Menu\t\t\t\t\tRemove Project From Library\nDisplay Project\tmenu_DisplayProject mTarget\tstack \"Global_Project_Tree_Line_Menu\"\tGlobal | Project | Tree | Line | Menu\t\t\t\t\tDisplay Project\n-\nTrash Project\tmenu_TrashProject mTarget\tstack \"Global_Project_Tree_Line_Menu\"\tGlobal | Project | Tree | Line | Menu\t\t\t\t\tTrash Project\n-\nDev\t\tstack \"Global_Project_Tree_Line_Menu\"\tGlobal | Project | Tree | Line | Menu\t\tsubmenu\tDev | Menu\tstack \"Global_Project_Tree_Line_Menu\"\tDev"},"Global | Controllers | Tree | Menu": {"mController": "stack \"/Users/fortyfoxes/Documents/git-repos/LiveCodeWorld/lcw_Menus/controllers/Global_Controllers_Tree_Menu.livecodescript\"","gMenuTable": "Create Project Menu\tmenu_CreateProjectMenu mTarget\tstack \"Global_Controllers_Tree_Menu\"\tGlobal | Controllers | Tree | Menu\t\t\t\t\tCreate Project Menu\n-\nLoad Menus\tmenu_LoadMenus mTarget\tstack \"Global_Controllers_Tree_Menu\"\tGlobal | Controllers | Tree | Menu\t\t\t\t\tLoad Menus\nExport Menus And Stack Files\tmenu_ExportMenusAndStackFiles mTarget\tstack \"Global_Controllers_Tree_Menu\"\tGlobal | Controllers | Tree | Menu\t\t\t\t\tExport Menus And Stack Files\nLoad Menus And Stack Files\tmenu_LoadMenusAndStackFiles mTarget\tstack \"Global_Controllers_Tree_Menu\"\tGlobal | Controllers | Tree | Menu\t\t\t\t\tLoad Menus And Stack Files\n-\nController Folder\tmenu_ControllerFolder mTarget\tstack \"Global_Controllers_Tree_Menu\"\tGlobal | Controllers | Tree | Menu\t\t\t\t\tController Folder\n-\nRefresh\tmenu_Refresh mTarget\tstack \"Global_Controllers_Tree_Menu\"\tGlobal | Controllers | Tree | Menu\t\t\t\t\tRefresh"},"Global | Project | Display | Menu": {"mController": "stack \"/Users/fortyfoxes/Documents/git-repos/LiveCodeWorld/lcw_Menus/controllers/Global_Project_Display_Menu.livecodescript\"","gMenuTable": "Project Menus\tmenu_ProjectMenus mTarget\tstack \"Global_Project_Display_Menu\"\tGlobal | Project | Display | Menu\t\t\t\t\tProject Menus\nProject Behaviors\tmenu_ProjectBehaviors mTarget\tstack \"Global_Project_Display_Menu\"\tGlobal | Project | Display | Menu\tdisabled_ProjectBehaviors\t\t\t\tProject Behaviors\nProject Modules\tmenu_ProjectModules mTarget\tstack \"Global_Project_Display_Menu\"\tGlobal | Project | Display | Menu\tdisabled_ProjectModules\t\t\t\tProject Modules\nProject Views\tmenu_ProjectViews mTarget\tstack \"Global_Project_Display_Menu\"\tGlobal | Project | Display | Menu\tdisabled_ProjectViews\t\t\t\tProject Views"},"Global | MenuArray | Menu": {"mController": "stack \"/Users/fortyfoxes/Documents/git-repos/LiveCodeWorld/lcw_Menus/controllers/Global_MenuArray_Menu.livecodescript\"","gMenuTable": "Test\tmenu_Test mTarget\tstack \"Global_MenuArray_Menu\"\tGlobal | MenuArray | Menu\t\t\t\t\tTest\n-\nStep\tmenu_Step mTarget\tstack \"Global_MenuArray_Menu\"\tGlobal | MenuArray | Menu\t\t\t\t\tStep"},"Global | Project | Menu": {"mController": "stack \"/Users/fortyfoxes/Documents/git-repos/LiveCodeWorld/lcw_Menus/controllers/Global_Project_Menu.livecodescript\"","gMenuTable": "Display Project Stacks\tmenu_DisplayProjectStacks subMenuPath, mTarget\tstack \"Global_Project_Menu\"\tGlobal | Project | Menu\t\tcustom submenu\tproject_Choices\tproject_Choice\tDisplay Project Stacks\n-\nConstruct Stack Link Mark Down\tmenu_ConstructStackLinkMarkDown subMenuPath, mTarget\tstack \"Global_Project_Menu\"\tGlobal | Project | Menu\t\tcustom submenu\tp_Names\tp_Name\tConstruct Stack Link Mark Down\nConstruct Script Array\tmenu_ConstructScriptArray subMenuPath, mTarget\tstack \"Global_Project_Menu\"\tGlobal | Project | Menu\t\tcustom submenu\tp_Names\tp_Name\tConstruct Script Array\n-\n-\nImportant\t\tstack \"Global_Project_Menu\"\tGlobal | Project | Menu\t\tsubmenu\tGlobal | Project | Important | Menu\tstack \"Global_Project_Menu\"\tImportant\nDev\t\tstack \"Global_Project_Menu\"\tGlobal | Project | Menu\t\tsubmenu\tDev | Menu\tstack \"Global_Project_Menu\"\tDev"}}}