<button name="edit" id="1090">
<traversalOn>true</traversalOn>
<ink>srcCopy</ink>
<threeD>true</threeD>
<hiliteBorder>true</hiliteBorder>
<blendLevel>0</blendLevel>
<rect>140,339,162,360</rect>
<mnemonic>0</mnemonic>
<armFill>false</armFill>
<visitedIcon>0</visitedIcon>
<showName>false</showName>
<showIcon>true</showIcon>
<hilited>false</hilited>
<sharedHilite>true</sharedHilite>
<shadow>false</shadow>
<textAlign>left</textAlign>
<armed>false</armed>
<menuMouseButton>1</menuMouseButton>
<id>1090</id>
<altId>0</altId>
<labelWidth>0</labelWidth>
<armedIcon>0</armedIcon>
<lockLoc>false</lockLoc>
<visited>false</visited>
<showHilite>false</showHilite>
<autoHilite>true</autoHilite>
<style>transparent</style>
<disabledIcon>1105</disabledIcon>
<armBorder>true</armBorder>
<name>button "edit"</name>
<icon>1074</icon>
<toolTip>Edit current selection in clairvoyance exclusion list</toolTip>
<layer>38</layer>
<visible>true</visible>
<cantSelect>false</cantSelect>
<borderWidth>1</borderWidth>
<menuLines>5</menuLines>
<margins>4</margins>
<opaque>false</opaque>
<shadowOffset>4</shadowOffset>
<default>false</default>
<hiliteFill>true</hiliteFill>
<showBorder>false</showBorder>
<hiliteIcon>1074</hiliteIcon>
<disabled>false</disabled>
<autoArm>false</autoArm>
<family>0</family>
<hoverIcon>1074</hoverIcon>
<showFocusBorder>true</showFocusBorder>
<menuHistory>1</menuHistory>
<custompropertyset name= "cGlx2TimeStamp">
<checksum>urldecode( "hII%0E*%FF%13%B6%CF%B0%B9%C7%2F%0F%2C%A6" )</checksum>
</custompropertyset>
<script>urldecode( "--%3E+variables+%26+constants%0D%0A%0D%0Aglobal+gGlx2TokenExclusions%0D%0A%0D%0A--%3E+all+handlers%0D%0A%0D%0Aon+mouseUp%0D%0A++++put+the+hilitedline+of+fld+%22clairvoyance+exclusions%22+into+theLineNo%0D%0A++++put+line+theLineNo+of+fld+%22clairvoyance+exclusions%22+into+theWord%0D%0A++++setGLX2AppIcons%0D%0A++++ask+information+%22Edit+this+word+that+is+being+excluded+from+clairvoyance%3A%22+with+theWord%09%23+%0D%0A++++put+the+result+into+theResult%0D%0A++++put+it+into+theAnswer%0D%0A++++setREVAppIcons%0D%0A++++if+theResult+is+not+%22cancel%22+then%0D%0A++++++++put+theAnswer+into+line+theLineNo+of+fld+%22clairvoyance+exclusions%22%0D%0A++++++++set+the+hilitedline+of+fld+%22clairvoyance+exclusions%22+to+theLineNo%0D%0A++++++++put+the+short+owner+of+this+stack+into+theParentStack%0D%0A++++++++set+the+cTokenExclusions+of+stack+theParentStack+to+fld+%22clairvoyance+exclusions%22%0D%0A++++++++put+fld+%22clairvoyance+exclusions%22+into+gGlx2TokenExclusions%0D%0A++++++++glx2SavePrefs%0D%0A++++end+if%0D%0Aend+mouseUp%0D%0A" )</script>
</button>
