<card name="card id 1002" id="1002">
<ink>srcCopy</ink>
<mark>false</mark>
<dontSearch>false</dontSearch>
<threeD>true</threeD>
<blendLevel>0</blendLevel>
<rect>0,0,610,383</rect>
<colors>urldecode( "%0D%0A242%2C242%2C242%0D%0A%0D%0A%0D%0A%0D%0A%0D%0A%0D%0A" )</colors>
<cantDelete>false</cantDelete>
<id>1002</id>
<altId>0</altId>
<name>card "card id 1002"</name>
<layer>1</layer>
<borderWidth>2</borderWidth>
<showBorder>false</showBorder>
<custompropertyset name= "cREVGeometryCacheIDs">
<xml_num_1172204085945>1035</xml_num_1172204085945>
<xml_num_1172246089259>1039</xml_num_1172246089259>
<xml_num_1172186677290>1022</xml_num_1172186677290>
<xml_num_1172202349398>1030</xml_num_1172202349398>
<xml_num_1172202306397>1028</xml_num_1172202306397>
<xml_num_1172246098236>1040</xml_num_1172246098236>
<xml_num_1172202334033>1029</xml_num_1172202334033>
<xml_num_1172597425768>1047</xml_num_1172597425768>
<xml_num_1172192031589>1025</xml_num_1172192031589>
<xml_num_1172205016602>1037</xml_num_1172205016602>
<xml_num_1172249748051>1042</xml_num_1172249748051>
<xml_num_1172193860635>1026</xml_num_1172193860635>
<xml_num_1172203542254>1034</xml_num_1172203542254>
<xml_num_1218070247052>1032</xml_num_1218070247052>
<xml_num_1172202361725>1031</xml_num_1172202361725>
<xml_num_1172281665026>1045</xml_num_1172281665026>
</custompropertyset>
<custompropertyset name= "cREVGeometrycache">
<total>16</total>
</custompropertyset>
<custompropertyset name= "cGlx2General">
<cExplicitVariables>false</cExplicitVariables>
<cHscrollScript>0</cHscrollScript>
<cHscrollHandlers>0</cHscrollHandlers>
<cHtmlScript>urldecode( "%1F%8B%08%00%00%00%00%00%00%03%DDU%5Do%D30%14%7D%A6%BF%E2*%3C%B0I%8B%C4%D2N+%24%90%C6%E8%D6I%A1%AD%9A%0ExCnr%93%989v%88%DD%2F%7E%3D%B6%93%B4i%9Bn%E3%EB%85%3E4%8E%7D%7C%CF%B9%E7%C6%BE%AE%FB%0E%08c%90%12%1E1%2Cd%A7%238db%81%81%22%E1%3D%E4%F618%2B%9F%9F%3A%A0%7F%12%15%A8%14%21%0C8%C9e*%D4%04C%05%22%06i%B78%05.n%FC%2F%1E%84%22B%07%94%B0%E0%A2%C2%A8%94%CA%12%D8A%1Em%99%2Co%81%92%FE%A8%99%87%B8%FCL%23%95%9E%99%D1%00i%92%AA%B3%7C%C4%A2jR%8F%CAI%AB%29%12%93%DF%DE%FB7%F3id%603%0D%0A%99%90%E5%EB%04%BF%CFQ%96%8C%AAX%DBg%C2V%5E%40%168.0%96v%26%24*L%01%ED8%9F%2B%83%18%93Bb%BF%28Dq%82%A7v%C1%10%D5%21r%22e%0B%8B%81%1C%CE%1AE%7F%E2%D4%F6%CFua8%9A%F6%837%CF%9E%03%E1a*%0D%0Ax%0B%19%B9G%E3%85%A2%82%93J%9F%5E%B7%16%19%F3+A%FE%22%82%D9%1An%08%23%AB5%D4%88%05%C5%25%2C%A9J%E1J%B0y%A67%EBA%96%21W%12%04%DFa%BD%BE%ED%FB%1F%C0%99%F4%83%3B%7F%1A8%1B%A3%9A5%89%29%B2%08h%04%E7%2F%3D%0F%28%2FKf%AA%BA%81o%F2.%97%A9%C2%0C%BAe%3D%0F%81%A5%03%0Ddo%1FY%7FB%ED%0D%0A%F6%F8%EBT%DE%DFM%A7%A3%218W%7E%FFr%02%97%BE%DF%9E%CDl%AE%94%AE%9B%0D%D6%BD8L%C7uI%14%99%19%9B%CF%95%3E%C8%09B%AD%F4%BC%A1T%1B%1D%96%AE%820%1C%A2%AE%1C%C3%F8%09%A1%BAO%09U%1C%9C%AA%23i%EC%25%B1A%5B%A7%0D%5C%ED%60%B7%F5r%A1w%DC%C5%C7%1D%F4%FE%0F%07%BD_p%B0%C4%9E%98E%A3s%CF%DD%D3V7%83%E1%E58%18%8C%8E%9D%B0%9Db%F6%DA%8FX%3B%A1wq%EA%BE%7E%E8%D0%3D%F8%DD%F4%8E%9D%A5%EAZ%B8%BE%F5%A7%FD%23_A%E3Lv_%FDS%C9%BBLm%8Akm%BA%FEs%7D%3B*Q%ACkJGV%5DH%3A%1B%91%1F5lP%C2*B%7D%BD%EB%BE%A4%89%C7%22%9F%E7%7B%18%DB%A42%D4%DB%B5%02%C8%28cTb%28%AB%EB%DB%EC%DDi%02u%EBm%0Ff7%D1%B8I%A7%85I%13%DCd%90%EBp%94%27%19JI%12%94f%AE%BC%B0m%A3ZQ%D5%88%BCi%5E4%DEZA%AD%97%A0p%D5%2C%F7%8E%0B%12%B8P%80Y%AE%D6%BB%F1%8D%8D%8Cr%DC%93%FC%98%95c%AA%93%AEc%88%D9%B7%AF1Uf%DE%273dV%0D%13%3C1%05l%15%D4L%A3%EA%F9U%82%3F%01%AE%E1Z%81M%09%00%00" )</cHtmlScript>
<cSelectedChunk>char 676 to 675</cSelectedChunk>
<cHandlersListWidth>157</cHandlersListWidth>
<cDirtyFlag>false</cDirtyFlag>
<cHtmlHandlers>urldecode( "%1F%8B%08%00%00%00%00%00%00%03%B3%29%B0%B3I%B2%B3%29.%05%12%99%B9%E9%0D%0A%C5E%C9%B6J%C6%C6%C6%86%C6%96Jv6%FA+q%85%C4%9C%1C%85%8C%C4%BC%94%9C%D4%A2b%1B%7D%A0B%FD%02%3B.%9B%02%3B5eKk4%9D%A6%86f%96%26%C6p%9D%C99%F9%C5%A9%C1%25%89%C9%D9A%A9%85%A5%A9%C5%25%C4kM%C9%0FJ-%CE%AC%82%E8%26%5E%5Bn%7E%19%A9Z%8AR%8BSK%02%F2%0BJ%0BH%D2%83%EC6%00%82%D2%F1%C7F%01%00%00" )</cHtmlHandlers>
<cFolders>all handlers</cFolders>
<cHandlers>urldecode( "closeStackRequest%0D%0AdoResizeStack%0D%0AmoveStack%0D%0AresetPopup%0D%0AresizeStack" )</cHandlers>
<cVscrollScript>3</cVscrollScript>
<cVscrollHandlers>0</cVscrollHandlers>
<cHilitedLine>2</cHilitedLine>
</custompropertyset>
<custompropertyset name= "cGlx2TimeStamp">
<xml_num_1172230531>end</xml_num_1172230531>
<xml_num_1194530912>start</xml_num_1194530912>
<xml_num_1172172519>start</xml_num_1172172519>
<xml_num_1172231894>working</xml_num_1172231894>
<xml_num_1172173253>start</xml_num_1172173253>
<xml_num_1172424829>working</xml_num_1172424829>
<xml_num_1172173254>start</xml_num_1172173254>
<xml_num_1172584374>end</xml_num_1172584374>
<xml_num_1194530283>start</xml_num_1194530283>
<xml_num_1192089420>start</xml_num_1192089420>
<xml_num_1172576205>start</xml_num_1172576205>
<xml_num_1172425412>working</xml_num_1172425412>
<xml_num_1172173259>end</xml_num_1172173259>
<xml_num_1172261318>end</xml_num_1172261318>
<xml_num_1172425569>end</xml_num_1172425569>
<xml_num_1172229235>end</xml_num_1172229235>
<xml_num_1172216608>start</xml_num_1172216608>
<xml_num_1172425418>working</xml_num_1172425418>
<xml_num_1172230390>start</xml_num_1172230390>
<xml_num_1172425419>working</xml_num_1172425419>
<xml_num_1172425422>working</xml_num_1172425422>
<xml_num_1172216616>end</xml_num_1172216616>
<xml_num_1172231286>start</xml_num_1172231286>
<xml_num_1172231448>working</xml_num_1172231448>
<xml_num_1172230561>start</xml_num_1172230561>
<xml_num_1172230248>working</xml_num_1172230248>
<xml_num_1172420824>start</xml_num_1172420824>
<xml_num_1235496300>start</xml_num_1235496300>
<xml_num_1172581900>start</xml_num_1172581900>
<xml_num_1192090924>start</xml_num_1192090924>
<xml_num_1172230256>working</xml_num_1172230256>
<xml_num_1194530007>start</xml_num_1194530007>
<xml_num_1192090925>end</xml_num_1192090925>
<xml_num_1172231313>working</xml_num_1172231313>
<xml_num_1172231780>start</xml_num_1172231780>
<xml_num_1172172564>working</xml_num_1172172564>
<xml_num_1172231317>working</xml_num_1172231317>
<xml_num_1172261201>start</xml_num_1172261201>
<xml_num_1172231323>working</xml_num_1172231323>
<xml_num_1172233422>end</xml_num_1172233422>
<xml_num_1194530025>working</xml_num_1194530025>
<xml_num_1172426034>end</xml_num_1172426034>
<xml_num_1172230276>end</xml_num_1172230276>
<xml_num_1172231331>working</xml_num_1172231331>
<xml_num_1172230128>working</xml_num_1172230128>
<xml_num_1194530826>start</xml_num_1194530826>
<xml_num_1192090802>start</xml_num_1192090802>
<xml_num_1172425634>start</xml_num_1172425634>
<checksum>urldecode( "ff%B2%7F%D4%DE%F3%C5p%C2%2C%D3%D3%23%C4%C5" )</checksum>
<xml_num_1172231185>start</xml_num_1172231185>
<xml_num_1235496343>end</xml_num_1235496343>
<xml_num_1172424749>end</xml_num_1172424749>
<xml_num_1172424439>start</xml_num_1172424439>
<xml_num_1192090499>end</xml_num_1192090499>
<xml_num_1172230004>start</xml_num_1172230004>
<xml_num_1194530853>start</xml_num_1194530853>
<xml_num_1172424451>start</xml_num_1172424451>
<xml_num_1194529692>start</xml_num_1194529692>
<xml_num_1172230800>start</xml_num_1172230800>
<xml_num_1172231215>end</xml_num_1172231215>
<xml_num_1172420889>working</xml_num_1172420889>
<xml_num_1172231684>start</xml_num_1172231684>
<xml_num_1172230806>working</xml_num_1172230806>
<xml_num_1172584165>start</xml_num_1172584165>
<xml_num_1172425828>start</xml_num_1172425828>
<xml_num_1172424623>working</xml_num_1172424623>
<xml_num_1172228918>start</xml_num_1172228918>
<xml_num_1172425353>start</xml_num_1172425353>
<xml_num_1192087907>start</xml_num_1192087907>
<xml_num_1172231705>working</xml_num_1172231705>
<xml_num_1172582402>end</xml_num_1172582402>
<xml_num_1172230181>start</xml_num_1172230181>
<xml_num_1172230661>working</xml_num_1172230661>
<xml_num_1172231391>end</xml_num_1172231391>
<xml_num_1172239777>end</xml_num_1172239777>
<xml_num_1172581834>end</xml_num_1172581834>
<xml_num_1172425059>start</xml_num_1172425059>
<xml_num_1172230356>working</xml_num_1172230356>
<xml_num_1172230833>end</xml_num_1172230833>
<xml_num_1172231399>start</xml_num_1172231399>
<xml_num_1172231409>working</xml_num_1172231409>
<xml_num_1172581996>working</xml_num_1172581996>
<xml_num_1172231101>end</xml_num_1172231101>
<xml_num_1194530896>start</xml_num_1194530896>
<xml_num_1172424818>start</xml_num_1172424818>
</custompropertyset>
<script>urldecode( "--%3E+all+handlers%0D%0A%0D%0Aon+moveStack+pStackH%2CpStackV%0D%0A++++set+the+cSnapshotRect+of+stack+%22revGLX2+code%22+to+the+rect+of+this+stack%0D%0Aend+moveStack%0D%0A%0D%0Aon+resizeStack+pNewWidth%2CpNewHeight%2CpOldWidth%2CpOldHeight%0D%0A++++doResizeStack+pNewWidth%2CpNewHeight%2CpOldWidth%2CpOldHeight%0D%0A++++set+the+cSnapshotRect+of+stack+%22revGLX2+code%22+to+the+rect+of+this+stack%0D%0Aend+resizeStack%0D%0A%0D%0Aon+closeStackRequest%0D%0A++++try%0D%0A++++glx2SavePrefs%0D%0A++++catch+e%0D%0A++++put+glxParseError%28e%29%0D%0A++++end+try%0D%0A++++pass+closeStackRequest%0D%0Aend+closeStackRequest%0D%0A%0D%0Aon+doResizeStack+pNewWidth%2CpNewHeight%2CpOldWidth%2CpOldHeight%0D%0A++++%0D%0A++++%0D%0A++++--+NOTES%3A%09%23+anchor+%3D+make+stationary%0D%0A++++%09%23+this+code+gen%27d+by+Galaxy+%0D%0A++++%09%23+view+with+Columnar+Comments+on%0D%0A++++%0D%0A++++--+FIELD+%22RESULTS%22%0D%0A++++put+the+rect+of+field+id+1022+into+theRect%0D%0A++++put+pNewWidth+into+item+3+of+theRect%0D%0A++++put+pNewHeight+into+item+4+of+theRect%0D%0A++++set+the+rect+of+field+id+1022+to+theRect%0D%0A++++%0D%0A++++--+BUTTON+%22CLEAR+ALL%22%0D%0A++++put+the+rect+of+button+id+1035+into+theRect%0D%0A++++--add+theWidthChange+to+item+1+of+theRect%09%23+comment+out+to+anchor+left%0D%0A++++--add+theWidthChange+to+item+3+of+theRect%09%23+comment+out+to+anchor+right%0D%0A++++set+the+rect+of+button+id+1035+to+theRect%0D%0A++++set+the+right+of+btn+id+1035+to+pNewWidth+-+4%0D%0A++++%0D%0A++++--+BUTTON+%22CLEAR%22%0D%0A++++put+the+rect+of+button+id+1025+into+theRect%0D%0A++++--add+theWidthChange+to+item+1+of+theRect%09%23+comment+out+to+anchor+left%0D%0A++++--add+theWidthChange+to+item+3+of+theRect%09%23+comment+out+to+anchor+right%0D%0A++++set+the+rect+of+button+id+1025+to+theRect%0D%0A++++set+the+right+of+btn+id+1025+to+%28the+left+of+btn+id+1035%29%0D%0A++++%0D%0A++++--+BUTTON+%22SNAPSHOTS%22%0D%0A++++put+the+rect+of+button+id+1034+into+theRect%0D%0A++++put+%28the+left+of+btn+id+1025%29-8+into+item+3+of+theRect%0D%0A++++set+the+rect+of+button+id+1034+to+theRect%0D%0A++++%0D%0A++++--+FIELD+%22FILTER%22%0D%0A++++put+the+rect+of+field+id+1037+into+theRect%0D%0A++++put+%28the+left+of+btn+id+1025%29-8+into+item+3+of+theRect%0D%0A++++set+the+rect+of+field+id+1037+to+theRect%0D%0A++++%0D%0A++++put+the+menuhistory+of+btn+%22snapshots%22+into+theMenuHistory%0D%0A++++send+%22resetPopup+theMenuHistory%22+to+me+in+10+millisecs+%0D%0A++++%0D%0Aend+doResizeStack%0D%0A%0D%0Aon+resetPopup+theMenuHistory%0D%0A++++if+%22resetPopup%22+is+in+the+pendingmessages+then%0D%0A++++++++exit+resetPopup%0D%0A++++end+if%0D%0A++++%0D%0A++++if+the+text+of+button+%22snapshots%22+is+not+empty+then%0D%0A++++++++put+line+theMenuHistory+of+btn+%22snapshots%22+into+theMenuPick%0D%0A++++++++obj_fitMenuLabel+the+long+id+of+button+%22snapshots%22%0D%0A++++end+if%0D%0Aend+resetPopup%0D%0A" )</script>
</card>
