<image name="crumbs > chalkboard" id="284917">
<traversalOn>false</traversalOn>
<palindromeFrames>false</palindromeFrames>
<ink>srcCopy</ink>
<threeD>true</threeD>
<blendLevel>0</blendLevel>
<rect>391,50,399,74</rect>
<angle>0</angle>
<yHot>1</yHot>
<id>284917</id>
<altId>0</altId>
<frameCount>0</frameCount>
<constantMask>false</constantMask>
<lockLoc>false</lockLoc>
<repeatCount>0</repeatCount>
<size>439</size>
<name>image "crumbs > chalkboard"</name>
<hotSpot>1,1</hotSpot>
<alwaysBuffer>true</alwaysBuffer>
<layer>46</layer>
<dontDither>false</dontDither>
<visible>false</visible>
<cantSelect>false</cantSelect>
<borderWidth>2</borderWidth>
<opaque>false</opaque>
<currentFrame>1</currentFrame>
<showBorder>false</showBorder>
<disabled>false</disabled>
<xHot>1</xHot>
<showFocusBorder>true</showFocusBorder>
<custompropertyset name= "cGlx2TimeStamp">
</custompropertyset>
<imagedata>urldecode( "%00%7B%7B%7B%00%7B%7B%7B%00%7B%7B%7B%00%7B%7B%7B%00%7B%7B%7B%00%7B%7B%7B%00%7B%7B%7B%00%7B%7B%7B%00%7B%7B%7B%00%7B%7B%7B%00%7B%7B%7B%00%7B%7B%7B%00%7B%7B%7B%00%7B%7B%7B%00%7B%7B%7B%00%7B%7B%7B%00%7B%7B%7B%00%7B%7B%7B%00%7B%7B%7B%00%7B%7B%7B%00%7B%7B%7B%00%7B%7B%7B%00%7B%7B%7B%00%7B%7B%7B%00%7B%7B%7B%00%7B%7B%7B%00%7B%7B%7B%00%7B%7B%7B%00%7B%7B%7B%00%7B%7B%7B%00%7B%7B%7B%00%7B%7B%7B%00%7B%7B%7B%00%7B%7B%7B%00%7B%7B%7B%00%7B%7B%7B%00%7B%7B%7B%00%7B%7B%7B%00%7B%7B%7B%00%7B%7B%7B%00%7B%7B%7B%00%7B%7B%7B%00%7B%7B%7B%00%7B%7B%7B%00%7B%7B%7B%00%7B%7B%7B%00%7B%7B%7B%00%7B%7B%7B%00%7B%7B%7B%00%7B%7B%7B%00%7B%7B%7B%00%7B%7B%7B%00%7B%7B%7B%00%7B%7B%7B%00%7B%7B%7B%00%7B%7B%7B%00%7B%7B%7B%00%7B%7B%7B%00%7B%7B%7B%00%7B%7B%7B%00%7B%7B%7B%00%7B%7B%7B%00%7B%7B%7B%00%7B%7B%7B%00%7B%7B%7B%00%7B%7B%7B%00%7B%7B%7B%00%7B%7B%7B%00%7B%7B%7B%00%7B%7B%7B%00%7B%7B%7B%00%7B%7B%7B%00%7B%7B%7B%00%7B%7B%7B%00%7B%7B%7B%00%7B%7B%7B%00%7B%7B%7B%00%7B%7B%7B%00%7B%7B%7B%00%7B%7B%7B%00%7B%7B%7B%00%7B%7B%7B%00%7B%7B%7B%00%7B%7B%7B%00%7B%7B%7B%00%7B%7B%7B%00%7B%7B%7B%00%7B%7B%7B%00%7B%7B%7B%00%7B%7B%7B%00%7B%7B%7B%00%7B%7B%7B%00%7B%7B%7B%00%7B%7B%7B%00%7B%7B%7B%00%7B%7B%7B%00%7B%7B%7B%00%7B%7B%7B%00%7B%7B%7B%00%7B%7B%7B%00%7B%7B%7B%00%7B%7B%7B%00%7B%7B%7B%00%7B%7B%7B%00%7B%7B%7B%00%7B%7B%7B%00%7B%7B%7B%00%7B%7B%7B%00%7B%7B%7B%00%7B%7B%7B%00%7B%7B%7B%00%7B%7B%7B%00%7B%7B%7B%00%7B%7B%7B%00%7B%7B%7B%00%7B%7B%7B%00%7B%7B%7B%00%7B%7B%7B%00%7B%7B%7B%00%7B%7B%7B%00%7B%7B%7B%00%7B%7B%7B%00%7B%7B%7B%00%7B%7B%7B%00%7B%7B%7B%00%7B%7B%7B%00%7B%7B%7B%00%7B%7B%7B%00%7B%7B%7B%00%7B%7B%7B%00%7B%7B%7B%00%7B%7B%7B%00%7B%7B%7B%00%7B%7B%7B%00%7B%7B%7B%00%7B%7B%7B%00%7B%7B%7B%00%7B%7B%7B%00%7B%7B%7B%00%7B%7B%7B%00%7B%7B%7B%00%7B%7B%7B%00%7B%7B%7B%00%7B%7B%7B%00%7B%7B%7B%00%7B%7B%7B%00%7B%7B%7B%00%7B%7B%7B%00%7B%7B%7B%00%7B%7B%7B%00%7B%7B%7B%00%7B%7B%7B%00%7B%7B%7B%00%7B%7B%7B%00%7B%7B%7B%00%7B%7B%7B%00%7B%7B%7B%00%7B%7B%7B%00%7B%7B%7B%00%7B%7B%7B%00%7B%7B%7B%00%7B%7B%7B%00%7B%7B%7B%00%7B%7B%7B%00%7B%7B%7B%00%7B%7B%7B%00%7B%7B%7B%00%7B%7B%7B%00%7B%7B%7B%00%7B%7B%7B%00%7B%7B%7B%00%7B%7B%7B%00%7B%7B%7B%00%7B%7B%7B%00%7B%7B%7B%00%7B%7B%7B%00%7B%7B%7B%00%7B%7B%7B%00%7B%7B%7B%00%7B%7B%7B%00%7B%7B%7B%00%7B%7B%7B%00%7B%7B%7B%00%7B%7B%7B%00%7B%7B%7B%00%7B%7B%7B%00%7B%7B%7B%00%7B%7B%7B%00%7B%7B%7B%00%7B%7B%7B%00%7B%7B%7B%00%7B%7B%7B" )</imagedata>
</image>
