<field name="work spaces" id="698427">
<traversalOn>true</traversalOn>
<ink>srcCopy</ink>
<firstIndent>0</firstIndent>
<dontSearch>false</dontSearch>
<toggleHilites>false</toggleHilites>
<threeD>true</threeD>
<scrollbarWidth>20</scrollbarWidth>
<blendLevel>0</blendLevel>
<textHeight>17</textHeight>
<rect>211,144,359,164</rect>
<multipleHilites>false</multipleHilites>
<colors>urldecode( "white%0D%0A236%2C236%2C236%0D%0A%0D%0A%0D%0A%0D%0A%0D%0A%0D%0A" )</colors>
<shadow>false</shadow>
<hScroll>0</hScroll>
<textAlign>left</textAlign>
<vScrollbar>false</vScrollbar>
<hScrollbar>false</hScrollbar>
<id>698427</id>
<altId>0</altId>
<autoTab>false</autoTab>
<textStyle>bold</textStyle>
<hGrid>false</hGrid>
<lockLoc>false</lockLoc>
<dontWrap>true</dontWrap>
<autoHilite>false</autoHilite>
<style>transparent</style>
<showLines>false</showLines>
<sharedText>false</sharedText>
<noncontiguousHilites>false</noncontiguousHilites>
<lockText>true</lockText>
<scroll>0</scroll>
<name>field "work spaces"</name>
<vGrid>false</vGrid>
<listBehavior>false</listBehavior>
<layer>138</layer>
<visible>true</visible>
<cantSelect>false</cantSelect>
<borderWidth>1</borderWidth>
<margins>4,6,4,4</margins>
<htmlText>urldecode( "%3Cp%3ELogo+Tester+Lesson%3C%2Fp%3E%0D%0A%3Cp%3EWidgets%3C%2Fp%3E" )</htmlText>
<threeDHilite>false</threeDHilite>
<opaque>false</opaque>
<shadowOffset>4</shadowOffset>
<showBorder>false</showBorder>
<textSize>13</textSize>
<disabled>false</disabled>
<fixedLineHeight>true</fixedLineHeight>
<textFont>arial</textFont>
<vScroll>0</vScroll>
<showFocusBorder>false</showFocusBorder>
<custompropertyset name= "cREVTable">
<currentview>urldecode( "Blank%0D%0AWidgets" )</currentview>
</custompropertyset>
<custompropertyset name= "cGlx2TimeStamp">
<checksum>urldecode( "%11%E6L%22%266%EB%5E%E3%8E%06W-%9C%FC%16" )</checksum>
</custompropertyset>
<script>urldecode( "--%3E+all+handlers%0D%0A%0D%0Aon+mouseDoubleUp+pMouseBtnNum%2CtheLineNo%2CsimDoubleClick%0D%0A++++if+the+hilited+of+btn+%22edit+home%22+is+true+and+%28the+mousechar+is+not+empty+or+simDoubleClick+is+true%29+then%0D%0A++++++++lock+screen%0D%0A++++++++if+theLineNo+is+empty+then%0D%0A++++++++++++put+word+2+of+the+mouseline+into+theLineNo%0D%0A++++++++end+if%0D%0A++++++++put+word+1+to+-1+of+line+theLineNo+of+me+into+theSpace%0D%0A++++++++put+theSpace+into+fld+%22edit+space%22+%0D%0A++++++++set+the+cLineNo+of+fld+%22edit+space%22+to+theLineNo%0D%0A++++++++select+word+1+to+-1+of+line+theLineNo+of+me%0D%0A++++++++put+the+selectedloc+into+theLoc%0D%0A++++++++subtract+the+leftmargin+of+fld+%22edit+space%22+from+item+1+of+theLoc%0D%0A++++++++subtract+1+from+item+1+of+theLoc%0D%0A++++++++subtract+the+topmargin+of+fld+%22edit+space%22+from+item+2+of+theLoc%0D%0A++++++++add+2+to+item+2+of+theLoc%0D%0A++++++++set+the+topleft+of+fld+%22edit+space%22+to+theLoc%0D%0A++++++++put+the+rect+of+fld+%22edit+space%22+into+theRect%0D%0A++++++++put+the+right+of+the+owner+of+me+-+10+into+item+3+of+theRect%0D%0A++++++++put+the+topmargin+of+fld+%22edit+space%22+%2B+the+bottommargin+of+fld+%22edit+space%22+%2B+%5C%0D%0A++++++++++++++++the+top+of+fld+%22edit+space%22+%2B+%28the+textheight+of+fld+%22edit+space%22%29+into+item+4+of+theRect%0D%0A++++++++set+the+rect+of+fld+%22edit+space%22+to+theRect%0D%0A++++++++set+the+textfont+of+fld+%22edit+space%22+to+the+textfont+of+me%0D%0A++++++++set+the+textsize+of+fld+%22edit+space%22+to+the+textsize+of+me%0D%0A++++++++set+the+backcolor+of+fld+%22edit+space%22+to+the+backcolor+of+grc+%22glx2+home+bg%22%0D%0A++++++++set+the+margins+of+the+owner+of+me+to+0%0D%0A++++++++set+the+rect+of+grc+%22spaces+mask%22+to+the+rect+of+the+owner+of+me%0D%0A++++++++show+grc+%22spaces+mask%22%0D%0A++++++++show+fld+%22edit+space%22%0D%0A++++++++set+the+locktext+of+fld+%22edit+space%22+to+false%0D%0A++++++++focus+on+fld+%22edit+space%22+%0D%0A++++++++select+char+1+to+-1+of+fld+%22edit+space%22%0D%0A++++++++unlock+screen%0D%0A++++else%0D%0A++++++++lock+screen%0D%0A++++++++send+%22simMouseDown%22+to+btn+%22edit+home%22%0D%0A++++++++if+the+hilited+of+btn+%22edit+home%22+is+true+then%0D%0A++++++++++++set+the+showborder+of+the+owner+of+me+to+true%0D%0A++++++++++++enable+btn+%22remove+homey%22%0D%0A++++++++end+if%0D%0A++++end+if%0D%0A++++simMouseMove%0D%0Aend+mouseDoubleUp%0D%0A%0D%0Aon+mouseUp%0D%0A++++if+the+mousecharchunk+is+not+empty+then%0D%0A++++++++switch+the+imagesource+of+the+mousecharchunk%0D%0A++++++++++++case+the+id+of+img+%22minus+small+3%22+of+cd+%22images%22%0D%0A++++++++++++++++if+the+hilited+of+btn+%22edit+home%22+is+true+then%0D%0A++++++++++++++++++++--+DELETE+WORK+SPACE%3A%0D%0A++++++++++++++++++++put+word+2+of+the+mouseline+into+theLineNo%0D%0A++++++++++++++++++++put+word+1+to+-1+of+line+theLineNo+of+me+into+theSpace%0D%0A++++++++++++++++++++if+the+optionkey+is+down+then%0D%0A++++++++++++++++++++++++put+%22Delete%22+into+theAnswer%0D%0A++++++++++++++++++++end+if%0D%0A++++++++++++++++++++if+theAnswer+is+empty+then%0D%0A++++++++++++++++++++++++--+setGLX2AppIcons%0D%0A++++++++++++++++++++++++--+answer+%22Really+delete+work+space%22+%26%26+quote+%26+theSpace+%26+quote+%26+%22%3F%22+with+%22Cancel%22+or+%22Delete%22+as+sheet%0D%0A++++++++++++++++++++++++--+put+it+into+theAnswer%0D%0A++++++++++++++++++++++++--+setREVAppIcons%0D%0A++++++++++++++++++++++++lock+screen%0D%0A++++++++++++++++++++++++set+the+textsize+of+fld+%22question%22+of+grp+%22spaces+dlog%22+of+the+owner+of+me+to+the+textsize+of+me%0D%0A++++++++++++++++++++++++set+the+width+of+fld+%22question%22+of+grp+%22spaces+dlog%22+of+the+owner+of+me+to+the+width+of+me-10%0D%0A++++++++++++++++++++++++set+the+loc+of+grp+%22spaces+dlog%22+of+the+owner+of+me+to+the+loc+of+the+owner+of+me%0D%0A++++++++++++++++++++++++set+the+right+of+btn+%22cancel+space%22+to+item+1+of+the+loc+of+the+owner+of+me+-+2%0D%0A++++++++++++++++++++++++set+the+left+of+btn+%22delete+space%22+to+item+1+of+the+loc+of+the+owner+of+me+%2B+2%0D%0A++++++++++++++++++++++++set+the+showborder+of+grp+%22spaces+dlog%22+of+the+owner+of+me+to+true%0D%0A++++++++++++++++++++++++put+%22Delete+Space%3A%22+into+line+1+of+fld+%22question%22+of+grp+%22spaces+dlog%22%0D%0A++++++++++++++++++++++++put+theSpace+into+line+2+of+fld+%22question%22+of+grp+%22spaces+dlog%22%0D%0A++++++++++++++++++++++++set+the+textcolor+of+line+2+of+fld+%22question%22+of+grp+%22spaces+dlog%22+to+yellow%0D%0A++++++++++++++++++++++++set+the+backcolor+of+grp+%22spaces+dlog%22+to+90%2C90%2C90%0D%0A++++++++++++++++++++++++set+the+rect+of+grc+%22spaces+mask%22+to+the+rect+of+the+owner+of+me%0D%0A++++++++++++++++++++++++set+the+margins+of+the+owner+of+me+to+0%0D%0A++++++++++++++++++++++++show+grc+%22spaces+mask%22%0D%0A++++++++++++++++++++++++show+grp+%22spaces+dlog%22%0D%0A++++++++++++++++++++++++simMouseMove%0D%0A++++++++++++++++++++++++unlock+screen%0D%0A++++++++++++++++++++++++exit+to+top%0D%0A++++++++++++++++++++end+if%0D%0A++++++++++++++++++++if+theAnswer+is+%22Delete%22+then%0D%0A++++++++++++++++++++++++lock+screen%0D%0A++++++++++++++++++++++++put+the+filename+of+stack+%22revGLX2+code%22+into+theFilePath%0D%0A++++++++++++++++++++++++set+the+itemdel+to+%22%2F%22%0D%0A++++++++++++++++++++++++put+%22GLX2+Work+Spaces%2F%22+%26+theSpace+%26+%22.glx%22+into+item+-1+of+theFilePath%0D%0A++++++++++++++++++++++++if+the+cWorkSpaceFilePath+of+this+stack+is+theFilePath+then%0D%0A++++++++++++++++++++++++++++set+the+cWorkSpaceFilePath+of+this+stack+to+empty%0D%0A++++++++++++++++++++++++++++glx2SetTitle%0D%0A++++++++++++++++++++++++end+if%0D%0A++++++++++++++++++++++++set+the+itemdel+to+comma%0D%0A++++++++++++++++++++++++delete+file+theFilePath%0D%0A++++++++++++++++++++++++glx2RefreshHomey%0D%0A++++++++++++++++++++++++unlock+screen%0D%0A++++++++++++++++++++end+if%0D%0A++++++++++++++++end+if%0D%0A++++++++++++++++break%0D%0A++++++++++++default%0D%0A++++++++++++++++if+the+hilited+of+btn+%22edit+home%22+is+false+then%0D%0A++++++++++++++++++++put+word+2+of+the+mouseline+into+theLineNo%0D%0A++++++++++++++++++++if+char+1+of+line+theLineNo+of+me+is+not+%22%3E%22+then%0D%0A++++++++++++++++++++++++put+the+filename+of+this+stack+into+theFilePath%0D%0A++++++++++++++++++++++++set+the+itemdel+to+%22%2F%22%0D%0A++++++++++++++++++++++++put+%22GLX2+Work+Spaces%22+into+item+-1+of+theFilePath%0D%0A++++++++++++++++++++++++set+the+itemdel+to+comma%0D%0A++++++++++++++++++++++++put+%22%2F%22+%26+word+1+to+-1+of+line+theLineNo+of+me+%26+%22.glx%22+after+theFilePath%0D%0A++++++++++++++++++++++++put+true+into+autoSave%0D%0A++++++++++++++++++++++++put+true+into+stayHome%0D%0A++++++++++++++++++++++++glx2OpenWorkSpace+theFilePath%2CautoSave%2CstayHome%0D%0A++++++++++++++++++++end+if%0D%0A++++++++++++++++end+if%0D%0A++++++++end+switch%0D%0A++++end+if%0D%0A++++simMouseMove%0D%0Aend+mouseUp%0D%0A%0D%0Aon+mouseMove+pMouseH%2CpMouseV%0D%0A++++if+the+visible+of+fld+%22edit+space%22+is+true+or+the+visible+of+grp+%22spaces+dlog%22+is+true+then%0D%0A++++++++glx2SetStatus+%0D%0A++++++++exit+mouseMove%0D%0A++++end+if%0D%0A++++simMouseMove%0D%0A++++pass+mouseMove%0D%0Aend+mouseMove%0D%0A%0D%0Aon+simMouseMove%0D%0A++++if+the+visible+of+fld+%22edit+space%22+is+true+or+the+visible+of+grp+%22spaces+dlog%22+is+true+then%0D%0A++++++++glx2SetStatus+%0D%0A++++++++exit+simMouseMove%0D%0A++++end+if%0D%0A++++if+the+mousecharchunk+is+not+empty+then%0D%0A++++++++lock+screen%0D%0A++++++++glx2RefreshHomey%0D%0A++++++++if+the+hilited+of+btn+%22edit+home%22+is+false+then%0D%0A++++++++++++put+word+2+of+the+mouseline+into+theLineNo%0D%0A++++++++++++if+char+1+of+line+theLineNo+of+me+is+%22%3E%22+then%0D%0A++++++++++++++++glx2SetStatus+%22This+is+the+current+Work+Space%22%0D%0A++++++++++++++++set+the+defaultcursor+to+arrow%0D%0A++++++++++++else%0D%0A++++++++++++++++set+the+textcolor+of+word+1+to+-1+of+line+theLIneNo+of+me+to+yellow%0D%0A++++++++++++++++glx2SetStatus+%22Click+to+OPEN+this+Work+Space%22%0D%0A++++++++++++++++set+the+defaultcursor+to+hand%0D%0A++++++++++++end+if%0D%0A++++++++else%0D%0A++++++++++++if+the+imagesource+of+the+mousecharchunk+is+not+empty+then%0D%0A++++++++++++++++set+the+defaultcursor+to+hand%0D%0A++++++++++++++++if+the+imagesource+of+the+mousecharchunk+is+the+id+of+img+%22plus+small+5%22+of+cd+%22images%22+then%0D%0A++++++++++++++++++++set+the+imagesource+of+the+mousecharchunk+to+the+id+of+img+%22plus+small+2%22+of+cd+%22images%22%0D%0A++++++++++++++++else+if+the+imagesource+of+the+mousecharchunk+is+the+id+of+img+%22minus+small+5%22+of+cd+%22images%22+then%0D%0A++++++++++++++++++++set+the+imagesource+of+the+mousecharchunk+to+the+id+of+img+%22minus+small+3%22+of+cd+%22images%22%0D%0A++++++++++++++++++++glx2SetStatus+%22Click+to+DELETE+a+Work+Space%22%0D%0A++++++++++++++++end+if%0D%0A++++++++++++else%0D%0A++++++++++++++++set+the+defaultcursor+to+arrow%0D%0A++++++++++++++++glx2SetStatus+%22Double-click+a+Work+Space+to+EDIT+its+name%22%0D%0A++++++++++++end+if%0D%0A++++++++end+if%0D%0A++++++++unlock+screen%0D%0A++++else%0D%0A++++++++simMouseEnter%0D%0A+++++++set+the+defaultcursor+to+arrow%0D%0A++++end+if%0D%0Aend+simMouseMove%0D%0A%0D%0Aon+simMouseEnter%0D%0A++++if+the+hilited+of+btn+%22edit+home%22+is+true+then%0D%0A++++++++if+the+showborder+of+the+owner+of+me+is+false+then%0D%0A++++++++++++glx2SetStatus+%22Click+to+SELECT+this+this+Widget+%95+click+and+drag+to+MOVE+this+Widget+%95+double-click+to+STOP+EDITING+all+Widgets%22%0D%0A++++++++else%0D%0A++++++++++++glx2SetStatus+%22Click+and+drag+to+MOVE+this+Widget+%95+double-click+to+STOP+EDITING+all+Widgets%22%0D%0A++++++++end+if%0D%0A++++else%0D%0A++++++++glx2SetStatus+%22Click+and+drag+to+MOVE+this+Widget+%95+double-click+to+START+EDITING+all+Widgets%22%0D%0A++++end+if%0D%0A++++glx2RefreshHomey%0D%0Aend+simMouseEnter%0D%0A%0D%0A%0D%0A%0D%0Aon+mouseDown+pMouseBtnNum%0D%0A++++if+the+mousechunk+is+empty+then%0D%0A++++++++selectme%0D%0A++++++++pass+mouseDown%0D%0A++++end+if%0D%0Aend+mouseDown%0D%0A%0D%0Aon+mouseLeave%0D%0A++++if+the+visible+of+fld+%22edit+space%22+is+false+and+the+visible+of+grp+%22spaces+dlog%22+is+false+then%0D%0A++++++++glx2SetStatus+%0D%0A++++++++set+the+defaultcursor+to+arrow%0D%0A++++++++glx2RefreshHomey%0D%0A++++end+if%0D%0Aend+mouseLeave%0D%0A" )</script>
</field>
