{"stackFileArray": {"Global_Splash_Menu": "controllers/Global_Splash_Menu.livecodescript","behavior_ViewSplash": "behaviors/behavior_ViewSplash.livecodescript"},"Global Menus": {"Global | Splash | Menu": {"mController": "stack \"/Users/BabyBlue/Desktop/git-repos/lcw_Wiki/modules/View_Splash/controllers/Global_Splash_Menu.livecodescript\"","gMenuTable": "Test Feast\tmenu_TestFeast mTarget\tstack \"Global_Splash_Menu\"\tGlobal | Splash | Menu\t\t\t\t\tTest Feast\n-\nTest Feast Push\tmenu_TestFeastPush mTarget\tstack \"Global_Splash_Menu\"\tGlobal | Splash | Menu\t\t\t\t\tTest Feast Push\nTest Feast Pull\tmenu_TestFeastPull mTarget\tstack \"Global_Splash_Menu\"\tGlobal | Splash | Menu\t\t\t\t\tTest Feast Pull\n-\nTest Who Am I\tmenu_TestWhoAmI mTarget\tstack \"Global_Splash_Menu\"\tGlobal | Splash | Menu\t\t\t\t\tTest Who Am I\nTest Config Email\tmenu_TestConfigEmail mTarget\tstack \"Global_Splash_Menu\"\tGlobal | Splash | Menu\t\t\t\t\tTest Config Email\nTest Git Config\tmenu_TestGitConfig mTarget\tstack \"Global_Splash_Menu\"\tGlobal | Splash | Menu\t\t\t\t\tTest Git Config\nTest Feast Commit\tmenu_TestFeastCommit mTarget\tstack \"Global_Splash_Menu\"\tGlobal | Splash | Menu\t\t\t\t\tTest Feast Commit\nTest Feast Add\tmenu_TestFeastAdd mTarget\tstack \"Global_Splash_Menu\"\tGlobal | Splash | Menu\t\t\t\t\tTest Feast Add\nTest Feast Status\tmenu_TestFeastStatus mTarget\tstack \"Global_Splash_Menu\"\tGlobal | Splash | Menu\t\t\t\t\tTest Feast Status\nTest Merge Slide\tmenu_TestMergeSlide mTarget\tstack \"Global_Splash_Menu\"\tGlobal | Splash | Menu\t\t\t\t\tTest Merge Slide\n-\nParse Splash Page\tmenu_ParseSplashPage mTarget\tstack \"Global_Splash_Menu\"\tGlobal | Splash | Menu\t\t\t\t\tParse Splash Page\nParse Ref Page\tmenu_ParseRefPage mTarget\tstack \"Global_Splash_Menu\"\tGlobal | Splash | Menu\t\t\t\t\tParse Ref Page\nLocal Slide Array\tmenu_LocalSlideArray mTarget\tstack \"Global_Splash_Menu\"\tGlobal | Splash | Menu\t\t\t\t\tLocal Slide Array\n-\nParse Player Fm\tmenu_ParsePlayerFm mTarget\tstack \"Global_Splash_Menu\"\tGlobal | Splash | Menu\t\t\t\t\tParse Player Fm\nParse One Tab\tmenu_ParseOneTab mTarget\tstack \"Global_Splash_Menu\"\tGlobal | Splash | Menu\t\t\t\t\tParse One Tab\n-\nDev\t\tstack \"Global_Splash_Menu\"\tGlobal | Splash | Menu\t\tsubmenu\tDev | Menu\tstack \"Global_Splash_Menu\"\tDev"}}}