<button name="Use GLX2 Property Inspector" id="1146">
<traversalOn>true</traversalOn>
<ink>srcCopy</ink>
<threeD>true</threeD>
<hiliteBorder>false</hiliteBorder>
<blendLevel>0</blendLevel>
<rect>167,27,350,50</rect>
<mnemonic>0</mnemonic>
<armFill>false</armFill>
<visitedIcon>0</visitedIcon>
<showName>true</showName>
<showIcon>false</showIcon>
<hilited>false</hilited>
<sharedHilite>true</sharedHilite>
<shadow>false</shadow>
<textAlign>left</textAlign>
<armed>false</armed>
<menuMouseButton>1</menuMouseButton>
<id>1146</id>
<altId>0</altId>
<labelWidth>0</labelWidth>
<armedIcon>0</armedIcon>
<lockLoc>false</lockLoc>
<visited>false</visited>
<showHilite>false</showHilite>
<autoHilite>true</autoHilite>
<style>checkbox</style>
<disabledIcon>0</disabledIcon>
<armBorder>true</armBorder>
<name>button "Use GLX2 Property Inspector"</name>
<icon>0</icon>
<toolTip>NOTE: Closes all open Property Inspectors!</toolTip>
<layer>79</layer>
<visible>true</visible>
<cantSelect>false</cantSelect>
<borderWidth>2</borderWidth>
<menuLines>5</menuLines>
<margins>3,4,4,4</margins>
<opaque>false</opaque>
<shadowOffset>4</shadowOffset>
<default>false</default>
<hiliteFill>true</hiliteFill>
<showBorder>false</showBorder>
<hiliteIcon>0</hiliteIcon>
<disabled>false</disabled>
<autoArm>false</autoArm>
<family>0</family>
<hoverIcon>0</hoverIcon>
<showFocusBorder>true</showFocusBorder>
<menuHistory>1</menuHistory>
<custompropertyset name= "cGlx2TimeStamp">
<checksum>urldecode( "%11%C0%C3%8ArK%A1%98%D9Z%07%0B%0C%96%0D%84" )</checksum>
</custompropertyset>
<script>urldecode( "--%3E+all+handlers%0D%0A%0D%0Aon+mouseUp%0D%0A++++lock+screen%0D%0A++++--+set+the+hilited+of+btn+%22use+glx2+property+inspector%22+of+cd+%22general%22+of+stack+%22revPreferencesGUI%22+to+the+hilited+of+me%0D%0A++++--+set+the+hilited+of+btn+%22use+glx2+property+inspector%22+of+stack+%22revGLX2+Code+Docs%22+to+the+hilited+of+me%0D%0A++++set+the+cUseGLX2Props+of+stack+%22revGLX2+code%22+to+the+hilited+of+me%0D%0A++++if+there+is+a+stack+%22revGLX2+props%22+then%0D%0A++++++++send+%22glx2SavePrefs%22+to+stack+%22revGLX2+code%22%0D%0A++++end+if%0D%0A++++put+revLoadedStacks%28%22all%22%29+into+thePropertyInspectors%0D%0A++++filter+thePropertyInspectors+with+%22revPropertyPalette+*%22%0D%0A++++repeat+for+each+line+theStackName+in+thePropertyInspectors%0D%0A++++++++delete+stack+theStackName%0D%0A++++end+repeat%0D%0A++++send+%22setPropsMotif%22+to+stack+%22revGLX2+code%22%0D%0A++++unlock+screen%0D%0Aend+mouseUp%0D%0A" )</script>
</button>
