<field name="Find Btn" id="280036">
<tabStops>75</tabStops>
<traversalOn>false</traversalOn>
<ink>srcCopy</ink>
<firstIndent>0</firstIndent>
<dontSearch>false</dontSearch>
<toggleHilites>false</toggleHilites>
<threeD>false</threeD>
<scrollbarWidth>20</scrollbarWidth>
<blendLevel>0</blendLevel>
<textHeight>14</textHeight>
<rect>354,81,429,102</rect>
<multipleHilites>false</multipleHilites>
<colors>urldecode( "white%0D%0A32%2C34%2C37%0D%0A%0D%0A%0D%0A%0D%0A%0D%0A%0D%0A" )</colors>
<shadow>false</shadow>
<hScroll>0</hScroll>
<textAlign>center</textAlign>
<vScrollbar>false</vScrollbar>
<hScrollbar>false</hScrollbar>
<id>280036</id>
<altId>0</altId>
<autoTab>false</autoTab>
<textStyle>bold</textStyle>
<hGrid>false</hGrid>
<lockLoc>false</lockLoc>
<dontWrap>true</dontWrap>
<autoHilite>false</autoHilite>
<style>rectangle</style>
<showLines>false</showLines>
<sharedText>true</sharedText>
<noncontiguousHilites>false</noncontiguousHilites>
<lockText>true</lockText>
<scroll>0</scroll>
<name>field "Find Btn"</name>
<vGrid>false</vGrid>
<listBehavior>false</listBehavior>
<layer>41</layer>
<visible>true</visible>
<cantSelect>false</cantSelect>
<borderWidth>1</borderWidth>
<margins>8,8,8,5</margins>
<htmlText>urldecode( "%3Cp%3EFind+String%3C%2Fp%3E" )</htmlText>
<threeDHilite>false</threeDHilite>
<opaque>true</opaque>
<shadowOffset>4</shadowOffset>
<showBorder>true</showBorder>
<textSize>11</textSize>
<disabled>false</disabled>
<fixedLineHeight>true</fixedLineHeight>
<textFont>Arial</textFont>
<vScroll>0</vScroll>
<showFocusBorder>false</showFocusBorder>
<custompropertyset name= "cGlx2General">
<cHscrollScript>0</cHscrollScript>
<cLocals>sDragging </cLocals>
<cHscrollHandlers>0</cHscrollHandlers>
<cSelectedChunk>char 1624 to 1623</cSelectedChunk>
<cHtmlScript>urldecode( "%1F%8B%08%00%00%00%00%00%00%03%B5WMo%E36%10%BD%EBW%0CtH%93%60%BDn%02%B4%05r%E8%21%9B%8F.%90l%16v%03%F4%D0%0B%25%8D%2C6%12%29%90%94%95%EC%FF%E8%FF%ED%90%92eQ%96l%07A%89+NH%CE%BC%E1%9BG%CEx6%FB%1D%D6Lq%16%E5%A8%E1%04b%29%B4a%C2%E8+X%E52b9%AC%EE%F3%D7%CB%07%A6%CD%1D%17I%90%CB%98%E6%F4%8Db%AB%15%17%2B%08%82%19y%A8%0C%CF%C9b%7E%7E%1E%C09h%5E%3C%CAJ%E3%AD0%A8h%82%7E%E6%81%14%C3y%1A%3C%05%93%21%AC%B9%E6%84%0F2%85%95*%21%8C%94%AC5%AA%10%B8%06%A3*%B4%9B%843%B0cE%F1%2C%D1%2C%0D3%95%86%F0K%CE%E3%170%12%EE%9F%ECo%EB%EFy%F1%00%5C%B8%3FS%8Ey%B2%99%CF15%16%A4%40%F8%17%12Y%B933%FA%81%C5%ED%DD%E2v%F9%07D%951R%84%0E%0Bs%8D%07A%EF%BE%7E%BBq%BE%B5Q%96%8F%FD%B0%ADc%91%D0%C9%03%FB%E1S%E2%B8%2C%EC%FF%1D%97%C5%18%91%85%CF%A2F%E3p%9A%13%C564n%17%D7%94%29%0D%0A%E1%E2%E7f%97%07e%C1%7Bn%3C%B8%07dk%1C%C2%B5%93%87%E1.%7Fi%F0%7C%C6%B6%80%8D%23%0F%F0Q%EE%E25s%3D8%83%AF%26%96%B9Tm%06%09*%AC3nZRg%B3VL%F1%A34%F4%27m%22%21S%92B%85%EB%FB%87%BF.I%DA%09%3AI%85%2Cg%11%09%DA*%ACS%16%99lU%3D%AA%BB%D6%BF%8B%8E%AE%81%DDTs%93%B5%19W%18o%B4e%AD%9CEgz%E8%1Co%98%E7%B2%0E%BD%FD%B3%99%27%C0f%EAH2z*%9Bpw%B4%AB%C6%0D%04%03%1F%8E%EE%3D%84u%E9x%2F%5D%FB%03%EB%13%E5Es%B4Jz%B4%7C%C4%01%F8%EE%3Au%5B%D9%82%AF%EE%1BY%8B%A1%BA%9B9%1Aee%1A%E6%E8%0D%0A%C9%1E%A1%1D%1B%F01Y%93%83%E3%F9%DC%3Ey%EF%B1%190%E0%8E%E6%11%F0%5C%0E%8F%FF%5CB%E9%1E%A3k%23%BEI%E7%A9%29%2C%E6%BB%C2%94%BF%F6g2%BCn%CA%C1%D7%1B%7F%FA%29%FA%87D%E4%CD%A6R%C5%B8+%B9%B1%24%E8%29%CA%B1%9C2%3A%DC4%CDG%E6%DF%85O%08%C8Z%A6%5C%02%5B%3Bk%92%D2%BB%1F%A6T*%C3%06%CB%2F%9Fm%A8%2F%A0c%85m%8A%26%2B%A1%AC%A8%16%0D%0A%B6%E6%2Bfp%A2%18%92%5D%9C1%05%176%D0%DF%86%01%90%282c%CA%AB%F9%3C%04%3AQo%89%EA%BCa%5C%D0%86%CF%B1%2C%A6W%EB%BA%FE%BC%C7V%A0%09%E1o%EF%91%B2cr%BFT%AB%3D%DE%22%FEc%CFj%A5%F7%2C%9Au%E8%133%C6%F4f%D8%9CmY%FBu%2Cm%7D%21n%86%A6%F7%2B%CEF%97%EC%88I%12%D6G%8EW%F3pg%D5%0E%7Be%A5mNN%B7pg%A3%3B%23%85%ECe%0D%0A%011%19ChV%9B%7C%EF%5B%D5W%E3%D1%ED%C5lD4j%D7J%B7%CC%99%A1%FBW8%D5%3D%B2%F8i9%92%91%FE%60B%D7%A8+%5CJ%A5%DE%3E%C1%92%A5%D4%87B%DB%FBA-%C5O%86z%0C%B8%FB%F3%3B%5C%CDN%C7%B1%ED%C0Wn%5C%AB%25%CB%D1%3D%83Bx%F8%C8%09%A6%AC%CA%CD%A8%85%95%CE%F6NEH%27%C6%9Ex%8EDq%AD%9FS%D3%A0E%C8mY%DCJsv%E1ksG%C5%2B4%DD%EBxz%D6Jw%F8b%F6%0D%5C%29%D9%BC%9C%D69Ud%0Dq%D2%99z%AF%EAf4%29%EE%BC%DA%14%0Bi%00%8B%D2%BCQ%1E%93%BE%E1%E8%22%08V%60%03%E7m%EC%2F%B9c%BA%92Vc4%A1%1D%3E%7C%DF%E8J%B5a%DD%A39%ED%07%F9%29%A4%9B%16%9EMkpk%BA%C0T%A1%CE%A6%99s9%1Bvc%3E9%EF%FC%123%1C%7E%1F0%ACcG%C7%B2q%D5%2Bv%07%7DM_%0Fm%D7BY%A2%B8%DE%1C%E6%E4%C4%7B%BC%DC7%C6%A2%60%F4%D9%C3%B1%D2-%2C%3C%7D%F7%80%82%E79%D7%18%EB%5DFw%91G%0F%F6a%82%8F%27w%92%D8w%90%3AA%E8%FFH%E6%00%B1%F7%AFw%9E%8C%27%1B%7Dws%89%EC%FA%92%26%C8%F6%89X%BA%A7%08%93%2FY%25%5E%BA%DBi%7BM%EA%3F%25%B5O%D4%90%B4_ou%BB5v%5B%83A%04U%99P%F7bA%A8%D7kf%C4N%07%D45%8F%D4*z%ADc%D7i%F9%FD%E3%B0%01%DB%D7%DB%1D%D1%D8u%F0%AD%DF%FF%00%F3%EE%F9%93%15%11%00%00" )</cHtmlScript>
<cHandlersListWidth>188</cHandlersListWidth>
<cHtmlHandlers>urldecode( "%1F%8B%08%00%00%00%00%00%00%03%95%D0%BD%0D%0A%C20%14%05%E0%DD%A7%08%15%BA%C6%92%A8%84%C6L%BA%D9E%F0%01%D2r%91%40%F3CnR_%DF%3AX%D0%0E%92%E5%0E%87%FBq%E0%C8%A0d%AF%24%E6%F9%18%FB+%18%87S%C5%18k%98%A8%94%A4%EF%9CX%9F%11%24%9D%3FhP%1B%19T%BD%15%ED%0F%D97%07%C1%D979%FB%A7%2B%24%17%97+%16%9A%2B%E8%09%0D%0AM%E7%8B%C9%0DF%D0X%AA%EE%E1%03%FE%CE%9C%93%19%B1lf4%B6%5B%CD%B6.%E2%3B%21%8E%7CQ%93%8EF%F7%23+%A9%B5%0D-%19%BC%C3%A4%5DZ%CA_%F1%F2%E2%DD%15%02%00%00" )</cHtmlHandlers>
<cDirtyFlag>false</cDirtyFlag>
<cFolders>urldecode( "mouse%0D%0Autils%0D%0Avariables+%26+constants" )</cFolders>
<cHandlers>urldecode( "mouseDown%0D%0AmouseEnter%0D%0AmouseLeave%0D%0AmouseMove%0D%0AmouseRelease%0D%0AmouseUp%0D%0AsimMouseEnter" )</cHandlers>
<cVscrollScript>932</cVscrollScript>
<cVscrollHandlers>0</cVscrollHandlers>
<cHilitedLine>2</cHilitedLine>
<cGlobals>gGlx2LastFind</cGlobals>
</custompropertyset>
<custompropertyset name= "cGlx2TimeStamp">
<xml_num_1281517116>start</xml_num_1281517116>
<checksum>urldecode( "%BD3%11%84W%A9%CE%92%21T%1B%9F%FE%88%1By" )</checksum>
<xml_num_1281517154>working</xml_num_1281517154>
<xml_num_1281518082>start</xml_num_1281518082>
<xml_num_1281532942>start</xml_num_1281532942>
<xml_num_1281518164>end</xml_num_1281518164>
<xml_num_1281533008>start</xml_num_1281533008>
<xml_num_1281517275>working</xml_num_1281517275>
<xml_num_1281532899>start</xml_num_1281532899>
<xml_num_1281517126>start</xml_num_1281517126>
<xml_num_1281517198>working</xml_num_1281517198>
<xml_num_1281532917>start</xml_num_1281532917>
<xml_num_1281517330>working</xml_num_1281517330>
<xml_num_1281533683>start</xml_num_1281533683>
<xml_num_1281533612>start</xml_num_1281533612>
<xml_num_1281518095>start</xml_num_1281518095>
<xml_num_1281517135>working</xml_num_1281517135>
<xml_num_1281517334>working</xml_num_1281517334>
<xml_num_1281517253>working</xml_num_1281517253>
<xml_num_1281517217>working</xml_num_1281517217>
<xml_num_1281532958>start</xml_num_1281532958>
<xml_num_1281533816>start</xml_num_1281533816>
<xml_num_1281533660>start</xml_num_1281533660>
<xml_num_1281517099>working</xml_num_1281517099>
<xml_num_1281533777>start</xml_num_1281533777>
<xml_num_1281516967>start</xml_num_1281516967>
</custompropertyset>
<custompropertyset name= "cREVTable">
<currentvscroll>0</currentvscroll>
<viewablerows>2</viewablerows>
<currentxmouseloc>62</currentxmouseloc>
<currenthscroll>0</currenthscroll>
<currentymouseloc>431</currentymouseloc>
<scrollbarwidth>20</scrollbarwidth>
<cellyspacing>14</cellyspacing>
<viewablecolumns>2</viewablecolumns>
<rightfieldloc>474</rightfieldloc>
<numbertabstops>1</numbertabstops>
<cellxspacing>75</cellxspacing>
<leftfieldloc>399</leftfieldloc>
<topfieldloc>81</topfieldloc>
<currentview><p>Find String</p></currentview>
<bottomfieldloc>102</bottomfieldloc>
</custompropertyset>
<script>urldecode( "--%3E+variables+%26+constants%0D%0A%0D%0Aglobal+gGlx2LastFind%0D%0Alocal+sDragging+%0D%0A%0D%0A--%3E+utils%0D%0A%0D%0A%2F**%0D%0A+*+simMouseEnter%0D%0A+*%0D%0A+*%2F%0D%0Aon+simMouseEnter%0D%0A++++if+the+visible+of+grp+%22browser%22+is+true+then%0D%0A++++++++glx2SetStatus+%22Click+to+GO+to+the+URL+in+the+field+to+the+left+of+me+%95+doubles+as+a+REFRESH+button%22%0D%0A++++else%0D%0A++++++++glx2SetStatus+%22Click+to+FIND+the+string+in+the+field+to+the+left+of+me%22%0D%0A++++end+if%0D%0Aend+simMouseEnter%0D%0A%0D%0A--%3E+mouse%0D%0A%0D%0A%2F**%0D%0A+*+mouseEnter%0D%0A+*%0D%0A+*%2F%0D%0Aon+mouseEnter%0D%0A++++set+the+doubleclickinterval+to+10%0D%0A++++simMouseEnter%0D%0Aend+mouseEnter%0D%0A%0D%0A%2F**%0D%0A+*+mouseLeave%0D%0A+*%0D%0A+*%2F%0D%0Aon+mouseLeave%0D%0A++++set+the+doubleclickinterval+to+250%0D%0A++++glx2SetStatus+%0D%0Aend+mouseLeave%0D%0A%0D%0A%2F**%0D%0A+*+mouseMove%0D%0A+*%0D%0A+*%2F%0D%0Aon+mouseMove%0D%0A++++set+the+textcolor+of+me+to+%22white%22%0D%0A++++--if+the+cMotif+of+stack+%22revGLX2+code%22+is+%22alabaster%22+then%0D%0A++++if+sDragging+is+true+then%0D%0A++++++++if+the+mouseloc+is+within+the+rect+of+me+then+++++%0D%0A++++++++++++set+the+textcolor+of+me+to+%22yellow%22%0D%0A++++++++++++--else%0D%0A++++++++++++--set+the+textcolor+of+me+to+%22white%22%0D%0A++++++++end+if%0D%0A++++++++--else%0D%0A++++++++--set+the+textcolor+of+me+to+%22white%22%0D%0A++++end+if+%0D%0A++++--else%0D%0A++++--if+sDragging+is+true+then%0D%0A++++--if+the+mouseloc+is+within+the+rect+of+me+then+++++%0D%0A++++--set+the+textcolor+of+me+to+%22yellow%22%0D%0A++++--else%0D%0A++++--set+the+textcolor+of+me+to+%22white%22%0D%0A++++--end+if%0D%0A++++--else%0D%0A++++--set+the+textcolor+of+me+to+%22white%22%0D%0A++++--end+if+%0D%0A++++--end+if%0D%0Aend+mouseMove+%0D%0A%0D%0A%2F**%0D%0A+*+mouseDown%0D%0A+*%0D%0A+*%2F%0D%0Aon+mouseDown%0D%0A++++put+true+into+sDragging+++%0D%0A++++--+if+the+cMotif+of+stack+%22revGLX2+code%22+is+%22alabaster%22+then%0D%0A++++--+set+the+textcolor+of+me+to+%22yellow%22%0D%0A++++--+else%0D%0A++++set+the+textcolor+of+me+to+%22yellow%22%0D%0A++++--+end+if%0D%0Aend+mouseDown%0D%0A%0D%0A%2F**%0D%0A+*+mouseUp%0D%0A+*%0D%0A+*%2F%0D%0Aon+mouseUp+pMouseBtnNo%0D%0A++++local+tPrefix%0D%0A++++local+theBrowserID%0D%0A++++local+theObjectID%0D%0A++++local+forceReload%0D%0A++++%0D%0A++++--+put+false+into+sDragging+++%0D%0A++++--+set+the+textcolor+of+me+to+%22white%22%0D%0A++++mouseRelease%0D%0A++++put+the+text+of+fld+%22find%22+into+gGlx2LastFind%0D%0A++++lock+screen%0D%0A++++%0D%0A++++if+the+visible+of+group+%22navigate%22+is+true+then%0D%0A++++++++if+char+1+to+7+of+fld+%22find%22+is+%22http%3A%2F%2F%22+or+fld+%22find%22+contains+%22.com%22+or+fld+%22find%22+contains+%22www.%22+or+fld+%22find%22+contains+%22.net%22+%5C%0D%0A++++++++++++++++or+fld+%22find%22+contains+%22.org%22+or+fld+%22find%22+contains+%22.biz%22+or+fld+%22find%22+contains+%22.us%22+or+fld+%22find%22+contains+%22.tv%22+then%0D%0A++++++++++++lock+screen%0D%0A++++++++++++put+char+1+to+6+of+fld+%22find%22+into+tPrefix%0D%0A++++++++++++switch+tPrefix%0D%0A++++++++++++++++case+%22file%3A%2F%22%0D%0A++++++++++++++++++++revGoURL+%28fld+%22find%22%29%0D%0A++++++++++++++++++++break%0D%0A++++++++++++++++case+%22feed%3A%2F%22%0D%0A++++++++++++++++case+%22http%3A%2F%22%0D%0A++++++++++++++++case+%22https%3A%22%0D%0A++++++++++++++++++++break%0D%0A++++++++++++++++case+%22ftp%3A%2F%2F%22%0D%0A++++++++++++++++++++if+the+platform+is+%22MacOS%22+then%0D%0A++++++++++++++++++++++++answer+%22Sorry%2C+Safari+browser+won%27t+do+FTP+%3A-%28%22%0D%0A++++++++++++++++++++++++exit+to+top%0D%0A++++++++++++++++++++end+if%0D%0A++++++++++++++++++++break%0D%0A++++++++++++++++default%0D%0A++++++++++++++++++++put+%22http%3A%2F%2F%22+before+fld+%22find%22%0D%0A++++++++++++++++++++break%0D%0A++++++++++++end+switch%0D%0A++++++++++++select+char+1+to+-1+of+fld+%22find%22%0D%0A++++++++++++put+getBrowserID%28%29+into+theBrowserID%0D%0A++++++++++++put+the+cObjectID+of+this+cd+into+theObjectID%0D%0A++++++++++++if+theBrowserID+is+not+empty+and+theObjectID+is+not+empty+and+the+name+of+theObjectID+is+the+name+of+fld+%22GLX2+web%22+then%0D%0A++++++++++++++++if+fld+%22find%22+is+revBrowserGet%28theBrowserID%2C%22URL%22%29+then%0D%0A++++++++++++++++++++revBrowserRefresh+theBrowserID%0D%0A++++++++++++++++else%0D%0A++++++++++++++++++++if+the+visible+of+grp+%22browser%22+is+true+then%0D%0A++++++++++++++++++++++++put+true+into+forceReload%0D%0A++++++++++++++++++++else%0D%0A++++++++++++++++++++++++put+false+into+forceReload%0D%0A++++++++++++++++++++end+if%0D%0A++++++++++++++++++++send+%22openBrowser%22+%26%26+%28fld+%22find%22%29+%26+comma+%26+forceReload+to+me+in+10+millisecs%0D%0A++++++++++++++++end+if%0D%0A++++++++++++else%0D%0A++++++++++++++++if+the+visible+of+grp+%22browser%22+is+true+then%0D%0A++++++++++++++++++++put+true+into+forceReload%0D%0A++++++++++++++++else%0D%0A++++++++++++++++++++put+false+into+forceReload%0D%0A++++++++++++++++end+if%0D%0A++++++++++++++++send+%22openBrowser%22+%26%26+%28fld+%22find%22%29+%26+comma+%26+forceReload+to+me+in+10+millisecs%0D%0A++++++++++++end+if%0D%0A++++++++end+if%0D%0A++++else%0D%0A++++++++hideBrowser%0D%0A++++++++doFind%0D%0A++++++++set+the+cSelectedChunk+of+fld+%22code+storage%22+to+the+selectedchunk+%0D%0A++++end+if%0D%0A++++updateFindBtn%0D%0A++++unlock+screen%0D%0A++++%0D%0Aend+mouseUp%0D%0A%0D%0A%2F**%0D%0A+*+mouseRelease%0D%0A+*%0D%0A+*%2F%0D%0Aon+mouseRelease%0D%0A++++put+false+into+sDragging+++%0D%0A++++set+the+textcolor+of+me+to+%22white%22%0D%0Aend+mouseRelease%0D%0A" )</script>
</field>
