<image name="tab-right" id="599796">
<traversalOn>false</traversalOn>
<palindromeFrames>false</palindromeFrames>
<ink>srcCopy</ink>
<threeD>true</threeD>
<blendLevel>0</blendLevel>
<rect>295,28,306,53</rect>
<angle>0</angle>
<yHot>1</yHot>
<id>599796</id>
<altId>0</altId>
<frameCount>0</frameCount>
<constantMask>false</constantMask>
<lockLoc>false</lockLoc>
<repeatCount>0</repeatCount>
<size>1451</size>
<name>image "tab-right"</name>
<hotSpot>1,1</hotSpot>
<alwaysBuffer>true</alwaysBuffer>
<layer>65</layer>
<dontDither>false</dontDither>
<visible>true</visible>
<cantSelect>false</cantSelect>
<borderWidth>2</borderWidth>
<opaque>false</opaque>
<currentFrame>1</currentFrame>
<showBorder>false</showBorder>
<disabled>false</disabled>
<xHot>1</xHot>
<showFocusBorder>true</showFocusBorder>
<custompropertyset name= "cGlx2TimeStamp">
</custompropertyset>
<imagedata>urldecode( "%00%A6%A6%A6%00%A6%A6%A6%00%A6%A6%A6%00%A6%A6%A6%00%A6%A6%A6%00%A6%A6%A6%00%A6%A6%A6%00%A6%A6%A6%00%A6%A6%A6%00%A6%A6%A6%00%A6%A6%A6%00%BB%BB%BB%00%BB%BB%BB%00%BB%BB%BB%00%BB%BB%BB%00%BB%BB%BB%00%BA%BA%BA%00%B2%B2%B2%00%AA%AA%AA%00%A6%A6%A6%00%A6%A6%A6%00%A6%A6%A6%00%C2%C2%C2%00%C2%C2%C2%00%C2%C2%C2%00%C2%C2%C2%00%C2%C2%C2%00%C2%C2%C2%00%C2%C2%C2%00%C0%C0%C0%00DDD%00UUU%00%A6%A6%A6%00%C8%C8%C8%00%C8%C8%C8%00%C8%C8%C8%00%C8%C8%C8%00%C8%C8%C8%00%C8%C8%C8%00%C8%C8%C8%00%C8%C8%C8%00%84%84%84%00%28%28%28%00%A6%A6%A6%00%C4%C4%C4%00%C4%C4%C4%00%C4%C4%C4%00%C4%C4%C4%00%C4%C4%C4%00%C4%C4%C4%00%C4%C4%C4%00%C4%C4%C4%00%C2%C2%C2%00...%00SSS%00%BE%BE%BE%00%BE%BE%BE%00%BE%BE%BE%00%BE%BE%BE%00%BE%BE%BE%00%BE%BE%BE%00%BE%BE%BE%00%BE%BE%BE%00%BE%BE%BE%00BBB%00EEE%00%B9%B9%B9%00%B9%B9%B9%00%B9%B9%B9%00%B9%B9%B9%00%B9%B9%B9%00%B9%B9%B9%00%B9%B9%B9%00%B9%B9%B9%00%B9%B9%B9%00FFF%00%3C%3C%3C%00%B4%B4%B4%00%B4%B4%B4%00%B4%B4%B4%00%B4%B4%B4%00%B4%B4%B4%00%B4%B4%B4%00%B4%B4%B4%00%B4%B4%B4%00%B4%B4%B4%00HHH%00%3D%3D%3D%00%AF%AF%AF%00%AF%AF%AF%00%AF%AF%AF%00%AF%AF%AF%00%AF%AF%AF%00%AF%AF%AF%00%AF%AF%AF%00%AF%AF%AF%00%AF%AF%AF%00HHH%00%3D%3D%3D%00%A9%A9%A9%00%A9%A9%A9%00%A9%A9%A9%00%A9%A9%A9%00%A9%A9%A9%00%A9%A9%A9%00%A9%A9%A9%00%A9%A9%A9%00%A9%A9%A9%00GGG%00%3D%3D%3D%00%A4%A4%A4%00%A4%A4%A4%00%A4%A4%A4%00%A4%A4%A4%00%A4%A4%A4%00%A4%A4%A4%00%A4%A4%A4%00%A4%A4%A4%00%A4%A4%A4%00GGG%00%3D%3D%3D%00%9F%9F%9F%00%9F%9F%9F%00%9F%9F%9F%00%9F%9F%9F%00%9F%9F%9F%00%9F%9F%9F%00%9F%9F%9F%00%9F%9F%9F%00%9F%9F%9F%00JJJ%00%40%40%40%00%99%99%99%00%99%99%99%00%99%99%99%00%99%99%99%00%99%99%99%00%99%99%99%00%99%99%99%00%99%99%99%00%99%99%99%00GGG%00%3F%3F%3F%00%94%94%94%00%94%94%94%00%94%94%94%00%94%94%94%00%94%94%94%00%94%94%94%00%94%94%94%00%94%94%94%00%94%94%94%00GGG%00%3F%3F%3F%00%8F%8F%8F%00%8F%8F%8F%00%8F%8F%8F%00%8F%8F%8F%00%8F%8F%8F%00%8F%8F%8F%00%8F%8F%8F%00%8F%8F%8F%00%8F%8F%8F%00FFF%00%3F%3F%3F%00%8A%8A%8A%00%8A%8A%8A%00%8A%8A%8A%00%8A%8A%8A%00%8A%8A%8A%00%8A%8A%8A%00%8A%8A%8A%00%8A%8A%8A%00%8A%8A%8A%00FFF%00%3F%3F%3F%00%84%84%84%00%84%84%84%00%84%84%84%00%84%84%84%00%84%84%84%00%84%84%84%00%84%84%84%00%84%84%84%00%84%84%84%00EEE%00%3F%3F%3F%00%7F%7F%7F%00%7F%7F%7F%00%7F%7F%7F%00%7F%7F%7F%00%7F%7F%7F%00%7F%7F%7F%00%7F%7F%7F%00%7F%7F%7F%00%7F%7F%7F%00DDD%00%3F%3F%3F%00zzz%00zzz%00zzz%00zzz%00zzz%00zzz%00zzz%00zzz%00zzz%00DDD%00%3F%3F%3F%00www%00www%00www%00www%00www%00www%00www%00www%00www%00CCC%00%3F%3F%3F%00www%00www%00www%00www%00www%00www%00www%00www%00www%00CCC%00%3F%3F%3F%00www%00www%00www%00www%00www%00www%00www%00www%00www%00CCC%00%3F%3F%3F%00www%00www%00www%00www%00www%00www%00www%00www%00www%00CCC%00%3F%3F%3F%00www%00www%00www%00www%00www%00www%00www%00www%00www%00CCC%00CCC%00www%00www%00www%00www%00www%00www%00www%00www%00www%00BBB%00BBB" )</imagedata>
</image>
