<image name="whisk broom.png" id="1026">
<traversalOn>false</traversalOn>
<palindromeFrames>false</palindromeFrames>
<ink>srcCopy</ink>
<threeD>true</threeD>
<blendLevel>0</blendLevel>
<rect>161,6,191,40</rect>
<angle>0</angle>
<yHot>1</yHot>
<id>1026</id>
<altId>0</altId>
<frameCount>0</frameCount>
<constantMask>false</constantMask>
<lockLoc>false</lockLoc>
<repeatCount>0</repeatCount>
<size>2120</size>
<name>image "whisk broom.png"</name>
<hotSpot>1,1</hotSpot>
<alwaysBuffer>true</alwaysBuffer>
<layer>3</layer>
<dontDither>false</dontDither>
<visible>false</visible>
<cantSelect>false</cantSelect>
<borderWidth>2</borderWidth>
<opaque>true</opaque>
<currentFrame>1</currentFrame>
<showBorder>false</showBorder>
<disabled>false</disabled>
<xHot>1</xHot>
<showFocusBorder>true</showFocusBorder>
<custompropertyset name= "cGlx2TimeStamp">
</custompropertyset>
<imagedata>urldecode( "%FF%F9%F9%F9%FF%F9%F9%F9%FF%F9%F9%F9%FF%F9%F9%F9%FF%F9%F9%F9%FF%F9%F9%F9%FF%F9%F9%F9%FF%F9%F9%F9%FF%F9%F9%F9%FF%F9%F9%F9%FF%F9%F9%F9%FF%F9%F9%F9%FF%F9%F9%F9%FF%F9%F9%F9%FF%F9%F9%F9%FF%F9%F9%F9%FF%F9%F9%F9%FF%F9%F9%F9%FF%F9%F9%F9%FF%F9%F9%F9%FF%F9%F9%F9%FF%F9%F9%F9%FF%F9%F9%F9%FF%F9%F9%F9%FF%F9%F9%F9%FF%F9%F9%F9%FF%F9%F9%F9%FF%F9%F9%F9%FF%F9%F9%F9%FF%F9%F9%F9%FF%F9%F9%F9%FF%F9%F9%F9%FF%F9%F9%F9%FF%F9%F9%F9%FF%F9%F9%F9%FF%F9%F9%F9%FF%F9%F9%F9%FF%F9%F9%F9%FF%F9%F9%F9%FF%F9%F9%F9%FF%F9%F9%F9%FF%F9%F9%F9%FF%F9%F9%F9%FF%F9%F9%F9%FF%F9%F9%F9%FF%F9%F9%F9%FF%F9%F9%F9%FF%F9%F9%F9%FF%F9%F9%F9%FF%F9%F9%F9%FF%F9%F9%F9%FF%F9%F9%F9%FF%F9%F9%F9%FF%F9%F9%F9%FF%F9%F9%F9%FF%F9%F9%F9%FF%F9%F9%F9%FF%F9%F9%F9%FF%F9%F9%F9%FF%F9%F9%F9%FF%F7%F7%F7%FF%F7%F7%F7%FF%F7%F7%F7%FF%F7%F7%F7%FF%F7%F7%F7%FF%F7%F7%F7%FF%F7%F7%F7%FF%F7%F7%F7%FF%F7%F7%F7%FF%F7%F7%F7%FF%F7%F7%F7%FF%F7%F7%F7%FF%F7%F7%F7%FF%F7%F7%F7%FF%F5%F5%F5%FF%A9%A5%A0%FF%9B%94%80%FF%AB%A0%81%FF%DB%D7%CD%FF%F7%F7%F7%FF%F7%F7%F7%FF%F7%F7%F7%FF%F7%F7%F7%FF%F7%F7%F7%FF%F7%F7%F7%FF%F7%F7%F7%FF%F7%F7%F7%FF%F7%F7%F7%FF%F7%F7%F7%FF%F7%F7%F7%FF%F7%F7%F7%FF%F7%F7%F7%FF%F7%F7%F7%FF%F7%F7%F7%FF%F7%F7%F7%FF%F7%F7%F7%FF%F7%F7%F7%FF%F7%F7%F7%FF%F7%F7%F7%FF%F7%F7%F7%FF%F7%F7%F7%FF%F7%F7%F7%FF%F7%F7%F7%FF%F7%F7%F7%FF%F1%F0%EF%FF%95%89f%FF%F7%F7%EE%FF%F8%F8%EF%FF%A3%9E%81%FF%F6%F6%F6%FF%F7%F7%F7%FF%F7%F7%F7%FF%F7%F7%F7%FF%F7%F7%F7%FF%F7%F7%F7%FF%F7%F7%F7%FF%F7%F7%F7%FF%F7%F7%F7%FF%F7%F7%F7%FF%F7%F7%F7%FF%F9%F9%F9%FF%F9%F9%F9%FF%F9%F9%F9%FF%F9%F9%F9%FF%F9%F9%F9%FF%F9%F9%F9%FF%F9%F9%F9%FF%F9%F9%F9%FF%F9%F9%F9%FF%F9%F9%F9%FF%F9%F9%F9%FF%F9%F9%F9%FF%F9%F9%F9%FF%F9%F9%F9%FF%E8%E7%E6%FFTN%3D%FF863%FF441%FFbaT%FF%F9%F9%F9%FF%F9%F9%F9%FF%F9%F9%F9%FF%F9%F9%F9%FF%F9%F9%F9%FF%F9%F9%F9%FF%F9%F9%F9%FF%F9%F9%F9%FF%F9%F9%F9%FF%F9%F9%F9%FF%F9%F9%F9%FF%F9%F9%F9%FF%F9%F9%F9%FF%F9%F9%F9%FF%F9%F9%F9%FF%F9%F9%F9%FF%F9%F9%F9%FF%F9%F9%F9%FF%F9%F9%F9%FF%F9%F9%F9%FF%F9%F9%F9%FF%F9%F9%F9%FF%F9%F9%F9%FF%F9%F9%F9%FF%F7%F7%F6%FF%B7%B1%A3%FFsod%FF%95%91%7B%FF%96%91w%FFnjY%FF%F2%F0%EC%FF%F9%F9%F9%FF%F9%F9%F9%FF%F9%F9%F9%FF%F9%F9%F9%FF%F9%F9%F9%FF%F9%F9%F9%FF%F9%F9%F9%FF%F9%F9%F9%FF%F9%F9%F9%FF%F9%F9%F9%FF%F7%F7%F7%FF%F7%F7%F7%FF%F7%F7%F7%FF%F7%F7%F7%FF%F7%F7%F7%FF%F7%F7%F7%FF%F7%F7%F7%FF%F7%F7%F7%FF%F7%F7%F7%FF%F7%F7%F7%FF%F7%F7%F7%FF%F7%F7%F7%FF%EF%EE%EB%FF%B0%A4%88%FF%C9%BF%8B%FF%F5%F2%BB%FF%F3%F3%BF%FF%F2%F2%BD%FF%E7%E6%B0%FF%AB%A0v%FF%E9%E9%E4%FF%F7%F7%F7%FF%F7%F7%F7%FF%F7%F7%F7%FF%F7%F7%F7%FF%F7%F7%F7%FF%F7%F7%F7%FF%F7%F7%F7%FF%F7%F7%F7%FF%F7%F7%F7%FF%F7%F7%F7%FF%F7%F7%F7%FF%F7%F7%F7%FF%F7%F7%F7%FF%F7%F7%F7%FF%F7%F7%F7%FF%F7%F7%F7%FF%F7%F7%F7%FF%F7%F7%F7%FF%F7%F7%F7%FF%F7%F7%F7%FF%F4%F4%F3%FF%A2%90v%FF%DE%D7%98%FF%F2%EA%A8%FF%F3%E7%AA%FF%F2%E6%A2%FF%F2%E7%A2%FF%EC%E7%A0%FF%E5%E3%AD%FF%A6%98j%FF%E9%E7%E2%FF%F7%F7%F7%FF%F7%F7%F7%FF%F7%F7%F7%FF%F7%F7%F7%FF%F7%F7%F7%FF%F7%F7%F7%FF%F7%F7%F7%FF%F7%F7%F7%FF%F9%F9%F9%FF%F9%F9%F9%FF%F9%F9%F9%FF%F9%F9%F9%FF%F9%F9%F9%FF%F9%F9%F9%FF%F9%F9%F9%FF%F9%F9%F9%FF%F9%F9%F9%FF%F9%F9%F9%FF%F9%F9%F9%FF%E4%E0%DA%FF%A7%92Z%FF%F2%E3%99%FF%F2%E7%A1%FF%EF%DE%86%FF%EC%DC%8A%FF%E7%D3W%FF%EA%DAg%FF%EE%E7%A4%FF%DF%D8%97%FF%A3%94p%FF%F8%F9%F8%FF%F9%F9%F9%FF%F9%F9%F9%FF%F9%F9%F9%FF%F9%F9%F9%FF%F9%F9%F9%FF%F9%F9%F9%FF%F9%F9%F9%FF%F9%F9%F9%FF%F9%F9%F9%FF%F9%F9%F9%FF%F9%F9%F9%FF%F9%F9%F9%FF%F9%F9%F9%FF%F9%F9%F9%FF%F9%F9%F9%FF%F9%F9%F9%FF%F9%F9%F9%FF%F9%F9%F9%FF%C9%BC%AE%FF%B8%9FD%FF%E3%CFk%FF%EA%D8v%FF%DE%C4L%FF%DA%C1Z%FF%E6%D3%7B%FF%DF%CBQ%FF%E6%D3y%FF%E9%DE%9A%FF%9C%87S%FF%ED%EB%E5%FF%F9%F9%F9%FF%F9%F9%F9%FF%F9%F9%F9%FF%F9%F9%F9%FF%F9%F9%F9%FF%F9%F9%F9%FF%F9%F9%F9%FF%F7%F7%F7%FF%F7%F7%F7%FF%F7%F7%F7%FF%F7%F7%F7%FF%F7%F7%F7%FF%F7%F7%F7%FF%F7%F7%F7%FF%F7%F7%F7%FF%F7%F7%F7%FF%F7%F7%F7%FF%F7%F7%F7%FF%A0%8Dq%FF%B7%92%21%FF%D2%B10%FF%DC%C6U%FF%CA%AB4%FF%C0%A0%2B%FF%CF%B99%FF%D8%C4S%FF%D0%B5X%FF%DF%CF%85%FF%B4%9DY%FF%D2%CA%B6%FF%F7%F7%F7%FF%F7%F7%F7%FF%F7%F7%F7%FF%F7%F7%F7%FF%F7%F7%F7%FF%F7%F7%F7%FF%F7%F7%F7%FF%F7%F7%F7%FF%F7%F7%F7%FF%F7%F7%F7%FF%F7%F7%F7%FF%F7%F7%F7%FF%F7%F7%F7%FF%F7%F7%F7%FF%F7%F7%F7%FF%F7%F7%F7%FF%F7%F7%F7%FF%F3%F3%F0%FFpP%2B%FF%B7%85%1D%FF%C8%A0+%FF%D4%BDG%FF%BB%9E%22%FF%BE%A0%2F%FF%CE%BBL%FF%D6%C2%5E%FF%CD%B1P%FF%DB%C8t%FF%BF%A6L%FF%AD%A0%7F%FF%F7%F7%F6%FF%F7%F7%F7%FF%F7%F7%F7%FF%F7%F7%F7%FF%F7%F7%F7%FF%F7%F7%F7%FF%F7%F7%F7%FF%F9%F9%F9%FF%F9%F9%F9%FF%F9%F9%F9%FF%F9%F9%F9%FF%F9%F9%F9%FF%F9%F9%F9%FF%F9%F9%F9%FF%F9%F9%F9%FF%F9%F9%F9%FF%F9%F9%F9%FF%E1%D8%CE%FF%7B1%0F%FF%B2%7B%1D%FF%C9%AD%24%FF%CB%B1%40%FF%B5%93%1A%FF%B9%9B%29%FF%CD%BBM%FF%D6%C4%60%FF%D7%C5a%FF%D4%C7l%FF%D0%C0V%FF%97%85K%FF%F3%F2%EA%FF%F9%F9%F9%FF%F9%F9%F9%FF%F9%F9%F9%FF%F9%F9%F9%FF%F9%F9%F9%FF%F9%F9%F9%FF%F9%F9%F9%FF%F9%F9%F9%FF%F9%F9%F9%FF%F9%F9%F9%FF%F9%F9%F9%FF%F9%F9%F9%FF%F9%F9%F9%FF%F9%F9%F9%FF%F9%F9%F9%FF%F9%F9%F9%FF%CD%B7%A9%FF%9Fp%2F%FF%B2g%1D%FF%B17%1D%FF%AF%3F+%FF%A1%40%15%FF%B0T+%FF%B1d1%FF%A3V%28%FF%B1I%2B%FF%B9P0%FF%98%3C+%FF%7B%24%15%FF%E0%D2%C6%FF%F9%F9%F9%FF%F9%F9%F9%FF%F9%F9%F9%FF%F9%F9%F9%FF%F9%F9%F9%FF%F9%F9%F9%FF%F7%F7%F7%FF%F7%F7%F7%FF%F7%F7%F7%FF%F7%F7%F7%FF%F7%F7%F7%FF%F7%F7%F7%FF%F7%F7%F7%FF%F7%F7%F7%FF%F7%F7%F7%FF%F6%F5%F3%FF%A8%93p%FF%BC%9D%2F%FF%D8%BEJ%FF%D9%C4Y%FF%CE%ADK%FF%C1%94.%FF%C0%90D%FF%B9%875%FF%AFs%25%FF%C7%9B9%FF%CE%ABY%FF%B2%830%FF%A9%83%3F%FF%C9%BE%9B%FF%F7%F7%F7%FF%F7%F7%F7%FF%F7%F7%F7%FF%F7%F7%F7%FF%F7%F7%F7%FF%F7%F7%F7%FF%F7%F7%F7%FF%F7%F7%F7%FF%F7%F7%F7%FF%F7%F7%F7%FF%F7%F7%F7%FF%F7%F7%F7%FF%F7%F7%F7%FF%F7%F7%F7%FF%F7%F7%F7%FF%EF%EB%E2%FF%91D%1F%FF%BE%5D%24%FF%BF%80%3D%FF%D2%A9M%FF%D8%C3k%FF%C1%9D5%FF%C9%B0%40%FF%CB%B1L%FF%C2%9DD%FF%CA%AB%3C%FF%CF%B3T%FF%CC%AAL%FF%C8%94Q%FF%98yL%FF%F5%F5%F3%FF%F7%F7%F7%FF%F7%F7%F7%FF%F7%F7%F7%FF%F7%F7%F7%FF%F7%F7%F7%FF%F9%F9%F9%FF%F9%F9%F9%FF%F9%F9%F9%FF%F9%F9%F9%FF%F9%F9%F9%FF%F9%F9%F9%FF%F9%F9%F9%FF%F9%F9%F9%FF%F9%F9%F9%FF%E0%DA%C8%FF%97p%1A%FF%B4i1%FF%9FJ%19%FF%A5D%1A%FF%A6K%21%FF%9C%3F%17%FF%A6A%21%FF%A7J%28%FF%9FB+%FF%A3%3D%1A%FF%ADW.%FF%9BK%24%FF%99I%1D%FF%92rB%FF%F6%F5%F0%FF%F9%F9%F9%FF%F9%F9%F9%FF%F9%F9%F9%FF%F9%F9%F9%FF%F9%F9%F9%FF%F9%F9%F9%FF%F9%F9%F9%FF%F9%F9%F9%FF%F9%F9%F9%FF%F9%F9%F9%FF%F9%F9%F9%FF%F9%F9%F9%FF%F9%F9%F9%FF%F9%F9%F9%FF%B8%A8%86%FF%B5%98%24%FF%D4%C5v%FF%C1%A8%3D%FF%C3%A7A%FF%B6%98Q%FF%A6%7C0%FF%A5u5%FF%9Er.%FF%8D%5C%11%FF%A4x%22%FF%B6%90A%FF%92i+%FF%B1%926%FF%95%82%2F%FF%F3%F3%F1%FF%F9%F9%F9%FF%F9%F9%F9%FF%F9%F9%F9%FF%F9%F9%F9%FF%F9%F9%F9%FF%F7%F7%F7%FF%F7%F7%F7%FF%F7%F7%F7%FF%F7%F7%F7%FF%F7%F7%F7%FF%F7%F7%F7%FF%F7%F7%F7%FF%F7%F7%F7%FF%EE%ED%E9%FF%9E%85%29%FF%D3%BAL%FF%CA%B4%60%FF%DA%C6u%FF%D5%C5j%FF%BE%A8Y%FF%CA%ADS%FF%CC%B7a%FF%BF%A7P%FF%96q%19%FF%C2%AA%3D%FF%D5%BDl%FF%AD%8A%3F%FF%AE%8B%2F%FF%9B%85%2B%FF%E6%E6%DB%FF%F7%F7%F7%FF%F7%F7%F7%FF%F7%F7%F7%FF%F7%F7%F7%FF%F7%F7%F7%FF%F7%F7%F7%FF%F7%F7%F7%FF%F7%F7%F7%FF%F7%F7%F7%FF%F7%F7%F7%FF%F7%F7%F7%FF%F7%F7%F7%FF%F7%F7%F7%FF%D1%CA%AF%FF%B4%9A4%FF%EE%E0%9D%FF%CB%B5g%FF%DC%C9%85%FF%DF%CF%86%FF%C0%AA%5B%FF%CA%ADQ%FF%D4%C1l%FF%D6%BDl%FF%A4%811%FF%D2%B9%5E%FF%D6%BDo%FF%B5%98F%FF%B4%973%FF%A6%8B%2B%FF%D5%D2%BB%FF%F7%F7%F7%FF%F7%F7%F7%FF%F7%F7%F7%FF%F7%F7%F7%FF%F7%F7%F7%FF%F9%F9%F9%FF%F9%F9%F9%FF%F9%F9%F9%FF%F9%F9%F9%FF%F9%F9%F9%FF%F9%F9%F9%FF%F9%F9%F9%FF%F8%F9%F8%FF%B3%A4p%FF%DD%C8%7C%FF%DF%D1%8E%FF%D4%BFy%FF%E0%CF%88%FF%D7%C6y%FF%C4%ABa%FF%C7%AAJ%FF%CF%BAf%FF%DB%C5s%FF%AD%8A3%FF%D6%BCc%FF%DA%C0%5E%FF%C0%A5Q%FF%B4%989%FF%B0%95%2B%FF%C1%BB%99%FF%F9%F9%F9%FF%F9%F9%F9%FF%F9%F9%F9%FF%F9%F9%F9%FF%F9%F9%F9%FF%F9%F9%F9%FF%F9%F9%F9%FF%F9%F9%F9%FF%F9%F9%F9%FF%F9%F9%F9%FF%F9%F9%F9%FF%F9%F9%F9%FF%E7%E6%DE%FF%C1%ACe%FF%F3%E7%A6%FF%D4%C1%7D%FF%D2%BDw%FF%E0%D2%8A%FF%CF%BBr%FF%C9%B1g%FF%C7%ADQ%FF%CF%BAl%FF%DB%C5p%FF%AB%891%FF%D5%B7b%FF%D5%BDS%FF%C1%A2K%FF%B8%9CJ%FF%B5%9C8%FF%B1%A7y%FF%F9%F9%F9%FF%F9%F9%F9%FF%F9%F9%F9%FF%F9%F9%F9%FF%F9%F9%F9%FF%F7%F7%F7%FF%F7%F7%F7%FF%F7%F7%F7%FF%F7%F7%F7%FF%F7%F7%F7%FF%F7%F7%F7%FF%F7%F7%F7%FF%C1%B4%8D%FF%DD%C8%85%FF%F1%E8%B3%FF%CE%B6n%FF%F2%E7%A9%FF%EA%DE%A6%FF%C0%ADk%FF%CA%B7o%FF%C2%AAR%FF%D4%C0r%FF%D7%C1n%FF%AA%91%3A%FF%D5%B8c%FF%D2%B8Y%FF%C2%A2N%FF%B6%9EB%FF%BA%A1F%FF%A5%96b%FF%F6%F6%F6%FF%F7%F7%F7%FF%F7%F7%F7%FF%F7%F7%F7%FF%F7%F7%F7%FF%F7%F7%F7%FF%F7%F7%F7%FF%F7%F7%F7%FF%F7%F7%F7%FF%F7%F7%F7%FF%F7%F7%F7%FF%E2%E2%E2%FF%CC%BAm%FF%EB%DA%99%FF%E3%D9%A1%FF%C7%B2e%FF%F5%EB%B7%FF%E9%DA%9A%FF%B6%A2g%FF%D1%C1y%FF%CB%B8k%FF%D7%C4w%FF%D3%BCm%FF%B2%9CI%FF%D3%B4g%FF%CC%B3W%FF%C9%AFP%FF%AF%92%3C%FF%C7%B3f%FF%A7%93W%FF%F3%F3%F3%FF%F7%F7%F7%FF%F7%F7%F7%FF%F7%F7%F7%FF%F7%F7%F7%FF%F9%F9%F9%FF%F9%F9%F9%FF%F9%F9%F9%FF%F9%F9%F9%FF%F9%F9%F9%FF%F7%F8%F7%FF%CA%C9%B9%FF%CA%B5j%FF%EE%DF%A4%FF%C3%AFq%FF%D0%BDp%FF%F5%E9%B9%FF%CA%B5r%FF%A2%8EZ%FF%D7%C7%81%FF%D0%BCu%FF%DA%C9%7E%FF%C8%B2e%FF%BB%A7R%FF%CB%ACf%FF%C9%B0Y%FF%CC%B5W%FF%A9%92F%FF%C8%B5o%FF%B2%9F%5D%FF%E9%E8%E5%FF%F9%F9%F9%FF%F9%F9%F9%FF%F9%F9%F9%FF%F9%F9%F9%FF%F9%F9%F9%FF%F9%F9%F9%FF%F9%F9%F9%FF%F9%F9%F9%FF%F9%F9%F9%FF%F7%F7%F7%FF%C2%B5%7B%FF%DE%CC%87%FF%E9%DE%A4%FF%A2%8BT%FF%D2%C5%81%FF%F3%E7%B5%FF%B6%A4i%FF%AD%99g%FF%D4%C3u%FF%C9%B5p%FF%D3%C3v%FF%C4%ACa%FF%C5%B2f%FF%C4%A4%60%FF%C4%A5S%FF%CA%B4R%FF%B1%98Y%FF%C5%B2h%FF%B2%9F%5E%FF%EC%EC%E9%FF%F9%F9%F9%FF%F9%F9%F9%FF%F9%F9%F9%FF%F9%F9%F9%FF%F7%F7%F7%FF%F7%F7%F7%FF%F7%F7%F7%FF%F7%F7%F7%FF%F7%F7%F7%FF%E3%DF%D3%FF%C7%BDr%FF%F4%E6%A9%FF%C9%B9%80%FF%A3%92R%FF%E5%DB%A4%FF%EE%E3%AB%FF%A8%97d%FF%BE%B0%7C%FF%DE%CE%8D%FF%D0%BB%7B%FF%D4%C1l%FF%C3%ACj%FF%C8%B5g%FF%BF%A3%5E%FF%CA%B4%5E%FF%CE%B7V%FF%9B%80A%FF%C4%AFl%FF%A6%98e%FF%E2%E2%E0%FF%F7%F7%F7%FF%F7%F7%F7%FF%F7%F7%F7%FF%F7%F7%F7%FF%F7%F7%F7%FF%F7%F7%F7%FF%F7%F7%F7%FF%F7%F7%F7%FF%F6%F6%F5%FF%BF%B7%A1%FF%CB%B6m%FF%E5%DA%9C%FF%90%8Cg%FF%B5%AD%7E%FF%F1%E5%AB%FF%DB%CA%90%FF%8E%7CN%FF%E0%D4%A8%FF%D6%C4%8B%FF%D4%C3%81%FF%D0%BAc%FF%BB%A2Z%FF%CC%BCp%FF%CA%AAc%FF%CE%BB%82%FF%CD%B8o%FF%A7%92N%FF%C5%B0m%FF%8F%88%5B%FF%D2%D2%CF%FF%F7%F7%F7%FF%F7%F7%F7%FF%F7%F7%F7%FF%F7%F7%F7%FF%F9%F9%F9%FF%F9%F9%F9%FF%F9%F9%F9%FF%F9%F9%F9%FF%E9%E3%D6%FF%B5%93%1C%FF%E7%D7%A6%FF%A2%94%60%FF%98%8DR%FF%D6%CF%A7%FF%EF%E5%AA%FF%AB%99g%FF%93%7DQ%FF%E3%D5%A6%FF%D4%BC%7C%FF%D6%C5%81%FF%C0%A9h%FF%B7%9BT%FF%D0%BFy%FF%CB%AD%5B%FF%D4%C4%81%FF%C7%A5Z%FF%AF%97%5D%FF%C8%B7y%FF%7EyR%FF%C3%C2%C0%FF%F9%F9%F9%FF%F9%F9%F9%FF%F9%F9%F9%FF%F9%F9%F9%FF%F9%F9%F9%FF%F9%F9%F9%FF%F9%F9%F9%FF%F9%F9%F9%FF%D1%CF%B3%FF%A5%9By%FF%C5%B6%90%FF%82f%24%FF%A8%97W%FF%CF%BBh%FF%CF%B7y%FF%8E%7CK%FF%B1%97%5E%FF%DD%CF%A2%FF%C2%AEp%FF%D8%C9%84%FF%D9%C0%7F%FF%B7%9C%5B%FF%CA%B6o%FF%B2%95K%FF%C2%AA%5D%FF%B5%9BN%FF%9D%82%3D%FF%C5%B2v%FFolK%FF%B6%B5%B5%FF%F9%F9%F9%FF%F9%F9%F9%FF%F9%F9%F9%FF%F9%F9%F9%FF%F4%F4%F4%FF%F3%F3%F3%FF%F1%F1%F1%FF%EF%F0%F0%FF%ED%ED%ED%FF%EC%EA%E3%FF%B8%B5%9B%FF%B5%A5V%FF%BD%B3k%FF%7EU%06%FF%9F%93p%FF%A2%8AD%FF%AE%90S%FF%C5%AF%83%FF%9F%898%FF%CD%BAu%FF%B4%99Z%FF%7Eb%24%FF%A9%97X%FF%8Ev4%FF%B3%93F%FF%B1%8DG%FF%9D%81%3A%FF%BC%ADs%FFomJ%FF%AD%AD%AC%FF%F1%F1%F1%FF%F7%F7%F7%FF%F7%F7%F7%FF%F7%F7%F7%FF%EB%EC%EB%FF%E2%E2%E2%FF%DC%DC%DC%FF%D5%D5%D5%FF%CB%CB%CB%FF%C1%C1%C1%FF%B9%B9%B9%FF%AC%AD%AC%FF%A0%A0%A0%FF%94%93%92%FF%8A%89%85%FF%7C%7Bs%FFxvr%FFqqj%FFfe%5C%FFol%5C%FFeaR%FF%5DYP%FF%5E%5DX%FFZZV%FFZZV%FFZYV%FFZZW%FFtsq%FF%A7%A7%A7%FF%D0%D0%D0%FF%DE%DE%DE%FF%F7%F7%F7%FF%F7%F7%F7%FF%F7%F7%F7%FF%F2%F2%F2%FF%EF%F0%F0%FF%EE%EE%EE%FF%EC%EC%EC%FF%E8%E8%E8%FF%E3%E3%E3%FF%DE%DE%DE%FF%D9%DA%D9%FF%D6%D7%D6%FF%D6%D6%D6%FF%D4%D4%D4%FF%D2%D2%D2%FF%D1%D1%D1%FF%CF%CF%CF%FF%CE%CE%CE%FF%CE%CE%CE%FF%CD%CE%CE%FF%CD%CD%CD%FF%CD%CE%CE%FF%CD%CE%CE%FF%CD%CE%CE%FF%CD%CE%CE%FF%CD%CE%CE%FF%CE%CE%CE%FF%D3%D3%D3%FF%DF%DF%DF%FF%E2%E2%E2%FF%F9%F9%F9%FF%F9%F9%F9%FF%F9%F9%F9%FF%F9%F9%F9%FF%F9%F9%F9%FF%F9%F9%F9%FF%F9%F9%F9%FF%F9%F9%F9%FF%F9%F9%F9%FF%F9%F9%F9%FF%F9%F9%F9%FF%F9%F9%F9%FF%F9%F9%F9%FF%F9%F9%F9%FF%F9%F9%F9%FF%F9%F9%F9%FF%F9%F9%F9%FF%F9%F9%F9%FF%F9%F9%F9%FF%F9%F9%F9%FF%F9%F9%F9%FF%F9%F9%F9%FF%F9%F9%F9%FF%F9%F9%F9%FF%F9%F9%F9%FF%F9%F9%F9%FF%F9%F9%F9%FF%F9%F9%F9%FF%F9%F9%F9%FF%F9%F9%F9%FF%F9%F9%F9%FF%F9%F9%F9%FF%F9%F9%F9" )</imagedata>
</image>
