<field name="title" id="698426">
<traversalOn>false</traversalOn>
<ink>srcCopy</ink>
<firstIndent>0</firstIndent>
<dontSearch>false</dontSearch>
<toggleHilites>false</toggleHilites>
<threeD>true</threeD>
<scrollbarWidth>20</scrollbarWidth>
<blendLevel>0</blendLevel>
<textHeight>18</textHeight>
<rect>210,92,342,112</rect>
<multipleHilites>false</multipleHilites>
<shadow>false</shadow>
<hScroll>0</hScroll>
<textAlign>left</textAlign>
<vScrollbar>false</vScrollbar>
<hScrollbar>false</hScrollbar>
<id>698426</id>
<altId>0</altId>
<autoTab>false</autoTab>
<textStyle>bold</textStyle>
<hGrid>false</hGrid>
<lockLoc>false</lockLoc>
<dontWrap>true</dontWrap>
<autoHilite>false</autoHilite>
<style>transparent</style>
<showLines>false</showLines>
<sharedText>true</sharedText>
<noncontiguousHilites>false</noncontiguousHilites>
<lockText>true</lockText>
<scroll>0</scroll>
<name>field "title"</name>
<vGrid>false</vGrid>
<listBehavior>false</listBehavior>
<layer>137</layer>
<visible>true</visible>
<cantSelect>false</cantSelect>
<borderWidth>2</borderWidth>
<margins>4</margins>
<htmlText>urldecode( "%3Cp%3EMy+Work+Spaces%3C%2Fp%3E" )</htmlText>
<threeDHilite>false</threeDHilite>
<opaque>false</opaque>
<shadowOffset>4</shadowOffset>
<showBorder>false</showBorder>
<textSize>14</textSize>
<disabled>false</disabled>
<fixedLineHeight>true</fixedLineHeight>
<textFont>Arial</textFont>
<vScroll>0</vScroll>
<showFocusBorder>true</showFocusBorder>
<custompropertyset name= "cGlx2TimeStamp">
<checksum>urldecode( "N%D3qFQ%7Dg%C3YAO%BCl%27%0D%0AE" )</checksum>
</custompropertyset>
<custompropertyset name= "cREVTable">
<currentview>My Work Spaces</currentview>
</custompropertyset>
<script>urldecode( "--%3E+all+handlers%0D%0A%0D%0Aon+mouseDown+pMouseBtnNum%0D%0A++++selectme%0D%0A++++pass+mouseDown%0D%0Aend+mouseDown%0D%0A%0D%0Aon+mouseEnter%0D%0A++++simMouseEnter%0D%0Aend+mouseEnter%0D%0A%0D%0Aon+simMouseEnter%0D%0A++++if+the+hilited+of+btn+%22edit+home%22+is+true+then%0D%0A++++++++if+the+showborder+of+the+owner+of+me+is+false+then%0D%0A++++++++++++glx2SetStatus+%22Click+to+SELECT+this+this+Widget+%95+click+and+drag+to+MOVE+this+Widget+%95+double-click+to+STOP+EDITING+all+Widgets%22%0D%0A++++++++else%0D%0A++++++++++++glx2SetStatus+%22Click+and+drag+to+MOVE+this+Widget+%95+double-click+to+STOP+EDITING+all+Widgets%22%0D%0A++++++++end+if%0D%0A++++else%0D%0A++++++++glx2SetStatus+%22Click+and+drag+to+MOVE+this+Widget+%95+double-click+to+START+EDITING+all+Widgets%22%0D%0A++++end+if%0D%0Aend+simMouseEnter%0D%0A%0D%0Aon+mouseDoubleUp+pMouseBtnNum%0D%0A++++lock+screen%0D%0A++++send+%22simMouseDown%22+to+btn+%22edit+home%22%0D%0A++++if+the+hilited+of+btn+%22edit+home%22+is+true+then%0D%0A++++++++set+the+showborder+of+the+owner+of+me+to+true%0D%0A++++++++enable+btn+%22remove+homey%22%0D%0A++++end+if%0D%0A++++send+%22simMouseEnter%22+to+me+--+in+10+millisecs%0D%0A++++unlock+screen%0D%0Aend+mouseDoubleUp%0D%0A%0D%0Aon+mouseLeave%0D%0A++++glx2SetStatus+%0D%0Aend+mouseLeave%0D%0A" )</script>
</field>
