<button name="More Crumbs" id="1132">
<traversalOn>false</traversalOn>
<ink>srcCopy</ink>
<threeD>true</threeD>
<hiliteBorder>false</hiliteBorder>
<blendLevel>0</blendLevel>
<rect>40,423,163,444</rect>
<mnemonic>0</mnemonic>
<armFill>false</armFill>
<visitedIcon>0</visitedIcon>
<showName>true</showName>
<showIcon>false</showIcon>
<hilited>false</hilited>
<sharedHilite>true</sharedHilite>
<shadow>false</shadow>
<textAlign>left</textAlign>
<armed>false</armed>
<menuMouseButton>1</menuMouseButton>
<id>1132</id>
<altId>0</altId>
<labelWidth>0</labelWidth>
<armedIcon>0</armedIcon>
<lockLoc>false</lockLoc>
<visited>false</visited>
<showHilite>false</showHilite>
<label>Make More Crumbs</label>
<autoHilite>true</autoHilite>
<style>checkbox</style>
<disabledIcon>0</disabledIcon>
<armBorder>true</armBorder>
<name>button "More Crumbs"</name>
<icon>0</icon>
<toolTip>urldecode( "Create+Bread+Crumbs+out+of+any+handler+within+which+you%3A%0D%0Aclick+a+link%2C+option%2Falt-click%2C+type+or+select+text" )</toolTip>
<layer>65</layer>
<visible>true</visible>
<cantSelect>false</cantSelect>
<borderWidth>2</borderWidth>
<menuLines>5</menuLines>
<margins>3,4,4,4</margins>
<opaque>false</opaque>
<shadowOffset>4</shadowOffset>
<default>false</default>
<hiliteFill>true</hiliteFill>
<showBorder>false</showBorder>
<hiliteIcon>0</hiliteIcon>
<disabled>false</disabled>
<autoArm>false</autoArm>
<family>0</family>
<hoverIcon>0</hoverIcon>
<showFocusBorder>true</showFocusBorder>
<menuHistory>1</menuHistory>
<custompropertyset name= "cGlx2TimeStamp">
<checksum>urldecode( "%EA%AB%F8%19%60%0E%1AN%80%27%EC%2FW%F6%40G" )</checksum>
</custompropertyset>
<script>urldecode( "--%3E+all+handlers%0D%0A%0D%0Aon+mouseUp%0D%0A++++put+the+short+name+of+this+stack+into+theDefStack++++++++%0D%0A++++set+the+defaultstack+to+%22revGLX2+code%22%0D%0A++++set+the+cMakeMoreCrumbs+of+stack+%22revGLX2+code%22+to+the+hilited+of+me%0D%0A++++glx2SavePrefs%0D%0A++++set+the+defaultstack+to+theDefStack%0D%0Aend+mouseUp%0D%0A" )</script>
</button>
