<button name="GLX2 Backscript" id="348422">
<traversalOn>true</traversalOn>
<ink>srcCopy</ink>
<threeD>true</threeD>
<hiliteBorder>true</hiliteBorder>
<blendLevel>0</blendLevel>
<rect>402,57,505,80</rect>
<mnemonic>0</mnemonic>
<armFill>false</armFill>
<visitedIcon>0</visitedIcon>
<showName>true</showName>
<showIcon>false</showIcon>
<hilited>false</hilited>
<sharedHilite>true</sharedHilite>
<shadow>false</shadow>
<textAlign>center</textAlign>
<armed>false</armed>
<menuMouseButton>1</menuMouseButton>
<id>348422</id>
<altId>0</altId>
<labelWidth>0</labelWidth>
<armedIcon>0</armedIcon>
<lockLoc>false</lockLoc>
<visited>false</visited>
<showHilite>false</showHilite>
<autoHilite>true</autoHilite>
<style>standard</style>
<disabledIcon>0</disabledIcon>
<armBorder>true</armBorder>
<name>button "GLX2 Backscript"</name>
<icon>0</icon>
<layer>117</layer>
<visible>false</visible>
<cantSelect>false</cantSelect>
<borderWidth>2</borderWidth>
<menuLines>5</menuLines>
<margins>4</margins>
<opaque>true</opaque>
<shadowOffset>4</shadowOffset>
<default>false</default>
<hiliteFill>true</hiliteFill>
<showBorder>true</showBorder>
<hiliteIcon>0</hiliteIcon>
<disabled>false</disabled>
<autoArm>false</autoArm>
<family>0</family>
<hoverIcon>0</hoverIcon>
<showFocusBorder>true</showFocusBorder>
<menuHistory>1</menuHistory>
<custompropertyset name= "cGlx2General">
<cHscrollScript>0</cHscrollScript>
<cHscrollHandlers>0</cHscrollHandlers>
<cHtmlScript>urldecode( "%1F%8B%08%00%00%00%00%00%00%03uQ%C1N%C30%0C%BD%F7%2B%2C%DFKa%1F%C0%81%21UH%88%C3vAB%1CB%EAv%D1%D2%A4%C4.k%FF%9E%24SQ%25%D6%9Cl%BF%E7%E7g%A7%2C%1F%81g%86%9E%3B.%0D%0A%EF%40%5B%CFt%14%A5%CF%07%FA%1E%89%A5%80%F8%06%C5%BC%01%95%25%28%C7%17%0D%0A%80%FB%E3%01%9E%22%8C%0B%60Z%C0%AASVMs%F5%A5BU%E70r%C2%5D%A0%1F%04%C3%E0%BC%80q+%27%826x%27%AC%83%19%84S%C1-2%C3%28%99%C0%27%1F%04%FC%C5%C5a%BE%CD%25Q%A1%A3%A4+%3E%E5%D9%DD%9B%EAi%E5+%D1%9A%E86%F8%99%13%9CZ%AF%C1%BA%21y%910%D2%CD%C1%BA%B6%D3%AE%A68W%D9%0F4%0D%7En%89%AC%7D%BC%3C%2F%3AL%AE%01%EC%EC%B4%FF%3B%E1%8A%85%10%9B%AEb%18%CFR%BF%BE%EF%40%FB%860%2F%E0%E0%E1%1Ezc%ADa%D2%BC%28%26A%D3%DE%CE6%3E%2B%91%FEU%7F%01p%C2G%E1%00%02%00%00" )</cHtmlScript>
<cSelectedChunk>char 384 to 383</cSelectedChunk>
<cHandlersListWidth>180</cHandlersListWidth>
<cDirtyFlag>false</cDirtyFlag>
<cHtmlHandlers>urldecode( "%1F%8B%08%00%00%00%00%00%00%03%B3%29%B0%B3I%B2%B3%29.%05%12%99%B9%E9%0D%0A%C5E%C9%B6J%C6%C6%C6%86%C6%96Jv6%FA+q%85%E2%CAb%85%DC%E2%F4b%1B%7D%A0%22%FD%02%3B.%9B%02%3B5eKk4%5D%A6%86f%96%26%C6p%5D%C99%F9%C5%A9%C1%25%89%C9%D9A%A9%85%A5%A9%C5%25+%AD%00%17%09%FC%B1o%00%00%00" )</cHtmlHandlers>
<cFolders>sys msgs</cFolders>
<cHandlers>closeStackRequest</cHandlers>
<cVscrollScript>0</cVscrollScript>
<cVscrollHandlers>0</cVscrollHandlers>
</custompropertyset>
<custompropertyset name= "cGlx2TimeStamp">
<xml_num_1281482581>working</xml_num_1281482581>
<xml_num_1284286343>start</xml_num_1284286343>
<checksum>urldecode( "%ED%EE%8A%D6%1B%ED%9F%DB%C3%09%B0%A7%E8%89%BDp" )</checksum>
<xml_num_1281482567>start</xml_num_1281482567>
<xml_num_1284286518>start</xml_num_1284286518>
<xml_num_1284286520>end</xml_num_1284286520>
</custompropertyset>
<script>urldecode( "--%3E+sys+msgs%0D%0A%0D%0Aon+closeStackRequest%0D%0A++++pass+closeStackRequest%0D%0A++++--+answer+%22CSR+Back%22%0D%0A++++--+if+%22%2Fgalaxy%2Fbar%2FGalaxy+Bar.rev%22+is+not+in+the+frontscripts+then%0D%0A++++--+put+the+short+owner+of+the+target+into+theStackName%0D%0A++++--+if+the+destroystack+of+stack+theStackName+is+true+then%0D%0A++++--+put+the+cGlx2General%5B%22id%22%5D+of+stack+theStackName+into+theStackID%0D%0A++++--+send+%22glxCloseStack+theStackID%22+to+stack+%22revGLX2+code%22+--+in+10+millisecs%0D%0A++++--+end+if%0D%0A++++--+end+if%0D%0A++++--+pass+closeStackRequest%0D%0Aend+closeStackRequest%0D%0A" )</script>
</button>
