<group name="edit props keys 3" id="1048">
<traversalOn>true</traversalOn>
<ink>srcCopy</ink>
<dontSearch>false</dontSearch>
<threeD>true</threeD>
<scrollbarWidth>20</scrollbarWidth>
<blendLevel>0</blendLevel>
<rect>287,154,375,234</rect>
<showName>false</showName>
<hScroll>0</hScroll>
<backgroundBehavior>false</backgroundBehavior>
<cantDelete>false</cantDelete>
<vScrollbar>false</vScrollbar>
<tabGroupBehavior>false</tabGroupBehavior>
<hScrollbar>false</hScrollbar>
<id>1048</id>
<altId>0</altId>
<radioBehavior>true</radioBehavior>
<lockLoc>false</lockLoc>
<name>group "edit props keys 3"</name>
<layer>28</layer>
<visible>true</visible>
<cantSelect>false</cantSelect>
<borderWidth>2</borderWidth>
<margins>4</margins>
<opaque>false</opaque>
<showBorder>false</showBorder>
<disabled>false</disabled>
<vScroll>0</vScroll>
<hilitedButton>4</hilitedButton>
<custompropertyset name= "cGlx2TimeStamp">
</custompropertyset>
</group>
