<group name="GLX2 Home" id="691041">
<traversalOn>true</traversalOn>
<ink>srcCopy</ink>
<dontSearch>false</dontSearch>
<threeD>true</threeD>
<scrollbarWidth>20</scrollbarWidth>
<blendLevel>0</blendLevel>
<rect>-1,108,908,693</rect>
<showName>false</showName>
<hScroll>0</hScroll>
<backgroundBehavior>true</backgroundBehavior>
<cantDelete>false</cantDelete>
<vScrollbar>false</vScrollbar>
<tabGroupBehavior>false</tabGroupBehavior>
<hScrollbar>false</hScrollbar>
<id>691041</id>
<altId>0</altId>
<radioBehavior>true</radioBehavior>
<lockLoc>false</lockLoc>
<name>group "GLX2 Home"</name>
<layer>129</layer>
<visible>false</visible>
<cantSelect>false</cantSelect>
<borderWidth>2</borderWidth>
<margins>0</margins>
<opaque>false</opaque>
<showBorder>false</showBorder>
<disabled>false</disabled>
<vScroll>0</vScroll>
<hilitedButton>0</hilitedButton>
<custompropertyset name= "cGlx2General">
<cDirtyFlag>false</cDirtyFlag>
</custompropertyset>
<custompropertyset name= "cGlx2TimeStamp">
<xml_num_1283171414>start</xml_num_1283171414>
<xml_num_1283533314>start</xml_num_1283533314>
<xml_num_1254850724>start</xml_num_1254850724>
<xml_num_1254850725>start</xml_num_1254850725>
<xml_num_1284295505>start</xml_num_1284295505>
<xml_num_1285172202>start</xml_num_1285172202>
<xml_num_1258201106>start</xml_num_1258201106>
<xml_num_1259222084>start</xml_num_1259222084>
<xml_num_1258201107>start</xml_num_1258201107>
<xml_num_1281809077>start</xml_num_1281809077>
<xml_num_1259222085>start</xml_num_1259222085>
<xml_num_1281809078>start</xml_num_1281809078>
<xml_num_1283518655>start</xml_num_1283518655>
<xml_num_1283518656>start</xml_num_1283518656>
<xml_num_1284281679>start</xml_num_1284281679>
<xml_num_1282331956>start</xml_num_1282331956>
<xml_num_1258202472>start</xml_num_1258202472>
<xml_num_1258280366>start</xml_num_1258280366>
<xml_num_1259101491>start</xml_num_1259101491>
<xml_num_1285176562>start</xml_num_1285176562>
<xml_num_1254300256>start</xml_num_1254300256>
<xml_num_1254300257>start</xml_num_1254300257>
<xml_num_1260877464>start</xml_num_1260877464>
<xml_num_1260877465>start</xml_num_1260877465>
<xml_num_1281515645>start</xml_num_1281515645>
<xml_num_1285165406>start</xml_num_1285165406>
<xml_num_1260878519>start</xml_num_1260878519>
<xml_num_1284296889>start</xml_num_1284296889>
<xml_num_1258288610>start</xml_num_1258288610>
<xml_num_1284298044>start</xml_num_1284298044>
<xml_num_1260876582>start</xml_num_1260876582>
<xml_num_1284203648>start</xml_num_1284203648>
<xml_num_1260876583>start</xml_num_1260876583>
<xml_num_1283533203>start</xml_num_1283533203>
<xml_num_1281532584>start</xml_num_1281532584>
<xml_num_1283533204>start</xml_num_1283533204>
<xml_num_1281532585>start</xml_num_1281532585>
<xml_num_1284286631>start</xml_num_1284286631>
<xml_num_1260877327>start</xml_num_1260877327>
<xml_num_1256992372>start</xml_num_1256992372>
<xml_num_1284283500>start</xml_num_1284283500>
<xml_num_1254850458>start</xml_num_1254850458>
<xml_num_1259521243>start</xml_num_1259521243>
<xml_num_1260877176>start</xml_num_1260877176>
<xml_num_1260877177>start</xml_num_1260877177>
<xml_num_1259520674>start</xml_num_1259520674>
<xml_num_1260261873>start</xml_num_1260261873>
<xml_num_1285167059>start</xml_num_1285167059>
<xml_num_1260261874>start</xml_num_1260261874>
<xml_num_1254685853>start</xml_num_1254685853>
<xml_num_1254685854>start</xml_num_1254685854>
<xml_num_1284297826>start</xml_num_1284297826>
<xml_num_1260878873>start</xml_num_1260878873>
<checksum>urldecode( "%D8l%BD%C2d%D1%F8%8FHM%3C%A2%3C%CB%07p" )</checksum>
<xml_num_1254679773>start</xml_num_1254679773>
<xml_num_1283525370>start</xml_num_1283525370>
<xml_num_1283525369>start</xml_num_1283525369>
<xml_num_1254679774>start</xml_num_1254679774>
<xml_num_1281627540>start</xml_num_1281627540>
<xml_num_1281515536>start</xml_num_1281515536>
<xml_num_1260878725>start</xml_num_1260878725>
<xml_num_1281515537>start</xml_num_1281515537>
<xml_num_1282309257>start</xml_num_1282309257>
<xml_num_1285173157>start</xml_num_1285173157>
<xml_num_1257765789>start</xml_num_1257765789>
<xml_num_1257765790>start</xml_num_1257765790>
<xml_num_1283532830>start</xml_num_1283532830>
<xml_num_1283532829>start</xml_num_1283532829>
<xml_num_1284285779>start</xml_num_1284285779>
<xml_num_1284296157>start</xml_num_1284296157>
<xml_num_1283534618>start</xml_num_1283534618>
<xml_num_1260875273>start</xml_num_1260875273>
<xml_num_1283534619>start</xml_num_1283534619>
<xml_num_1263293620>start</xml_num_1263293620>
<xml_num_1263293619>start</xml_num_1263293619>
<xml_num_1285166194>start</xml_num_1285166194>
<xml_num_1285171400>start</xml_num_1285171400>
<xml_num_1281429605>start</xml_num_1281429605>
<xml_num_1285171401>start</xml_num_1285171401>
<xml_num_1259226840>start</xml_num_1259226840>
<xml_num_1260814794>start</xml_num_1260814794>
<xml_num_1260814795>start</xml_num_1260814795>
<xml_num_1281628774>start</xml_num_1281628774>
<xml_num_1284286537>start</xml_num_1284286537>
<xml_num_1283534800>start</xml_num_1283534800>
<xml_num_1258201986>start</xml_num_1258201986>
<xml_num_1283548155>start</xml_num_1283548155>
<xml_num_1285324027>start</xml_num_1285324027>
<xml_num_1284284286>start</xml_num_1284284286>
<xml_num_1260225173>start</xml_num_1260225173>
<xml_num_1258225634>start</xml_num_1258225634>
<xml_num_1283526775>start</xml_num_1283526775>
<xml_num_1284203729>start</xml_num_1284203729>
<xml_num_1284296499>start</xml_num_1284296499>
<xml_num_1260875936>start</xml_num_1260875936>
<xml_num_1285167586>start</xml_num_1285167586>
<xml_num_1260017113>start</xml_num_1260017113>
<xml_num_1260017114>start</xml_num_1260017114>
<xml_num_1281481636>start</xml_num_1281481636>
<xml_num_1263291242>start</xml_num_1263291242>
<xml_num_1283532872>start</xml_num_1283532872>
<xml_num_1260878144>start</xml_num_1260878144>
<xml_num_1263291243>start</xml_num_1263291243>
<xml_num_1260878145>start</xml_num_1260878145>
<xml_num_1260878310>start</xml_num_1260878310>
<xml_num_1284296213>start</xml_num_1284296213>
<xml_num_1283171413>start</xml_num_1283171413>
</custompropertyset>
<script>urldecode( "--%3E+all+handlers%0D%0A%0D%0Aon+newHandler%0D%0A++++%0D%0Aend+newHandler%0D%0A" )</script>
</group>
