<button name="Folding Scripts" id="1043">
<traversalOn>true</traversalOn>
<ink>srcCopy</ink>
<threeD>true</threeD>
<hiliteBorder>false</hiliteBorder>
<blendLevel>0</blendLevel>
<rect>20,99,124,120</rect>
<mnemonic>0</mnemonic>
<armFill>false</armFill>
<visitedIcon>0</visitedIcon>
<showName>true</showName>
<showIcon>false</showIcon>
<hilited>false</hilited>
<sharedHilite>true</sharedHilite>
<shadow>false</shadow>
<textAlign>left</textAlign>
<armed>false</armed>
<menuMouseButton>1</menuMouseButton>
<id>1043</id>
<altId>0</altId>
<labelWidth>0</labelWidth>
<armedIcon>0</armedIcon>
<lockLoc>false</lockLoc>
<visited>false</visited>
<showHilite>false</showHilite>
<autoHilite>true</autoHilite>
<style>checkbox</style>
<disabledIcon>0</disabledIcon>
<armBorder>true</armBorder>
<name>button "Folding Scripts"</name>
<icon>0</icon>
<layer>12</layer>
<visible>false</visible>
<cantSelect>false</cantSelect>
<borderWidth>2</borderWidth>
<menuLines>5</menuLines>
<margins>3,4,4,4</margins>
<opaque>false</opaque>
<shadowOffset>4</shadowOffset>
<default>false</default>
<hiliteFill>true</hiliteFill>
<showBorder>false</showBorder>
<hiliteIcon>0</hiliteIcon>
<disabled>false</disabled>
<autoArm>false</autoArm>
<family>0</family>
<hoverIcon>0</hoverIcon>
<showFocusBorder>true</showFocusBorder>
<menuHistory>1</menuHistory>
<custompropertyset name= "cGlx2TimeStamp">
<checksum>urldecode( "n%26%E6S%CB4%96%40%A3%3D%C7%87%C5%15%17%3A" )</checksum>
</custompropertyset>
<script>urldecode( "--%3E+all+handlers%0D%0A%0D%0Aon+mouseUp+pMouseBtnNo%0D%0A++++if+the+hilited+of+me+is+true+then%0D%0A++++++++answer+warning+%22We+do+not+recommend+the+use+of+Folding+Scripts%22+%26%26+%5C%0D%0A++++++++++++++++%22as+a+default+setting+unless+you+have+an+extremely+fast+machine.%22+%26+cr+%26+cr+%26+%5C%0D%0A++++++++++++++++%22Uncheck+this+default+preference+%28false%29+or+continue+with+it+checked+%28true%29%3F%22+with+%22Uncheck%22+or+%22Leave+Checked%22%0D%0A++++++++if+it+is+%22Uncheck%22+then%0D%0A++++++++++++set+the+hilited+of+me+to+false%0D%0A++++++++++++exit+mouseUp%0D%0A++++++++end+if%0D%0A++++end+if%0D%0A++++lock+screen%0D%0A++++put+the+mainstack+of+this+stack+into+theParentStack++++++++%0D%0A++++set+the+cFoldingScripts+of+stack+theParentStack+to+the+hilited+of+me%0D%0A++++put+the+scroll+of+fld+%22code+storage%22+of+stack+theParentStack+into+theScroll%0D%0A++++put+the+hscroll+of+fld+%22code+storage%22+of+stack+theParentStack+into+theHScroll%0D%0A++++glx2SavePrefs%0D%0A++++updateEveryTab%0D%0A++++set+the+scroll+of+fld+%22code+storage%22+of+stack+theParentStack+to+theScroll%0D%0A++++set+the+hscroll+of+fld+%22code+storage%22+of+stack+theParentStack+to+theHScroll%0D%0A++++unlock+screen%0D%0Aend+mouseUp%0D%0A" )</script>
</button>
