<field name="Replace Btn" id="280037">
<traversalOn>false</traversalOn>
<ink>srcCopy</ink>
<firstIndent>0</firstIndent>
<dontSearch>false</dontSearch>
<toggleHilites>false</toggleHilites>
<threeD>false</threeD>
<scrollbarWidth>20</scrollbarWidth>
<blendLevel>0</blendLevel>
<textHeight>14</textHeight>
<rect>809,81,870,102</rect>
<multipleHilites>false</multipleHilites>
<colors>urldecode( "white%0D%0A32%2C34%2C37%0D%0A%0D%0A%0D%0A%0D%0A%0D%0A%0D%0A" )</colors>
<shadow>false</shadow>
<hScroll>0</hScroll>
<textAlign>center</textAlign>
<vScrollbar>false</vScrollbar>
<hScrollbar>false</hScrollbar>
<id>280037</id>
<altId>0</altId>
<autoTab>false</autoTab>
<textStyle>bold</textStyle>
<hGrid>false</hGrid>
<lockLoc>false</lockLoc>
<dontWrap>false</dontWrap>
<autoHilite>false</autoHilite>
<style>rectangle</style>
<showLines>false</showLines>
<sharedText>true</sharedText>
<noncontiguousHilites>false</noncontiguousHilites>
<lockText>true</lockText>
<scroll>0</scroll>
<name>field "Replace Btn"</name>
<vGrid>false</vGrid>
<listBehavior>false</listBehavior>
<layer>42</layer>
<visible>true</visible>
<cantSelect>false</cantSelect>
<borderWidth>1</borderWidth>
<margins>8,8,8,5</margins>
<htmlText>urldecode( "%3Cp%3EReplace%3C%2Fp%3E" )</htmlText>
<threeDHilite>false</threeDHilite>
<opaque>true</opaque>
<shadowOffset>4</shadowOffset>
<showBorder>true</showBorder>
<textSize>11</textSize>
<disabled>false</disabled>
<fixedLineHeight>true</fixedLineHeight>
<textFont>Arial</textFont>
<vScroll>0</vScroll>
<showFocusBorder>false</showFocusBorder>
<custompropertyset name= "cGlx2TimeStamp">
<checksum>urldecode( "%EA%17%9B%86%AA%C6%1B%19%CDC%13%02%9E%1A%E30" )</checksum>
</custompropertyset>
<script>urldecode( "--%3E+%22declarations*%0D%0A%0D%0Alocal+sDragging%0D%0Aglobal+gGlx2LastFind%0D%0A%0D%0A--%3E+utils%0D%0A%0D%0Aon+simMouseEnter%0D%0A++++if+the+visible+of+grp+%22browser%22+is+true+then%0D%0A++++++++if+the+text+of+fld+%22all+btn%22+is+%22P%22+then%0D%0A++++++++++++glx2SetStatus+%22Click+to+SEARCH+this+PAGE+with+the+string+in+the+field+to+the+left+of+me%22%0D%0A++++++++else%0D%0A++++++++++++glx2SetStatus+%22Click+to+SEARCH+the+WEB+via+Google+with+the+string+in+the+field+to+the+left+of+me%22%0D%0A++++++++end+if%0D%0A++++else%0D%0A++++++++glx2SetStatus+%22Click+to+REPLACE+the+selection+with+the+string+in+the+field+to+the+left+of+me%22%0D%0A++++end+if%0D%0Aend+simMouseEnter%0D%0A%0D%0A--%3E+mouse%0D%0A%0D%0Aon+mouseEnter%0D%0A++++set+the+doubleclickinterval+to+10%0D%0A++++simMouseEnter%0D%0Aend+mouseEnter%0D%0A%0D%0Aon+mouseLeave%0D%0A++++set+the+doubleclickinterval+to+250%0D%0A++++glx2SetStatus+%0D%0Aend+mouseLeave%0D%0A%0D%0Aon+mouseMove%0D%0A++++if+the+cMotif+of+stack+%22revGLX2+code%22+is+%22alabaster%22+then%0D%0A++++++++if+sDragging+is+true+then%0D%0A++++++++++++if+the+mouseloc+is+within+the+rect+of+me+then+++++%0D%0A++++++++++++++++set+the+textcolor+of+me+to+yellow%0D%0A++++++++++++else%0D%0A++++++++++++++++set+the+textcolor+of+me+to+white%0D%0A++++++++++++end+if%0D%0A++++++++else%0D%0A++++++++++++set+the+textcolor+of+me+to+white%0D%0A++++++++end+if+%0D%0A++++else%0D%0A++++++++if+sDragging+is+true+then%0D%0A++++++++++++if+the+mouseloc+is+within+the+rect+of+me+then+++++%0D%0A++++++++++++++++set+the+textcolor+of+me+to+yellow%0D%0A++++++++++++else%0D%0A++++++++++++++++set+the+textcolor+of+me+to+white%0D%0A++++++++++++end+if%0D%0A++++++++else%0D%0A++++++++++++set+the+textcolor+of+me+to+white+%0D%0A++++++++end+if+%0D%0A++++end+if%0D%0Aend+mouseMove+%0D%0A%0D%0Aon+mouseDown%0D%0A++++put+true+into+sDragging+++%0D%0A++++if+the+cMotif+of+stack+%22revGLX2+code%22+is+%22alabaster%22+then%0D%0A++++++++set+the+textcolor+of+me+to+yellow%0D%0A++++else%0D%0A++++++++set+the+textcolor+of+me+to+yellow%0D%0A++++end+if%0D%0Aend+mouseDown%0D%0A%0D%0Aon+mouseUp%0D%0A++++lock+screen%0D%0A++++set+the+textcolor+of+me+to+white%0D%0A++++put+false+into+sDragging+++%0D%0A++++if+the+visible+of+grp+%22browser%22+is+true+then%0D%0A++++++++put+getBrowserID%28%29+into+theBrowserID%0D%0A++++++++if+theBrowserID+is+not+empty+then%0D%0A++++++++++++put+fld+%22replace%22+into+theFindString%0D%0A++++++++++++if+theFindString+is+not+empty+then%0D%0A++++++++++++++++if+the+text+of+fld+%22all+btn%22+is+%22P%22+then%0D%0A++++++++++++++++++++revBrowserSet+theBrowserID%2C%22selected%22%2CtheFindString%0D%0A++++++++++++++++++++put+revBrowserGet%28theBrowserID%2C%22selected%22%29+into+theSelection%0D%0A++++++++++++++++++++if+theSelection+is+not+%22no+selection%22+then%0D%0A++++++++++++++++++++++++exit+mouseUp%0D%0A++++++++++++++++++++end+if%0D%0A++++++++++++++++else%0D%0A++++++++++++++++++++put+%22http%3A%2F%2Fwww.google.com%2Fsearch%3Fsource%3Dig%26hl%3Den%26rlz%3D%26q%3D%5Bfind_string%5D%26btnG%3DGoogle%2BSearch%22+into+theGString%0D%0A++++++++++++++++++++replace+%22%5Bfind_string%5D%22+with+urlencode%28theFindString%29+in+theGString%0D%0A++++++++++++++++++++openBrowser+theGString%0D%0A++++++++++++++++++++exit+mouseUp%0D%0A++++++++++++++++end+if%0D%0A++++++++++++end+if%0D%0A++++++++end+if%0D%0A++++++++beep%0D%0A++++else%0D%0A++++++++focus+on+fld+%22code+storage%22%0D%0A++++++++put+fld+%22replace%22+into+theReplaceString%0D%0A++++++++put+fld+%22find%22+into+theFindString%0D%0A++++++++put+the+text+of+fld+%22find%22+into+gGlx2LastFind%0D%0A++++++++put+the+selectedchunk+into+theChunk%0D%0A++++++++put+the+length+of+theReplaceString+-1+into+theAddedLength%0D%0A++++++++if+the+selectedtext+is+theFindString+then%0D%0A++++++++++++put+theReplaceString+into+the+selectedchunk%0D%0A++++++++++++put+word+2+of+theChunk+into+theStartPos%0D%0A++++++++++++put+word+2+of+theChunk+%2B+theAddedLength+into+theEndPos%0D%0A++++++++++++select+char+theStartPos+to+theEndPos+of+fld+%22code+storage%22%0D%0A++++++++++++set+the+cSelectedChunk+of+fld+%22code+storage%22+to+the+selectedchunk%0D%0A++++++++++++glx2SetDirtyFlag%0D%0A++++++++++++doFind%0D%0A++++++++else%0D%0A++++++++++++doFind++%0D%0A++++++++end+if%0D%0A++++end+if%0D%0A++++lock+screen%0D%0Aend+mouseUp%0D%0A%0D%0Aon+mouseRelease%0D%0A++++put+false+into+sDragging+++%0D%0A++++set+the+textcolor+of+me+to+white+%0D%0Aend+mouseRelease%0D%0A" )</script>
</field>
