<button name="color guide" id="1022">
<traversalOn>false</traversalOn>
<ink>srcCopy</ink>
<threeD>false</threeD>
<hiliteBorder>true</hiliteBorder>
<blendLevel>0</blendLevel>
<rect>19,78,35,94</rect>
<mnemonic>0</mnemonic>
<armFill>false</armFill>
<visitedIcon>0</visitedIcon>
<showName>false</showName>
<showIcon>false</showIcon>
<colors>urldecode( "%0D%0A255%2C255%2C0%0D%0A%0D%0A0%2C0%2C0%0D%0A%0D%0A%0D%0A%0D%0A" )</colors>
<hilited>false</hilited>
<sharedHilite>true</sharedHilite>
<shadow>false</shadow>
<textAlign>center</textAlign>
<armed>false</armed>
<menuMouseButton>1</menuMouseButton>
<id>1022</id>
<altId>0</altId>
<labelWidth>0</labelWidth>
<armedIcon>0</armedIcon>
<lockLoc>false</lockLoc>
<visited>false</visited>
<showHilite>false</showHilite>
<autoHilite>true</autoHilite>
<style>rectangle</style>
<disabledIcon>0</disabledIcon>
<armBorder>true</armBorder>
<name>button "color guide"</name>
<icon>0</icon>
<layer>9</layer>
<visible>true</visible>
<cantSelect>false</cantSelect>
<borderWidth>1</borderWidth>
<menuLines>5</menuLines>
<margins>4</margins>
<opaque>true</opaque>
<shadowOffset>4</shadowOffset>
<default>false</default>
<hiliteFill>true</hiliteFill>
<showBorder>true</showBorder>
<hiliteIcon>0</hiliteIcon>
<disabled>false</disabled>
<autoArm>false</autoArm>
<family>0</family>
<hoverIcon>0</hoverIcon>
<showFocusBorder>true</showFocusBorder>
<menuHistory>1</menuHistory>
<custompropertyset name= "cGlx2TimeStamp">
<checksum>urldecode( "%9E%7D%A3%BF%08%C8g%13%CCTyg%0D%3C%C1m" )</checksum>
</custompropertyset>
<script>urldecode( "--%3E+all+handlers%0D%0A%0D%0Aon+mouseUp+pMouseBtnNo%0D%0A++++answer+color+with+the+backcolor+of+me%0D%0A++++put+it+into+theColor%0D%0A++++if+theColor+is+not+empty+then%0D%0A++++++++put+the+mainstack+of+this+stack+into+theParentStack%0D%0A++++++++lock+screen%0D%0A++++++++set+the+backcolor+of+me+to+theColor%0D%0A++++++++set+the+defaultstack+to+%22revGLX2+vab%22%0D%0A++++++++set+the+forecolor+of+grc+%22vertical+guide%22+to+theColor%0D%0A++++++++set+the+forecolor+of+grc+%22horizontal+guide%22+to+theColor%0D%0A++++++++set+the+forecolor+of+grc+%22selector%22+to+theColor%0D%0A++++++++set+the+forecolor+of+grc+%22left+guide%22+to+theColor%0D%0A++++++++set+the+forecolor+of+grc+%22top+guide%22+to+theColor%0D%0A++++++++set+the+forecolor+of+grc+%22right+guide%22+to+theColor%0D%0A++++++++set+the+forecolor+of+grc+%22bottom+guide%22+to+theColor%0D%0A++++++++set+the+forecolor+of+grc+%22resizer%22+to+theColor%0D%0A++++++++set+the+backcolor+of+grc+%22resizer%22+to+theColor%0D%0A++++++++set+the+cVabGuideColor+of+stack+theParentStack+to+theColor%0D%0A++++++++send+%22glx2SavePrefs%22+to+stack+theParentStack%0D%0A++++++++unlock+screen%0D%0A++++end+if%0D%0Aend+mouseUp%0D%0A" )</script>
</button>
