{"stackFileArray": {"Global_Governance_Org_Menu": "controllers/Global_Governance_Org_Menu.livecodescript","behavior_ViewGovernanceOrg": "behaviors/behavior_ViewGovernanceOrg.livecodescript"},"Global Menus": {"Global | Governance | Org | Menu": {"mController": "stack \"/Users/BabyBlue/Desktop/git-repos/lcw_Governance/modules/View_Governance_Org/controllers/Global_Governance_Org_Menu.livecodescript\"","gMenuTable": "Shape\tmenu_Shape subMenuPath, mTarget\tstack \"Global_Governance_Org_Menu\"\tGlobal | Governance | Org | Menu\t\tfixed\tsubmenu_Fixed[menu_Shape]\twhich_Shape\tShape\n-\nButton View\tmenu_ButtonView subMenuPath, mTarget\tstack \"Global_Governance_Org_Menu\"\tGlobal | Governance | Org | Menu\t\tboolean\tsubmenu_Boolean\tbutton_View\tButton View\nTiles Across\tmenu_TilesAcross subMenuPath, mTarget\tstack \"Global_Governance_Org_Menu\"\tGlobal | Governance | Org | Menu\t\tcustom submenu\ttile_Nums\ttile_Num\tTiles Across\nShow Names\tmenu_ShowNames subMenuPath, mTarget\tstack \"Global_Governance_Org_Menu\"\tGlobal | Governance | Org | Menu\t\tboolean\tsubmenu_Boolean\tshow_Names\tShow Names\nShow Borders\tmenu_ShowBorders subMenuPath, mTarget\tstack \"Global_Governance_Org_Menu\"\tGlobal | Governance | Org | Menu\t\tboolean\tsubmenu_Boolean\tshow_Borders\tShow Borders\n-\nDisplay Grid Array\tmenu_DisplayGridArray mTarget\tstack \"Global_Governance_Org_Menu\"\tGlobal | Governance | Org | Menu\t\t\t\t\tDisplay Grid Array\nDisplay Grid Rect Array\tmenu_DisplayGridRectArray mTarget\tstack \"Global_Governance_Org_Menu\"\tGlobal | Governance | Org | Menu\t\t\t\t\tDisplay Grid Rect Array\n-\nFixed Square\tmenu_FixedSquare subMenuPath, mTarget\tstack \"Global_Governance_Org_Menu\"\tGlobal | Governance | Org | Menu\t\tboolean\tsubmenu_Boolean\tfixed_Square\tFixed Square\nGraphic\tmenu_Graphic mTarget\tstack \"Global_Governance_Org_Menu\"\tGlobal | Governance | Org | Menu\t\t\t\t\tGraphic"}}}