<button name="handler menu" id="1181559">
<traversalOn>true</traversalOn>
<ink>srcCopy</ink>
<threeD>true</threeD>
<hiliteBorder>true</hiliteBorder>
<blendLevel>0</blendLevel>
<rect>363,342,465,364</rect>
<mnemonic>0</mnemonic>
<armFill>false</armFill>
<visitedIcon>0</visitedIcon>
<showName>true</showName>
<showIcon>false</showIcon>
<hilited>false</hilited>
<sharedHilite>true</sharedHilite>
<shadow>false</shadow>
<textAlign>center</textAlign>
<armed>false</armed>
<menuMouseButton>1</menuMouseButton>
<id>1181559</id>
<altId>0</altId>
<labelWidth>0</labelWidth>
<armedIcon>0</armedIcon>
<lockLoc>false</lockLoc>
<visited>false</visited>
<showHilite>false</showHilite>
<autoHilite>true</autoHilite>
<style>menu</style>
<disabledIcon>0</disabledIcon>
<armBorder>true</armBorder>
<name>button "handler menu"</name>
<icon>0</icon>
<layer>2</layer>
<visible>false</visible>
<cantSelect>false</cantSelect>
<borderWidth>2</borderWidth>
<menuLines>5</menuLines>
<margins>4</margins>
<opaque>true</opaque>
<text>urldecode( "postProgress" )</text>
<shadowOffset>4</shadowOffset>
<default>false</default>
<hiliteFill>true</hiliteFill>
<showBorder>true</showBorder>
<hiliteIcon>0</hiliteIcon>
<disabled>false</disabled>
<autoArm>false</autoArm>
<menuMode>popup</menuMode>
<family>0</family>
<hoverIcon>0</hoverIcon>
<showFocusBorder>true</showFocusBorder>
<menuHistory>1</menuHistory>
<custompropertyset name= "cGlx2TimeStamp">
</custompropertyset>
<script>urldecode( "--%3E+all+handlers%0D%0A%0D%0AON+menuPick+pChosen%0D%0A++++%0D%0A++++put+pChosen+into+theHandlerName%0D%0A++++send+%22doEditPane+theHandlerName%22+to+me+in+10+millisecs%0D%0A++++exit+menuPick%0D%0A++++%0D%0A++++put+the+cTargetObject+of+me+into+theTarget%0D%0A++++--put+theTarget%0D%0A++++put+the+cActivePane+of+this+cd+into+theActivePane%0D%0A++++IF+theActivePane+is+not+empty+AND+there+is+a+theActivePane+THEN%0D%0A++++++++put+word+5+to+-1+of+theActivePane+into+theActiveGrp%0D%0A++++++++put+the+long+id+of+fld+1+of+theActiveGrp+into+theActiveFld%0D%0A++++END+IF%0D%0A++++SWITCH+pChosen%0D%0A++++++++CASE+%22Folders%7CNew...%22%0D%0A++++++++++++send+%22createNewFolder+theTarget%22+to+me+in+10+millisecs%0D%0A++++++++++++break%0D%0A++++++++CASE+%22Folders%7CFold+All%22%0D%0A++++++++++++send+%22closeAllFolders%22+to+me+in+10+millisecs%0D%0A++++++++++++break%0D%0A++++++++CASE+%22Folders%7CUn-fold+All%22%0D%0A++++++++++++send+%22openAllFolders%22+to+me+in+10+millisecs%0D%0A++++++++++++break%0D%0A++++++++CASE+%22Handlers%7CNew...%22%0D%0A++++++++++++send+%22createNewHandler+theTarget%22+to+me+in+10+millisecs%0D%0A++++++++++++break%0D%0A++++++++CASE+%22Handlers%7CFold+All%22%0D%0A++++++++++++send+%22closeAllHandlers+theTarget%22+to+me+in+10+millisecs%0D%0A++++++++++++break%0D%0A++++++++CASE+%22Handlers%7CUn-fold+All%22%0D%0A++++++++++++send+%22openAllHandlers+theTarget%22+to+me+in+10+millisecs%0D%0A++++++++++++break%0D%0A++++++++CASE+%22Notes%7CNew...%22%0D%0A++++++++++++send+%22createNewNote+theTarget%22+to+me+in+10+millisecs%0D%0A++++++++++++break%0D%0A++++++++CASE+%22Notes%7CFold+All%22%0D%0A++++++++++++send+%22closeAllNotes+theTarget%22+to+me+in+10+millisecs%0D%0A++++++++++++break%0D%0A++++++++CASE+%22Notes%7CUn-fold+All%22%0D%0A++++++++++++send+%22openAllNotes+theTarget%22+to+me+in+10+millisecs%0D%0A++++++++++++break%0D%0A++++++++CASE+%22Structures%7CNew...%22%0D%0A++++++++++++send+%22createNewStructure+theActiveFld%22+to+theActiveFld+in+10+millisecs%0D%0A++++++++++++break%0D%0A++++++++CASE+%22Structures%7CFold+All%22%0D%0A++++++++++++send+%22doCollapseAll+theActiveFld%22+to+theActiveFld+in+10+millisecs%0D%0A++++++++++++break%0D%0A++++++++CASE+%22Structures%7CUn-fold+All%22%0D%0A++++++++++++send+%22doExpandAll+theActiveFld%22+to+theActiveFld+in+10+millisecs%0D%0A++++++++++++break%0D%0A++++++++DEFAULT%0D%0A++++++++++++set+the+itemdel+to+%22%7C%22+%0D%0A++++++++++++put+item+2+of+pChosen+into+theHandlerName%0D%0A++++++++++++set+the+itemdel+to+comma%0D%0A++++++++++++send+%22doEditPane+theHandlerName%22+to+me+in+10+millisecs%0D%0A++++END+SWITCH%0D%0AEND+menuPick%0D%0A" )</script>
</button>
