<graphic name="glx2 home bg" id="691040">
<traversalOn>false</traversalOn>
<ink>srcCopy</ink>
<threeD>true</threeD>
<startAngle>0</startAngle>
<blendLevel>0</blendLevel>
<rect>-1,108,908,693</rect>
<angle>0</angle>
<filled>true</filled>
<showName>false</showName>
<colors>urldecode( "36%2C36%2C36%0D%0A36%2C36%2C36%0D%0A%0D%0A%0D%0A%0D%0A%0D%0A%0D%0A" )</colors>
<arcAngle>360</arcAngle>
<dontResize>false</dontResize>
<startArrow>false</startArrow>
<editMode>none</editMode>
<id>691040</id>
<markerDrawn>false</markerDrawn>
<arrowSize>3</arrowSize>
<altId>0</altId>
<antiAliased>true</antiAliased>
<markerFilled>false</markerFilled>
<markerLineSize>1</markerLineSize>
<fillRule>none</fillRule>
<lockLoc>false</lockLoc>
<roundRadius>15</roundRadius>
<style>rectangle</style>
<endArrow>false</endArrow>
<name>graphic "glx2 home bg"</name>
<lineSize>1</lineSize>
<polySides>4</polySides>
<capStyle>round</capStyle>
<layer>130</layer>
<visible>true</visible>
<cantSelect>false</cantSelect>
<borderWidth>2</borderWidth>
<margins>4</margins>
<roundEnds>true</roundEnds>
<opaque>true</opaque>
<showBorder>false</showBorder>
<miterLimit>10</miterLimit>
<disabled>false</disabled>
<joinStyle>round</joinStyle>
<showFocusBorder>true</showFocusBorder>
<custompropertyset name= "cGlx2TimeStamp">
<checksum>urldecode( "%87%A8%0B%0Fg%19%0C%3E%D0y_%07%C6%A6%A7K" )</checksum>
</custompropertyset>
<script>urldecode( "--%3E+*properties*%0D%0A%2F*+Basic+Properties*%2F%0D%0A%2F*+Gradient*%2F%0D%0A%2F*+Colors+%26+Patterns*%2F%0D%0A%2F*+Custom+Properties*%2F%0D%0A%2F*+Geometry*%2F%0D%0A%2F*+Blending*%2F%0D%0A%2F*+Property+Profiles*%2F%0D%0A%2F*+Size+%26+Position*%2F%0D%0A%2F*+Text+Formatting*%2F%0D%0A%0D%0A--%3E+all+handlers%0D%0A%0D%0Aon+mouseDown+pMouseBtnNum%0D%0A++++if+pMouseBtnNum+is+one+then%0D%0A++++++++if+the+long+id+of+the+target+is+the+long+id+of+me+then%0D%0A++++++++++++disable+btn+%22remove+homey%22+%0D%0A++++++++++++put+the+number+of+grps+in+grp+%22homies%22+into+theNoGrps%0D%0A++++++++++++repeat+with+theGrpNo+%3D+2+to+theNoGrps%0D%0A++++++++++++++++set+the+showborder+of+grp+theGrpNo+of+grp+%22homies%22+to+false%0D%0A++++++++++++++++try%0D%0A++++++++++++++++++++set+the+margins+of+grp+theGrpNo+of+grp+%22homies%22+to+4%0D%0A++++++++++++++++++++hide+grc+%22spaces+mask%22+of+grp+theGrpNo+of+grp+%22homies%22%0D%0A++++++++++++++++++++hide+grp+%22spaces+dlog%22+of+grp+theGrpNo+of+grp+%22homies%22%0D%0A++++++++++++++++catch+e%0D%0A++++++++++++++++end+try%0D%0A++++++++++++end+repeat%0D%0A++++++++end+if%0D%0A++++end+if%0D%0Aend+mouseDown%0D%0A" )</script>
</graphic>
