<field name="edit space" id="700268">
<traversalOn>true</traversalOn>
<ink>srcCopy</ink>
<firstIndent>0</firstIndent>
<dontSearch>false</dontSearch>
<toggleHilites>false</toggleHilites>
<threeD>true</threeD>
<scrollbarWidth>20</scrollbarWidth>
<blendLevel>0</blendLevel>
<textHeight>17</textHeight>
<rect>228,175,396,202</rect>
<multipleHilites>false</multipleHilites>
<colors>urldecode( "255%2C255%2C255%0D%0A90%2C90%2C90%0D%0A%0D%0A%0D%0A%0D%0A%0D%0A%0D%0A" )</colors>
<shadow>false</shadow>
<hScroll>0</hScroll>
<textAlign>left</textAlign>
<vScrollbar>false</vScrollbar>
<hScrollbar>false</hScrollbar>
<id>700268</id>
<altId>0</altId>
<autoTab>false</autoTab>
<textStyle>bold</textStyle>
<hGrid>false</hGrid>
<lockLoc>false</lockLoc>
<dontWrap>true</dontWrap>
<autoHilite>true</autoHilite>
<style>rectangle</style>
<showLines>false</showLines>
<sharedText>false</sharedText>
<noncontiguousHilites>false</noncontiguousHilites>
<lockText>true</lockText>
<scroll>0</scroll>
<name>field "edit space"</name>
<vGrid>false</vGrid>
<listBehavior>false</listBehavior>
<layer>145</layer>
<visible>false</visible>
<cantSelect>false</cantSelect>
<borderWidth>2</borderWidth>
<margins>4,8,4,2</margins>
<htmlText>urldecode( "%3Cp%3EUntitled%3C%2Fp%3E" )</htmlText>
<threeDHilite>false</threeDHilite>
<opaque>true</opaque>
<shadowOffset>4</shadowOffset>
<showBorder>true</showBorder>
<textSize>13</textSize>
<disabled>false</disabled>
<fixedLineHeight>true</fixedLineHeight>
<textFont>arial</textFont>
<vScroll>0</vScroll>
<showFocusBorder>true</showFocusBorder>
<custompropertyset name= "cGlx2TimeStamp">
<checksum>urldecode( "g%9D%DC%F7%3D+Y%D6%F8%93o%9B%03%E8%E2%1A" )</checksum>
</custompropertyset>
<script>urldecode( "--%3E+all+handlers%0D%0A%0D%0Aon+mousemove%0D%0A++++setIBeamCursor%0D%0Aend+mousemove%0D%0A%0D%0Aon+mouseLeave%0D%0A++++setArrowCursor%0D%0Aend+mouseLeave%0D%0A%0D%0Aon+closeField%0D%0A++++saveChanges%0D%0Aend+closeField%0D%0A%0D%0Aon+exitfield%0D%0A++++saveChanges%0D%0Aend+exitfield%0D%0A%0D%0Aon+enterInField%0D%0A++++saveChanges%0D%0Aend+enterInField%0D%0A%0D%0Aon+returnInField%0D%0A++++saveChanges%0D%0Aend+returnInField%0D%0A%0D%0Aon+saveChanges%0D%0A++++setArrowCursor%0D%0A++++lock+screen%0D%0A++++hide+grc+%22spaces+mask%22%0D%0A++++set+the+margins+of+the+owner+of+me+to+4%0D%0A++++put+the+cLineNo+of+me+into+theLineNo%0D%0A++++put+word+1+to+-1+of+line+theLineNo+of+fld+%22work+spaces%22+into+theOrigWorkSpaceName%0D%0A++++put+me+into+theNewWorkSpaceName%0D%0A++++put+the+casesensitive+into+theCaseSensitive%0D%0A++++set+the+casesensitive+to+true%0D%0A++++put+theNewWorkSpaceName+is+not+theOrigWorkSpaceName+into+nameHasChanged%0D%0A++++set+the+casesensitive+to+theCaseSensitive%0D%0A++++lock+messages%0D%0A++++set+the+locktext+of+me+to+true%0D%0A++++hide+me%0D%0A++++unlock+messages%0D%0A++++if+nameHasChanged+then%0D%0A++++++++put+the+filename+of+this+stack+into+theWorkSpaceFolder%0D%0A++++++++set+the+itemdel+to+%22%2F%22%0D%0A++++++++put+%22GLX2+Work+Spaces%22+into+item+-1+of+theWorkSpaceFolder%0D%0A++++++++set+the+itemdel+to+comma%0D%0A++++++++put+URL+%28%22File%3A%22+%26+theWorkSpaceFolder+%26+%22%2F%22+%26+theOrigWorkSpaceName+%26+%22.glx%22%29+into+theOrigWorkSpaceContent%0D%0A++++++++delete+file+%28theWorkSpaceFolder+%26+%22%2F%22+%26+theOrigWorkSpaceName+%26+%22.glx%22%29%0D%0A++++++++put+theOrigWorkSpaceContent+into+URL+%28%22file%3A%22+%26+theWorkSpaceFolder+%26+%22%2F%22+%26+theNewWorkSpaceName+%26+%22.glx%22%29%0D%0A++++++++send+%22glx2RefreshHomey%22+to+grp+%22work+spaces+homey%22%0D%0A++++++++%0D%0A++++++++put+the+filename+of+stack+%22revGLX2+code%22+into+theSpacesFolder%0D%0A++++++++set+the+itemdel+to+%22%2F%22%0D%0A++++++++put+%22GLX2+Work+Spaces%22+into+item+-1+of+theSpacesFolder%0D%0A++++++++put+theSpacesFolder+%26+%22%2F%22+%26+theOrigWorkSpaceName+%26+%22.glx%22+into+item+-1+of+theWorkSpaceFilePath%0D%0A++++++++set+the+itemdel+to+comma%0D%0A++++++++if+the+cWorkSpaceFilePath+of+this+stack+is+theWorkSpaceFilePath+then%0D%0A++++++++++++set+the+cWorkSpaceFilePath+of+this+stack+to+theSpacesFolder+%26+%22%2F%22+%26+theNewWorkSpaceName+%26+%22.glx%22%0D%0A++++++++++++glx2SetTitle%0D%0A++++++++end+if%0D%0A++++end+if%0D%0A++++unlock+screen%0D%0Aend+saveChanges%0D%0A" )</script>
</field>
