<field name="syntax" id="255671">
<traversalOn>true</traversalOn>
<ink>srcCopy</ink>
<firstIndent>0</firstIndent>
<dontSearch>false</dontSearch>
<toggleHilites>false</toggleHilites>
<threeD>true</threeD>
<scrollbarWidth>16</scrollbarWidth>
<blendLevel>0</blendLevel>
<textHeight>13</textHeight>
<rect>260,157,741,471</rect>
<multipleHilites>false</multipleHilites>
<colors>urldecode( "0%2C0%2C0%0D%0A%0D%0A%0D%0A%0D%0A%0D%0A%0D%0A%0D%0A" )</colors>
<shadow>false</shadow>
<hScroll>0</hScroll>
<textAlign>left</textAlign>
<vScrollbar>true</vScrollbar>
<hScrollbar>false</hScrollbar>
<id>255671</id>
<altId>0</altId>
<autoTab>false</autoTab>
<textStyle>plain</textStyle>
<hGrid>false</hGrid>
<lockLoc>false</lockLoc>
<dontWrap>false</dontWrap>
<autoHilite>true</autoHilite>
<style>scrolling</style>
<showLines>false</showLines>
<sharedText>true</sharedText>
<noncontiguousHilites>false</noncontiguousHilites>
<lockText>false</lockText>
<scroll>0</scroll>
<name>field "syntax"</name>
<vGrid>false</vGrid>
<listBehavior>false</listBehavior>
<layer>101</layer>
<visible>false</visible>
<cantSelect>false</cantSelect>
<borderWidth>2</borderWidth>
<margins>8</margins>
<htmlText>urldecode( "%3Cp%3Eabs%28number%29%3C%2Fp%3E%0D%0A%3Cp%3Eaccept+%5Bdatagram%5D+connections+on+port+number+with+message+callbackMessage%3C%2Fp%3E%0D%0A%3Cp%3Eacos%28number%29%3C%2Fp%3E%0D%0A%3Cp%3Eadd+number+to+%5Bchunk+of%5D+container%3C%2Fp%3E%0D%0A%3Cp%3EaliasReference%28aliasPath%29%3C%2Fp%3E%0D%0A%3Cp%3EalternateLanguages%28%29%3C%2Fp%3E%0D%0A%3Cp%3EaltKey%28%29%3C%2Fp%3E%0D%0A%3Cp%3Eannuity%28interestRate%2CnumberOfPeriods%29%3C%2Fp%3E%0D%0A%3Cp%3Eanswer+%5BiconType%5D+prompt+%5Bwith+button1+%5Bor+buttons%5D%5D+%5Btitled+windowTitle%5D+%5Bas+sheet%5D%3C%2Fp%3E%0D%0A%3Cp%3Eanswer+color+%5Bwith+startingColor%5D%3C%2Fp%3E%0D%0A%3Cp%3Eanswer+effect%3C%2Fp%3E%0D%0A%3Cp%3Eanswer+file%5Bs%5D+prompt+%5Bwith+defaultPath%5D+%5Bwith+type+types+%5Bor+type+types+...%5D%5D+%5Btitled+windowTitle%5D+%5Bas+sheet%5D%3C%2Fp%3E%0D%0A%3Cp%3Eanswer+file%5Bs%5D+prompt+%5Bwith+defaultPath%5D+%5B%7Bwith+filter+%7C+of+type%7D+types%5D+%5Btitled+windowTitle%5D+%5Bas+sheet%5D%3C%2Fp%3E%0D%0A%3Cp%3Eanswer+folder+prompt+%5Bwith+defaultPath%5D+%5Bas+sheet%5D%3C%2Fp%3E%0D%0A%3Cp%3Eanswer+printer%3C%2Fp%3E%0D%0A%3Cp%3Eanswer+record%3C%2Fp%3E%0D%0A%3Cp%3Easin%28number%29%3C%2Fp%3E%0D%0A%3Cp%3Eask+%5BiconType%5D+question+%5Bwith+defaultResponse%5D+%5Btitled+windowTitle%5D+%5Bas+sheet%5D%3C%2Fp%3E%0D%0A%3Cp%3Eask+file+prompt+%5Bwith+defaultFilePath%5D+%5Bwith+filter+types%5D+%5Bas+sheet%5D%3C%2Fp%3E%0D%0A%3Cp%3Eask+file+prompt+%5Bwith+defaultFilePath%5D+%5Bwith+type+types+%5Bor+type+types+...%5D%5D+%5Bas+sheet%5D%3C%2Fp%3E%0D%0A%3Cp%3Eask+password+%5Bclear%5D+question+%5Bwith+defaultAnswer%5D+%5Btitled+windowTitle%5D+%5Bas+sheet%5D%3C%2Fp%3E%0D%0A%3Cp%3Eatan%28number%29%3C%2Fp%3E%0D%0A%3Cp%3Eatan2%28yCoordinate%2CxCoordinate%29%3C%2Fp%3E%0D%0A%3Cp%3Eaverage%28numbersList%29%3C%2Fp%3E%0D%0A%3Cp%3EbackScripts%28%29%3C%2Fp%3E%0D%0A%3Cp%3Ebase64Decode%28encodedData%29%3C%2Fp%3E%0D%0A%3Cp%3Ebase64Encode%28data%29%3C%2Fp%3E%0D%0A%3Cp%3EbaseConvert%28number%2CoriginalBase%2CdestinationBase%29%3C%2Fp%3E%0D%0A%3Cp%3Ebeep+%5BnumberOfTimes%5D%3C%2Fp%3E%0D%0A%3Cp%3EbinaryDecode%28formatsList%2Cdata%2CvariablesList%29%3C%2Fp%3E%0D%0A%3Cp%3EbinaryEncode%28formatsList%2CdataStringList%29%3C%2Fp%3E%0D%0A%3Cp%3Ebreak%3C%2Fp%3E%0D%0A%3Cp%3Ebreakpoint%3C%2Fp%3E%0D%0A%3Cp%3EbuildNumber%28%29%3C%2Fp%3E%0D%0A%3Cp%3EcachedURLs%28%29%3C%2Fp%3E%0D%0A%3Cp%3Ecall+handler+%5Bof+object%5D%3C%2Fp%3E%0D%0A%3Cp%3Ecancel+messageQueueID%3C%2Fp%3E%0D%0A%3Cp%3EcapsLockKey%28%29%3C%2Fp%3E%0D%0A%3Cp%3EcharToNum%28character%29%3C%2Fp%3E%0D%0A%3Cp%3Echoose+toolName+tool%3C%2Fp%3E%0D%0A%3Cp%3Eclick+%5Bbutton+mouseButtonNumber%5D+at+point+%5Bwith+key+%5B%2Ckey+%5B%2Ckey%5D%5D%5D%3C%2Fp%3E%0D%0A%3Cp%3EclickChar%28%29%3C%2Fp%3E%0D%0A%3Cp%3EclickCharChunk%28%29%3C%2Fp%3E%0D%0A%3Cp%3EclickChunk%28%29%3C%2Fp%3E%0D%0A%3Cp%3EclickField%28%29%3C%2Fp%3E%0D%0A%3Cp%3EclickH%28%29%3C%2Fp%3E%0D%0A%3Cp%3EclickLine%28%29%3C%2Fp%3E%0D%0A%3Cp%3EclickLoc%28%29%3C%2Fp%3E%0D%0A%3Cp%3EclickStack%28%29%3C%2Fp%3E%0D%0A%3Cp%3EclickText%28%29%3C%2Fp%3E%0D%0A%3Cp%3EclickV%28%29%3C%2Fp%3E%0D%0A%3Cp%3Eclipboard%28%29%3C%2Fp%3E%0D%0A%3Cp%3Eclone+object%3C%2Fp%3E%0D%0A%3Cp%3Eclose+driver+deviceName%3C%2Fp%3E%0D%0A%3Cp%3Eclose+file+filePath%3C%2Fp%3E%0D%0A%3Cp%3Eclose+printing%3C%2Fp%3E%0D%0A%3Cp%3Eclose+process+processName%3C%2Fp%3E%0D%0A%3Cp%3Eclose+socket+socketID%3C%2Fp%3E%0D%0A%3Cp%3Eclose+stack%3C%2Fp%3E%0D%0A%3Cp%3EcolorNames%28%29%3C%2Fp%3E%0D%0A%3Cp%3Ecombine+array+%7Busing+%7C+by+%7C+with%7D+primaryDelimiter+%5Band+secondaryDelimiter%5D%3C%2Fp%3E%0D%0A%3Cp%3EcommandKey%28%29%3C%2Fp%3E%0D%0A%3Cp%3EcommandNames%28%29%3C%2Fp%3E%0D%0A%3Cp%3Ecompact+stack%3C%2Fp%3E%0D%0A%3Cp%3Ecompound%28interestPerPeriod%2CnumberOfPeriods%29%3C%2Fp%3E%0D%0A%3Cp%3Ecompress%28data%29%3C%2Fp%3E%0D%0A%3Cp%3Econstant+constantsList%3C%2Fp%3E%0D%0A%3Cp%3EconstantNames%28%29%3C%2Fp%3E%0D%0A%3Cp%3EcontrolKey%28%29%3C%2Fp%3E%0D%0A%3Cp%3Econvert+dateAndTime+%5Bfrom+format+%5Band+format%5D%5D+to+format+%5Band+format%5D%3C%2Fp%3E%0D%0A%3Cp%3Ecopy+%5Bobject+%5Bto+%7Bcard+%7C+group+%7C+stack%7D+%5D%5D+%7C+%5Bchunk+of+field%5D%3C%2Fp%3E%0D%0A%3Cp%3EcopyResource%28file%2CdestinationFile%2CresType%2C%7BresID+%7C+resName%7D%5B%2CnewID%5D%29%3C%2Fp%3E%0D%0A%3Cp%3Ecos%28angle%29%3C%2Fp%3E%0D%0A%3Cp%3Ecreate+%5Binvisible%5D+stack+%5BstackName+%5Bwith+background%5D%5D%3C%2Fp%3E%0D%0A%3Cp%3Ecreate+%5Binvisible%5D+type+%5Bname%5D+%5Bin+group%5D%3C%2Fp%3E%0D%0A%3Cp%3Ecreate+alias+aliasPath+to+file+originalFilePath%3C%2Fp%3E%0D%0A%3Cp%3Ecreate+card+%5BcardName%5D%3C%2Fp%3E%0D%0A%3Cp%3Ecreate+folder+pathName%3C%2Fp%3E%0D%0A%3Cp%3Ecrop+image+to+left%2Ctop%2Cright%2Cbottom%3C%2Fp%3E%0D%0A%3Cp%3Ecut+%5Bobject%5D%3C%2Fp%3E%0D%0A%3Cp%3EdateFormat%28%29%3C%2Fp%3E%0D%0A%3Cp%3EdebugDo+statementList%3C%2Fp%3E%0D%0A%3Cp%3Edecompress%28gzippedString%29%3C%2Fp%3E%0D%0A%3Cp%3Edecrypt+source+using+cipher+with+%5Bpassword%7Ckey%5D+passorkey%5Band+salt+saltvalue%5D+%5Band+IV+IVvalue%5D+%5Bat+bit+%5D%3C%2Fp%3E%0D%0A%3Cp%3Edefine+property+of+object%3C%2Fp%3E%0D%0A%3Cp%3Edelete+%5Bchunk+of%5D+container%3C%2Fp%3E%0D%0A%3Cp%3Edelete+%5Bobject%5D%3C%2Fp%3E%0D%0A%3Cp%3Edelete+file+pathname%3C%2Fp%3E%0D%0A%3Cp%3Edelete+folder+pathname%3C%2Fp%3E%0D%0A%3Cp%3Edelete+stack%3C%2Fp%3E%0D%0A%3Cp%3Edelete+URL+URLtoDelete%3C%2Fp%3E%0D%0A%3Cp%3Edelete+%7Blocal+%7C+global+%7C+variable%7D+%7BvariableName+%7C+arrayIndex%7D%3C%2Fp%3E%0D%0A%3Cp%3EdeleteRegistry%28keyPath%29%3C%2Fp%3E%0D%0A%3Cp%3EdeleteResource%28file%2CresourceType%2C%7BresourceID+%7C+resourceName%7D%29%3C%2Fp%3E%0D%0A%3Cp%3Edisable+%5BmenuItem+itemNumber+of%5D+menu+%7BmenuName+%7C+menuNumber%7D%3C%2Fp%3E%0D%0A%3Cp%3Edisable+object%3C%2Fp%3E%0D%0A%3Cp%3EdiskSpace%28%29%3C%2Fp%3E%0D%0A%3Cp%3Edivide+%5Bchunk+of%5D+container+by+number%3C%2Fp%3E%0D%0A%3Cp%3EDNSServers%28%29%3C%2Fp%3E%0D%0A%3Cp%3Edo+statementList+%5Bas+OSALanguageName%5D%3C%2Fp%3E%0D%0A%3Cp%3EdoMenu+menuItem+%5Bof+menu+menuName%5D%3C%2Fp%3E%0D%0A%3Cp%3Edrag+%5Bbutton+number%5D+from+start+to+end+%5Bwith+key+%5B%2Ckey+%5Bkey%5D%5D%5D%3C%2Fp%3E%0D%0A%3Cp%3EdragDestination%28%29%3C%2Fp%3E%0D%0A%3Cp%3EdragSource%28%29%3C%2Fp%3E%0D%0A%3Cp%3Edrawer+stack+%7B%5Bat%5D+left+%7C+bottom+%7C+right%7D+%5B%7Bof+%7C+in%7D+parentStack%5D+%5Baligned+%5Bto%5D+%7Bleft+%7C+right+%7C+top+%7C+bottom+%7C+center%7D%5D%3C%2Fp%3E%0D%0A%3Cp%3EdriverNames%28%29%3C%2Fp%3E%0D%0A%3Cp%3EdropChunk%28%29%3C%2Fp%3E%0D%0A%3Cp%3Eedit+%5Bthe%5D+script+of+object%3C%2Fp%3E%0D%0A%3Cp%3Eenable+%5BmenuItem+itemNumber+of%5D+menu+%7BmenuName+%7C+menuNumber%7D%3C%2Fp%3E%0D%0A%3Cp%3Eenable+object%3C%2Fp%3E%0D%0A%3Cp%3Eencrypt+source+using+cipher+with+%5Bpassword%7Ckey%5D+passorkey%5Band+salt+saltvalue%5D+%5Band+IV+IVvalue%5D+%5Bat+bit+%5D%3C%2Fp%3E%0D%0A%3Cp%3Eenvironment%28%29%3C%2Fp%3E%0D%0A%3Cp%3EerrorObject%28%29%3C%2Fp%3E%0D%0A%3Cp%3Eexists%28object%29%3C%2Fp%3E%0D%0A%3Cp%3Eexp%28number%29%3C%2Fp%3E%0D%0A%3Cp%3Eexp1%28number%29%3C%2Fp%3E%0D%0A%3Cp%3Eexp10%28number%29%3C%2Fp%3E%0D%0A%3Cp%3Eexp2%28number%29%3C%2Fp%3E%0D%0A%3Cp%3Eexport+%5Bformat%5D+to+%7Bfile+filePath+%7C+container%7D+%5Bwith+mask+maskFile%5D%3C%2Fp%3E%0D%0A%3Cp%3Eexport+snapshot+%5Bfrom+rect%5Bangle%5D+rectangle+%5Bof+window+windowID%5D%5D+to+%7Bfile+filePath+%7Ccontainer%7D+%5Bas+format%5D+%5Bwith+mask+maskFile%5D%3C%2Fp%3E%0D%0A%3Cp%3Eextents%28array%29%3C%2Fp%3E%0D%0A%3Cp%3Efiles%28%29%3C%2Fp%3E%0D%0A%3Cp%3Efilter+container+%7Bwith+%7C+without%7D+wildcardExpression%3C%2Fp%3E%0D%0A%3Cp%3Efind+%5Bform%5D+textToFind+%5Bin+field%5D%3C%2Fp%3E%0D%0A%3Cp%3Eflip+%5Bimage%5D+%7Bhorizontal+%7C+vertical%7D%3C%2Fp%3E%0D%0A%3Cp%3EflushEvents%28eventType%29%3C%2Fp%3E%0D%0A%3Cp%3Efocus+%5Bon%5D+object%3C%2Fp%3E%0D%0A%3Cp%3EfocusedObject%28%29%3C%2Fp%3E%0D%0A%3Cp%3Efolders%28%29%3C%2Fp%3E%0D%0A%3Cp%3EfontLanguage%28fontName%29%3C%2Fp%3E%0D%0A%3Cp%3EfontNames%28%5Bprinter%5D%29%3C%2Fp%3E%0D%0A%3Cp%3EfontSizes%28fontName%29%3C%2Fp%3E%0D%0A%3Cp%3EfontStyles%28fontName%2CfontSize%29%3C%2Fp%3E%0D%0A%3Cp%3Eformat%28baseString%5B%2CvaluesList%5D%29%3C%2Fp%3E%0D%0A%3Cp%3EfoundChunk%28%29%3C%2Fp%3E%0D%0A%3Cp%3EfoundLine%28%29%3C%2Fp%3E%0D%0A%3Cp%3EfoundLoc%28%29%3C%2Fp%3E%0D%0A%3Cp%3EfoundText%28%29%3C%2Fp%3E%0D%0A%3Cp%3EfrontScripts%28%29%3C%2Fp%3E%0D%0A%3Cp%3EfunctionNames%28%29%3C%2Fp%3E%0D%0A%3Cp%3Eget+expression%3C%2Fp%3E%0D%0A%3Cp%3EgetResource%28filePath%2CresourceType%2C%7BresourceName+%7C+resourceID%7D%29%3C%2Fp%3E%0D%0A%3Cp%3EgetResources%28filePath%5B%2CresourceType%5D%29%3C%2Fp%3E%0D%0A%3Cp%3Eglobal+variableNameList%3C%2Fp%3E%0D%0A%3Cp%3EglobalLoc%28point%29%3C%2Fp%3E%0D%0A%3Cp%3EglobalNames%28%29%3C%2Fp%3E%0D%0A%3Cp%3Ego+%5Binvisible%5D+%5Bto%5D+card+%5Bof+stack%5D+%5Bas+mode%7Cin+%5Ba%5D+new+window%7Cin+window%5D%3C%2Fp%3E%0D%0A%3Cp%3Egrab+object%3C%2Fp%3E%0D%0A%3Cp%3Egroup+%5BobjectList%5D%3C%2Fp%3E%0D%0A%3Cp%3EhasMemory%28bytes%29%3C%2Fp%3E%0D%0A%3Cp%3EheapSpace%28%29%3C%2Fp%3E%0D%0A%3Cp%3Ehide+groups%3C%2Fp%3E%0D%0A%3Cp%3Ehide+menubar%3C%2Fp%3E%0D%0A%3Cp%3Ehide+object+%5Bwith+visual+%5Beffect%5D+effectName+%5Bspeed%5D+%5Bto+finalImage%5D%5D%3C%2Fp%3E%0D%0A%3Cp%3Ehide+taskbar%3C%2Fp%3E%0D%0A%3Cp%3Ehilite+button%3C%2Fp%3E%0D%0A%3Cp%3EhostAddress%28host%3Aport%5B%7CconnectionID%5D%29%3C%2Fp%3E%0D%0A%3Cp%3EhostAddressToName%28IPAddress%29%3C%2Fp%3E%0D%0A%3Cp%3EhostName%28%29%3C%2Fp%3E%0D%0A%3Cp%3EhostNameToAddress%28domainName%29%3C%2Fp%3E%0D%0A%3Cp%3Eimport+snapshot+%5Bfrom+rect%5Bangle%5D+rectangle+%5Bof+window+windowID%5D%5D%3C%2Fp%3E%0D%0A%3Cp%3Eimport+type+from+file+filePath+%5Bwith+mask+maskFilePath%5D%3C%2Fp%3E%0D%0A%3Cp%3Einsert+%5Bthe%5D+script+of+object+into+%7Bfront+%7C+back%7D%3C%2Fp%3E%0D%0A%3Cp%3Einterrupt%28%29%3C%2Fp%3E%0D%0A%3Cp%3Eintersect+array+with+templateArray%3C%2Fp%3E%0D%0A%3Cp%3Eintersect%28object%2Cobject%29%3C%2Fp%3E%0D%0A%3Cp%3EisNumber%28value%29%3C%2Fp%3E%0D%0A%3Cp%3EISOToMac%28ISOString%29%3C%2Fp%3E%0D%0A%3Cp%3EitemOffset%28itemToFind%2CstringToSearch%5B%2CitemsToSkip%5D%29%3C%2Fp%3E%0D%0A%3Cp%3Ekeys%28arrayName%29%3C%2Fp%3E%0D%0A%3Cp%3EkeysDown%28%29%3C%2Fp%3E%0D%0A%3Cp%3Ekill+%5BsignalNumber+%7C+signalName%5D+process+processName%3C%2Fp%3E%0D%0A%3Cp%3Elaunch+%5BdocumentPath+with%5D+applicationPath%3C%2Fp%3E%0D%0A%3Cp%3Elength%28string%29%3C%2Fp%3E%0D%0A%3Cp%3ElibURLDownloadToFile+downloadURL%2CfilePath%5B%2CcallbackMessage%5D%3C%2Fp%3E%0D%0A%3Cp%3ElibURLErrorData%28url%29%3C%2Fp%3E%0D%0A%3Cp%3ElibUrlFormData%28key_1%2Cvalue_1%2C..%2Ckey_n%2Cvalue_n%29%3C%2Fp%3E%0D%0A%3Cp%3ElibURLftpCommand%28ftpCommandLine%2Chost%5B%3Aport%5D%5B%2Cusername%5B%2Cpassword%5D%5D%29%3C%2Fp%3E%0D%0A%3Cp%3ElibURLftpUpload+value%2CuploadURL%5B%2CcallbackMessage%5D%3C%2Fp%3E%0D%0A%3Cp%3ElibURLftpUploadFile+filePath%2CuploadURL%5B%2CcallbackMessage%5D%3C%2Fp%3E%0D%0A%3Cp%3ElibURLLastHTTPHeaders%28%29%3C%2Fp%3E%0D%0A%3Cp%3ElibURLLastRHHeaders%28%29%3C%2Fp%3E%0D%0A%3Cp%3ElibUrlMultipartFormAddPart+%28form+data%2Cpart+name%2Cvalue%5B%2CMIME+type%2Cencoding%5D%29%3C%2Fp%3E%0D%0A%3Cp%3ElibUrlMultipartFormData%28form+data_1%2C..%2Cform+data_n%29%3C%2Fp%3E%0D%0A%3Cp%3ElibUrlSetAuthCallback%3C%2Fp%3E%0D%0A%3Cp%3ElibURLSetCustomHTTPHeaders+headersList%3C%2Fp%3E%0D%0A%3Cp%3ElibUrlSetExpect100+limit%3C%2Fp%3E%0D%0A%3Cp%3ElibURLSetFTPListCommand+%7B%26quot%3BLIST%26quot%3B+%7C+%26quot%3BNLST%26quot%3B%7D%3C%2Fp%3E%0D%0A%3Cp%3ElibURLSetFTPMode+%7B%26quot%3Bactive%26quot%3B+%7C+%26quot%3Bpassive%26quot%3B%7D%3C%2Fp%3E%0D%0A%3Cp%3ElibURLSetFTPStopTime+timeoutInSeconds%3C%2Fp%3E%0D%0A%3Cp%3ElibURLSetLogField+longFieldDescriptor%3C%2Fp%3E%0D%0A%3Cp%3ElibURLSetStatusCallback+%5BmessageName%2CobjectLongID%5D%3C%2Fp%3E%0D%0A%3Cp%3ElibURLVersion%28%29%3C%2Fp%3E%0D%0A%3Cp%3Elicensed%28%29%3C%2Fp%3E%0D%0A%3Cp%3ElineOffset%28lineToFind%2CstringToSearch%2ClinesToSkip%29%3C%2Fp%3E%0D%0A%3Cp%3Eln%28number%29%3C%2Fp%3E%0D%0A%3Cp%3Eln1%28number%29%3C%2Fp%3E%0D%0A%3Cp%3Eload+%5BURL%5D+url+%5Bwith+message+callbackMessage%5D%3C%2Fp%3E%0D%0A%3Cp%3Elocal+variablesList%3C%2Fp%3E%0D%0A%3Cp%3ElocalLoc%28globalPoint%29%3C%2Fp%3E%0D%0A%3Cp%3ElocalNames%28%29%3C%2Fp%3E%0D%0A%3Cp%3Elock+colorMap%3C%2Fp%3E%0D%0A%3Cp%3Elock+cursor%3C%2Fp%3E%0D%0A%3Cp%3Elock+error+dialogs%3C%2Fp%3E%0D%0A%3Cp%3Elock+menus%3C%2Fp%3E%0D%0A%3Cp%3Elock+messages%3C%2Fp%3E%0D%0A%3Cp%3Elock+moves%3C%2Fp%3E%0D%0A%3Cp%3Elock+recent%3C%2Fp%3E%0D%0A%3Cp%3Elock+screen%3C%2Fp%3E%0D%0A%3Cp%3Elog10%28number%29%3C%2Fp%3E%0D%0A%3Cp%3Elog2%28number%29%3C%2Fp%3E%0D%0A%3Cp%3ElongFilePath%28filePath%29%3C%2Fp%3E%0D%0A%3Cp%3Emachine%28%29%3C%2Fp%3E%0D%0A%3Cp%3EmacToISO%28macString%29%3C%2Fp%3E%0D%0A%3Cp%3EmainStacks%28%29%3C%2Fp%3E%0D%0A%3Cp%3Emark+%7Bcard++%7Call+cards+%7C+cards+where+condition%7D%3C%2Fp%3E%0D%0A%3Cp%3EmatchChunk%28string%2CregularExpression%5B%2CpositionVarsList%5D%29%3C%2Fp%3E%0D%0A%3Cp%3EmatchText%28string%2CregularExpression%5B%2CfoundTextVarsList%5D%29%3C%2Fp%3E%0D%0A%3Cp%3EmatrixMultiply%28firstArray%2CsecondArray%29%3C%2Fp%3E%0D%0A%3Cp%3Emax%28numbersList%29%3C%2Fp%3E%0D%0A%3Cp%3EMCISendString%28MCICommand%29%3C%2Fp%3E%0D%0A%3Cp%3Emd5Digest%28dataString%29%3C%2Fp%3E%0D%0A%3Cp%3Emedian%28numbersList%29%3C%2Fp%3E%0D%0A%3Cp%3EmenuButton%28%29%3C%2Fp%3E%0D%0A%3Cp%3Emenus%28%29%3C%2Fp%3E%0D%0A%3Cp%3Emerge%28stringToEvaluate%29%3C%2Fp%3E%0D%0A%3Cp%3EmetaKey%28%29%3C%2Fp%3E%0D%0A%3Cp%3Emilliseconds%28%29%3C%2Fp%3E%0D%0A%3Cp%3Emin%28numbersList%29%3C%2Fp%3E%0D%0A%3Cp%3Emodal+stack%3C%2Fp%3E%0D%0A%3Cp%3Emodeless+stack%3C%2Fp%3E%0D%0A%3Cp%3Emouse%28%5BbuttonNumber%5D%29%3C%2Fp%3E%0D%0A%3Cp%3EmouseChar%28%29%3C%2Fp%3E%0D%0A%3Cp%3EmouseCharChunk%28%29%3C%2Fp%3E%0D%0A%3Cp%3EmouseChunk%28%29%3C%2Fp%3E%0D%0A%3Cp%3EmouseClick%28%29%3C%2Fp%3E%0D%0A%3Cp%3EmouseColor%28%29%3C%2Fp%3E%0D%0A%3Cp%3EmouseControl%28%29%3C%2Fp%3E%0D%0A%3Cp%3EmouseH%28%29%3C%2Fp%3E%0D%0A%3Cp%3EmouseLine%28%29%3C%2Fp%3E%0D%0A%3Cp%3EmouseLoc%28%29%3C%2Fp%3E%0D%0A%3Cp%3EmouseStack%28%29%3C%2Fp%3E%0D%0A%3Cp%3EmouseText%28%29%3C%2Fp%3E%0D%0A%3Cp%3EmouseV%28%29%3C%2Fp%3E%0D%0A%3Cp%3Emove+object+%7B%5Bfrom+startLoc%5D+to+endLoc%7Cto+pointList%7Crel%5Bative%5D+motion%7D+%5Bin+time%5D+%5Bwithout+%7Bmessages+%7C+waiting%7D%5D%3C%2Fp%3E%0D%0A%3Cp%3Emovie%28%29%3C%2Fp%3E%0D%0A%3Cp%3EmovingControls%28%29%3C%2Fp%3E%0D%0A%3Cp%3Emultiply+%5Bchunk+of%5D+container+by+number%3C%2Fp%3E%0D%0A%3Cp%3EnumToChar%28ASCIIValue%29%3C%2Fp%3E%0D%0A%3Cp%3Eoffset%28charsToFind%2CstringToSearch%5B%2CcharsToSkip%5D%29%3C%2Fp%3E%0D%0A%3Cp%3Eopen+%5Bdatagram%5D+socket+%5Bto%5D+host%5B%3Aport%5B%7CID%5D%5D+%5Bwith+message+callbackMessage%5D%3C%2Fp%3E%0D%0A%3Cp%3Eopen+driver+driverName+%5Bfor+%5Btext+%7C+binary%5D+%7Bupdate+%7C+read+%7C+write%7D%5D%3C%2Fp%3E%0D%0A%3Cp%3Eopen+file+filePath+%5Bfor+%5Btext+%7C+binary%5D+%7Bupdate+%7C+read+%7C+write+%7C+append%7D%5D%3C%2Fp%3E%0D%0A%3Cp%3Eopen+printing+%5Bwith+dialog+%5Bas+sheet%5D%5D%3C%2Fp%3E%0D%0A%3Cp%3Eopen+process+appName+%5Bfor+%5Btext%7Cbinary%5D+%7Bread+%7C+write+%7C+update+%7C+neither%7D%5D%3C%2Fp%3E%0D%0A%3Cp%3EopenFiles%28%29%3C%2Fp%3E%0D%0A%3Cp%3EopenProcesses%28%29%3C%2Fp%3E%0D%0A%3Cp%3EopenProcessIDs%28%29%3C%2Fp%3E%0D%0A%3Cp%3EopenSockets%28%29%3C%2Fp%3E%0D%0A%3Cp%3EopenStacks%28%29%3C%2Fp%3E%0D%0A%3Cp%3Eoption+stack%3C%2Fp%3E%0D%0A%3Cp%3EoptionKey%28%29%3C%2Fp%3E%0D%0A%3Cp%3Epalette+stack%3C%2Fp%3E%0D%0A%3Cp%3Eparam%28parameterNumber%29%3C%2Fp%3E%0D%0A%3Cp%3EparamCount%28%29%3C%2Fp%3E%0D%0A%3Cp%3Eparams%28%29%3C%2Fp%3E%0D%0A%3Cp%3Epaste%3C%2Fp%3E%0D%0A%3Cp%3EpeerAddress%28host%3Aport%5B%7CconnectionID%5D%29%3C%2Fp%3E%0D%0A%3Cp%3EpendingMessages%28%29%3C%2Fp%3E%0D%0A%3Cp%3Eplace+group+onto+card%3C%2Fp%3E%0D%0A%3Cp%3Eplatform%28%29%3C%2Fp%3E%0D%0A%3Cp%3Eplay+%5BfilePath+%7C+type%5D+%5Blooping%5D+%5Bat+point%5D+%5Boptions+xOptions%5D%3C%2Fp%3E%0D%0A%3Cp%3Epop+card+%5B%7Binto+%7C+before+%7C+after%7D+container%5D%3C%2Fp%3E%0D%0A%3Cp%3Epopup+%7Bstack+%7C+button%7D+%5Bat+location%5D%3C%2Fp%3E%0D%0A%3Cp%3Epost+data+to+URL+destinationURL%3C%2Fp%3E%0D%0A%3Cp%3Eprepare+videoClip+filePath+%5Blooping%5D+%5Bat+startPoint%5D%3C%2Fp%3E%0D%0A%3Cp%3Eprint+card+%5Bfrom+topLeft+to+rightBottom%5D+%5Binto+pageRect%5D%3C%2Fp%3E%0D%0A%3Cp%3EprocessID%28%29%3C%2Fp%3E%0D%0A%3Cp%3Eprocessor%28%29%3C%2Fp%3E%0D%0A%3Cp%3EpropertyNames%28%29%3C%2Fp%3E%0D%0A%3Cp%3Epulldown+stack%3C%2Fp%3E%0D%0A%3Cp%3Epush+card%3C%2Fp%3E%0D%0A%3Cp%3Eput+value+%5B%7Bbefore+%7C+into+%7C+after%7D+container%5D%3C%2Fp%3E%0D%0A%3Cp%3EQTEffects%28%29%3C%2Fp%3E%0D%0A%3Cp%3EQTVersion%28%29%3C%2Fp%3E%0D%0A%3Cp%3EqueryRegistry%28keyPath%5B%2CtypeVariable%5D%29%3C%2Fp%3E%0D%0A%3Cp%3Equit%3C%2Fp%3E%0D%0A%3Cp%3Erandom%28upperLimit%29%3C%2Fp%3E%0D%0A%3Cp%3Eread+from+driver+deviceName+%5Bat+start%5D+%7Buntil+%7Bstring+%7C+end+%7C+EOF+%7C+empty%7D+%7C+for+amount+%5BchunkType%5D%7D+%5Bin+time%5D%3C%2Fp%3E%0D%0A%3Cp%3Eread+from+process+processName+%5Bat+start%5D+%7Buntil+%7Bstring+%7C+empty+%7C+end+%7C+EOF%7D+%7C+for+amount+%5BchunkType%5D%7D+%5Bin+time%5D%3C%2Fp%3E%0D%0A%3Cp%3Eread+from+socket+socketID+%5Buntil+string+%7C+for+amount+%5BchunkType%5D%5D+%5Bwith+message+callbackMessage%5D%3C%2Fp%3E%0D%0A%3Cp%3Eread+from+%7Bfile+pathName+%7C+stdin%7D+%5Bat+start%5D+%7Buntil+%7Bstring+%7C+end+%7C+EOF+%7C+empty%7D+%7C+for+amount+%5BchunkType%5D%7D+%5Bin+time%5D%3C%2Fp%3E%0D%0A%3Cp%3Erecord+sound+file+filePath%3C%2Fp%3E%0D%0A%3Cp%3ErecordCompressionTypes%28%29%3C%2Fp%3E%0D%0A%3Cp%3ErecordFormats%28%29%3C%2Fp%3E%0D%0A%3Cp%3ErecordLoudness%28%29%3C%2Fp%3E%0D%0A%3Cp%3Eremove+%5Bthe%5D+script+of+object+from+%7Bfront+%7C+back%7D%3C%2Fp%3E%0D%0A%3Cp%3Eremove+group+from+card%3C%2Fp%3E%0D%0A%3Cp%3Erename+%5Bfile+%7C+folder+%7Cdirectory%5D+filePath+to+newPath%3C%2Fp%3E%0D%0A%3Cp%3Ereplace+oldString+with+newString+in+container%3C%2Fp%3E%0D%0A%3Cp%3EreplaceText%28stringToChange%2CmatchExpression%2CreplacementString%29%3C%2Fp%3E%0D%0A%3Cp%3Ereply+string+%5Bwith+keyword+aeKeyword%5D%3C%2Fp%3E%0D%0A%3Cp%3Erequest+appleEvent+%7Bclass%7CID%7Csender%7CreturnID%7Cdata+%5Bwith+keyword+aeKey%5D%7D%3C%2Fp%3E%0D%0A%3Cp%3Erequest+expression+%7Bof+%7C+from%7D+%7Bprogram+%7C+application%7D+programAddress%3C%2Fp%3E%0D%0A%3Cp%3Ereset+%5Bthe%5D+template%7BobjectType%7D%3C%2Fp%3E%0D%0A%3Cp%3Ereset+cursors%3C%2Fp%3E%0D%0A%3Cp%3Ereset+paint%3C%2Fp%3E%0D%0A%3Cp%3EresetAll%3C%2Fp%3E%0D%0A%3Cp%3EresizeQuality%3C%2Fp%3E%0D%0A%3Cp%3Eresult%28%29%3C%2Fp%3E%0D%0A%3Cp%3ErevAddXMLNode+treeID%2CparentPath%2CnodeName%2CnodeContents%3C%2Fp%3E%0D%0A%3Cp%3ErevAppendXML+treeID%2CparentNode%2CnewXML%3C%2Fp%3E%0D%0A%3Cp%3ErevAppVersion%28%29%3C%2Fp%3E%0D%0A%3Cp%3ErevCacheGeometry%3C%2Fp%3E%0D%0A%3Cp%3ErevChangeWindowSize+newWidth%2CnewHeight%5B%2Canim%5B%2CcardNumber%5B%2CtotalTime%5D%5D%5D%3C%2Fp%3E%0D%0A%3Cp%3ErevCloseCursor+recordSetID%3C%2Fp%3E%0D%0A%3Cp%3ErevCloseDatabase+databaseID%3C%2Fp%3E%0D%0A%3Cp%3ErevCloseVideoGrabber%3C%2Fp%3E%0D%0A%3Cp%3ErevCommitDatabase+databaseID%3C%2Fp%3E%0D%0A%3Cp%3ErevCopyFile+fileToCopy%2CfolderToCopyTo%3C%2Fp%3E%0D%0A%3Cp%3ErevCopyFolder+folderToCopy%2CdestinationFolder%3C%2Fp%3E%0D%0A%3Cp%3ErevCreateXMLTree%28XMLText%2CparseBadData%2CcreateTree%2CsendMessages%29%3C%2Fp%3E%0D%0A%3Cp%3ErevCreateXMLTreeFromFile%28filePath%2CparseBadData%2CcreateTree%2CsendMessages%29%3C%2Fp%3E%0D%0A%3Cp%3ErevCurrentRecord%28recordSetID%29%3C%2Fp%3E%0D%0A%3Cp%3ErevCurrentRecordIsFirst%28recordSetID%29%3C%2Fp%3E%0D%0A%3Cp%3ErevCurrentRecordIsLast%28recordSetID%29%3C%2Fp%3E%0D%0A%3Cp%3ErevDatabaseColumnByNumber%28recordSetID%2CcolumnNumber%5B%2Cvariable%5D%29%3C%2Fp%3E%0D%0A%3Cp%3ErevDatabaseColumnCount%28recordSetID%29%3C%2Fp%3E%0D%0A%3Cp%3ErevDatabaseColumnIsNull%28recordSetID%2CcolumnNumber%29%3C%2Fp%3E%0D%0A%3Cp%3ErevDatabaseColumnLengths%28recordSetID%29%3C%2Fp%3E%0D%0A%3Cp%3ErevDatabaseColumnNamed%28recordSetID%2CcolumnName%5B%2CholderVariable%5D%29%3C%2Fp%3E%0D%0A%3Cp%3ErevDatabaseColumnNames%28recordSetID%29%3C%2Fp%3E%0D%0A%3Cp%3ErevDatabaseColumnTypes%28recordSetID%29%3C%2Fp%3E%0D%0A%3Cp%3ErevDatabaseConnectResult%28databaseID%29%3C%2Fp%3E%0D%0A%3Cp%3ErevDatabaseCursors%28databaseID%29%3C%2Fp%3E%0D%0A%3Cp%3ErevDatabaseID%28recordSetID%29%3C%2Fp%3E%0D%0A%3Cp%3ErevDatabaseType%28databaseID%29%3C%2Fp%3E%0D%0A%3Cp%3ErevDataFromQuery%28%5BcolumnDelim%5D%2C%5BrowDelim%5D%2CdatabaseID%2CSQLQuery%5B%2CvarsList%5D%29%3C%2Fp%3E%0D%0A%3Cp%3Erevdb_closecursor%28recordSetID%29%3C%2Fp%3E%0D%0A%3Cp%3Erevdb_commit%28databaseID%29%3C%2Fp%3E%0D%0A%3Cp%3Erevdb_disconnect%28databaseID%29%3C%2Fp%3E%0D%0A%3Cp%3Erevdb_execute%28databaseID%2CSQLQuery%5B%2CvariablesList%5D%29%3C%2Fp%3E%0D%0A%3Cp%3Erevdb_movefirst%28recordSetID%29%3C%2Fp%3E%0D%0A%3Cp%3Erevdb_movelast%28recordSetID%29%3C%2Fp%3E%0D%0A%3Cp%3Erevdb_movenext%28recordSetID%29%3C%2Fp%3E%0D%0A%3Cp%3Erevdb_moveprev%28recordSetID%29%3C%2Fp%3E%0D%0A%3Cp%3Erevdb_rollback%28databaseID%29%3C%2Fp%3E%0D%0A%3Cp%3ErevDeleteAllXMLTrees%3C%2Fp%3E%0D%0A%3Cp%3ErevDeleteFolder+folderToDelete%3C%2Fp%3E%0D%0A%3Cp%3ErevDeleteXMLNode+treeID%2CnodeToDelete%3C%2Fp%3E%0D%0A%3Cp%3ErevDeleteXMLTree+treeID%3C%2Fp%3E%0D%0A%3Cp%3Erevert%3C%2Fp%3E%0D%0A%3Cp%3ErevExecuteSQL+databaseID%2CSQLStatement%5B%2C%7BvariablesList+%7C+arrayName%7D%5D%3C%2Fp%3E%0D%0A%3Cp%3ErevGoToFramePaused+animationName%2C%7BkeyFrameName+%7C+frameNumber%7D%3C%2Fp%3E%0D%0A%3Cp%3ErevGoURL+URL%3C%2Fp%3E%0D%0A%3Cp%3ErevInitializeVideoGrabber+parentStack%2CvideoMethod%2CgrabberRect%3C%2Fp%3E%0D%0A%3Cp%3ErevIsSpeaking%28%29%3C%2Fp%3E%0D%0A%3Cp%3ErevLicenseType%28%29%3C%2Fp%3E%0D%0A%3Cp%3ErevLoadedStacks%28%5BwhichStacks%5D%29%3C%2Fp%3E%0D%0A%3Cp%3ErevMacFromUnixPath%28unixPathname%5B%2CconvertOSX%5D%29%3C%2Fp%3E%0D%0A%3Cp%3ErevMail+address%5B%2CccAddress%5B%2CmailSubject%5B%2CmessageBody%5D%5D%5D%3C%2Fp%3E%0D%0A%3Cp%3ErevMoveFolder+folderToMove%2CdestinationFolder%3C%2Fp%3E%0D%0A%3Cp%3ErevMoveToFirstRecord+recordSetID%3C%2Fp%3E%0D%0A%3Cp%3ErevMoveToLastRecord+recordSetID%3C%2Fp%3E%0D%0A%3Cp%3ErevMoveToNextRecord+recordSetID%3C%2Fp%3E%0D%0A%3Cp%3ErevMoveToPreviousRecord+recordSetID%3C%2Fp%3E%0D%0A%3Cp%3ErevNumberOfRecords%28recordSetID%29%3C%2Fp%3E%0D%0A%3Cp%3ErevOpenDatabase%28databaseType%2Chost%5B%3Aport%5D%2CdatabaseName%2C+%5BuserName%5D%2C%5Bpassword%5D+%5B%2C+useSSL+%7C+valentinaCacheSize%2CvalentinaMacSerial%2CvalentinaWindowsSerial%5D%29%3C%2Fp%3E%0D%0A%3Cp%3ErevOpenDatabases%28%29%3C%2Fp%3E%0D%0A%3Cp%3ErevPlayAnimation+animationName%5B%2CstartFrame%5B%2CendFrame%5D%5D%3C%2Fp%3E%0D%0A%3Cp%3ErevPreviewVideo%3C%2Fp%3E%0D%0A%3Cp%3ErevPrintField+fieldDescriptor%3C%2Fp%3E%0D%0A%3Cp%3ErevPrintReport%3C%2Fp%3E%0D%0A%3Cp%3ErevPrintText+textToPrint%5B%2CheaderText%5B%2CfooterText%5B%2CfieldTemplate%5D%5D%5D%3C%2Fp%3E%0D%0A%3Cp%3ErevQueryDatabase%28databaseID%2CSQLQuery%5B%2C%7BvariablesList+%7C+arrayName%7D%5D%29%3C%2Fp%3E%0D%0A%3Cp%3ErevQueryDatabaseBLOB%28databaseID%2CSQLQuery%5B%2C%7BvariablesList+%7C+arrayName%7D%5D%29%3C%2Fp%3E%0D%0A%3Cp%3ErevQueryResult%28recordSetID%29%3C%2Fp%3E%0D%0A%3Cp%3ErevRecordVideo+filePath%3C%2Fp%3E%0D%0A%3Cp%3ErevRollBackDatabase+databaseID%3C%2Fp%3E%0D%0A%3Cp%3ErevRotatePoly+graphicReference%2CangleInDegrees%3C%2Fp%3E%0D%0A%3Cp%3ErevSetCardProfile+profileName%5B%2CstackName%5D%3C%2Fp%3E%0D%0A%3Cp%3ErevSetDatabaseDriverPath+driverFolder%3C%2Fp%3E%0D%0A%3Cp%3ErevSetSpeechPitch+pitchLevel%3C%2Fp%3E%0D%0A%3Cp%3ErevSetSpeechSpeed+wordsPerMinute%3C%2Fp%3E%0D%0A%3Cp%3ErevSetSpeechVoice+voiceName%3C%2Fp%3E%0D%0A%3Cp%3ErevSetStackFileProfile+profileName%5B%2CstackName%5D%3C%2Fp%3E%0D%0A%3Cp%3ErevSetStackProfile+profileName%5B%2CstackName%5D%3C%2Fp%3E%0D%0A%3Cp%3ErevSetVideoGrabberRect+left%2Ctop%2Cright%2Cbottom%3C%2Fp%3E%0D%0A%3Cp%3ErevSetVideoGrabSettings+settingsString%3C%2Fp%3E%0D%0A%3Cp%3ErevSetXMLAttribute+treeID%2Cnode%2CattributeName%2CnewValue%3C%2Fp%3E%0D%0A%3Cp%3ErevShowPrintDialog+showPageSetup%2CshowPrint%3C%2Fp%3E%0D%0A%3Cp%3ErevSpeak+phraseToSpeak%3C%2Fp%3E%0D%0A%3Cp%3ErevSpeechVoices%28%5BvoiceGender%5D%29%3C%2Fp%3E%0D%0A%3Cp%3ErevStopAnimation+animationName%3C%2Fp%3E%0D%0A%3Cp%3ErevStopPreviewingVideo%3C%2Fp%3E%0D%0A%3Cp%3ErevStopRecordingVideo%3C%2Fp%3E%0D%0A%3Cp%3ErevStopSpeech%3C%2Fp%3E%0D%0A%3Cp%3ErevUnixFromMacPath%28macPathname%5B%2CconvertOSX%5D%29%3C%2Fp%3E%0D%0A%3Cp%3ErevUnloadSpeech%3C%2Fp%3E%0D%0A%3Cp%3ErevUpdateGeometry%3C%2Fp%3E%0D%0A%3Cp%3ErevVideoFrameImage+frameWidth%2CframeHeight%2CdataVariable%3C%2Fp%3E%0D%0A%3Cp%3ErevVideoGrabDialog+%5BsettingsType%5D%3C%2Fp%3E%0D%0A%3Cp%3ErevVideoGrabIdle%3C%2Fp%3E%0D%0A%3Cp%3ErevVideoGrabSettings+dataVariable%3C%2Fp%3E%0D%0A%3Cp%3ErevXMLAddDTD+treeID%2CDTDText%3C%2Fp%3E%0D%0A%3Cp%3ErevXMLAttribute%28treeID%2Cnode%2CattributeName%29%3C%2Fp%3E%0D%0A%3Cp%3ErevXMLAttributes%28treeID%2Cnode%2CvalueDelim%2CattributeDelim%29%3C%2Fp%3E%0D%0A%3Cp%3ErevXMLAttributeValues%28treeID%2CstartNode%2CchildName%2CattributeName%2C+delimiter%2Cdepth%29%3C%2Fp%3E%0D%0A%3Cp%3ErevXMLChildContents%28treeID%2CstartNode%2CtagDelim%2CnodeDelim%2C+includeChildCount%2Cdepth%29%3C%2Fp%3E%0D%0A%3Cp%3ErevXMLChildNames%28treeID%2CstartNode%2CnameDelim%2CchildName%2CincludeChildCount%29%3C%2Fp%3E%0D%0A%3Cp%3ErevXMLFirstChild%28treeID%2CparentNode%29%3C%2Fp%3E%0D%0A%3Cp%3ErevXMLMatchingNode%28treeID%2CstartNode%2CchildName%2C+attributeName%2CattributeValue%2Cdepth%29%3C%2Fp%3E%0D%0A%3Cp%3ErevXMLNextSibling%28treeID%2CsiblingNode%29%3C%2Fp%3E%0D%0A%3Cp%3ErevXMLNodeContents%28treeID%2Cnode%29%3C%2Fp%3E%0D%0A%3Cp%3ErevXMLNumberOfChildren%28treeID%2CstartNode%2CchildName%5B%2Cdepth%5D%29%3C%2Fp%3E%0D%0A%3Cp%3ErevXMLParent%28treeID%2CchildNode%29%3C%2Fp%3E%0D%0A%3Cp%3ErevXMLPreviousSibling%28treeID%2CsiblingNode%29%3C%2Fp%3E%0D%0A%3Cp%3ErevXMLPutIntoXMLNode+treeID%2Cnode%2CnewContents%3C%2Fp%3E%0D%0A%3Cp%3ErevXMLRootNode%28treeID%29%3C%2Fp%3E%0D%0A%3Cp%3ErevXMLRPC_AddParam+XML-RPC+document%2Ctype%2Cvalue%3C%2Fp%3E%0D%0A%3Cp%3ErevXMLRPC_CreateRequest%28%5Bhost%5D%2C%5Bport%5D%2C%5Bpath%5D%2C%5Bprotocol%5D%29%3C%2Fp%3E%0D%0A%3Cp%3ErevXMLRPC_DeleteAllDocuments%3C%2Fp%3E%0D%0A%3Cp%3ErevXMLRPC_DeleteDocument+XML-RPC+document%3C%2Fp%3E%0D%0A%3Cp%3ErevXMLRPC_DeleteParam+XML-RPC+document%2Cparam+number%3C%2Fp%3E%0D%0A%3Cp%3ErevXMLRPC_Documents%28%29%3C%2Fp%3E%0D%0A%3Cp%3ErevXMLRPC_Error%28XML-RPC+document%29%3C%2Fp%3E%0D%0A%3Cp%3ErevXMLRPC_Execute%28XML-RPC+document%29%3C%2Fp%3E%0D%0A%3Cp%3ErevXMLRPC_Free+XML-RPC+document%3C%2Fp%3E%0D%0A%3Cp%3ErevXMLRPC_GetHost%28XML-RPC+document%29%3C%2Fp%3E%0D%0A%3Cp%3ErevXMLRPC_GetMethod%28XML-RPC+document%29%3C%2Fp%3E%0D%0A%3Cp%3ErevXMLRPC_GetParam%28XML-RPC+document%2Cparam+number%5B%2Ctype%5D%29%3C%2Fp%3E%0D%0A%3Cp%3ErevXMLRPC_GetParamCount%28XML-RPC+document%29%3C%2Fp%3E%0D%0A%3Cp%3ErevXMLRPC_GetParamNode%28XML-RPC+document%2Cparam+number%29%3C%2Fp%3E%0D%0A%3Cp%3ErevXMLRPC_GetParamType%28XML-RPC+document%2Cparam+number%29%3C%2Fp%3E%0D%0A%3Cp%3ErevXMLRPC_GetPath%28XML-RPC+document%29%3C%2Fp%3E%0D%0A%3Cp%3ErevXMLRPC_GetPort%28XML-RPC+document%29%3C%2Fp%3E%0D%0A%3Cp%3ErevXMLRPC_GetProtocol%28XML-RPC+document%29%3C%2Fp%3E%0D%0A%3Cp%3ErevXMLRPC_GetRequest%28XML-RPC+document%29%3C%2Fp%3E%0D%0A%3Cp%3ErevXMLRPC_GetResponse%28XML-RPC+document%29%3C%2Fp%3E%0D%0A%3Cp%3ErevXMLRPC_GetSocket%28XML-RPC+document%29%3C%2Fp%3E%0D%0A%3Cp%3ErevXMLRPC_SetHost+XML-RPC+document%2Chost%5B%2Cport%5D%3C%2Fp%3E%0D%0A%3Cp%3ErevXMLRPC_SetMethod+XML-RPC+document%2Cmethod+name%3C%2Fp%3E%0D%0A%3Cp%3ErevXMLRPC_SetPath+XML-RPC+document%2Cpath%3C%2Fp%3E%0D%0A%3Cp%3ErevXMLRPC_SetPort+XML-RPC+document%2Cport%3C%2Fp%3E%0D%0A%3Cp%3ErevXMLRPC_SetProtocol+XML-RPC+document%2Cprotocol%3C%2Fp%3E%0D%0A%3Cp%3ErevXMLRPC_SetSocket+XML-RPC+document%2Csocket%3C%2Fp%3E%0D%0A%3Cp%3ErevXMLText%28treeID%5B%2CstartNode%5D%29%3C%2Fp%3E%0D%0A%3Cp%3ErevXMLTree%28treeID%2CstartNode%2CnodeDelim%2Cpadding%2CincludeChildCount%2Cdepth%29%3C%2Fp%3E%0D%0A%3Cp%3ErevXMLTrees%28%29%3C%2Fp%3E%0D%0A%3Cp%3ErevXMLValidateDTD%28treeID%2CDTDText%29%3C%2Fp%3E%0D%0A%3Cp%3Erotate+%5Bimage%5D+by+numberOfDegrees%3C%2Fp%3E%0D%0A%3Cp%3Eround%28number%2Cprecision%29%3C%2Fp%3E%0D%0A%3Cp%3Esave+stack+%5Bas+filePath%5D%3C%2Fp%3E%0D%0A%3Cp%3EscreenColors%28%29%3C%2Fp%3E%0D%0A%3Cp%3EscreenDepth%28%29%3C%2Fp%3E%0D%0A%3Cp%3EscreenLoc%28%29%3C%2Fp%3E%0D%0A%3Cp%3EscreenName%28%29%3C%2Fp%3E%0D%0A%3Cp%3EscreenRect%28%29%3C%2Fp%3E%0D%0A%3Cp%3EscreenType%28%29%3C%2Fp%3E%0D%0A%3Cp%3EscreenVendor%28%29%3C%2Fp%3E%0D%0A%3Cp%3EscriptLimits%28%29%3C%2Fp%3E%0D%0A%3Cp%3Eseconds%28%29%3C%2Fp%3E%0D%0A%3Cp%3Eseek+%7Bto+%7C+rel%5Bative%5D%7D+byteNumber+in+file+filePath%3C%2Fp%3E%0D%0A%3Cp%3Eselect+%5Bbefore+%7C+after%5D+%7Btext+%7C+chunk%7D+of+field%3C%2Fp%3E%0D%0A%3Cp%3EselectedField%28%29%3C%2Fp%3E%0D%0A%3Cp%3EselectedImage%28%29%3C%2Fp%3E%0D%0A%3Cp%3EselectedLine%28%29%3C%2Fp%3E%0D%0A%3Cp%3EselectedLoc%28%29%3C%2Fp%3E%0D%0A%3Cp%3EselectedObject%28%29%3C%2Fp%3E%0D%0A%3Cp%3EselectedText%28%5Bfield+%7C+button%5D%29%3C%2Fp%3E%0D%0A%3Cp%3Esend+message+%5Bto+object%5D+%5Bin+time+%5Bseconds+%7C+ticks+%7C+milliseconds%5D%5D%3C%2Fp%3E%0D%0A%3Cp%3Esend+message+to+%7Bprogram+%7C+application%7D+programAddress+%5Bwith+classID%5D+%5B%7Bwith+%7C+without%7D+reply%5D%3C%2Fp%3E%0D%0A%3Cp%3Eset+%5Bthe%5D+property+%5Bof+object%5D+to+value%3C%2Fp%3E%0D%0A%3Cp%3EsetRegistry%28keyPath%2Cvalue%5B%2Ctype%5D%29%3C%2Fp%3E%0D%0A%3Cp%3EsetResource%28destinationFile%2CresourceType%2C%5BresID%5D%2C%5BresName%5D%2CflagsList%2Cdata%29%3C%2Fp%3E%0D%0A%3Cp%3Esheet+stack+%5Bin+parentStack%5D%3C%2Fp%3E%0D%0A%3Cp%3Eshell%28commandLine%29%3C%2Fp%3E%0D%0A%3Cp%3EshiftKey%28%29%3C%2Fp%3E%0D%0A%3Cp%3EshortFilePath%28filePath%29%3C%2Fp%3E%0D%0A%3Cp%3Eshow+groups%3C%2Fp%3E%0D%0A%3Cp%3Eshow+menubar%3C%2Fp%3E%0D%0A%3Cp%3Eshow+object+%5Bwith+visual+%5Beffect%5D+effectName+%5Bspeed%5D+%5Bto+finalImage%5D%5D%3C%2Fp%3E%0D%0A%3Cp%3Eshow+taskbar%3C%2Fp%3E%0D%0A%3Cp%3Eshow+%7Bnumber+%7C+all%7D+cards%3C%2Fp%3E%0D%0A%3Cp%3Esin%28angleInRadians%29%3C%2Fp%3E%0D%0A%3Cp%3Esort+%5Bmarked%5D+cards+%5Bof+stack%5D+%5Bdirection%5D+%5BsortType%5D+by+sortKey%3C%2Fp%3E%0D%0A%3Cp%3Esort+%5B%7Blines+%7C+items%7D+of%5D+container+%5Bdirection%5D+%5BsortType%5D+%5Bby+sortKey%5D%3C%2Fp%3E%0D%0A%3Cp%3Esound%28%29%3C%2Fp%3E%0D%0A%3Cp%3EspecialFolderPath%28folderIdentifier%29%3C%2Fp%3E%0D%0A%3Cp%3Esplit+variable+%7Bby%7Cusing%7Cwith%7D+primaryDelimiter+%5Band+secondaryDelimiter%5D%3C%2Fp%3E%0D%0A%3Cp%3Esqrt%28number%29%3C%2Fp%3E%0D%0A%3Cp%3Estacks%28%29%3C%2Fp%3E%0D%0A%3Cp%3EstackSpace%28%29%3C%2Fp%3E%0D%0A%3Cp%3EstandardDeviation%28numbersList%29%3C%2Fp%3E%0D%0A%3Cp%3Estart+editing+group+%5Bof+stack%5D%3C%2Fp%3E%0D%0A%3Cp%3Estart+player%3C%2Fp%3E%0D%0A%3Cp%3Estart+using+stack%3C%2Fp%3E%0D%0A%3Cp%3EstatRound%28number%2Cprecision%29%3C%2Fp%3E%0D%0A%3Cp%3Estop+%5Bplaying%5D+%7Bplayer+%7C+videoClip+%7C+audioClip%7D%3C%2Fp%3E%0D%0A%3Cp%3Estop+editing+%5Bgroup+%5Bof+stack%5D%5D%3C%2Fp%3E%0D%0A%3Cp%3Estop+moving+object%3C%2Fp%3E%0D%0A%3Cp%3Estop+recording%3C%2Fp%3E%0D%0A%3Cp%3Estop+using+stack%3C%2Fp%3E%0D%0A%3Cp%3Esubtract+number+from+%5Bchunk+of%5D+container%3C%2Fp%3E%0D%0A%3Cp%3Esum%28numbersList%29%3C%2Fp%3E%0D%0A%3Cp%3EsysError%28%29%3C%2Fp%3E%0D%0A%3Cp%3EsystemVersion%28%29%3C%2Fp%3E%0D%0A%3Cp%3Etan%28angleInRadians%29%3C%2Fp%3E%0D%0A%3Cp%3Etarget%28%29%3C%2Fp%3E%0D%0A%3Cp%3EtempName%28%29%3C%2Fp%3E%0D%0A%3Cp%3EtextHeightSum%28object%29%3C%2Fp%3E%0D%0A%3Cp%3Ethe+%5Blong+%7C+abbr%5Brev%5Biated%5D%5D+%7C+short%5D+%5Benglish+%7C+system+%7C+internet%5D+date%3C%2Fp%3E%0D%0A%3Cp%3Ethe+%5Blong+%7C+abbr%5Brev%5Biated%5D%5D+%7C+short%5D+%5Benglish%7Csystem%7Cinternet%5D+monthNames%3C%2Fp%3E%0D%0A%3Cp%3Ethe+%5Blong%7C+abbr%5Brev%5Biated%5D%5D+%7Cshort%5D+%5Benglish%7Csystem%7Cinternet%5D+weekdayNames%3C%2Fp%3E%0D%0A%3Cp%3Ethe+foundField%3C%2Fp%3E%0D%0A%3Cp%3Ethe+number+of+%5Bcard%7Ccd%7Cbackground%7Cbkgnd%7Cbg%5D+%7BobjectType+%7C+parts+%7C+controls%7D%3C%2Fp%3E%0D%0A%3Cp%3Ethe+selectedButton+of+%5Bcard+%7C+background%5D+family+familyNumber%3C%2Fp%3E%0D%0A%3Cp%3Ethe+selectedChunk%3C%2Fp%3E%0D%0A%3Cp%3Eticks%28%29%3C%2Fp%3E%0D%0A%3Cp%3Etime%28%29%3C%2Fp%3E%0D%0A%3Cp%3EtoLower%28stringToConvert%29%3C%2Fp%3E%0D%0A%3Cp%3Etool%28%29%3C%2Fp%3E%0D%0A%3Cp%3EtopLevel+stack%3C%2Fp%3E%0D%0A%3Cp%3EtopStack%28%29%3C%2Fp%3E%0D%0A%3Cp%3EtoUpper%28stringToConvert%29%3C%2Fp%3E%0D%0A%3Cp%3Etranspose%28array%29%3C%2Fp%3E%0D%0A%3Cp%3Etrunc%28number%29%3C%2Fp%3E%0D%0A%3Cp%3Etype+string+%5Bwith+key+%5B%2Ckey+%5B%2Ckey+%5D%5D%5D%3C%2Fp%3E%0D%0A%3Cp%3Eundefine+propertyName+of+object%3C%2Fp%3E%0D%0A%3Cp%3Eundo%3C%2Fp%3E%0D%0A%3Cp%3Eungroup%3C%2Fp%3E%0D%0A%3Cp%3Eunhilite+button%3C%2Fp%3E%0D%0A%3Cp%3EuniDecode%28stringToDecode%5B%2Clanguage%5D%29%3C%2Fp%3E%0D%0A%3Cp%3EuniEncode%28stringToEncode%5B%2Clanguage%5D%29%3C%2Fp%3E%0D%0A%3Cp%3Eunion+array+with+testArray%3C%2Fp%3E%0D%0A%3Cp%3Eunload+%5BURL%5D+cachedURL%3C%2Fp%3E%0D%0A%3Cp%3Eunlock+colorMap%3C%2Fp%3E%0D%0A%3Cp%3Eunlock+cursor%3C%2Fp%3E%0D%0A%3Cp%3Eunlock+error+dialogs%3C%2Fp%3E%0D%0A%3Cp%3Eunlock+menus%3C%2Fp%3E%0D%0A%3Cp%3Eunlock+messages%3C%2Fp%3E%0D%0A%3Cp%3Eunlock+moves%3C%2Fp%3E%0D%0A%3Cp%3Eunlock+recent%3C%2Fp%3E%0D%0A%3Cp%3Eunlock+screen+%5Bwith+visual+%5Beffect%5D+effectName+%5Bspeed%5D+%5Bto+finalImage%5D+%5Bwith+sound+audioClip%5D%5D%3C%2Fp%3E%0D%0A%3Cp%3Eunmark+%7Bcard+%7C+all+cards+%7C+cards+where+condition%7D%3C%2Fp%3E%0D%0A%3Cp%3EURLDecode%28formString%29%3C%2Fp%3E%0D%0A%3Cp%3EURLEncode%28formString%29%3C%2Fp%3E%0D%0A%3Cp%3EURLStatus%28url%29%3C%2Fp%3E%0D%0A%3Cp%3Evalue%28expression%5B%2Cobject%5D%29%3C%2Fp%3E%0D%0A%3Cp%3EvariableNames%28%29%3C%2Fp%3E%0D%0A%3Cp%3Eversion%28%29%3C%2Fp%3E%0D%0A%3Cp%3Evisual+%5Beffect%5D+effectName+%5Bspeed%5D+%5Bto+finalImage%5D+%5Bwith+sound+audioClip%5D+%5Band+param_1+value_1+and+...%5D%3C%2Fp%3E%0D%0A%3Cp%3Evolumes%28%29%3C%2Fp%3E%0D%0A%3Cp%3Ewait+%7Buntil+%7C+while%7D+condition+%5Bwith+messages%5D%3C%2Fp%3E%0D%0A%3Cp%3EwaitDepth%28%29%3C%2Fp%3E%0D%0A%3Cp%3Ewithin%28object%2Cpoint%29%3C%2Fp%3E%0D%0A%3Cp%3EwordOffset%28wordToFind%2CstringToSearch%5B%2CwordsToSkip%5D%29%3C%2Fp%3E%0D%0A%3Cp%3Ewrite+value+to+driver+deviceName%3C%2Fp%3E%0D%0A%3Cp%3Ewrite+value+to+process+processName%3C%2Fp%3E%0D%0A%3Cp%3Ewrite+value+to+socket+socket+%5Bwith+message+callbackMessage%5D%3C%2Fp%3E%0D%0A%3Cp%3Ewrite+value+to+%7Bfile+filePath+%7C+stdout%7D+%5Bat+%7Bstart+%7C+EOF+%7C+end%7D%5D%3C%2Fp%3E%0D%0A%3Cp%3E%3C%2Fp%3E" )</htmlText>
<threeDHilite>false</threeDHilite>
<opaque>true</opaque>
<shadowOffset>4</shadowOffset>
<showBorder>true</showBorder>
<textSize>10</textSize>
<disabled>false</disabled>
<fixedLineHeight>true</fixedLineHeight>
<textFont>Verdana</textFont>
<vScroll>0</vScroll>
<showFocusBorder>true</showFocusBorder>
<custompropertyset name= "cGlx2TimeStamp">
<checksum>urldecode( "%D4%1D%8C%D9%8F%00%B2%04%E9%80%09%98%EC%F8B%7E" )</checksum>
</custompropertyset>
</field>
