<button name="GLX2 Backscript" id="1181580">
<traversalOn>true</traversalOn>
<ink>srcCopy</ink>
<threeD>true</threeD>
<hiliteBorder>true</hiliteBorder>
<blendLevel>0</blendLevel>
<rect>402,57,505,80</rect>
<mnemonic>0</mnemonic>
<armFill>false</armFill>
<visitedIcon>0</visitedIcon>
<showName>true</showName>
<showIcon>false</showIcon>
<hilited>false</hilited>
<sharedHilite>true</sharedHilite>
<shadow>false</shadow>
<textAlign>center</textAlign>
<armed>false</armed>
<menuMouseButton>1</menuMouseButton>
<id>1181580</id>
<altId>0</altId>
<labelWidth>0</labelWidth>
<armedIcon>0</armedIcon>
<lockLoc>false</lockLoc>
<visited>false</visited>
<showHilite>false</showHilite>
<autoHilite>true</autoHilite>
<style>standard</style>
<disabledIcon>0</disabledIcon>
<armBorder>true</armBorder>
<name>button "GLX2 Backscript"</name>
<icon>0</icon>
<layer>117</layer>
<visible>false</visible>
<cantSelect>false</cantSelect>
<borderWidth>2</borderWidth>
<menuLines>5</menuLines>
<margins>4</margins>
<opaque>true</opaque>
<shadowOffset>4</shadowOffset>
<default>false</default>
<hiliteFill>true</hiliteFill>
<showBorder>true</showBorder>
<hiliteIcon>0</hiliteIcon>
<disabled>false</disabled>
<autoArm>false</autoArm>
<family>0</family>
<hoverIcon>0</hoverIcon>
<showFocusBorder>true</showFocusBorder>
<menuHistory>1</menuHistory>
<custompropertyset name= "cGlx2TimeStamp">
<checksum>urldecode( "gt%C3%EA%93%03%0F%D8%F1%1B%F6%F1%C8%15%EB%04" )</checksum>
</custompropertyset>
<script>urldecode( "--%3E+sys+msgs%0D%0A%0D%0Aon+closeStackRequest%0D%0A++++pass+closeStackRequest%0D%0A++++answer+%22CSR+Back%22%0D%0A++++if+%22%2Fgalaxy%2Fbar%2FGalaxy+Bar.rev%22+is+not+in+the+frontscripts+then%0D%0A++++++++put+the+short+owner+of+the+target+into+theStackName%0D%0A++++++++if+the+destroystack+of+stack+theStackName+is+true+then%0D%0A++++++++++++put+the+cGlx2General%5B%22id%22%5D+of+stack+theStackName+into+theStackID%0D%0A++++++++++++send+%22glxCloseStack+theStackID%22+to+stack+%22revGLX2+code%22+--+in+10+millisecs%0D%0A++++++++end+if%0D%0A++++end+if%0D%0A++++pass+closeStackRequest%0D%0Aend+closeStackRequest%0D%0A" )</script>
</button>
