<group name="prop keys" id="1034">
<traversalOn>false</traversalOn>
<ink>srcCopy</ink>
<dontSearch>false</dontSearch>
<threeD>false</threeD>
<scrollbarWidth>20</scrollbarWidth>
<blendLevel>0</blendLevel>
<rect>-1,106,404,208</rect>
<showName>false</showName>
<colors>urldecode( "%0D%0A242%2C242%2C242%0D%0A%0D%0A172%2C172%2C172%0D%0A%0D%0A%0D%0A%0D%0A" )</colors>
<hScroll>0</hScroll>
<backgroundBehavior>false</backgroundBehavior>
<cantDelete>false</cantDelete>
<vScrollbar>false</vScrollbar>
<tabGroupBehavior>false</tabGroupBehavior>
<hScrollbar>false</hScrollbar>
<id>1034</id>
<altId>0</altId>
<radioBehavior>false</radioBehavior>
<lockLoc>true</lockLoc>
<name>group "prop keys"</name>
<layer>12</layer>
<visible>true</visible>
<cantSelect>false</cantSelect>
<borderWidth>1</borderWidth>
<margins>8</margins>
<opaque>true</opaque>
<showBorder>true</showBorder>
<disabled>false</disabled>
<vScroll>0</vScroll>
<hilitedButton>0</hilitedButton>
<custompropertyset name= "cGlx2TimeStamp">
</custompropertyset>
</group>
